orderId,clientId
1,1
2,1
3,1
4,1
5,1
6,1
7,1
8,1
9,1
10,1
11,1
12,1
13,1
14,1
15,1
16,1
17,1
18,1
19,1
20,1
21,2
22,2
23,2
24,2
25,2
26,2
27,2
28,2
29,2
30,2
31,2
32,2
33,2
34,2
35,2
36,2
37,2
38,2
39,2
40,2
41,3
42,3
43,3
44,3
45,3
46,3
47,3
48,3
49,3
50,3
51,3
52,3
53,3
54,3
55,3
56,3
57,3
58,3
59,3
60,3
61,4
62,4
63,4
64,4
65,4
66,4
67,4
68,4
69,4
70,4
71,4
72,4
73,4
74,4
75,4
76,4
77,4
78,4
79,4
80,4
81,5
82,5
83,5
84,5
85,5
86,5
87,5
88,5
89,5
90,5
91,5
92,5
93,5
94,5
95,5
96,5
97,5
98,5
99,5
100,5
101,6
102,6
103,6
104,6
105,6
106,6
107,6
108,6
109,6
110,6
111,6
112,6
113,6
114,6
115,6
116,6
117,6
118,6
119,6
120,6
121,7
122,7
123,7
124,7
125,7
126,7
127,7
128,7
129,7
130,7
131,7
132,7
133,7
134,7
135,7
136,7
137,7
138,7
139,7
140,7
141,8
142,8
143,8
144,8
145,8
146,8
147,8
148,8
149,8
150,8
151,8
152,8
153,8
154,8
155,8
156,8
157,8
158,8
159,8
160,8
161,9
162,9
163,9
164,9
165,9
166,9
167,9
168,9
169,9
170,9
171,9
172,9
173,9
174,9
175,9
176,9
177,9
178,9
179,9
180,9
181,10
182,10
183,10
184,10
185,10
186,10
187,10
188,10
189,10
190,10
191,10
192,10
193,10
194,10
195,10
196,10
197,10
198,10
199,10
200,10
201,11
202,11
203,11
204,11
205,11
206,11
207,11
208,11
209,11
210,11
211,11
212,11
213,11
214,11
215,11
216,11
217,11
218,11
219,11
220,11
221,12
222,12
223,12
224,12
225,12
226,12
227,12
228,12
229,12
230,12
231,12
232,12
233,12
234,12
235,12
236,12
237,12
238,12
239,12
240,12
241,13
242,13
243,13
244,13
245,13
246,13
247,13
248,13
249,13
250,13
251,13
252,13
253,13
254,13
255,13
256,13
257,13
258,13
259,13
260,13
261,14
262,14
263,14
264,14
265,14
266,14
267,14
268,14
269,14
270,14
271,14
272,14
273,14
274,14
275,14
276,14
277,14
278,14
279,14
280,14
281,15
282,15
283,15
284,15
285,15
286,15
287,15
288,15
289,15
290,15
291,15
292,15
293,15
294,15
295,15
296,15
297,15
298,15
299,15
300,15
301,16
302,16
303,16
304,16
305,16
306,16
307,16
308,16
309,16
310,16
311,16
312,16
313,16
314,16
315,16
316,16
317,16
318,16
319,16
320,16
321,17
322,17
323,17
324,17
325,17
326,17
327,17
328,17
329,17
330,17
331,17
332,17
333,17
334,17
335,17
336,17
337,17
338,17
339,17
340,17
341,18
342,18
343,18
344,18
345,18
346,18
347,18
348,18
349,18
350,18
351,18
352,18
353,18
354,18
355,18
356,18
357,18
358,18
359,18
360,18
361,19
362,19
363,19
364,19
365,19
366,19
367,19
368,19
369,19
370,19
371,19
372,19
373,19
374,19
375,19
376,19
377,19
378,19
379,19
380,19
381,20
382,20
383,20
384,20
385,20
386,20
387,20
388,20
389,20
390,20
391,20
392,20
393,20
394,20
395,20
396,20
397,20
398,20
399,20
400,20
401,21
402,21
403,21
404,21
405,21
406,21
407,21
408,21
409,21
410,21
411,21
412,21
413,21
414,21
415,21
416,21
417,21
418,21
419,21
420,21
421,22
422,22
423,22
424,22
425,22
426,22
427,22
428,22
429,22
430,22
431,22
432,22
433,22
434,22
435,22
436,22
437,22
438,22
439,22
440,22
441,23
442,23
443,23
444,23
445,23
446,23
447,23
448,23
449,23
450,23
451,23
452,23
453,23
454,23
455,23
456,23
457,23
458,23
459,23
460,23
461,24
462,24
463,24
464,24
465,24
466,24
467,24
468,24
469,24
470,24
471,24
472,24
473,24
474,24
475,24
476,24
477,24
478,24
479,24
480,24
481,25
482,25
483,25
484,25
485,25
486,25
487,25
488,25
489,25
490,25
491,25
492,25
493,25
494,25
495,25
496,25
497,25
498,25
499,25
500,25
501,26
502,26
503,26
504,26
505,26
506,26
507,26
508,26
509,26
510,26
511,26
512,26
513,26
514,26
515,26
516,26
517,26
518,26
519,26
520,26
521,27
522,27
523,27
524,27
525,27
526,27
527,27
528,27
529,27
530,27
531,27
532,27
533,27
534,27
535,27
536,27
537,27
538,27
539,27
540,27
541,28
542,28
543,28
544,28
545,28
546,28
547,28
548,28
549,28
550,28
551,28
552,28
553,28
554,28
555,28
556,28
557,28
558,28
559,28
560,28
561,29
562,29
563,29
564,29
565,29
566,29
567,29
568,29
569,29
570,29
571,29
572,29
573,29
574,29
575,29
576,29
577,29
578,29
579,29
580,29
581,30
582,30
583,30
584,30
585,30
586,30
587,30
588,30
589,30
590,30
591,30
592,30
593,30
594,30
595,30
596,30
597,30
598,30
599,30
600,30
601,31
602,31
603,31
604,31
605,31
606,31
607,31
608,31
609,31
610,31
611,31
612,31
613,31
614,31
615,31
616,31
617,31
618,31
619,31
620,31
621,32
622,32
623,32
624,32
625,32
626,32
627,32
628,32
629,32
630,32
631,32
632,32
633,32
634,32
635,32
636,32
637,32
638,32
639,32
640,32
641,33
642,33
643,33
644,33
645,33
646,33
647,33
648,33
649,33
650,33
651,33
652,33
653,33
654,33
655,33
656,33
657,33
658,33
659,33
660,33
661,34
662,34
663,34
664,34
665,34
666,34
667,34
668,34
669,34
670,34
671,34
672,34
673,34
674,34
675,34
676,34
677,34
678,34
679,34
680,34
681,35
682,35
683,35
684,35
685,35
686,35
687,35
688,35
689,35
690,35
691,35
692,35
693,35
694,35
695,35
696,35
697,35
698,35
699,35
700,35
701,36
702,36
703,36
704,36
705,36
706,36
707,36
708,36
709,36
710,36
711,36
712,36
713,36
714,36
715,36
716,36
717,36
718,36
719,36
720,36
721,37
722,37
723,37
724,37
725,37
726,37
727,37
728,37
729,37
730,37
731,37
732,37
733,37
734,37
735,37
736,37
737,37
738,37
739,37
740,37
741,38
742,38
743,38
744,38
745,38
746,38
747,38
748,38
749,38
750,38
751,38
752,38
753,38
754,38
755,38
756,38
757,38
758,38
759,38
760,38
761,39
762,39
763,39
764,39
765,39
766,39
767,39
768,39
769,39
770,39
771,39
772,39
773,39
774,39
775,39
776,39
777,39
778,39
779,39
780,39
781,40
782,40
783,40
784,40
785,40
786,40
787,40
788,40
789,40
790,40
791,40
792,40
793,40
794,40
795,40
796,40
797,40
798,40
799,40
800,40
801,41
802,41
803,41
804,41
805,41
806,41
807,41
808,41
809,41
810,41
811,41
812,41
813,41
814,41
815,41
816,41
817,41
818,41
819,41
820,41
821,42
822,42
823,42
824,42
825,42
826,42
827,42
828,42
829,42
830,42
831,42
832,42
833,42
834,42
835,42
836,42
837,42
838,42
839,42
840,42
841,43
842,43
843,43
844,43
845,43
846,43
847,43
848,43
849,43
850,43
851,43
852,43
853,43
854,43
855,43
856,43
857,43
858,43
859,43
860,43
861,44
862,44
863,44
864,44
865,44
866,44
867,44
868,44
869,44
870,44
871,44
872,44
873,44
874,44
875,44
876,44
877,44
878,44
879,44
880,44
881,45
882,45
883,45
884,45
885,45
886,45
887,45
888,45
889,45
890,45
891,45
892,45
893,45
894,45
895,45
896,45
897,45
898,45
899,45
900,45
901,46
902,46
903,46
904,46
905,46
906,46
907,46
908,46
909,46
910,46
911,46
912,46
913,46
914,46
915,46
916,46
917,46
918,46
919,46
920,46
921,47
922,47
923,47
924,47
925,47
926,47
927,47
928,47
929,47
930,47
931,47
932,47
933,47
934,47
935,47
936,47
937,47
938,47
939,47
940,47
941,48
942,48
943,48
944,48
945,48
946,48
947,48
948,48
949,48
950,48
951,48
952,48
953,48
954,48
955,48
956,48
957,48
958,48
959,48
960,48
961,49
962,49
963,49
964,49
965,49
966,49
967,49
968,49
969,49
970,49
971,49
972,49
973,49
974,49
975,49
976,49
977,49
978,49
979,49
980,49
981,50
982,50
983,50
984,50
985,50
986,50
987,50
988,50
989,50
990,50
991,50
992,50
993,50
994,50
995,50
996,50
997,50
998,50
999,50
1000,50
1001,51
1002,51
1003,51
1004,51
1005,51
1006,51
1007,51
1008,51
1009,51
1010,51
1011,51
1012,51
1013,51
1014,51
1015,51
1016,51
1017,51
1018,51
1019,51
1020,51
1021,52
1022,52
1023,52
1024,52
1025,52
1026,52
1027,52
1028,52
1029,52
1030,52
1031,52
1032,52
1033,52
1034,52
1035,52
1036,52
1037,52
1038,52
1039,52
1040,52
1041,53
1042,53
1043,53
1044,53
1045,53
1046,53
1047,53
1048,53
1049,53
1050,53
1051,53
1052,53
1053,53
1054,53
1055,53
1056,53
1057,53
1058,53
1059,53
1060,53
1061,54
1062,54
1063,54
1064,54
1065,54
1066,54
1067,54
1068,54
1069,54
1070,54
1071,54
1072,54
1073,54
1074,54
1075,54
1076,54
1077,54
1078,54
1079,54
1080,54
1081,55
1082,55
1083,55
1084,55
1085,55
1086,55
1087,55
1088,55
1089,55
1090,55
1091,55
1092,55
1093,55
1094,55
1095,55
1096,55
1097,55
1098,55
1099,55
1100,55
1101,56
1102,56
1103,56
1104,56
1105,56
1106,56
1107,56
1108,56
1109,56
1110,56
1111,56
1112,56
1113,56
1114,56
1115,56
1116,56
1117,56
1118,56
1119,56
1120,56
1121,57
1122,57
1123,57
1124,57
1125,57
1126,57
1127,57
1128,57
1129,57
1130,57
1131,57
1132,57
1133,57
1134,57
1135,57
1136,57
1137,57
1138,57
1139,57
1140,57
1141,58
1142,58
1143,58
1144,58
1145,58
1146,58
1147,58
1148,58
1149,58
1150,58
1151,58
1152,58
1153,58
1154,58
1155,58
1156,58
1157,58
1158,58
1159,58
1160,58
1161,59
1162,59
1163,59
1164,59
1165,59
1166,59
1167,59
1168,59
1169,59
1170,59
1171,59
1172,59
1173,59
1174,59
1175,59
1176,59
1177,59
1178,59
1179,59
1180,59
1181,60
1182,60
1183,60
1184,60
1185,60
1186,60
1187,60
1188,60
1189,60
1190,60
1191,60
1192,60
1193,60
1194,60
1195,60
1196,60
1197,60
1198,60
1199,60
1200,60
1201,61
1202,61
1203,61
1204,61
1205,61
1206,61
1207,61
1208,61
1209,61
1210,61
1211,61
1212,61
1213,61
1214,61
1215,61
1216,61
1217,61
1218,61
1219,61
1220,61
1221,62
1222,62
1223,62
1224,62
1225,62
1226,62
1227,62
1228,62
1229,62
1230,62
1231,62
1232,62
1233,62
1234,62
1235,62
1236,62
1237,62
1238,62
1239,62
1240,62
1241,63
1242,63
1243,63
1244,63
1245,63
1246,63
1247,63
1248,63
1249,63
1250,63
1251,63
1252,63
1253,63
1254,63
1255,63
1256,63
1257,63
1258,63
1259,63
1260,63
1261,64
1262,64
1263,64
1264,64
1265,64
1266,64
1267,64
1268,64
1269,64
1270,64
1271,64
1272,64
1273,64
1274,64
1275,64
1276,64
1277,64
1278,64
1279,64
1280,64
1281,65
1282,65
1283,65
1284,65
1285,65
1286,65
1287,65
1288,65
1289,65
1290,65
1291,65
1292,65
1293,65
1294,65
1295,65
1296,65
1297,65
1298,65
1299,65
1300,65
1301,66
1302,66
1303,66
1304,66
1305,66
1306,66
1307,66
1308,66
1309,66
1310,66
1311,66
1312,66
1313,66
1314,66
1315,66
1316,66
1317,66
1318,66
1319,66
1320,66
1321,67
1322,67
1323,67
1324,67
1325,67
1326,67
1327,67
1328,67
1329,67
1330,67
1331,67
1332,67
1333,67
1334,67
1335,67
1336,67
1337,67
1338,67
1339,67
1340,67
1341,68
1342,68
1343,68
1344,68
1345,68
1346,68
1347,68
1348,68
1349,68
1350,68
1351,68
1352,68
1353,68
1354,68
1355,68
1356,68
1357,68
1358,68
1359,68
1360,68
1361,69
1362,69
1363,69
1364,69
1365,69
1366,69
1367,69
1368,69
1369,69
1370,69
1371,69
1372,69
1373,69
1374,69
1375,69
1376,69
1377,69
1378,69
1379,69
1380,69
1381,70
1382,70
1383,70
1384,70
1385,70
1386,70
1387,70
1388,70
1389,70
1390,70
1391,70
1392,70
1393,70
1394,70
1395,70
1396,70
1397,70
1398,70
1399,70
1400,70
1401,71
1402,71
1403,71
1404,71
1405,71
1406,71
1407,71
1408,71
1409,71
1410,71
1411,71
1412,71
1413,71
1414,71
1415,71
1416,71
1417,71
1418,71
1419,71
1420,71
1421,72
1422,72
1423,72
1424,72
1425,72
1426,72
1427,72
1428,72
1429,72
1430,72
1431,72
1432,72
1433,72
1434,72
1435,72
1436,72
1437,72
1438,72
1439,72
1440,72
1441,73
1442,73
1443,73
1444,73
1445,73
1446,73
1447,73
1448,73
1449,73
1450,73
1451,73
1452,73
1453,73
1454,73
1455,73
1456,73
1457,73
1458,73
1459,73
1460,73
1461,74
1462,74
1463,74
1464,74
1465,74
1466,74
1467,74
1468,74
1469,74
1470,74
1471,74
1472,74
1473,74
1474,74
1475,74
1476,74
1477,74
1478,74
1479,74
1480,74
1481,75
1482,75
1483,75
1484,75
1485,75
1486,75
1487,75
1488,75
1489,75
1490,75
1491,75
1492,75
1493,75
1494,75
1495,75
1496,75
1497,75
1498,75
1499,75
1500,75
1501,76
1502,76
1503,76
1504,76
1505,76
1506,76
1507,76
1508,76
1509,76
1510,76
1511,76
1512,76
1513,76
1514,76
1515,76
1516,76
1517,76
1518,76
1519,76
1520,76
1521,77
1522,77
1523,77
1524,77
1525,77
1526,77
1527,77
1528,77
1529,77
1530,77
1531,77
1532,77
1533,77
1534,77
1535,77
1536,77
1537,77
1538,77
1539,77
1540,77
1541,78
1542,78
1543,78
1544,78
1545,78
1546,78
1547,78
1548,78
1549,78
1550,78
1551,78
1552,78
1553,78
1554,78
1555,78
1556,78
1557,78
1558,78
1559,78
1560,78
1561,79
1562,79
1563,79
1564,79
1565,79
1566,79
1567,79
1568,79
1569,79
1570,79
1571,79
1572,79
1573,79
1574,79
1575,79
1576,79
1577,79
1578,79
1579,79
1580,79
1581,80
1582,80
1583,80
1584,80
1585,80
1586,80
1587,80
1588,80
1589,80
1590,80
1591,80
1592,80
1593,80
1594,80
1595,80
1596,80
1597,80
1598,80
1599,80
1600,80
1601,81
1602,81
1603,81
1604,81
1605,81
1606,81
1607,81
1608,81
1609,81
1610,81
1611,81
1612,81
1613,81
1614,81
1615,81
1616,81
1617,81
1618,81
1619,81
1620,81
1621,82
1622,82
1623,82
1624,82
1625,82
1626,82
1627,82
1628,82
1629,82
1630,82
1631,82
1632,82
1633,82
1634,82
1635,82
1636,82
1637,82
1638,82
1639,82
1640,82
1641,83
1642,83
1643,83
1644,83
1645,83
1646,83
1647,83
1648,83
1649,83
1650,83
1651,83
1652,83
1653,83
1654,83
1655,83
1656,83
1657,83
1658,83
1659,83
1660,83
1661,84
1662,84
1663,84
1664,84
1665,84
1666,84
1667,84
1668,84
1669,84
1670,84
1671,84
1672,84
1673,84
1674,84
1675,84
1676,84
1677,84
1678,84
1679,84
1680,84
1681,85
1682,85
1683,85
1684,85
1685,85
1686,85
1687,85
1688,85
1689,85
1690,85
1691,85
1692,85
1693,85
1694,85
1695,85
1696,85
1697,85
1698,85
1699,85
1700,85
1701,86
1702,86
1703,86
1704,86
1705,86
1706,86
1707,86
1708,86
1709,86
1710,86
1711,86
1712,86
1713,86
1714,86
1715,86
1716,86
1717,86
1718,86
1719,86
1720,86
1721,87
1722,87
1723,87
1724,87
1725,87
1726,87
1727,87
1728,87
1729,87
1730,87
1731,87
1732,87
1733,87
1734,87
1735,87
1736,87
1737,87
1738,87
1739,87
1740,87
1741,88
1742,88
1743,88
1744,88
1745,88
1746,88
1747,88
1748,88
1749,88
1750,88
1751,88
1752,88
1753,88
1754,88
1755,88
1756,88
1757,88
1758,88
1759,88
1760,88
1761,89
1762,89
1763,89
1764,89
1765,89
1766,89
1767,89
1768,89
1769,89
1770,89
1771,89
1772,89
1773,89
1774,89
1775,89
1776,89
1777,89
1778,89
1779,89
1780,89
1781,90
1782,90
1783,90
1784,90
1785,90
1786,90
1787,90
1788,90
1789,90
1790,90
1791,90
1792,90
1793,90
1794,90
1795,90
1796,90
1797,90
1798,90
1799,90
1800,90
1801,91
1802,91
1803,91
1804,91
1805,91
1806,91
1807,91
1808,91
1809,91
1810,91
1811,91
1812,91
1813,91
1814,91
1815,91
1816,91
1817,91
1818,91
1819,91
1820,91
1821,92
1822,92
1823,92
1824,92
1825,92
1826,92
1827,92
1828,92
1829,92
1830,92
1831,92
1832,92
1833,92
1834,92
1835,92
1836,92
1837,92
1838,92
1839,92
1840,92
1841,93
1842,93
1843,93
1844,93
1845,93
1846,93
1847,93
1848,93
1849,93
1850,93
1851,93
1852,93
1853,93
1854,93
1855,93
1856,93
1857,93
1858,93
1859,93
1860,93
1861,94
1862,94
1863,94
1864,94
1865,94
1866,94
1867,94
1868,94
1869,94
1870,94
1871,94
1872,94
1873,94
1874,94
1875,94
1876,94
1877,94
1878,94
1879,94
1880,94
1881,95
1882,95
1883,95
1884,95
1885,95
1886,95
1887,95
1888,95
1889,95
1890,95
1891,95
1892,95
1893,95
1894,95
1895,95
1896,95
1897,95
1898,95
1899,95
1900,95
1901,96
1902,96
1903,96
1904,96
1905,96
1906,96
1907,96
1908,96
1909,96
1910,96
1911,96
1912,96
1913,96
1914,96
1915,96
1916,96
1917,96
1918,96
1919,96
1920,96
1921,97
1922,97
1923,97
1924,97
1925,97
1926,97
1927,97
1928,97
1929,97
1930,97
1931,97
1932,97
1933,97
1934,97
1935,97
1936,97
1937,97
1938,97
1939,97
1940,97
1941,98
1942,98
1943,98
1944,98
1945,98
1946,98
1947,98
1948,98
1949,98
1950,98
1951,98
1952,98
1953,98
1954,98
1955,98
1956,98
1957,98
1958,98
1959,98
1960,98
1961,99
1962,99
1963,99
1964,99
1965,99
1966,99
1967,99
1968,99
1969,99
1970,99
1971,99
1972,99
1973,99
1974,99
1975,99
1976,99
1977,99
1978,99
1979,99
1980,99
1981,100
1982,100
1983,100
1984,100
1985,100
1986,100
1987,100
1988,100
1989,100
1990,100
1991,100
1992,100
1993,100
1994,100
1995,100
1996,100
1997,100
1998,100
1999,100
2000,100
2001,101
2002,101
2003,101
2004,101
2005,101
2006,101
2007,101
2008,101
2009,101
2010,101
2011,101
2012,101
2013,101
2014,101
2015,101
2016,101
2017,101
2018,101
2019,101
2020,101
2021,102
2022,102
2023,102
2024,102
2025,102
2026,102
2027,102
2028,102
2029,102
2030,102
2031,102
2032,102
2033,102
2034,102
2035,102
2036,102
2037,102
2038,102
2039,102
2040,102
2041,103
2042,103
2043,103
2044,103
2045,103
2046,103
2047,103
2048,103
2049,103
2050,103
2051,103
2052,103
2053,103
2054,103
2055,103
2056,103
2057,103
2058,103
2059,103
2060,103
2061,104
2062,104
2063,104
2064,104
2065,104
2066,104
2067,104
2068,104
2069,104
2070,104
2071,104
2072,104
2073,104
2074,104
2075,104
2076,104
2077,104
2078,104
2079,104
2080,104
2081,105
2082,105
2083,105
2084,105
2085,105
2086,105
2087,105
2088,105
2089,105
2090,105
2091,105
2092,105
2093,105
2094,105
2095,105
2096,105
2097,105
2098,105
2099,105
2100,105
2101,106
2102,106
2103,106
2104,106
2105,106
2106,106
2107,106
2108,106
2109,106
2110,106
2111,106
2112,106
2113,106
2114,106
2115,106
2116,106
2117,106
2118,106
2119,106
2120,106
2121,107
2122,107
2123,107
2124,107
2125,107
2126,107
2127,107
2128,107
2129,107
2130,107
2131,107
2132,107
2133,107
2134,107
2135,107
2136,107
2137,107
2138,107
2139,107
2140,107
2141,108
2142,108
2143,108
2144,108
2145,108
2146,108
2147,108
2148,108
2149,108
2150,108
2151,108
2152,108
2153,108
2154,108
2155,108
2156,108
2157,108
2158,108
2159,108
2160,108
2161,109
2162,109
2163,109
2164,109
2165,109
2166,109
2167,109
2168,109
2169,109
2170,109
2171,109
2172,109
2173,109
2174,109
2175,109
2176,109
2177,109
2178,109
2179,109
2180,109
2181,110
2182,110
2183,110
2184,110
2185,110
2186,110
2187,110
2188,110
2189,110
2190,110
2191,110
2192,110
2193,110
2194,110
2195,110
2196,110
2197,110
2198,110
2199,110
2200,110
2201,111
2202,111
2203,111
2204,111
2205,111
2206,111
2207,111
2208,111
2209,111
2210,111
2211,111
2212,111
2213,111
2214,111
2215,111
2216,111
2217,111
2218,111
2219,111
2220,111
2221,112
2222,112
2223,112
2224,112
2225,112
2226,112
2227,112
2228,112
2229,112
2230,112
2231,112
2232,112
2233,112
2234,112
2235,112
2236,112
2237,112
2238,112
2239,112
2240,112
2241,113
2242,113
2243,113
2244,113
2245,113
2246,113
2247,113
2248,113
2249,113
2250,113
2251,113
2252,113
2253,113
2254,113
2255,113
2256,113
2257,113
2258,113
2259,113
2260,113
2261,114
2262,114
2263,114
2264,114
2265,114
2266,114
2267,114
2268,114
2269,114
2270,114
2271,114
2272,114
2273,114
2274,114
2275,114
2276,114
2277,114
2278,114
2279,114
2280,114
2281,115
2282,115
2283,115
2284,115
2285,115
2286,115
2287,115
2288,115
2289,115
2290,115
2291,115
2292,115
2293,115
2294,115
2295,115
2296,115
2297,115
2298,115
2299,115
2300,115
2301,116
2302,116
2303,116
2304,116
2305,116
2306,116
2307,116
2308,116
2309,116
2310,116
2311,116
2312,116
2313,116
2314,116
2315,116
2316,116
2317,116
2318,116
2319,116
2320,116
2321,117
2322,117
2323,117
2324,117
2325,117
2326,117
2327,117
2328,117
2329,117
2330,117
2331,117
2332,117
2333,117
2334,117
2335,117
2336,117
2337,117
2338,117
2339,117
2340,117
2341,118
2342,118
2343,118
2344,118
2345,118
2346,118
2347,118
2348,118
2349,118
2350,118
2351,118
2352,118
2353,118
2354,118
2355,118
2356,118
2357,118
2358,118
2359,118
2360,118
2361,119
2362,119
2363,119
2364,119
2365,119
2366,119
2367,119
2368,119
2369,119
2370,119
2371,119
2372,119
2373,119
2374,119
2375,119
2376,119
2377,119
2378,119
2379,119
2380,119
2381,120
2382,120
2383,120
2384,120
2385,120
2386,120
2387,120
2388,120
2389,120
2390,120
2391,120
2392,120
2393,120
2394,120
2395,120
2396,120
2397,120
2398,120
2399,120
2400,120
2401,121
2402,121
2403,121
2404,121
2405,121
2406,121
2407,121
2408,121
2409,121
2410,121
2411,121
2412,121
2413,121
2414,121
2415,121
2416,121
2417,121
2418,121
2419,121
2420,121
2421,122
2422,122
2423,122
2424,122
2425,122
2426,122
2427,122
2428,122
2429,122
2430,122
2431,122
2432,122
2433,122
2434,122
2435,122
2436,122
2437,122
2438,122
2439,122
2440,122
2441,123
2442,123
2443,123
2444,123
2445,123
2446,123
2447,123
2448,123
2449,123
2450,123
2451,123
2452,123
2453,123
2454,123
2455,123
2456,123
2457,123
2458,123
2459,123
2460,123
2461,124
2462,124
2463,124
2464,124
2465,124
2466,124
2467,124
2468,124
2469,124
2470,124
2471,124
2472,124
2473,124
2474,124
2475,124
2476,124
2477,124
2478,124
2479,124
2480,124
2481,125
2482,125
2483,125
2484,125
2485,125
2486,125
2487,125
2488,125
2489,125
2490,125
2491,125
2492,125
2493,125
2494,125
2495,125
2496,125
2497,125
2498,125
2499,125
2500,125
2501,126
2502,126
2503,126
2504,126
2505,126
2506,126
2507,126
2508,126
2509,126
2510,126
2511,126
2512,126
2513,126
2514,126
2515,126
2516,126
2517,126
2518,126
2519,126
2520,126
2521,127
2522,127
2523,127
2524,127
2525,127
2526,127
2527,127
2528,127
2529,127
2530,127
2531,127
2532,127
2533,127
2534,127
2535,127
2536,127
2537,127
2538,127
2539,127
2540,127
2541,128
2542,128
2543,128
2544,128
2545,128
2546,128
2547,128
2548,128
2549,128
2550,128
2551,128
2552,128
2553,128
2554,128
2555,128
2556,128
2557,128
2558,128
2559,128
2560,128
2561,129
2562,129
2563,129
2564,129
2565,129
2566,129
2567,129
2568,129
2569,129
2570,129
2571,129
2572,129
2573,129
2574,129
2575,129
2576,129
2577,129
2578,129
2579,129
2580,129
2581,130
2582,130
2583,130
2584,130
2585,130
2586,130
2587,130
2588,130
2589,130
2590,130
2591,130
2592,130
2593,130
2594,130
2595,130
2596,130
2597,130
2598,130
2599,130
2600,130
2601,131
2602,131
2603,131
2604,131
2605,131
2606,131
2607,131
2608,131
2609,131
2610,131
2611,131
2612,131
2613,131
2614,131
2615,131
2616,131
2617,131
2618,131
2619,131
2620,131
2621,132
2622,132
2623,132
2624,132
2625,132
2626,132
2627,132
2628,132
2629,132
2630,132
2631,132
2632,132
2633,132
2634,132
2635,132
2636,132
2637,132
2638,132
2639,132
2640,132
2641,133
2642,133
2643,133
2644,133
2645,133
2646,133
2647,133
2648,133
2649,133
2650,133
2651,133
2652,133
2653,133
2654,133
2655,133
2656,133
2657,133
2658,133
2659,133
2660,133
2661,134
2662,134
2663,134
2664,134
2665,134
2666,134
2667,134
2668,134
2669,134
2670,134
2671,134
2672,134
2673,134
2674,134
2675,134
2676,134
2677,134
2678,134
2679,134
2680,134
2681,135
2682,135
2683,135
2684,135
2685,135
2686,135
2687,135
2688,135
2689,135
2690,135
2691,135
2692,135
2693,135
2694,135
2695,135
2696,135
2697,135
2698,135
2699,135
2700,135
2701,136
2702,136
2703,136
2704,136
2705,136
2706,136
2707,136
2708,136
2709,136
2710,136
2711,136
2712,136
2713,136
2714,136
2715,136
2716,136
2717,136
2718,136
2719,136
2720,136
2721,137
2722,137
2723,137
2724,137
2725,137
2726,137
2727,137
2728,137
2729,137
2730,137
2731,137
2732,137
2733,137
2734,137
2735,137
2736,137
2737,137
2738,137
2739,137
2740,137
2741,138
2742,138
2743,138
2744,138
2745,138
2746,138
2747,138
2748,138
2749,138
2750,138
2751,138
2752,138
2753,138
2754,138
2755,138
2756,138
2757,138
2758,138
2759,138
2760,138
2761,139
2762,139
2763,139
2764,139
2765,139
2766,139
2767,139
2768,139
2769,139
2770,139
2771,139
2772,139
2773,139
2774,139
2775,139
2776,139
2777,139
2778,139
2779,139
2780,139
2781,140
2782,140
2783,140
2784,140
2785,140
2786,140
2787,140
2788,140
2789,140
2790,140
2791,140
2792,140
2793,140
2794,140
2795,140
2796,140
2797,140
2798,140
2799,140
2800,140
2801,141
2802,141
2803,141
2804,141
2805,141
2806,141
2807,141
2808,141
2809,141
2810,141
2811,141
2812,141
2813,141
2814,141
2815,141
2816,141
2817,141
2818,141
2819,141
2820,141
2821,142
2822,142
2823,142
2824,142
2825,142
2826,142
2827,142
2828,142
2829,142
2830,142
2831,142
2832,142
2833,142
2834,142
2835,142
2836,142
2837,142
2838,142
2839,142
2840,142
2841,143
2842,143
2843,143
2844,143
2845,143
2846,143
2847,143
2848,143
2849,143
2850,143
2851,143
2852,143
2853,143
2854,143
2855,143
2856,143
2857,143
2858,143
2859,143
2860,143
2861,144
2862,144
2863,144
2864,144
2865,144
2866,144
2867,144
2868,144
2869,144
2870,144
2871,144
2872,144
2873,144
2874,144
2875,144
2876,144
2877,144
2878,144
2879,144
2880,144
2881,145
2882,145
2883,145
2884,145
2885,145
2886,145
2887,145
2888,145
2889,145
2890,145
2891,145
2892,145
2893,145
2894,145
2895,145
2896,145
2897,145
2898,145
2899,145
2900,145
2901,146
2902,146
2903,146
2904,146
2905,146
2906,146
2907,146
2908,146
2909,146
2910,146
2911,146
2912,146
2913,146
2914,146
2915,146
2916,146
2917,146
2918,146
2919,146
2920,146
2921,147
2922,147
2923,147
2924,147
2925,147
2926,147
2927,147
2928,147
2929,147
2930,147
2931,147
2932,147
2933,147
2934,147
2935,147
2936,147
2937,147
2938,147
2939,147
2940,147
2941,148
2942,148
2943,148
2944,148
2945,148
2946,148
2947,148
2948,148
2949,148
2950,148
2951,148
2952,148
2953,148
2954,148
2955,148
2956,148
2957,148
2958,148
2959,148
2960,148
2961,149
2962,149
2963,149
2964,149
2965,149
2966,149
2967,149
2968,149
2969,149
2970,149
2971,149
2972,149
2973,149
2974,149
2975,149
2976,149
2977,149
2978,149
2979,149
2980,149
2981,150
2982,150
2983,150
2984,150
2985,150
2986,150
2987,150
2988,150
2989,150
2990,150
2991,150
2992,150
2993,150
2994,150
2995,150
2996,150
2997,150
2998,150
2999,150
3000,150
3001,151
3002,151
3003,151
3004,151
3005,151
3006,151
3007,151
3008,151
3009,151
3010,151
3011,151
3012,151
3013,151
3014,151
3015,151
3016,151
3017,151
3018,151
3019,151
3020,151
3021,152
3022,152
3023,152
3024,152
3025,152
3026,152
3027,152
3028,152
3029,152
3030,152
3031,152
3032,152
3033,152
3034,152
3035,152
3036,152
3037,152
3038,152
3039,152
3040,152
3041,153
3042,153
3043,153
3044,153
3045,153
3046,153
3047,153
3048,153
3049,153
3050,153
3051,153
3052,153
3053,153
3054,153
3055,153
3056,153
3057,153
3058,153
3059,153
3060,153
3061,154
3062,154
3063,154
3064,154
3065,154
3066,154
3067,154
3068,154
3069,154
3070,154
3071,154
3072,154
3073,154
3074,154
3075,154
3076,154
3077,154
3078,154
3079,154
3080,154
3081,155
3082,155
3083,155
3084,155
3085,155
3086,155
3087,155
3088,155
3089,155
3090,155
3091,155
3092,155
3093,155
3094,155
3095,155
3096,155
3097,155
3098,155
3099,155
3100,155
3101,156
3102,156
3103,156
3104,156
3105,156
3106,156
3107,156
3108,156
3109,156
3110,156
3111,156
3112,156
3113,156
3114,156
3115,156
3116,156
3117,156
3118,156
3119,156
3120,156
3121,157
3122,157
3123,157
3124,157
3125,157
3126,157
3127,157
3128,157
3129,157
3130,157
3131,157
3132,157
3133,157
3134,157
3135,157
3136,157
3137,157
3138,157
3139,157
3140,157
3141,158
3142,158
3143,158
3144,158
3145,158
3146,158
3147,158
3148,158
3149,158
3150,158
3151,158
3152,158
3153,158
3154,158
3155,158
3156,158
3157,158
3158,158
3159,158
3160,158
3161,159
3162,159
3163,159
3164,159
3165,159
3166,159
3167,159
3168,159
3169,159
3170,159
3171,159
3172,159
3173,159
3174,159
3175,159
3176,159
3177,159
3178,159
3179,159
3180,159
3181,160
3182,160
3183,160
3184,160
3185,160
3186,160
3187,160
3188,160
3189,160
3190,160
3191,160
3192,160
3193,160
3194,160
3195,160
3196,160
3197,160
3198,160
3199,160
3200,160
3201,161
3202,161
3203,161
3204,161
3205,161
3206,161
3207,161
3208,161
3209,161
3210,161
3211,161
3212,161
3213,161
3214,161
3215,161
3216,161
3217,161
3218,161
3219,161
3220,161
3221,162
3222,162
3223,162
3224,162
3225,162
3226,162
3227,162
3228,162
3229,162
3230,162
3231,162
3232,162
3233,162
3234,162
3235,162
3236,162
3237,162
3238,162
3239,162
3240,162
3241,163
3242,163
3243,163
3244,163
3245,163
3246,163
3247,163
3248,163
3249,163
3250,163
3251,163
3252,163
3253,163
3254,163
3255,163
3256,163
3257,163
3258,163
3259,163
3260,163
3261,164
3262,164
3263,164
3264,164
3265,164
3266,164
3267,164
3268,164
3269,164
3270,164
3271,164
3272,164
3273,164
3274,164
3275,164
3276,164
3277,164
3278,164
3279,164
3280,164
3281,165
3282,165
3283,165
3284,165
3285,165
3286,165
3287,165
3288,165
3289,165
3290,165
3291,165
3292,165
3293,165
3294,165
3295,165
3296,165
3297,165
3298,165
3299,165
3300,165
3301,166
3302,166
3303,166
3304,166
3305,166
3306,166
3307,166
3308,166
3309,166
3310,166
3311,166
3312,166
3313,166
3314,166
3315,166
3316,166
3317,166
3318,166
3319,166
3320,166
3321,167
3322,167
3323,167
3324,167
3325,167
3326,167
3327,167
3328,167
3329,167
3330,167
3331,167
3332,167
3333,167
3334,167
3335,167
3336,167
3337,167
3338,167
3339,167
3340,167
3341,168
3342,168
3343,168
3344,168
3345,168
3346,168
3347,168
3348,168
3349,168
3350,168
3351,168
3352,168
3353,168
3354,168
3355,168
3356,168
3357,168
3358,168
3359,168
3360,168
3361,169
3362,169
3363,169
3364,169
3365,169
3366,169
3367,169
3368,169
3369,169
3370,169
3371,169
3372,169
3373,169
3374,169
3375,169
3376,169
3377,169
3378,169
3379,169
3380,169
3381,170
3382,170
3383,170
3384,170
3385,170
3386,170
3387,170
3388,170
3389,170
3390,170
3391,170
3392,170
3393,170
3394,170
3395,170
3396,170
3397,170
3398,170
3399,170
3400,170
3401,171
3402,171
3403,171
3404,171
3405,171
3406,171
3407,171
3408,171
3409,171
3410,171
3411,171
3412,171
3413,171
3414,171
3415,171
3416,171
3417,171
3418,171
3419,171
3420,171
3421,172
3422,172
3423,172
3424,172
3425,172
3426,172
3427,172
3428,172
3429,172
3430,172
3431,172
3432,172
3433,172
3434,172
3435,172
3436,172
3437,172
3438,172
3439,172
3440,172
3441,173
3442,173
3443,173
3444,173
3445,173
3446,173
3447,173
3448,173
3449,173
3450,173
3451,173
3452,173
3453,173
3454,173
3455,173
3456,173
3457,173
3458,173
3459,173
3460,173
3461,174
3462,174
3463,174
3464,174
3465,174
3466,174
3467,174
3468,174
3469,174
3470,174
3471,174
3472,174
3473,174
3474,174
3475,174
3476,174
3477,174
3478,174
3479,174
3480,174
3481,175
3482,175
3483,175
3484,175
3485,175
3486,175
3487,175
3488,175
3489,175
3490,175
3491,175
3492,175
3493,175
3494,175
3495,175
3496,175
3497,175
3498,175
3499,175
3500,175
3501,176
3502,176
3503,176
3504,176
3505,176
3506,176
3507,176
3508,176
3509,176
3510,176
3511,176
3512,176
3513,176
3514,176
3515,176
3516,176
3517,176
3518,176
3519,176
3520,176
3521,177
3522,177
3523,177
3524,177
3525,177
3526,177
3527,177
3528,177
3529,177
3530,177
3531,177
3532,177
3533,177
3534,177
3535,177
3536,177
3537,177
3538,177
3539,177
3540,177
3541,178
3542,178
3543,178
3544,178
3545,178
3546,178
3547,178
3548,178
3549,178
3550,178
3551,178
3552,178
3553,178
3554,178
3555,178
3556,178
3557,178
3558,178
3559,178
3560,178
3561,179
3562,179
3563,179
3564,179
3565,179
3566,179
3567,179
3568,179
3569,179
3570,179
3571,179
3572,179
3573,179
3574,179
3575,179
3576,179
3577,179
3578,179
3579,179
3580,179
3581,180
3582,180
3583,180
3584,180
3585,180
3586,180
3587,180
3588,180
3589,180
3590,180
3591,180
3592,180
3593,180
3594,180
3595,180
3596,180
3597,180
3598,180
3599,180
3600,180
3601,181
3602,181
3603,181
3604,181
3605,181
3606,181
3607,181
3608,181
3609,181
3610,181
3611,181
3612,181
3613,181
3614,181
3615,181
3616,181
3617,181
3618,181
3619,181
3620,181
3621,182
3622,182
3623,182
3624,182
3625,182
3626,182
3627,182
3628,182
3629,182
3630,182
3631,182
3632,182
3633,182
3634,182
3635,182
3636,182
3637,182
3638,182
3639,182
3640,182
3641,183
3642,183
3643,183
3644,183
3645,183
3646,183
3647,183
3648,183
3649,183
3650,183
3651,183
3652,183
3653,183
3654,183
3655,183
3656,183
3657,183
3658,183
3659,183
3660,183
3661,184
3662,184
3663,184
3664,184
3665,184
3666,184
3667,184
3668,184
3669,184
3670,184
3671,184
3672,184
3673,184
3674,184
3675,184
3676,184
3677,184
3678,184
3679,184
3680,184
3681,185
3682,185
3683,185
3684,185
3685,185
3686,185
3687,185
3688,185
3689,185
3690,185
3691,185
3692,185
3693,185
3694,185
3695,185
3696,185
3697,185
3698,185
3699,185
3700,185
3701,186
3702,186
3703,186
3704,186
3705,186
3706,186
3707,186
3708,186
3709,186
3710,186
3711,186
3712,186
3713,186
3714,186
3715,186
3716,186
3717,186
3718,186
3719,186
3720,186
3721,187
3722,187
3723,187
3724,187
3725,187
3726,187
3727,187
3728,187
3729,187
3730,187
3731,187
3732,187
3733,187
3734,187
3735,187
3736,187
3737,187
3738,187
3739,187
3740,187
3741,188
3742,188
3743,188
3744,188
3745,188
3746,188
3747,188
3748,188
3749,188
3750,188
3751,188
3752,188
3753,188
3754,188
3755,188
3756,188
3757,188
3758,188
3759,188
3760,188
3761,189
3762,189
3763,189
3764,189
3765,189
3766,189
3767,189
3768,189
3769,189
3770,189
3771,189
3772,189
3773,189
3774,189
3775,189
3776,189
3777,189
3778,189
3779,189
3780,189
3781,190
3782,190
3783,190
3784,190
3785,190
3786,190
3787,190
3788,190
3789,190
3790,190
3791,190
3792,190
3793,190
3794,190
3795,190
3796,190
3797,190
3798,190
3799,190
3800,190
3801,191
3802,191
3803,191
3804,191
3805,191
3806,191
3807,191
3808,191
3809,191
3810,191
3811,191
3812,191
3813,191
3814,191
3815,191
3816,191
3817,191
3818,191
3819,191
3820,191
3821,192
3822,192
3823,192
3824,192
3825,192
3826,192
3827,192
3828,192
3829,192
3830,192
3831,192
3832,192
3833,192
3834,192
3835,192
3836,192
3837,192
3838,192
3839,192
3840,192
3841,193
3842,193
3843,193
3844,193
3845,193
3846,193
3847,193
3848,193
3849,193
3850,193
3851,193
3852,193
3853,193
3854,193
3855,193
3856,193
3857,193
3858,193
3859,193
3860,193
3861,194
3862,194
3863,194
3864,194
3865,194
3866,194
3867,194
3868,194
3869,194
3870,194
3871,194
3872,194
3873,194
3874,194
3875,194
3876,194
3877,194
3878,194
3879,194
3880,194
3881,195
3882,195
3883,195
3884,195
3885,195
3886,195
3887,195
3888,195
3889,195
3890,195
3891,195
3892,195
3893,195
3894,195
3895,195
3896,195
3897,195
3898,195
3899,195
3900,195
3901,196
3902,196
3903,196
3904,196
3905,196
3906,196
3907,196
3908,196
3909,196
3910,196
3911,196
3912,196
3913,196
3914,196
3915,196
3916,196
3917,196
3918,196
3919,196
3920,196
3921,197
3922,197
3923,197
3924,197
3925,197
3926,197
3927,197
3928,197
3929,197
3930,197
3931,197
3932,197
3933,197
3934,197
3935,197
3936,197
3937,197
3938,197
3939,197
3940,197
3941,198
3942,198
3943,198
3944,198
3945,198
3946,198
3947,198
3948,198
3949,198
3950,198
3951,198
3952,198
3953,198
3954,198
3955,198
3956,198
3957,198
3958,198
3959,198
3960,198
3961,199
3962,199
3963,199
3964,199
3965,199
3966,199
3967,199
3968,199
3969,199
3970,199
3971,199
3972,199
3973,199
3974,199
3975,199
3976,199
3977,199
3978,199
3979,199
3980,199
3981,200
3982,200
3983,200
3984,200
3985,200
3986,200
3987,200
3988,200
3989,200
3990,200
3991,200
3992,200
3993,200
3994,200
3995,200
3996,200
3997,200
3998,200
3999,200
4000,200
4001,201
4002,201
4003,201
4004,201
4005,201
4006,201
4007,201
4008,201
4009,201
4010,201
4011,201
4012,201
4013,201
4014,201
4015,201
4016,201
4017,201
4018,201
4019,201
4020,201
4021,202
4022,202
4023,202
4024,202
4025,202
4026,202
4027,202
4028,202
4029,202
4030,202
4031,202
4032,202
4033,202
4034,202
4035,202
4036,202
4037,202
4038,202
4039,202
4040,202
4041,203
4042,203
4043,203
4044,203
4045,203
4046,203
4047,203
4048,203
4049,203
4050,203
4051,203
4052,203
4053,203
4054,203
4055,203
4056,203
4057,203
4058,203
4059,203
4060,203
4061,204
4062,204
4063,204
4064,204
4065,204
4066,204
4067,204
4068,204
4069,204
4070,204
4071,204
4072,204
4073,204
4074,204
4075,204
4076,204
4077,204
4078,204
4079,204
4080,204
4081,205
4082,205
4083,205
4084,205
4085,205
4086,205
4087,205
4088,205
4089,205
4090,205
4091,205
4092,205
4093,205
4094,205
4095,205
4096,205
4097,205
4098,205
4099,205
4100,205
4101,206
4102,206
4103,206
4104,206
4105,206
4106,206
4107,206
4108,206
4109,206
4110,206
4111,206
4112,206
4113,206
4114,206
4115,206
4116,206
4117,206
4118,206
4119,206
4120,206
4121,207
4122,207
4123,207
4124,207
4125,207
4126,207
4127,207
4128,207
4129,207
4130,207
4131,207
4132,207
4133,207
4134,207
4135,207
4136,207
4137,207
4138,207
4139,207
4140,207
4141,208
4142,208
4143,208
4144,208
4145,208
4146,208
4147,208
4148,208
4149,208
4150,208
4151,208
4152,208
4153,208
4154,208
4155,208
4156,208
4157,208
4158,208
4159,208
4160,208
4161,209
4162,209
4163,209
4164,209
4165,209
4166,209
4167,209
4168,209
4169,209
4170,209
4171,209
4172,209
4173,209
4174,209
4175,209
4176,209
4177,209
4178,209
4179,209
4180,209
4181,210
4182,210
4183,210
4184,210
4185,210
4186,210
4187,210
4188,210
4189,210
4190,210
4191,210
4192,210
4193,210
4194,210
4195,210
4196,210
4197,210
4198,210
4199,210
4200,210
4201,211
4202,211
4203,211
4204,211
4205,211
4206,211
4207,211
4208,211
4209,211
4210,211
4211,211
4212,211
4213,211
4214,211
4215,211
4216,211
4217,211
4218,211
4219,211
4220,211
4221,212
4222,212
4223,212
4224,212
4225,212
4226,212
4227,212
4228,212
4229,212
4230,212
4231,212
4232,212
4233,212
4234,212
4235,212
4236,212
4237,212
4238,212
4239,212
4240,212
4241,213
4242,213
4243,213
4244,213
4245,213
4246,213
4247,213
4248,213
4249,213
4250,213
4251,213
4252,213
4253,213
4254,213
4255,213
4256,213
4257,213
4258,213
4259,213
4260,213
4261,214
4262,214
4263,214
4264,214
4265,214
4266,214
4267,214
4268,214
4269,214
4270,214
4271,214
4272,214
4273,214
4274,214
4275,214
4276,214
4277,214
4278,214
4279,214
4280,214
4281,215
4282,215
4283,215
4284,215
4285,215
4286,215
4287,215
4288,215
4289,215
4290,215
4291,215
4292,215
4293,215
4294,215
4295,215
4296,215
4297,215
4298,215
4299,215
4300,215
4301,216
4302,216
4303,216
4304,216
4305,216
4306,216
4307,216
4308,216
4309,216
4310,216
4311,216
4312,216
4313,216
4314,216
4315,216
4316,216
4317,216
4318,216
4319,216
4320,216
4321,217
4322,217
4323,217
4324,217
4325,217
4326,217
4327,217
4328,217
4329,217
4330,217
4331,217
4332,217
4333,217
4334,217
4335,217
4336,217
4337,217
4338,217
4339,217
4340,217
4341,218
4342,218
4343,218
4344,218
4345,218
4346,218
4347,218
4348,218
4349,218
4350,218
4351,218
4352,218
4353,218
4354,218
4355,218
4356,218
4357,218
4358,218
4359,218
4360,218
4361,219
4362,219
4363,219
4364,219
4365,219
4366,219
4367,219
4368,219
4369,219
4370,219
4371,219
4372,219
4373,219
4374,219
4375,219
4376,219
4377,219
4378,219
4379,219
4380,219
4381,220
4382,220
4383,220
4384,220
4385,220
4386,220
4387,220
4388,220
4389,220
4390,220
4391,220
4392,220
4393,220
4394,220
4395,220
4396,220
4397,220
4398,220
4399,220
4400,220
4401,221
4402,221
4403,221
4404,221
4405,221
4406,221
4407,221
4408,221
4409,221
4410,221
4411,221
4412,221
4413,221
4414,221
4415,221
4416,221
4417,221
4418,221
4419,221
4420,221
4421,222
4422,222
4423,222
4424,222
4425,222
4426,222
4427,222
4428,222
4429,222
4430,222
4431,222
4432,222
4433,222
4434,222
4435,222
4436,222
4437,222
4438,222
4439,222
4440,222
4441,223
4442,223
4443,223
4444,223
4445,223
4446,223
4447,223
4448,223
4449,223
4450,223
4451,223
4452,223
4453,223
4454,223
4455,223
4456,223
4457,223
4458,223
4459,223
4460,223
4461,224
4462,224
4463,224
4464,224
4465,224
4466,224
4467,224
4468,224
4469,224
4470,224
4471,224
4472,224
4473,224
4474,224
4475,224
4476,224
4477,224
4478,224
4479,224
4480,224
4481,225
4482,225
4483,225
4484,225
4485,225
4486,225
4487,225
4488,225
4489,225
4490,225
4491,225
4492,225
4493,225
4494,225
4495,225
4496,225
4497,225
4498,225
4499,225
4500,225
4501,226
4502,226
4503,226
4504,226
4505,226
4506,226
4507,226
4508,226
4509,226
4510,226
4511,226
4512,226
4513,226
4514,226
4515,226
4516,226
4517,226
4518,226
4519,226
4520,226
4521,227
4522,227
4523,227
4524,227
4525,227
4526,227
4527,227
4528,227
4529,227
4530,227
4531,227
4532,227
4533,227
4534,227
4535,227
4536,227
4537,227
4538,227
4539,227
4540,227
4541,228
4542,228
4543,228
4544,228
4545,228
4546,228
4547,228
4548,228
4549,228
4550,228
4551,228
4552,228
4553,228
4554,228
4555,228
4556,228
4557,228
4558,228
4559,228
4560,228
4561,229
4562,229
4563,229
4564,229
4565,229
4566,229
4567,229
4568,229
4569,229
4570,229
4571,229
4572,229
4573,229
4574,229
4575,229
4576,229
4577,229
4578,229
4579,229
4580,229
4581,230
4582,230
4583,230
4584,230
4585,230
4586,230
4587,230
4588,230
4589,230
4590,230
4591,230
4592,230
4593,230
4594,230
4595,230
4596,230
4597,230
4598,230
4599,230
4600,230
4601,231
4602,231
4603,231
4604,231
4605,231
4606,231
4607,231
4608,231
4609,231
4610,231
4611,231
4612,231
4613,231
4614,231
4615,231
4616,231
4617,231
4618,231
4619,231
4620,231
4621,232
4622,232
4623,232
4624,232
4625,232
4626,232
4627,232
4628,232
4629,232
4630,232
4631,232
4632,232
4633,232
4634,232
4635,232
4636,232
4637,232
4638,232
4639,232
4640,232
4641,233
4642,233
4643,233
4644,233
4645,233
4646,233
4647,233
4648,233
4649,233
4650,233
4651,233
4652,233
4653,233
4654,233
4655,233
4656,233
4657,233
4658,233
4659,233
4660,233
4661,234
4662,234
4663,234
4664,234
4665,234
4666,234
4667,234
4668,234
4669,234
4670,234
4671,234
4672,234
4673,234
4674,234
4675,234
4676,234
4677,234
4678,234
4679,234
4680,234
4681,235
4682,235
4683,235
4684,235
4685,235
4686,235
4687,235
4688,235
4689,235
4690,235
4691,235
4692,235
4693,235
4694,235
4695,235
4696,235
4697,235
4698,235
4699,235
4700,235
4701,236
4702,236
4703,236
4704,236
4705,236
4706,236
4707,236
4708,236
4709,236
4710,236
4711,236
4712,236
4713,236
4714,236
4715,236
4716,236
4717,236
4718,236
4719,236
4720,236
4721,237
4722,237
4723,237
4724,237
4725,237
4726,237
4727,237
4728,237
4729,237
4730,237
4731,237
4732,237
4733,237
4734,237
4735,237
4736,237
4737,237
4738,237
4739,237
4740,237
4741,238
4742,238
4743,238
4744,238
4745,238
4746,238
4747,238
4748,238
4749,238
4750,238
4751,238
4752,238
4753,238
4754,238
4755,238
4756,238
4757,238
4758,238
4759,238
4760,238
4761,239
4762,239
4763,239
4764,239
4765,239
4766,239
4767,239
4768,239
4769,239
4770,239
4771,239
4772,239
4773,239
4774,239
4775,239
4776,239
4777,239
4778,239
4779,239
4780,239
4781,240
4782,240
4783,240
4784,240
4785,240
4786,240
4787,240
4788,240
4789,240
4790,240
4791,240
4792,240
4793,240
4794,240
4795,240
4796,240
4797,240
4798,240
4799,240
4800,240
4801,241
4802,241
4803,241
4804,241
4805,241
4806,241
4807,241
4808,241
4809,241
4810,241
4811,241
4812,241
4813,241
4814,241
4815,241
4816,241
4817,241
4818,241
4819,241
4820,241
4821,242
4822,242
4823,242
4824,242
4825,242
4826,242
4827,242
4828,242
4829,242
4830,242
4831,242
4832,242
4833,242
4834,242
4835,242
4836,242
4837,242
4838,242
4839,242
4840,242
4841,243
4842,243
4843,243
4844,243
4845,243
4846,243
4847,243
4848,243
4849,243
4850,243
4851,243
4852,243
4853,243
4854,243
4855,243
4856,243
4857,243
4858,243
4859,243
4860,243
4861,244
4862,244
4863,244
4864,244
4865,244
4866,244
4867,244
4868,244
4869,244
4870,244
4871,244
4872,244
4873,244
4874,244
4875,244
4876,244
4877,244
4878,244
4879,244
4880,244
4881,245
4882,245
4883,245
4884,245
4885,245
4886,245
4887,245
4888,245
4889,245
4890,245
4891,245
4892,245
4893,245
4894,245
4895,245
4896,245
4897,245
4898,245
4899,245
4900,245
4901,246
4902,246
4903,246
4904,246
4905,246
4906,246
4907,246
4908,246
4909,246
4910,246
4911,246
4912,246
4913,246
4914,246
4915,246
4916,246
4917,246
4918,246
4919,246
4920,246
4921,247
4922,247
4923,247
4924,247
4925,247
4926,247
4927,247
4928,247
4929,247
4930,247
4931,247
4932,247
4933,247
4934,247
4935,247
4936,247
4937,247
4938,247
4939,247
4940,247
4941,248
4942,248
4943,248
4944,248
4945,248
4946,248
4947,248
4948,248
4949,248
4950,248
4951,248
4952,248
4953,248
4954,248
4955,248
4956,248
4957,248
4958,248
4959,248
4960,248
4961,249
4962,249
4963,249
4964,249
4965,249
4966,249
4967,249
4968,249
4969,249
4970,249
4971,249
4972,249
4973,249
4974,249
4975,249
4976,249
4977,249
4978,249
4979,249
4980,249
4981,250
4982,250
4983,250
4984,250
4985,250
4986,250
4987,250
4988,250
4989,250
4990,250
4991,250
4992,250
4993,250
4994,250
4995,250
4996,250
4997,250
4998,250
4999,250
5000,250
5001,251
5002,251
5003,251
5004,251
5005,251
5006,251
5007,251
5008,251
5009,251
5010,251
5011,251
5012,251
5013,251
5014,251
5015,251
5016,251
5017,251
5018,251
5019,251
5020,251
5021,252
5022,252
5023,252
5024,252
5025,252
5026,252
5027,252
5028,252
5029,252
5030,252
5031,252
5032,252
5033,252
5034,252
5035,252
5036,252
5037,252
5038,252
5039,252
5040,252
5041,253
5042,253
5043,253
5044,253
5045,253
5046,253
5047,253
5048,253
5049,253
5050,253
5051,253
5052,253
5053,253
5054,253
5055,253
5056,253
5057,253
5058,253
5059,253
5060,253
5061,254
5062,254
5063,254
5064,254
5065,254
5066,254
5067,254
5068,254
5069,254
5070,254
5071,254
5072,254
5073,254
5074,254
5075,254
5076,254
5077,254
5078,254
5079,254
5080,254
5081,255
5082,255
5083,255
5084,255
5085,255
5086,255
5087,255
5088,255
5089,255
5090,255
5091,255
5092,255
5093,255
5094,255
5095,255
5096,255
5097,255
5098,255
5099,255
5100,255
5101,256
5102,256
5103,256
5104,256
5105,256
5106,256
5107,256
5108,256
5109,256
5110,256
5111,256
5112,256
5113,256
5114,256
5115,256
5116,256
5117,256
5118,256
5119,256
5120,256
5121,257
5122,257
5123,257
5124,257
5125,257
5126,257
5127,257
5128,257
5129,257
5130,257
5131,257
5132,257
5133,257
5134,257
5135,257
5136,257
5137,257
5138,257
5139,257
5140,257
5141,258
5142,258
5143,258
5144,258
5145,258
5146,258
5147,258
5148,258
5149,258
5150,258
5151,258
5152,258
5153,258
5154,258
5155,258
5156,258
5157,258
5158,258
5159,258
5160,258
5161,259
5162,259
5163,259
5164,259
5165,259
5166,259
5167,259
5168,259
5169,259
5170,259
5171,259
5172,259
5173,259
5174,259
5175,259
5176,259
5177,259
5178,259
5179,259
5180,259
5181,260
5182,260
5183,260
5184,260
5185,260
5186,260
5187,260
5188,260
5189,260
5190,260
5191,260
5192,260
5193,260
5194,260
5195,260
5196,260
5197,260
5198,260
5199,260
5200,260
5201,261
5202,261
5203,261
5204,261
5205,261
5206,261
5207,261
5208,261
5209,261
5210,261
5211,261
5212,261
5213,261
5214,261
5215,261
5216,261
5217,261
5218,261
5219,261
5220,261
5221,262
5222,262
5223,262
5224,262
5225,262
5226,262
5227,262
5228,262
5229,262
5230,262
5231,262
5232,262
5233,262
5234,262
5235,262
5236,262
5237,262
5238,262
5239,262
5240,262
5241,263
5242,263
5243,263
5244,263
5245,263
5246,263
5247,263
5248,263
5249,263
5250,263
5251,263
5252,263
5253,263
5254,263
5255,263
5256,263
5257,263
5258,263
5259,263
5260,263
5261,264
5262,264
5263,264
5264,264
5265,264
5266,264
5267,264
5268,264
5269,264
5270,264
5271,264
5272,264
5273,264
5274,264
5275,264
5276,264
5277,264
5278,264
5279,264
5280,264
5281,265
5282,265
5283,265
5284,265
5285,265
5286,265
5287,265
5288,265
5289,265
5290,265
5291,265
5292,265
5293,265
5294,265
5295,265
5296,265
5297,265
5298,265
5299,265
5300,265
5301,266
5302,266
5303,266
5304,266
5305,266
5306,266
5307,266
5308,266
5309,266
5310,266
5311,266
5312,266
5313,266
5314,266
5315,266
5316,266
5317,266
5318,266
5319,266
5320,266
5321,267
5322,267
5323,267
5324,267
5325,267
5326,267
5327,267
5328,267
5329,267
5330,267
5331,267
5332,267
5333,267
5334,267
5335,267
5336,267
5337,267
5338,267
5339,267
5340,267
5341,268
5342,268
5343,268
5344,268
5345,268
5346,268
5347,268
5348,268
5349,268
5350,268
5351,268
5352,268
5353,268
5354,268
5355,268
5356,268
5357,268
5358,268
5359,268
5360,268
5361,269
5362,269
5363,269
5364,269
5365,269
5366,269
5367,269
5368,269
5369,269
5370,269
5371,269
5372,269
5373,269
5374,269
5375,269
5376,269
5377,269
5378,269
5379,269
5380,269
5381,270
5382,270
5383,270
5384,270
5385,270
5386,270
5387,270
5388,270
5389,270
5390,270
5391,270
5392,270
5393,270
5394,270
5395,270
5396,270
5397,270
5398,270
5399,270
5400,270
5401,271
5402,271
5403,271
5404,271
5405,271
5406,271
5407,271
5408,271
5409,271
5410,271
5411,271
5412,271
5413,271
5414,271
5415,271
5416,271
5417,271
5418,271
5419,271
5420,271
5421,272
5422,272
5423,272
5424,272
5425,272
5426,272
5427,272
5428,272
5429,272
5430,272
5431,272
5432,272
5433,272
5434,272
5435,272
5436,272
5437,272
5438,272
5439,272
5440,272
5441,273
5442,273
5443,273
5444,273
5445,273
5446,273
5447,273
5448,273
5449,273
5450,273
5451,273
5452,273
5453,273
5454,273
5455,273
5456,273
5457,273
5458,273
5459,273
5460,273
5461,274
5462,274
5463,274
5464,274
5465,274
5466,274
5467,274
5468,274
5469,274
5470,274
5471,274
5472,274
5473,274
5474,274
5475,274
5476,274
5477,274
5478,274
5479,274
5480,274
5481,275
5482,275
5483,275
5484,275
5485,275
5486,275
5487,275
5488,275
5489,275
5490,275
5491,275
5492,275
5493,275
5494,275
5495,275
5496,275
5497,275
5498,275
5499,275
5500,275
5501,276
5502,276
5503,276
5504,276
5505,276
5506,276
5507,276
5508,276
5509,276
5510,276
5511,276
5512,276
5513,276
5514,276
5515,276
5516,276
5517,276
5518,276
5519,276
5520,276
5521,277
5522,277
5523,277
5524,277
5525,277
5526,277
5527,277
5528,277
5529,277
5530,277
5531,277
5532,277
5533,277
5534,277
5535,277
5536,277
5537,277
5538,277
5539,277
5540,277
5541,278
5542,278
5543,278
5544,278
5545,278
5546,278
5547,278
5548,278
5549,278
5550,278
5551,278
5552,278
5553,278
5554,278
5555,278
5556,278
5557,278
5558,278
5559,278
5560,278
5561,279
5562,279
5563,279
5564,279
5565,279
5566,279
5567,279
5568,279
5569,279
5570,279
5571,279
5572,279
5573,279
5574,279
5575,279
5576,279
5577,279
5578,279
5579,279
5580,279
5581,280
5582,280
5583,280
5584,280
5585,280
5586,280
5587,280
5588,280
5589,280
5590,280
5591,280
5592,280
5593,280
5594,280
5595,280
5596,280
5597,280
5598,280
5599,280
5600,280
5601,281
5602,281
5603,281
5604,281
5605,281
5606,281
5607,281
5608,281
5609,281
5610,281
5611,281
5612,281
5613,281
5614,281
5615,281
5616,281
5617,281
5618,281
5619,281
5620,281
5621,282
5622,282
5623,282
5624,282
5625,282
5626,282
5627,282
5628,282
5629,282
5630,282
5631,282
5632,282
5633,282
5634,282
5635,282
5636,282
5637,282
5638,282
5639,282
5640,282
5641,283
5642,283
5643,283
5644,283
5645,283
5646,283
5647,283
5648,283
5649,283
5650,283
5651,283
5652,283
5653,283
5654,283
5655,283
5656,283
5657,283
5658,283
5659,283
5660,283
5661,284
5662,284
5663,284
5664,284
5665,284
5666,284
5667,284
5668,284
5669,284
5670,284
5671,284
5672,284
5673,284
5674,284
5675,284
5676,284
5677,284
5678,284
5679,284
5680,284
5681,285
5682,285
5683,285
5684,285
5685,285
5686,285
5687,285
5688,285
5689,285
5690,285
5691,285
5692,285
5693,285
5694,285
5695,285
5696,285
5697,285
5698,285
5699,285
5700,285
5701,286
5702,286
5703,286
5704,286
5705,286
5706,286
5707,286
5708,286
5709,286
5710,286
5711,286
5712,286
5713,286
5714,286
5715,286
5716,286
5717,286
5718,286
5719,286
5720,286
5721,287
5722,287
5723,287
5724,287
5725,287
5726,287
5727,287
5728,287
5729,287
5730,287
5731,287
5732,287
5733,287
5734,287
5735,287
5736,287
5737,287
5738,287
5739,287
5740,287
5741,288
5742,288
5743,288
5744,288
5745,288
5746,288
5747,288
5748,288
5749,288
5750,288
5751,288
5752,288
5753,288
5754,288
5755,288
5756,288
5757,288
5758,288
5759,288
5760,288
5761,289
5762,289
5763,289
5764,289
5765,289
5766,289
5767,289
5768,289
5769,289
5770,289
5771,289
5772,289
5773,289
5774,289
5775,289
5776,289
5777,289
5778,289
5779,289
5780,289
5781,290
5782,290
5783,290
5784,290
5785,290
5786,290
5787,290
5788,290
5789,290
5790,290
5791,290
5792,290
5793,290
5794,290
5795,290
5796,290
5797,290
5798,290
5799,290
5800,290
5801,291
5802,291
5803,291
5804,291
5805,291
5806,291
5807,291
5808,291
5809,291
5810,291
5811,291
5812,291
5813,291
5814,291
5815,291
5816,291
5817,291
5818,291
5819,291
5820,291
5821,292
5822,292
5823,292
5824,292
5825,292
5826,292
5827,292
5828,292
5829,292
5830,292
5831,292
5832,292
5833,292
5834,292
5835,292
5836,292
5837,292
5838,292
5839,292
5840,292
5841,293
5842,293
5843,293
5844,293
5845,293
5846,293
5847,293
5848,293
5849,293
5850,293
5851,293
5852,293
5853,293
5854,293
5855,293
5856,293
5857,293
5858,293
5859,293
5860,293
5861,294
5862,294
5863,294
5864,294
5865,294
5866,294
5867,294
5868,294
5869,294
5870,294
5871,294
5872,294
5873,294
5874,294
5875,294
5876,294
5877,294
5878,294
5879,294
5880,294
5881,295
5882,295
5883,295
5884,295
5885,295
5886,295
5887,295
5888,295
5889,295
5890,295
5891,295
5892,295
5893,295
5894,295
5895,295
5896,295
5897,295
5898,295
5899,295
5900,295
5901,296
5902,296
5903,296
5904,296
5905,296
5906,296
5907,296
5908,296
5909,296
5910,296
5911,296
5912,296
5913,296
5914,296
5915,296
5916,296
5917,296
5918,296
5919,296
5920,296
5921,297
5922,297
5923,297
5924,297
5925,297
5926,297
5927,297
5928,297
5929,297
5930,297
5931,297
5932,297
5933,297
5934,297
5935,297
5936,297
5937,297
5938,297
5939,297
5940,297
5941,298
5942,298
5943,298
5944,298
5945,298
5946,298
5947,298
5948,298
5949,298
5950,298
5951,298
5952,298
5953,298
5954,298
5955,298
5956,298
5957,298
5958,298
5959,298
5960,298
5961,299
5962,299
5963,299
5964,299
5965,299
5966,299
5967,299
5968,299
5969,299
5970,299
5971,299
5972,299
5973,299
5974,299
5975,299
5976,299
5977,299
5978,299
5979,299
5980,299
5981,300
5982,300
5983,300
5984,300
5985,300
5986,300
5987,300
5988,300
5989,300
5990,300
5991,300
5992,300
5993,300
5994,300
5995,300
5996,300
5997,300
5998,300
5999,300
6000,300
6001,301
6002,301
6003,301
6004,301
6005,301
6006,301
6007,301
6008,301
6009,301
6010,301
6011,301
6012,301
6013,301
6014,301
6015,301
6016,301
6017,301
6018,301
6019,301
6020,301
6021,302
6022,302
6023,302
6024,302
6025,302
6026,302
6027,302
6028,302
6029,302
6030,302
6031,302
6032,302
6033,302
6034,302
6035,302
6036,302
6037,302
6038,302
6039,302
6040,302
6041,303
6042,303
6043,303
6044,303
6045,303
6046,303
6047,303
6048,303
6049,303
6050,303
6051,303
6052,303
6053,303
6054,303
6055,303
6056,303
6057,303
6058,303
6059,303
6060,303
6061,304
6062,304
6063,304
6064,304
6065,304
6066,304
6067,304
6068,304
6069,304
6070,304
6071,304
6072,304
6073,304
6074,304
6075,304
6076,304
6077,304
6078,304
6079,304
6080,304
6081,305
6082,305
6083,305
6084,305
6085,305
6086,305
6087,305
6088,305
6089,305
6090,305
6091,305
6092,305
6093,305
6094,305
6095,305
6096,305
6097,305
6098,305
6099,305
6100,305
6101,306
6102,306
6103,306
6104,306
6105,306
6106,306
6107,306
6108,306
6109,306
6110,306
6111,306
6112,306
6113,306
6114,306
6115,306
6116,306
6117,306
6118,306
6119,306
6120,306
6121,307
6122,307
6123,307
6124,307
6125,307
6126,307
6127,307
6128,307
6129,307
6130,307
6131,307
6132,307
6133,307
6134,307
6135,307
6136,307
6137,307
6138,307
6139,307
6140,307
6141,308
6142,308
6143,308
6144,308
6145,308
6146,308
6147,308
6148,308
6149,308
6150,308
6151,308
6152,308
6153,308
6154,308
6155,308
6156,308
6157,308
6158,308
6159,308
6160,308
6161,309
6162,309
6163,309
6164,309
6165,309
6166,309
6167,309
6168,309
6169,309
6170,309
6171,309
6172,309
6173,309
6174,309
6175,309
6176,309
6177,309
6178,309
6179,309
6180,309
6181,310
6182,310
6183,310
6184,310
6185,310
6186,310
6187,310
6188,310
6189,310
6190,310
6191,310
6192,310
6193,310
6194,310
6195,310
6196,310
6197,310
6198,310
6199,310
6200,310
6201,311
6202,311
6203,311
6204,311
6205,311
6206,311
6207,311
6208,311
6209,311
6210,311
6211,311
6212,311
6213,311
6214,311
6215,311
6216,311
6217,311
6218,311
6219,311
6220,311
6221,312
6222,312
6223,312
6224,312
6225,312
6226,312
6227,312
6228,312
6229,312
6230,312
6231,312
6232,312
6233,312
6234,312
6235,312
6236,312
6237,312
6238,312
6239,312
6240,312
6241,313
6242,313
6243,313
6244,313
6245,313
6246,313
6247,313
6248,313
6249,313
6250,313
6251,313
6252,313
6253,313
6254,313
6255,313
6256,313
6257,313
6258,313
6259,313
6260,313
6261,314
6262,314
6263,314
6264,314
6265,314
6266,314
6267,314
6268,314
6269,314
6270,314
6271,314
6272,314
6273,314
6274,314
6275,314
6276,314
6277,314
6278,314
6279,314
6280,314
6281,315
6282,315
6283,315
6284,315
6285,315
6286,315
6287,315
6288,315
6289,315
6290,315
6291,315
6292,315
6293,315
6294,315
6295,315
6296,315
6297,315
6298,315
6299,315
6300,315
6301,316
6302,316
6303,316
6304,316
6305,316
6306,316
6307,316
6308,316
6309,316
6310,316
6311,316
6312,316
6313,316
6314,316
6315,316
6316,316
6317,316
6318,316
6319,316
6320,316
6321,317
6322,317
6323,317
6324,317
6325,317
6326,317
6327,317
6328,317
6329,317
6330,317
6331,317
6332,317
6333,317
6334,317
6335,317
6336,317
6337,317
6338,317
6339,317
6340,317
6341,318
6342,318
6343,318
6344,318
6345,318
6346,318
6347,318
6348,318
6349,318
6350,318
6351,318
6352,318
6353,318
6354,318
6355,318
6356,318
6357,318
6358,318
6359,318
6360,318
6361,319
6362,319
6363,319
6364,319
6365,319
6366,319
6367,319
6368,319
6369,319
6370,319
6371,319
6372,319
6373,319
6374,319
6375,319
6376,319
6377,319
6378,319
6379,319
6380,319
6381,320
6382,320
6383,320
6384,320
6385,320
6386,320
6387,320
6388,320
6389,320
6390,320
6391,320
6392,320
6393,320
6394,320
6395,320
6396,320
6397,320
6398,320
6399,320
6400,320
6401,321
6402,321
6403,321
6404,321
6405,321
6406,321
6407,321
6408,321
6409,321
6410,321
6411,321
6412,321
6413,321
6414,321
6415,321
6416,321
6417,321
6418,321
6419,321
6420,321
6421,322
6422,322
6423,322
6424,322
6425,322
6426,322
6427,322
6428,322
6429,322
6430,322
6431,322
6432,322
6433,322
6434,322
6435,322
6436,322
6437,322
6438,322
6439,322
6440,322
6441,323
6442,323
6443,323
6444,323
6445,323
6446,323
6447,323
6448,323
6449,323
6450,323
6451,323
6452,323
6453,323
6454,323
6455,323
6456,323
6457,323
6458,323
6459,323
6460,323
6461,324
6462,324
6463,324
6464,324
6465,324
6466,324
6467,324
6468,324
6469,324
6470,324
6471,324
6472,324
6473,324
6474,324
6475,324
6476,324
6477,324
6478,324
6479,324
6480,324
6481,325
6482,325
6483,325
6484,325
6485,325
6486,325
6487,325
6488,325
6489,325
6490,325
6491,325
6492,325
6493,325
6494,325
6495,325
6496,325
6497,325
6498,325
6499,325
6500,325
6501,326
6502,326
6503,326
6504,326
6505,326
6506,326
6507,326
6508,326
6509,326
6510,326
6511,326
6512,326
6513,326
6514,326
6515,326
6516,326
6517,326
6518,326
6519,326
6520,326
6521,327
6522,327
6523,327
6524,327
6525,327
6526,327
6527,327
6528,327
6529,327
6530,327
6531,327
6532,327
6533,327
6534,327
6535,327
6536,327
6537,327
6538,327
6539,327
6540,327
6541,328
6542,328
6543,328
6544,328
6545,328
6546,328
6547,328
6548,328
6549,328
6550,328
6551,328
6552,328
6553,328
6554,328
6555,328
6556,328
6557,328
6558,328
6559,328
6560,328
6561,329
6562,329
6563,329
6564,329
6565,329
6566,329
6567,329
6568,329
6569,329
6570,329
6571,329
6572,329
6573,329
6574,329
6575,329
6576,329
6577,329
6578,329
6579,329
6580,329
6581,330
6582,330
6583,330
6584,330
6585,330
6586,330
6587,330
6588,330
6589,330
6590,330
6591,330
6592,330
6593,330
6594,330
6595,330
6596,330
6597,330
6598,330
6599,330
6600,330
6601,331
6602,331
6603,331
6604,331
6605,331
6606,331
6607,331
6608,331
6609,331
6610,331
6611,331
6612,331
6613,331
6614,331
6615,331
6616,331
6617,331
6618,331
6619,331
6620,331
6621,332
6622,332
6623,332
6624,332
6625,332
6626,332
6627,332
6628,332
6629,332
6630,332
6631,332
6632,332
6633,332
6634,332
6635,332
6636,332
6637,332
6638,332
6639,332
6640,332
6641,333
6642,333
6643,333
6644,333
6645,333
6646,333
6647,333
6648,333
6649,333
6650,333
6651,333
6652,333
6653,333
6654,333
6655,333
6656,333
6657,333
6658,333
6659,333
6660,333
6661,334
6662,334
6663,334
6664,334
6665,334
6666,334
6667,334
6668,334
6669,334
6670,334
6671,334
6672,334
6673,334
6674,334
6675,334
6676,334
6677,334
6678,334
6679,334
6680,334
6681,335
6682,335
6683,335
6684,335
6685,335
6686,335
6687,335
6688,335
6689,335
6690,335
6691,335
6692,335
6693,335
6694,335
6695,335
6696,335
6697,335
6698,335
6699,335
6700,335
6701,336
6702,336
6703,336
6704,336
6705,336
6706,336
6707,336
6708,336
6709,336
6710,336
6711,336
6712,336
6713,336
6714,336
6715,336
6716,336
6717,336
6718,336
6719,336
6720,336
6721,337
6722,337
6723,337
6724,337
6725,337
6726,337
6727,337
6728,337
6729,337
6730,337
6731,337
6732,337
6733,337
6734,337
6735,337
6736,337
6737,337
6738,337
6739,337
6740,337
6741,338
6742,338
6743,338
6744,338
6745,338
6746,338
6747,338
6748,338
6749,338
6750,338
6751,338
6752,338
6753,338
6754,338
6755,338
6756,338
6757,338
6758,338
6759,338
6760,338
6761,339
6762,339
6763,339
6764,339
6765,339
6766,339
6767,339
6768,339
6769,339
6770,339
6771,339
6772,339
6773,339
6774,339
6775,339
6776,339
6777,339
6778,339
6779,339
6780,339
6781,340
6782,340
6783,340
6784,340
6785,340
6786,340
6787,340
6788,340
6789,340
6790,340
6791,340
6792,340
6793,340
6794,340
6795,340
6796,340
6797,340
6798,340
6799,340
6800,340
6801,341
6802,341
6803,341
6804,341
6805,341
6806,341
6807,341
6808,341
6809,341
6810,341
6811,341
6812,341
6813,341
6814,341
6815,341
6816,341
6817,341
6818,341
6819,341
6820,341
6821,342
6822,342
6823,342
6824,342
6825,342
6826,342
6827,342
6828,342
6829,342
6830,342
6831,342
6832,342
6833,342
6834,342
6835,342
6836,342
6837,342
6838,342
6839,342
6840,342
6841,343
6842,343
6843,343
6844,343
6845,343
6846,343
6847,343
6848,343
6849,343
6850,343
6851,343
6852,343
6853,343
6854,343
6855,343
6856,343
6857,343
6858,343
6859,343
6860,343
6861,344
6862,344
6863,344
6864,344
6865,344
6866,344
6867,344
6868,344
6869,344
6870,344
6871,344
6872,344
6873,344
6874,344
6875,344
6876,344
6877,344
6878,344
6879,344
6880,344
6881,345
6882,345
6883,345
6884,345
6885,345
6886,345
6887,345
6888,345
6889,345
6890,345
6891,345
6892,345
6893,345
6894,345
6895,345
6896,345
6897,345
6898,345
6899,345
6900,345
6901,346
6902,346
6903,346
6904,346
6905,346
6906,346
6907,346
6908,346
6909,346
6910,346
6911,346
6912,346
6913,346
6914,346
6915,346
6916,346
6917,346
6918,346
6919,346
6920,346
6921,347
6922,347
6923,347
6924,347
6925,347
6926,347
6927,347
6928,347
6929,347
6930,347
6931,347
6932,347
6933,347
6934,347
6935,347
6936,347
6937,347
6938,347
6939,347
6940,347
6941,348
6942,348
6943,348
6944,348
6945,348
6946,348
6947,348
6948,348
6949,348
6950,348
6951,348
6952,348
6953,348
6954,348
6955,348
6956,348
6957,348
6958,348
6959,348
6960,348
6961,349
6962,349
6963,349
6964,349
6965,349
6966,349
6967,349
6968,349
6969,349
6970,349
6971,349
6972,349
6973,349
6974,349
6975,349
6976,349
6977,349
6978,349
6979,349
6980,349
6981,350
6982,350
6983,350
6984,350
6985,350
6986,350
6987,350
6988,350
6989,350
6990,350
6991,350
6992,350
6993,350
6994,350
6995,350
6996,350
6997,350
6998,350
6999,350
7000,350
7001,351
7002,351
7003,351
7004,351
7005,351
7006,351
7007,351
7008,351
7009,351
7010,351
7011,351
7012,351
7013,351
7014,351
7015,351
7016,351
7017,351
7018,351
7019,351
7020,351
7021,352
7022,352
7023,352
7024,352
7025,352
7026,352
7027,352
7028,352
7029,352
7030,352
7031,352
7032,352
7033,352
7034,352
7035,352
7036,352
7037,352
7038,352
7039,352
7040,352
7041,353
7042,353
7043,353
7044,353
7045,353
7046,353
7047,353
7048,353
7049,353
7050,353
7051,353
7052,353
7053,353
7054,353
7055,353
7056,353
7057,353
7058,353
7059,353
7060,353
7061,354
7062,354
7063,354
7064,354
7065,354
7066,354
7067,354
7068,354
7069,354
7070,354
7071,354
7072,354
7073,354
7074,354
7075,354
7076,354
7077,354
7078,354
7079,354
7080,354
7081,355
7082,355
7083,355
7084,355
7085,355
7086,355
7087,355
7088,355
7089,355
7090,355
7091,355
7092,355
7093,355
7094,355
7095,355
7096,355
7097,355
7098,355
7099,355
7100,355
7101,356
7102,356
7103,356
7104,356
7105,356
7106,356
7107,356
7108,356
7109,356
7110,356
7111,356
7112,356
7113,356
7114,356
7115,356
7116,356
7117,356
7118,356
7119,356
7120,356
7121,357
7122,357
7123,357
7124,357
7125,357
7126,357
7127,357
7128,357
7129,357
7130,357
7131,357
7132,357
7133,357
7134,357
7135,357
7136,357
7137,357
7138,357
7139,357
7140,357
7141,358
7142,358
7143,358
7144,358
7145,358
7146,358
7147,358
7148,358
7149,358
7150,358
7151,358
7152,358
7153,358
7154,358
7155,358
7156,358
7157,358
7158,358
7159,358
7160,358
7161,359
7162,359
7163,359
7164,359
7165,359
7166,359
7167,359
7168,359
7169,359
7170,359
7171,359
7172,359
7173,359
7174,359
7175,359
7176,359
7177,359
7178,359
7179,359
7180,359
7181,360
7182,360
7183,360
7184,360
7185,360
7186,360
7187,360
7188,360
7189,360
7190,360
7191,360
7192,360
7193,360
7194,360
7195,360
7196,360
7197,360
7198,360
7199,360
7200,360
7201,361
7202,361
7203,361
7204,361
7205,361
7206,361
7207,361
7208,361
7209,361
7210,361
7211,361
7212,361
7213,361
7214,361
7215,361
7216,361
7217,361
7218,361
7219,361
7220,361
7221,362
7222,362
7223,362
7224,362
7225,362
7226,362
7227,362
7228,362
7229,362
7230,362
7231,362
7232,362
7233,362
7234,362
7235,362
7236,362
7237,362
7238,362
7239,362
7240,362
7241,363
7242,363
7243,363
7244,363
7245,363
7246,363
7247,363
7248,363
7249,363
7250,363
7251,363
7252,363
7253,363
7254,363
7255,363
7256,363
7257,363
7258,363
7259,363
7260,363
7261,364
7262,364
7263,364
7264,364
7265,364
7266,364
7267,364
7268,364
7269,364
7270,364
7271,364
7272,364
7273,364
7274,364
7275,364
7276,364
7277,364
7278,364
7279,364
7280,364
7281,365
7282,365
7283,365
7284,365
7285,365
7286,365
7287,365
7288,365
7289,365
7290,365
7291,365
7292,365
7293,365
7294,365
7295,365
7296,365
7297,365
7298,365
7299,365
7300,365
7301,366
7302,366
7303,366
7304,366
7305,366
7306,366
7307,366
7308,366
7309,366
7310,366
7311,366
7312,366
7313,366
7314,366
7315,366
7316,366
7317,366
7318,366
7319,366
7320,366
7321,367
7322,367
7323,367
7324,367
7325,367
7326,367
7327,367
7328,367
7329,367
7330,367
7331,367
7332,367
7333,367
7334,367
7335,367
7336,367
7337,367
7338,367
7339,367
7340,367
7341,368
7342,368
7343,368
7344,368
7345,368
7346,368
7347,368
7348,368
7349,368
7350,368
7351,368
7352,368
7353,368
7354,368
7355,368
7356,368
7357,368
7358,368
7359,368
7360,368
7361,369
7362,369
7363,369
7364,369
7365,369
7366,369
7367,369
7368,369
7369,369
7370,369
7371,369
7372,369
7373,369
7374,369
7375,369
7376,369
7377,369
7378,369
7379,369
7380,369
7381,370
7382,370
7383,370
7384,370
7385,370
7386,370
7387,370
7388,370
7389,370
7390,370
7391,370
7392,370
7393,370
7394,370
7395,370
7396,370
7397,370
7398,370
7399,370
7400,370
7401,371
7402,371
7403,371
7404,371
7405,371
7406,371
7407,371
7408,371
7409,371
7410,371
7411,371
7412,371
7413,371
7414,371
7415,371
7416,371
7417,371
7418,371
7419,371
7420,371
7421,372
7422,372
7423,372
7424,372
7425,372
7426,372
7427,372
7428,372
7429,372
7430,372
7431,372
7432,372
7433,372
7434,372
7435,372
7436,372
7437,372
7438,372
7439,372
7440,372
7441,373
7442,373
7443,373
7444,373
7445,373
7446,373
7447,373
7448,373
7449,373
7450,373
7451,373
7452,373
7453,373
7454,373
7455,373
7456,373
7457,373
7458,373
7459,373
7460,373
7461,374
7462,374
7463,374
7464,374
7465,374
7466,374
7467,374
7468,374
7469,374
7470,374
7471,374
7472,374
7473,374
7474,374
7475,374
7476,374
7477,374
7478,374
7479,374
7480,374
7481,375
7482,375
7483,375
7484,375
7485,375
7486,375
7487,375
7488,375
7489,375
7490,375
7491,375
7492,375
7493,375
7494,375
7495,375
7496,375
7497,375
7498,375
7499,375
7500,375
7501,376
7502,376
7503,376
7504,376
7505,376
7506,376
7507,376
7508,376
7509,376
7510,376
7511,376
7512,376
7513,376
7514,376
7515,376
7516,376
7517,376
7518,376
7519,376
7520,376
7521,377
7522,377
7523,377
7524,377
7525,377
7526,377
7527,377
7528,377
7529,377
7530,377
7531,377
7532,377
7533,377
7534,377
7535,377
7536,377
7537,377
7538,377
7539,377
7540,377
7541,378
7542,378
7543,378
7544,378
7545,378
7546,378
7547,378
7548,378
7549,378
7550,378
7551,378
7552,378
7553,378
7554,378
7555,378
7556,378
7557,378
7558,378
7559,378
7560,378
7561,379
7562,379
7563,379
7564,379
7565,379
7566,379
7567,379
7568,379
7569,379
7570,379
7571,379
7572,379
7573,379
7574,379
7575,379
7576,379
7577,379
7578,379
7579,379
7580,379
7581,380
7582,380
7583,380
7584,380
7585,380
7586,380
7587,380
7588,380
7589,380
7590,380
7591,380
7592,380
7593,380
7594,380
7595,380
7596,380
7597,380
7598,380
7599,380
7600,380
7601,381
7602,381
7603,381
7604,381
7605,381
7606,381
7607,381
7608,381
7609,381
7610,381
7611,381
7612,381
7613,381
7614,381
7615,381
7616,381
7617,381
7618,381
7619,381
7620,381
7621,382
7622,382
7623,382
7624,382
7625,382
7626,382
7627,382
7628,382
7629,382
7630,382
7631,382
7632,382
7633,382
7634,382
7635,382
7636,382
7637,382
7638,382
7639,382
7640,382
7641,383
7642,383
7643,383
7644,383
7645,383
7646,383
7647,383
7648,383
7649,383
7650,383
7651,383
7652,383
7653,383
7654,383
7655,383
7656,383
7657,383
7658,383
7659,383
7660,383
7661,384
7662,384
7663,384
7664,384
7665,384
7666,384
7667,384
7668,384
7669,384
7670,384
7671,384
7672,384
7673,384
7674,384
7675,384
7676,384
7677,384
7678,384
7679,384
7680,384
7681,385
7682,385
7683,385
7684,385
7685,385
7686,385
7687,385
7688,385
7689,385
7690,385
7691,385
7692,385
7693,385
7694,385
7695,385
7696,385
7697,385
7698,385
7699,385
7700,385
7701,386
7702,386
7703,386
7704,386
7705,386
7706,386
7707,386
7708,386
7709,386
7710,386
7711,386
7712,386
7713,386
7714,386
7715,386
7716,386
7717,386
7718,386
7719,386
7720,386
7721,387
7722,387
7723,387
7724,387
7725,387
7726,387
7727,387
7728,387
7729,387
7730,387
7731,387
7732,387
7733,387
7734,387
7735,387
7736,387
7737,387
7738,387
7739,387
7740,387
7741,388
7742,388
7743,388
7744,388
7745,388
7746,388
7747,388
7748,388
7749,388
7750,388
7751,388
7752,388
7753,388
7754,388
7755,388
7756,388
7757,388
7758,388
7759,388
7760,388
7761,389
7762,389
7763,389
7764,389
7765,389
7766,389
7767,389
7768,389
7769,389
7770,389
7771,389
7772,389
7773,389
7774,389
7775,389
7776,389
7777,389
7778,389
7779,389
7780,389
7781,390
7782,390
7783,390
7784,390
7785,390
7786,390
7787,390
7788,390
7789,390
7790,390
7791,390
7792,390
7793,390
7794,390
7795,390
7796,390
7797,390
7798,390
7799,390
7800,390
7801,391
7802,391
7803,391
7804,391
7805,391
7806,391
7807,391
7808,391
7809,391
7810,391
7811,391
7812,391
7813,391
7814,391
7815,391
7816,391
7817,391
7818,391
7819,391
7820,391
7821,392
7822,392
7823,392
7824,392
7825,392
7826,392
7827,392
7828,392
7829,392
7830,392
7831,392
7832,392
7833,392
7834,392
7835,392
7836,392
7837,392
7838,392
7839,392
7840,392
7841,393
7842,393
7843,393
7844,393
7845,393
7846,393
7847,393
7848,393
7849,393
7850,393
7851,393
7852,393
7853,393
7854,393
7855,393
7856,393
7857,393
7858,393
7859,393
7860,393
7861,394
7862,394
7863,394
7864,394
7865,394
7866,394
7867,394
7868,394
7869,394
7870,394
7871,394
7872,394
7873,394
7874,394
7875,394
7876,394
7877,394
7878,394
7879,394
7880,394
7881,395
7882,395
7883,395
7884,395
7885,395
7886,395
7887,395
7888,395
7889,395
7890,395
7891,395
7892,395
7893,395
7894,395
7895,395
7896,395
7897,395
7898,395
7899,395
7900,395
7901,396
7902,396
7903,396
7904,396
7905,396
7906,396
7907,396
7908,396
7909,396
7910,396
7911,396
7912,396
7913,396
7914,396
7915,396
7916,396
7917,396
7918,396
7919,396
7920,396
7921,397
7922,397
7923,397
7924,397
7925,397
7926,397
7927,397
7928,397
7929,397
7930,397
7931,397
7932,397
7933,397
7934,397
7935,397
7936,397
7937,397
7938,397
7939,397
7940,397
7941,398
7942,398
7943,398
7944,398
7945,398
7946,398
7947,398
7948,398
7949,398
7950,398
7951,398
7952,398
7953,398
7954,398
7955,398
7956,398
7957,398
7958,398
7959,398
7960,398
7961,399
7962,399
7963,399
7964,399
7965,399
7966,399
7967,399
7968,399
7969,399
7970,399
7971,399
7972,399
7973,399
7974,399
7975,399
7976,399
7977,399
7978,399
7979,399
7980,399
7981,400
7982,400
7983,400
7984,400
7985,400
7986,400
7987,400
7988,400
7989,400
7990,400
7991,400
7992,400
7993,400
7994,400
7995,400
7996,400
7997,400
7998,400
7999,400
8000,400
8001,401
8002,401
8003,401
8004,401
8005,401
8006,401
8007,401
8008,401
8009,401
8010,401
8011,401
8012,401
8013,401
8014,401
8015,401
8016,401
8017,401
8018,401
8019,401
8020,401
8021,402
8022,402
8023,402
8024,402
8025,402
8026,402
8027,402
8028,402
8029,402
8030,402
8031,402
8032,402
8033,402
8034,402
8035,402
8036,402
8037,402
8038,402
8039,402
8040,402
8041,403
8042,403
8043,403
8044,403
8045,403
8046,403
8047,403
8048,403
8049,403
8050,403
8051,403
8052,403
8053,403
8054,403
8055,403
8056,403
8057,403
8058,403
8059,403
8060,403
8061,404
8062,404
8063,404
8064,404
8065,404
8066,404
8067,404
8068,404
8069,404
8070,404
8071,404
8072,404
8073,404
8074,404
8075,404
8076,404
8077,404
8078,404
8079,404
8080,404
8081,405
8082,405
8083,405
8084,405
8085,405
8086,405
8087,405
8088,405
8089,405
8090,405
8091,405
8092,405
8093,405
8094,405
8095,405
8096,405
8097,405
8098,405
8099,405
8100,405
8101,406
8102,406
8103,406
8104,406
8105,406
8106,406
8107,406
8108,406
8109,406
8110,406
8111,406
8112,406
8113,406
8114,406
8115,406
8116,406
8117,406
8118,406
8119,406
8120,406
8121,407
8122,407
8123,407
8124,407
8125,407
8126,407
8127,407
8128,407
8129,407
8130,407
8131,407
8132,407
8133,407
8134,407
8135,407
8136,407
8137,407
8138,407
8139,407
8140,407
8141,408
8142,408
8143,408
8144,408
8145,408
8146,408
8147,408
8148,408
8149,408
8150,408
8151,408
8152,408
8153,408
8154,408
8155,408
8156,408
8157,408
8158,408
8159,408
8160,408
8161,409
8162,409
8163,409
8164,409
8165,409
8166,409
8167,409
8168,409
8169,409
8170,409
8171,409
8172,409
8173,409
8174,409
8175,409
8176,409
8177,409
8178,409
8179,409
8180,409
8181,410
8182,410
8183,410
8184,410
8185,410
8186,410
8187,410
8188,410
8189,410
8190,410
8191,410
8192,410
8193,410
8194,410
8195,410
8196,410
8197,410
8198,410
8199,410
8200,410
8201,411
8202,411
8203,411
8204,411
8205,411
8206,411
8207,411
8208,411
8209,411
8210,411
8211,411
8212,411
8213,411
8214,411
8215,411
8216,411
8217,411
8218,411
8219,411
8220,411
8221,412
8222,412
8223,412
8224,412
8225,412
8226,412
8227,412
8228,412
8229,412
8230,412
8231,412
8232,412
8233,412
8234,412
8235,412
8236,412
8237,412
8238,412
8239,412
8240,412
8241,413
8242,413
8243,413
8244,413
8245,413
8246,413
8247,413
8248,413
8249,413
8250,413
8251,413
8252,413
8253,413
8254,413
8255,413
8256,413
8257,413
8258,413
8259,413
8260,413
8261,414
8262,414
8263,414
8264,414
8265,414
8266,414
8267,414
8268,414
8269,414
8270,414
8271,414
8272,414
8273,414
8274,414
8275,414
8276,414
8277,414
8278,414
8279,414
8280,414
8281,415
8282,415
8283,415
8284,415
8285,415
8286,415
8287,415
8288,415
8289,415
8290,415
8291,415
8292,415
8293,415
8294,415
8295,415
8296,415
8297,415
8298,415
8299,415
8300,415
8301,416
8302,416
8303,416
8304,416
8305,416
8306,416
8307,416
8308,416
8309,416
8310,416
8311,416
8312,416
8313,416
8314,416
8315,416
8316,416
8317,416
8318,416
8319,416
8320,416
8321,417
8322,417
8323,417
8324,417
8325,417
8326,417
8327,417
8328,417
8329,417
8330,417
8331,417
8332,417
8333,417
8334,417
8335,417
8336,417
8337,417
8338,417
8339,417
8340,417
8341,418
8342,418
8343,418
8344,418
8345,418
8346,418
8347,418
8348,418
8349,418
8350,418
8351,418
8352,418
8353,418
8354,418
8355,418
8356,418
8357,418
8358,418
8359,418
8360,418
8361,419
8362,419
8363,419
8364,419
8365,419
8366,419
8367,419
8368,419
8369,419
8370,419
8371,419
8372,419
8373,419
8374,419
8375,419
8376,419
8377,419
8378,419
8379,419
8380,419
8381,420
8382,420
8383,420
8384,420
8385,420
8386,420
8387,420
8388,420
8389,420
8390,420
8391,420
8392,420
8393,420
8394,420
8395,420
8396,420
8397,420
8398,420
8399,420
8400,420
8401,421
8402,421
8403,421
8404,421
8405,421
8406,421
8407,421
8408,421
8409,421
8410,421
8411,421
8412,421
8413,421
8414,421
8415,421
8416,421
8417,421
8418,421
8419,421
8420,421
8421,422
8422,422
8423,422
8424,422
8425,422
8426,422
8427,422
8428,422
8429,422
8430,422
8431,422
8432,422
8433,422
8434,422
8435,422
8436,422
8437,422
8438,422
8439,422
8440,422
8441,423
8442,423
8443,423
8444,423
8445,423
8446,423
8447,423
8448,423
8449,423
8450,423
8451,423
8452,423
8453,423
8454,423
8455,423
8456,423
8457,423
8458,423
8459,423
8460,423
8461,424
8462,424
8463,424
8464,424
8465,424
8466,424
8467,424
8468,424
8469,424
8470,424
8471,424
8472,424
8473,424
8474,424
8475,424
8476,424
8477,424
8478,424
8479,424
8480,424
8481,425
8482,425
8483,425
8484,425
8485,425
8486,425
8487,425
8488,425
8489,425
8490,425
8491,425
8492,425
8493,425
8494,425
8495,425
8496,425
8497,425
8498,425
8499,425
8500,425
8501,426
8502,426
8503,426
8504,426
8505,426
8506,426
8507,426
8508,426
8509,426
8510,426
8511,426
8512,426
8513,426
8514,426
8515,426
8516,426
8517,426
8518,426
8519,426
8520,426
8521,427
8522,427
8523,427
8524,427
8525,427
8526,427
8527,427
8528,427
8529,427
8530,427
8531,427
8532,427
8533,427
8534,427
8535,427
8536,427
8537,427
8538,427
8539,427
8540,427
8541,428
8542,428
8543,428
8544,428
8545,428
8546,428
8547,428
8548,428
8549,428
8550,428
8551,428
8552,428
8553,428
8554,428
8555,428
8556,428
8557,428
8558,428
8559,428
8560,428
8561,429
8562,429
8563,429
8564,429
8565,429
8566,429
8567,429
8568,429
8569,429
8570,429
8571,429
8572,429
8573,429
8574,429
8575,429
8576,429
8577,429
8578,429
8579,429
8580,429
8581,430
8582,430
8583,430
8584,430
8585,430
8586,430
8587,430
8588,430
8589,430
8590,430
8591,430
8592,430
8593,430
8594,430
8595,430
8596,430
8597,430
8598,430
8599,430
8600,430
8601,431
8602,431
8603,431
8604,431
8605,431
8606,431
8607,431
8608,431
8609,431
8610,431
8611,431
8612,431
8613,431
8614,431
8615,431
8616,431
8617,431
8618,431
8619,431
8620,431
8621,432
8622,432
8623,432
8624,432
8625,432
8626,432
8627,432
8628,432
8629,432
8630,432
8631,432
8632,432
8633,432
8634,432
8635,432
8636,432
8637,432
8638,432
8639,432
8640,432
8641,433
8642,433
8643,433
8644,433
8645,433
8646,433
8647,433
8648,433
8649,433
8650,433
8651,433
8652,433
8653,433
8654,433
8655,433
8656,433
8657,433
8658,433
8659,433
8660,433
8661,434
8662,434
8663,434
8664,434
8665,434
8666,434
8667,434
8668,434
8669,434
8670,434
8671,434
8672,434
8673,434
8674,434
8675,434
8676,434
8677,434
8678,434
8679,434
8680,434
8681,435
8682,435
8683,435
8684,435
8685,435
8686,435
8687,435
8688,435
8689,435
8690,435
8691,435
8692,435
8693,435
8694,435
8695,435
8696,435
8697,435
8698,435
8699,435
8700,435
8701,436
8702,436
8703,436
8704,436
8705,436
8706,436
8707,436
8708,436
8709,436
8710,436
8711,436
8712,436
8713,436
8714,436
8715,436
8716,436
8717,436
8718,436
8719,436
8720,436
8721,437
8722,437
8723,437
8724,437
8725,437
8726,437
8727,437
8728,437
8729,437
8730,437
8731,437
8732,437
8733,437
8734,437
8735,437
8736,437
8737,437
8738,437
8739,437
8740,437
8741,438
8742,438
8743,438
8744,438
8745,438
8746,438
8747,438
8748,438
8749,438
8750,438
8751,438
8752,438
8753,438
8754,438
8755,438
8756,438
8757,438
8758,438
8759,438
8760,438
8761,439
8762,439
8763,439
8764,439
8765,439
8766,439
8767,439
8768,439
8769,439
8770,439
8771,439
8772,439
8773,439
8774,439
8775,439
8776,439
8777,439
8778,439
8779,439
8780,439
8781,440
8782,440
8783,440
8784,440
8785,440
8786,440
8787,440
8788,440
8789,440
8790,440
8791,440
8792,440
8793,440
8794,440
8795,440
8796,440
8797,440
8798,440
8799,440
8800,440
8801,441
8802,441
8803,441
8804,441
8805,441
8806,441
8807,441
8808,441
8809,441
8810,441
8811,441
8812,441
8813,441
8814,441
8815,441
8816,441
8817,441
8818,441
8819,441
8820,441
8821,442
8822,442
8823,442
8824,442
8825,442
8826,442
8827,442
8828,442
8829,442
8830,442
8831,442
8832,442
8833,442
8834,442
8835,442
8836,442
8837,442
8838,442
8839,442
8840,442
8841,443
8842,443
8843,443
8844,443
8845,443
8846,443
8847,443
8848,443
8849,443
8850,443
8851,443
8852,443
8853,443
8854,443
8855,443
8856,443
8857,443
8858,443
8859,443
8860,443
8861,444
8862,444
8863,444
8864,444
8865,444
8866,444
8867,444
8868,444
8869,444
8870,444
8871,444
8872,444
8873,444
8874,444
8875,444
8876,444
8877,444
8878,444
8879,444
8880,444
8881,445
8882,445
8883,445
8884,445
8885,445
8886,445
8887,445
8888,445
8889,445
8890,445
8891,445
8892,445
8893,445
8894,445
8895,445
8896,445
8897,445
8898,445
8899,445
8900,445
8901,446
8902,446
8903,446
8904,446
8905,446
8906,446
8907,446
8908,446
8909,446
8910,446
8911,446
8912,446
8913,446
8914,446
8915,446
8916,446
8917,446
8918,446
8919,446
8920,446
8921,447
8922,447
8923,447
8924,447
8925,447
8926,447
8927,447
8928,447
8929,447
8930,447
8931,447
8932,447
8933,447
8934,447
8935,447
8936,447
8937,447
8938,447
8939,447
8940,447
8941,448
8942,448
8943,448
8944,448
8945,448
8946,448
8947,448
8948,448
8949,448
8950,448
8951,448
8952,448
8953,448
8954,448
8955,448
8956,448
8957,448
8958,448
8959,448
8960,448
8961,449
8962,449
8963,449
8964,449
8965,449
8966,449
8967,449
8968,449
8969,449
8970,449
8971,449
8972,449
8973,449
8974,449
8975,449
8976,449
8977,449
8978,449
8979,449
8980,449
8981,450
8982,450
8983,450
8984,450
8985,450
8986,450
8987,450
8988,450
8989,450
8990,450
8991,450
8992,450
8993,450
8994,450
8995,450
8996,450
8997,450
8998,450
8999,450
9000,450
9001,451
9002,451
9003,451
9004,451
9005,451
9006,451
9007,451
9008,451
9009,451
9010,451
9011,451
9012,451
9013,451
9014,451
9015,451
9016,451
9017,451
9018,451
9019,451
9020,451
9021,452
9022,452
9023,452
9024,452
9025,452
9026,452
9027,452
9028,452
9029,452
9030,452
9031,452
9032,452
9033,452
9034,452
9035,452
9036,452
9037,452
9038,452
9039,452
9040,452
9041,453
9042,453
9043,453
9044,453
9045,453
9046,453
9047,453
9048,453
9049,453
9050,453
9051,453
9052,453
9053,453
9054,453
9055,453
9056,453
9057,453
9058,453
9059,453
9060,453
9061,454
9062,454
9063,454
9064,454
9065,454
9066,454
9067,454
9068,454
9069,454
9070,454
9071,454
9072,454
9073,454
9074,454
9075,454
9076,454
9077,454
9078,454
9079,454
9080,454
9081,455
9082,455
9083,455
9084,455
9085,455
9086,455
9087,455
9088,455
9089,455
9090,455
9091,455
9092,455
9093,455
9094,455
9095,455
9096,455
9097,455
9098,455
9099,455
9100,455
9101,456
9102,456
9103,456
9104,456
9105,456
9106,456
9107,456
9108,456
9109,456
9110,456
9111,456
9112,456
9113,456
9114,456
9115,456
9116,456
9117,456
9118,456
9119,456
9120,456
9121,457
9122,457
9123,457
9124,457
9125,457
9126,457
9127,457
9128,457
9129,457
9130,457
9131,457
9132,457
9133,457
9134,457
9135,457
9136,457
9137,457
9138,457
9139,457
9140,457
9141,458
9142,458
9143,458
9144,458
9145,458
9146,458
9147,458
9148,458
9149,458
9150,458
9151,458
9152,458
9153,458
9154,458
9155,458
9156,458
9157,458
9158,458
9159,458
9160,458
9161,459
9162,459
9163,459
9164,459
9165,459
9166,459
9167,459
9168,459
9169,459
9170,459
9171,459
9172,459
9173,459
9174,459
9175,459
9176,459
9177,459
9178,459
9179,459
9180,459
9181,460
9182,460
9183,460
9184,460
9185,460
9186,460
9187,460
9188,460
9189,460
9190,460
9191,460
9192,460
9193,460
9194,460
9195,460
9196,460
9197,460
9198,460
9199,460
9200,460
9201,461
9202,461
9203,461
9204,461
9205,461
9206,461
9207,461
9208,461
9209,461
9210,461
9211,461
9212,461
9213,461
9214,461
9215,461
9216,461
9217,461
9218,461
9219,461
9220,461
9221,462
9222,462
9223,462
9224,462
9225,462
9226,462
9227,462
9228,462
9229,462
9230,462
9231,462
9232,462
9233,462
9234,462
9235,462
9236,462
9237,462
9238,462
9239,462
9240,462
9241,463
9242,463
9243,463
9244,463
9245,463
9246,463
9247,463
9248,463
9249,463
9250,463
9251,463
9252,463
9253,463
9254,463
9255,463
9256,463
9257,463
9258,463
9259,463
9260,463
9261,464
9262,464
9263,464
9264,464
9265,464
9266,464
9267,464
9268,464
9269,464
9270,464
9271,464
9272,464
9273,464
9274,464
9275,464
9276,464
9277,464
9278,464
9279,464
9280,464
9281,465
9282,465
9283,465
9284,465
9285,465
9286,465
9287,465
9288,465
9289,465
9290,465
9291,465
9292,465
9293,465
9294,465
9295,465
9296,465
9297,465
9298,465
9299,465
9300,465
9301,466
9302,466
9303,466
9304,466
9305,466
9306,466
9307,466
9308,466
9309,466
9310,466
9311,466
9312,466
9313,466
9314,466
9315,466
9316,466
9317,466
9318,466
9319,466
9320,466
9321,467
9322,467
9323,467
9324,467
9325,467
9326,467
9327,467
9328,467
9329,467
9330,467
9331,467
9332,467
9333,467
9334,467
9335,467
9336,467
9337,467
9338,467
9339,467
9340,467
9341,468
9342,468
9343,468
9344,468
9345,468
9346,468
9347,468
9348,468
9349,468
9350,468
9351,468
9352,468
9353,468
9354,468
9355,468
9356,468
9357,468
9358,468
9359,468
9360,468
9361,469
9362,469
9363,469
9364,469
9365,469
9366,469
9367,469
9368,469
9369,469
9370,469
9371,469
9372,469
9373,469
9374,469
9375,469
9376,469
9377,469
9378,469
9379,469
9380,469
9381,470
9382,470
9383,470
9384,470
9385,470
9386,470
9387,470
9388,470
9389,470
9390,470
9391,470
9392,470
9393,470
9394,470
9395,470
9396,470
9397,470
9398,470
9399,470
9400,470
9401,471
9402,471
9403,471
9404,471
9405,471
9406,471
9407,471
9408,471
9409,471
9410,471
9411,471
9412,471
9413,471
9414,471
9415,471
9416,471
9417,471
9418,471
9419,471
9420,471
9421,472
9422,472
9423,472
9424,472
9425,472
9426,472
9427,472
9428,472
9429,472
9430,472
9431,472
9432,472
9433,472
9434,472
9435,472
9436,472
9437,472
9438,472
9439,472
9440,472
9441,473
9442,473
9443,473
9444,473
9445,473
9446,473
9447,473
9448,473
9449,473
9450,473
9451,473
9452,473
9453,473
9454,473
9455,473
9456,473
9457,473
9458,473
9459,473
9460,473
9461,474
9462,474
9463,474
9464,474
9465,474
9466,474
9467,474
9468,474
9469,474
9470,474
9471,474
9472,474
9473,474
9474,474
9475,474
9476,474
9477,474
9478,474
9479,474
9480,474
9481,475
9482,475
9483,475
9484,475
9485,475
9486,475
9487,475
9488,475
9489,475
9490,475
9491,475
9492,475
9493,475
9494,475
9495,475
9496,475
9497,475
9498,475
9499,475
9500,475
9501,476
9502,476
9503,476
9504,476
9505,476
9506,476
9507,476
9508,476
9509,476
9510,476
9511,476
9512,476
9513,476
9514,476
9515,476
9516,476
9517,476
9518,476
9519,476
9520,476
9521,477
9522,477
9523,477
9524,477
9525,477
9526,477
9527,477
9528,477
9529,477
9530,477
9531,477
9532,477
9533,477
9534,477
9535,477
9536,477
9537,477
9538,477
9539,477
9540,477
9541,478
9542,478
9543,478
9544,478
9545,478
9546,478
9547,478
9548,478
9549,478
9550,478
9551,478
9552,478
9553,478
9554,478
9555,478
9556,478
9557,478
9558,478
9559,478
9560,478
9561,479
9562,479
9563,479
9564,479
9565,479
9566,479
9567,479
9568,479
9569,479
9570,479
9571,479
9572,479
9573,479
9574,479
9575,479
9576,479
9577,479
9578,479
9579,479
9580,479
9581,480
9582,480
9583,480
9584,480
9585,480
9586,480
9587,480
9588,480
9589,480
9590,480
9591,480
9592,480
9593,480
9594,480
9595,480
9596,480
9597,480
9598,480
9599,480
9600,480
9601,481
9602,481
9603,481
9604,481
9605,481
9606,481
9607,481
9608,481
9609,481
9610,481
9611,481
9612,481
9613,481
9614,481
9615,481
9616,481
9617,481
9618,481
9619,481
9620,481
9621,482
9622,482
9623,482
9624,482
9625,482
9626,482
9627,482
9628,482
9629,482
9630,482
9631,482
9632,482
9633,482
9634,482
9635,482
9636,482
9637,482
9638,482
9639,482
9640,482
9641,483
9642,483
9643,483
9644,483
9645,483
9646,483
9647,483
9648,483
9649,483
9650,483
9651,483
9652,483
9653,483
9654,483
9655,483
9656,483
9657,483
9658,483
9659,483
9660,483
9661,484
9662,484
9663,484
9664,484
9665,484
9666,484
9667,484
9668,484
9669,484
9670,484
9671,484
9672,484
9673,484
9674,484
9675,484
9676,484
9677,484
9678,484
9679,484
9680,484
9681,485
9682,485
9683,485
9684,485
9685,485
9686,485
9687,485
9688,485
9689,485
9690,485
9691,485
9692,485
9693,485
9694,485
9695,485
9696,485
9697,485
9698,485
9699,485
9700,485
9701,486
9702,486
9703,486
9704,486
9705,486
9706,486
9707,486
9708,486
9709,486
9710,486
9711,486
9712,486
9713,486
9714,486
9715,486
9716,486
9717,486
9718,486
9719,486
9720,486
9721,487
9722,487
9723,487
9724,487
9725,487
9726,487
9727,487
9728,487
9729,487
9730,487
9731,487
9732,487
9733,487
9734,487
9735,487
9736,487
9737,487
9738,487
9739,487
9740,487
9741,488
9742,488
9743,488
9744,488
9745,488
9746,488
9747,488
9748,488
9749,488
9750,488
9751,488
9752,488
9753,488
9754,488
9755,488
9756,488
9757,488
9758,488
9759,488
9760,488
9761,489
9762,489
9763,489
9764,489
9765,489
9766,489
9767,489
9768,489
9769,489
9770,489
9771,489
9772,489
9773,489
9774,489
9775,489
9776,489
9777,489
9778,489
9779,489
9780,489
9781,490
9782,490
9783,490
9784,490
9785,490
9786,490
9787,490
9788,490
9789,490
9790,490
9791,490
9792,490
9793,490
9794,490
9795,490
9796,490
9797,490
9798,490
9799,490
9800,490
9801,491
9802,491
9803,491
9804,491
9805,491
9806,491
9807,491
9808,491
9809,491
9810,491
9811,491
9812,491
9813,491
9814,491
9815,491
9816,491
9817,491
9818,491
9819,491
9820,491
9821,492
9822,492
9823,492
9824,492
9825,492
9826,492
9827,492
9828,492
9829,492
9830,492
9831,492
9832,492
9833,492
9834,492
9835,492
9836,492
9837,492
9838,492
9839,492
9840,492
9841,493
9842,493
9843,493
9844,493
9845,493
9846,493
9847,493
9848,493
9849,493
9850,493
9851,493
9852,493
9853,493
9854,493
9855,493
9856,493
9857,493
9858,493
9859,493
9860,493
9861,494
9862,494
9863,494
9864,494
9865,494
9866,494
9867,494
9868,494
9869,494
9870,494
9871,494
9872,494
9873,494
9874,494
9875,494
9876,494
9877,494
9878,494
9879,494
9880,494
9881,495
9882,495
9883,495
9884,495
9885,495
9886,495
9887,495
9888,495
9889,495
9890,495
9891,495
9892,495
9893,495
9894,495
9895,495
9896,495
9897,495
9898,495
9899,495
9900,495
9901,496
9902,496
9903,496
9904,496
9905,496
9906,496
9907,496
9908,496
9909,496
9910,496
9911,496
9912,496
9913,496
9914,496
9915,496
9916,496
9917,496
9918,496
9919,496
9920,496
9921,497
9922,497
9923,497
9924,497
9925,497
9926,497
9927,497
9928,497
9929,497
9930,497
9931,497
9932,497
9933,497
9934,497
9935,497
9936,497
9937,497
9938,497
9939,497
9940,497
9941,498
9942,498
9943,498
9944,498
9945,498
9946,498
9947,498
9948,498
9949,498
9950,498
9951,498
9952,498
9953,498
9954,498
9955,498
9956,498
9957,498
9958,498
9959,498
9960,498
9961,499
9962,499
9963,499
9964,499
9965,499
9966,499
9967,499
9968,499
9969,499
9970,499
9971,499
9972,499
9973,499
9974,499
9975,499
9976,499
9977,499
9978,499
9979,499
9980,499
9981,500
9982,500
9983,500
9984,500
9985,500
9986,500
9987,500
9988,500
9989,500
9990,500
9991,500
9992,500
9993,500
9994,500
9995,500
9996,500
9997,500
9998,500
9999,500
10000,500
10001,501
10002,501
10003,501
10004,501
10005,501
10006,501
10007,501
10008,501
10009,501
10010,501
10011,501
10012,501
10013,501
10014,501
10015,501
10016,501
10017,501
10018,501
10019,501
10020,501
10021,502
10022,502
10023,502
10024,502
10025,502
10026,502
10027,502
10028,502
10029,502
10030,502
10031,502
10032,502
10033,502
10034,502
10035,502
10036,502
10037,502
10038,502
10039,502
10040,502
10041,503
10042,503
10043,503
10044,503
10045,503
10046,503
10047,503
10048,503
10049,503
10050,503
10051,503
10052,503
10053,503
10054,503
10055,503
10056,503
10057,503
10058,503
10059,503
10060,503
10061,504
10062,504
10063,504
10064,504
10065,504
10066,504
10067,504
10068,504
10069,504
10070,504
10071,504
10072,504
10073,504
10074,504
10075,504
10076,504
10077,504
10078,504
10079,504
10080,504
10081,505
10082,505
10083,505
10084,505
10085,505
10086,505
10087,505
10088,505
10089,505
10090,505
10091,505
10092,505
10093,505
10094,505
10095,505
10096,505
10097,505
10098,505
10099,505
10100,505
10101,506
10102,506
10103,506
10104,506
10105,506
10106,506
10107,506
10108,506
10109,506
10110,506
10111,506
10112,506
10113,506
10114,506
10115,506
10116,506
10117,506
10118,506
10119,506
10120,506
10121,507
10122,507
10123,507
10124,507
10125,507
10126,507
10127,507
10128,507
10129,507
10130,507
10131,507
10132,507
10133,507
10134,507
10135,507
10136,507
10137,507
10138,507
10139,507
10140,507
10141,508
10142,508
10143,508
10144,508
10145,508
10146,508
10147,508
10148,508
10149,508
10150,508
10151,508
10152,508
10153,508
10154,508
10155,508
10156,508
10157,508
10158,508
10159,508
10160,508
10161,509
10162,509
10163,509
10164,509
10165,509
10166,509
10167,509
10168,509
10169,509
10170,509
10171,509
10172,509
10173,509
10174,509
10175,509
10176,509
10177,509
10178,509
10179,509
10180,509
10181,510
10182,510
10183,510
10184,510
10185,510
10186,510
10187,510
10188,510
10189,510
10190,510
10191,510
10192,510
10193,510
10194,510
10195,510
10196,510
10197,510
10198,510
10199,510
10200,510
10201,511
10202,511
10203,511
10204,511
10205,511
10206,511
10207,511
10208,511
10209,511
10210,511
10211,511
10212,511
10213,511
10214,511
10215,511
10216,511
10217,511
10218,511
10219,511
10220,511
10221,512
10222,512
10223,512
10224,512
10225,512
10226,512
10227,512
10228,512
10229,512
10230,512
10231,512
10232,512
10233,512
10234,512
10235,512
10236,512
10237,512
10238,512
10239,512
10240,512
10241,513
10242,513
10243,513
10244,513
10245,513
10246,513
10247,513
10248,513
10249,513
10250,513
10251,513
10252,513
10253,513
10254,513
10255,513
10256,513
10257,513
10258,513
10259,513
10260,513
10261,514
10262,514
10263,514
10264,514
10265,514
10266,514
10267,514
10268,514
10269,514
10270,514
10271,514
10272,514
10273,514
10274,514
10275,514
10276,514
10277,514
10278,514
10279,514
10280,514
10281,515
10282,515
10283,515
10284,515
10285,515
10286,515
10287,515
10288,515
10289,515
10290,515
10291,515
10292,515
10293,515
10294,515
10295,515
10296,515
10297,515
10298,515
10299,515
10300,515
10301,516
10302,516
10303,516
10304,516
10305,516
10306,516
10307,516
10308,516
10309,516
10310,516
10311,516
10312,516
10313,516
10314,516
10315,516
10316,516
10317,516
10318,516
10319,516
10320,516
10321,517
10322,517
10323,517
10324,517
10325,517
10326,517
10327,517
10328,517
10329,517
10330,517
10331,517
10332,517
10333,517
10334,517
10335,517
10336,517
10337,517
10338,517
10339,517
10340,517
10341,518
10342,518
10343,518
10344,518
10345,518
10346,518
10347,518
10348,518
10349,518
10350,518
10351,518
10352,518
10353,518
10354,518
10355,518
10356,518
10357,518
10358,518
10359,518
10360,518
10361,519
10362,519
10363,519
10364,519
10365,519
10366,519
10367,519
10368,519
10369,519
10370,519
10371,519
10372,519
10373,519
10374,519
10375,519
10376,519
10377,519
10378,519
10379,519
10380,519
10381,520
10382,520
10383,520
10384,520
10385,520
10386,520
10387,520
10388,520
10389,520
10390,520
10391,520
10392,520
10393,520
10394,520
10395,520
10396,520
10397,520
10398,520
10399,520
10400,520
10401,521
10402,521
10403,521
10404,521
10405,521
10406,521
10407,521
10408,521
10409,521
10410,521
10411,521
10412,521
10413,521
10414,521
10415,521
10416,521
10417,521
10418,521
10419,521
10420,521
10421,522
10422,522
10423,522
10424,522
10425,522
10426,522
10427,522
10428,522
10429,522
10430,522
10431,522
10432,522
10433,522
10434,522
10435,522
10436,522
10437,522
10438,522
10439,522
10440,522
10441,523
10442,523
10443,523
10444,523
10445,523
10446,523
10447,523
10448,523
10449,523
10450,523
10451,523
10452,523
10453,523
10454,523
10455,523
10456,523
10457,523
10458,523
10459,523
10460,523
10461,524
10462,524
10463,524
10464,524
10465,524
10466,524
10467,524
10468,524
10469,524
10470,524
10471,524
10472,524
10473,524
10474,524
10475,524
10476,524
10477,524
10478,524
10479,524
10480,524
10481,525
10482,525
10483,525
10484,525
10485,525
10486,525
10487,525
10488,525
10489,525
10490,525
10491,525
10492,525
10493,525
10494,525
10495,525
10496,525
10497,525
10498,525
10499,525
10500,525
10501,526
10502,526
10503,526
10504,526
10505,526
10506,526
10507,526
10508,526
10509,526
10510,526
10511,526
10512,526
10513,526
10514,526
10515,526
10516,526
10517,526
10518,526
10519,526
10520,526
10521,527
10522,527
10523,527
10524,527
10525,527
10526,527
10527,527
10528,527
10529,527
10530,527
10531,527
10532,527
10533,527
10534,527
10535,527
10536,527
10537,527
10538,527
10539,527
10540,527
10541,528
10542,528
10543,528
10544,528
10545,528
10546,528
10547,528
10548,528
10549,528
10550,528
10551,528
10552,528
10553,528
10554,528
10555,528
10556,528
10557,528
10558,528
10559,528
10560,528
10561,529
10562,529
10563,529
10564,529
10565,529
10566,529
10567,529
10568,529
10569,529
10570,529
10571,529
10572,529
10573,529
10574,529
10575,529
10576,529
10577,529
10578,529
10579,529
10580,529
10581,530
10582,530
10583,530
10584,530
10585,530
10586,530
10587,530
10588,530
10589,530
10590,530
10591,530
10592,530
10593,530
10594,530
10595,530
10596,530
10597,530
10598,530
10599,530
10600,530
10601,531
10602,531
10603,531
10604,531
10605,531
10606,531
10607,531
10608,531
10609,531
10610,531
10611,531
10612,531
10613,531
10614,531
10615,531
10616,531
10617,531
10618,531
10619,531
10620,531
10621,532
10622,532
10623,532
10624,532
10625,532
10626,532
10627,532
10628,532
10629,532
10630,532
10631,532
10632,532
10633,532
10634,532
10635,532
10636,532
10637,532
10638,532
10639,532
10640,532
10641,533
10642,533
10643,533
10644,533
10645,533
10646,533
10647,533
10648,533
10649,533
10650,533
10651,533
10652,533
10653,533
10654,533
10655,533
10656,533
10657,533
10658,533
10659,533
10660,533
10661,534
10662,534
10663,534
10664,534
10665,534
10666,534
10667,534
10668,534
10669,534
10670,534
10671,534
10672,534
10673,534
10674,534
10675,534
10676,534
10677,534
10678,534
10679,534
10680,534
10681,535
10682,535
10683,535
10684,535
10685,535
10686,535
10687,535
10688,535
10689,535
10690,535
10691,535
10692,535
10693,535
10694,535
10695,535
10696,535
10697,535
10698,535
10699,535
10700,535
10701,536
10702,536
10703,536
10704,536
10705,536
10706,536
10707,536
10708,536
10709,536
10710,536
10711,536
10712,536
10713,536
10714,536
10715,536
10716,536
10717,536
10718,536
10719,536
10720,536
10721,537
10722,537
10723,537
10724,537
10725,537
10726,537
10727,537
10728,537
10729,537
10730,537
10731,537
10732,537
10733,537
10734,537
10735,537
10736,537
10737,537
10738,537
10739,537
10740,537
10741,538
10742,538
10743,538
10744,538
10745,538
10746,538
10747,538
10748,538
10749,538
10750,538
10751,538
10752,538
10753,538
10754,538
10755,538
10756,538
10757,538
10758,538
10759,538
10760,538
10761,539
10762,539
10763,539
10764,539
10765,539
10766,539
10767,539
10768,539
10769,539
10770,539
10771,539
10772,539
10773,539
10774,539
10775,539
10776,539
10777,539
10778,539
10779,539
10780,539
10781,540
10782,540
10783,540
10784,540
10785,540
10786,540
10787,540
10788,540
10789,540
10790,540
10791,540
10792,540
10793,540
10794,540
10795,540
10796,540
10797,540
10798,540
10799,540
10800,540
10801,541
10802,541
10803,541
10804,541
10805,541
10806,541
10807,541
10808,541
10809,541
10810,541
10811,541
10812,541
10813,541
10814,541
10815,541
10816,541
10817,541
10818,541
10819,541
10820,541
10821,542
10822,542
10823,542
10824,542
10825,542
10826,542
10827,542
10828,542
10829,542
10830,542
10831,542
10832,542
10833,542
10834,542
10835,542
10836,542
10837,542
10838,542
10839,542
10840,542
10841,543
10842,543
10843,543
10844,543
10845,543
10846,543
10847,543
10848,543
10849,543
10850,543
10851,543
10852,543
10853,543
10854,543
10855,543
10856,543
10857,543
10858,543
10859,543
10860,543
10861,544
10862,544
10863,544
10864,544
10865,544
10866,544
10867,544
10868,544
10869,544
10870,544
10871,544
10872,544
10873,544
10874,544
10875,544
10876,544
10877,544
10878,544
10879,544
10880,544
10881,545
10882,545
10883,545
10884,545
10885,545
10886,545
10887,545
10888,545
10889,545
10890,545
10891,545
10892,545
10893,545
10894,545
10895,545
10896,545
10897,545
10898,545
10899,545
10900,545
10901,546
10902,546
10903,546
10904,546
10905,546
10906,546
10907,546
10908,546
10909,546
10910,546
10911,546
10912,546
10913,546
10914,546
10915,546
10916,546
10917,546
10918,546
10919,546
10920,546
10921,547
10922,547
10923,547
10924,547
10925,547
10926,547
10927,547
10928,547
10929,547
10930,547
10931,547
10932,547
10933,547
10934,547
10935,547
10936,547
10937,547
10938,547
10939,547
10940,547
10941,548
10942,548
10943,548
10944,548
10945,548
10946,548
10947,548
10948,548
10949,548
10950,548
10951,548
10952,548
10953,548
10954,548
10955,548
10956,548
10957,548
10958,548
10959,548
10960,548
10961,549
10962,549
10963,549
10964,549
10965,549
10966,549
10967,549
10968,549
10969,549
10970,549
10971,549
10972,549
10973,549
10974,549
10975,549
10976,549
10977,549
10978,549
10979,549
10980,549
10981,550
10982,550
10983,550
10984,550
10985,550
10986,550
10987,550
10988,550
10989,550
10990,550
10991,550
10992,550
10993,550
10994,550
10995,550
10996,550
10997,550
10998,550
10999,550
11000,550
11001,551
11002,551
11003,551
11004,551
11005,551
11006,551
11007,551
11008,551
11009,551
11010,551
11011,551
11012,551
11013,551
11014,551
11015,551
11016,551
11017,551
11018,551
11019,551
11020,551
11021,552
11022,552
11023,552
11024,552
11025,552
11026,552
11027,552
11028,552
11029,552
11030,552
11031,552
11032,552
11033,552
11034,552
11035,552
11036,552
11037,552
11038,552
11039,552
11040,552
11041,553
11042,553
11043,553
11044,553
11045,553
11046,553
11047,553
11048,553
11049,553
11050,553
11051,553
11052,553
11053,553
11054,553
11055,553
11056,553
11057,553
11058,553
11059,553
11060,553
11061,554
11062,554
11063,554
11064,554
11065,554
11066,554
11067,554
11068,554
11069,554
11070,554
11071,554
11072,554
11073,554
11074,554
11075,554
11076,554
11077,554
11078,554
11079,554
11080,554
11081,555
11082,555
11083,555
11084,555
11085,555
11086,555
11087,555
11088,555
11089,555
11090,555
11091,555
11092,555
11093,555
11094,555
11095,555
11096,555
11097,555
11098,555
11099,555
11100,555
11101,556
11102,556
11103,556
11104,556
11105,556
11106,556
11107,556
11108,556
11109,556
11110,556
11111,556
11112,556
11113,556
11114,556
11115,556
11116,556
11117,556
11118,556
11119,556
11120,556
11121,557
11122,557
11123,557
11124,557
11125,557
11126,557
11127,557
11128,557
11129,557
11130,557
11131,557
11132,557
11133,557
11134,557
11135,557
11136,557
11137,557
11138,557
11139,557
11140,557
11141,558
11142,558
11143,558
11144,558
11145,558
11146,558
11147,558
11148,558
11149,558
11150,558
11151,558
11152,558
11153,558
11154,558
11155,558
11156,558
11157,558
11158,558
11159,558
11160,558
11161,559
11162,559
11163,559
11164,559
11165,559
11166,559
11167,559
11168,559
11169,559
11170,559
11171,559
11172,559
11173,559
11174,559
11175,559
11176,559
11177,559
11178,559
11179,559
11180,559
11181,560
11182,560
11183,560
11184,560
11185,560
11186,560
11187,560
11188,560
11189,560
11190,560
11191,560
11192,560
11193,560
11194,560
11195,560
11196,560
11197,560
11198,560
11199,560
11200,560
11201,561
11202,561
11203,561
11204,561
11205,561
11206,561
11207,561
11208,561
11209,561
11210,561
11211,561
11212,561
11213,561
11214,561
11215,561
11216,561
11217,561
11218,561
11219,561
11220,561
11221,562
11222,562
11223,562
11224,562
11225,562
11226,562
11227,562
11228,562
11229,562
11230,562
11231,562
11232,562
11233,562
11234,562
11235,562
11236,562
11237,562
11238,562
11239,562
11240,562
11241,563
11242,563
11243,563
11244,563
11245,563
11246,563
11247,563
11248,563
11249,563
11250,563
11251,563
11252,563
11253,563
11254,563
11255,563
11256,563
11257,563
11258,563
11259,563
11260,563
11261,564
11262,564
11263,564
11264,564
11265,564
11266,564
11267,564
11268,564
11269,564
11270,564
11271,564
11272,564
11273,564
11274,564
11275,564
11276,564
11277,564
11278,564
11279,564
11280,564
11281,565
11282,565
11283,565
11284,565
11285,565
11286,565
11287,565
11288,565
11289,565
11290,565
11291,565
11292,565
11293,565
11294,565
11295,565
11296,565
11297,565
11298,565
11299,565
11300,565
11301,566
11302,566
11303,566
11304,566
11305,566
11306,566
11307,566
11308,566
11309,566
11310,566
11311,566
11312,566
11313,566
11314,566
11315,566
11316,566
11317,566
11318,566
11319,566
11320,566
11321,567
11322,567
11323,567
11324,567
11325,567
11326,567
11327,567
11328,567
11329,567
11330,567
11331,567
11332,567
11333,567
11334,567
11335,567
11336,567
11337,567
11338,567
11339,567
11340,567
11341,568
11342,568
11343,568
11344,568
11345,568
11346,568
11347,568
11348,568
11349,568
11350,568
11351,568
11352,568
11353,568
11354,568
11355,568
11356,568
11357,568
11358,568
11359,568
11360,568
11361,569
11362,569
11363,569
11364,569
11365,569
11366,569
11367,569
11368,569
11369,569
11370,569
11371,569
11372,569
11373,569
11374,569
11375,569
11376,569
11377,569
11378,569
11379,569
11380,569
11381,570
11382,570
11383,570
11384,570
11385,570
11386,570
11387,570
11388,570
11389,570
11390,570
11391,570
11392,570
11393,570
11394,570
11395,570
11396,570
11397,570
11398,570
11399,570
11400,570
11401,571
11402,571
11403,571
11404,571
11405,571
11406,571
11407,571
11408,571
11409,571
11410,571
11411,571
11412,571
11413,571
11414,571
11415,571
11416,571
11417,571
11418,571
11419,571
11420,571
11421,572
11422,572
11423,572
11424,572
11425,572
11426,572
11427,572
11428,572
11429,572
11430,572
11431,572
11432,572
11433,572
11434,572
11435,572
11436,572
11437,572
11438,572
11439,572
11440,572
11441,573
11442,573
11443,573
11444,573
11445,573
11446,573
11447,573
11448,573
11449,573
11450,573
11451,573
11452,573
11453,573
11454,573
11455,573
11456,573
11457,573
11458,573
11459,573
11460,573
11461,574
11462,574
11463,574
11464,574
11465,574
11466,574
11467,574
11468,574
11469,574
11470,574
11471,574
11472,574
11473,574
11474,574
11475,574
11476,574
11477,574
11478,574
11479,574
11480,574
11481,575
11482,575
11483,575
11484,575
11485,575
11486,575
11487,575
11488,575
11489,575
11490,575
11491,575
11492,575
11493,575
11494,575
11495,575
11496,575
11497,575
11498,575
11499,575
11500,575
11501,576
11502,576
11503,576
11504,576
11505,576
11506,576
11507,576
11508,576
11509,576
11510,576
11511,576
11512,576
11513,576
11514,576
11515,576
11516,576
11517,576
11518,576
11519,576
11520,576
11521,577
11522,577
11523,577
11524,577
11525,577
11526,577
11527,577
11528,577
11529,577
11530,577
11531,577
11532,577
11533,577
11534,577
11535,577
11536,577
11537,577
11538,577
11539,577
11540,577
11541,578
11542,578
11543,578
11544,578
11545,578
11546,578
11547,578
11548,578
11549,578
11550,578
11551,578
11552,578
11553,578
11554,578
11555,578
11556,578
11557,578
11558,578
11559,578
11560,578
11561,579
11562,579
11563,579
11564,579
11565,579
11566,579
11567,579
11568,579
11569,579
11570,579
11571,579
11572,579
11573,579
11574,579
11575,579
11576,579
11577,579
11578,579
11579,579
11580,579
11581,580
11582,580
11583,580
11584,580
11585,580
11586,580
11587,580
11588,580
11589,580
11590,580
11591,580
11592,580
11593,580
11594,580
11595,580
11596,580
11597,580
11598,580
11599,580
11600,580
11601,581
11602,581
11603,581
11604,581
11605,581
11606,581
11607,581
11608,581
11609,581
11610,581
11611,581
11612,581
11613,581
11614,581
11615,581
11616,581
11617,581
11618,581
11619,581
11620,581
11621,582
11622,582
11623,582
11624,582
11625,582
11626,582
11627,582
11628,582
11629,582
11630,582
11631,582
11632,582
11633,582
11634,582
11635,582
11636,582
11637,582
11638,582
11639,582
11640,582
11641,583
11642,583
11643,583
11644,583
11645,583
11646,583
11647,583
11648,583
11649,583
11650,583
11651,583
11652,583
11653,583
11654,583
11655,583
11656,583
11657,583
11658,583
11659,583
11660,583
11661,584
11662,584
11663,584
11664,584
11665,584
11666,584
11667,584
11668,584
11669,584
11670,584
11671,584
11672,584
11673,584
11674,584
11675,584
11676,584
11677,584
11678,584
11679,584
11680,584
11681,585
11682,585
11683,585
11684,585
11685,585
11686,585
11687,585
11688,585
11689,585
11690,585
11691,585
11692,585
11693,585
11694,585
11695,585
11696,585
11697,585
11698,585
11699,585
11700,585
11701,586
11702,586
11703,586
11704,586
11705,586
11706,586
11707,586
11708,586
11709,586
11710,586
11711,586
11712,586
11713,586
11714,586
11715,586
11716,586
11717,586
11718,586
11719,586
11720,586
11721,587
11722,587
11723,587
11724,587
11725,587
11726,587
11727,587
11728,587
11729,587
11730,587
11731,587
11732,587
11733,587
11734,587
11735,587
11736,587
11737,587
11738,587
11739,587
11740,587
11741,588
11742,588
11743,588
11744,588
11745,588
11746,588
11747,588
11748,588
11749,588
11750,588
11751,588
11752,588
11753,588
11754,588
11755,588
11756,588
11757,588
11758,588
11759,588
11760,588
11761,589
11762,589
11763,589
11764,589
11765,589
11766,589
11767,589
11768,589
11769,589
11770,589
11771,589
11772,589
11773,589
11774,589
11775,589
11776,589
11777,589
11778,589
11779,589
11780,589
11781,590
11782,590
11783,590
11784,590
11785,590
11786,590
11787,590
11788,590
11789,590
11790,590
11791,590
11792,590
11793,590
11794,590
11795,590
11796,590
11797,590
11798,590
11799,590
11800,590
11801,591
11802,591
11803,591
11804,591
11805,591
11806,591
11807,591
11808,591
11809,591
11810,591
11811,591
11812,591
11813,591
11814,591
11815,591
11816,591
11817,591
11818,591
11819,591
11820,591
11821,592
11822,592
11823,592
11824,592
11825,592
11826,592
11827,592
11828,592
11829,592
11830,592
11831,592
11832,592
11833,592
11834,592
11835,592
11836,592
11837,592
11838,592
11839,592
11840,592
11841,593
11842,593
11843,593
11844,593
11845,593
11846,593
11847,593
11848,593
11849,593
11850,593
11851,593
11852,593
11853,593
11854,593
11855,593
11856,593
11857,593
11858,593
11859,593
11860,593
11861,594
11862,594
11863,594
11864,594
11865,594
11866,594
11867,594
11868,594
11869,594
11870,594
11871,594
11872,594
11873,594
11874,594
11875,594
11876,594
11877,594
11878,594
11879,594
11880,594
11881,595
11882,595
11883,595
11884,595
11885,595
11886,595
11887,595
11888,595
11889,595
11890,595
11891,595
11892,595
11893,595
11894,595
11895,595
11896,595
11897,595
11898,595
11899,595
11900,595
11901,596
11902,596
11903,596
11904,596
11905,596
11906,596
11907,596
11908,596
11909,596
11910,596
11911,596
11912,596
11913,596
11914,596
11915,596
11916,596
11917,596
11918,596
11919,596
11920,596
11921,597
11922,597
11923,597
11924,597
11925,597
11926,597
11927,597
11928,597
11929,597
11930,597
11931,597
11932,597
11933,597
11934,597
11935,597
11936,597
11937,597
11938,597
11939,597
11940,597
11941,598
11942,598
11943,598
11944,598
11945,598
11946,598
11947,598
11948,598
11949,598
11950,598
11951,598
11952,598
11953,598
11954,598
11955,598
11956,598
11957,598
11958,598
11959,598
11960,598
11961,599
11962,599
11963,599
11964,599
11965,599
11966,599
11967,599
11968,599
11969,599
11970,599
11971,599
11972,599
11973,599
11974,599
11975,599
11976,599
11977,599
11978,599
11979,599
11980,599
11981,600
11982,600
11983,600
11984,600
11985,600
11986,600
11987,600
11988,600
11989,600
11990,600
11991,600
11992,600
11993,600
11994,600
11995,600
11996,600
11997,600
11998,600
11999,600
12000,600
12001,601
12002,601
12003,601
12004,601
12005,601
12006,601
12007,601
12008,601
12009,601
12010,601
12011,601
12012,601
12013,601
12014,601
12015,601
12016,601
12017,601
12018,601
12019,601
12020,601
12021,602
12022,602
12023,602
12024,602
12025,602
12026,602
12027,602
12028,602
12029,602
12030,602
12031,602
12032,602
12033,602
12034,602
12035,602
12036,602
12037,602
12038,602
12039,602
12040,602
12041,603
12042,603
12043,603
12044,603
12045,603
12046,603
12047,603
12048,603
12049,603
12050,603
12051,603
12052,603
12053,603
12054,603
12055,603
12056,603
12057,603
12058,603
12059,603
12060,603
12061,604
12062,604
12063,604
12064,604
12065,604
12066,604
12067,604
12068,604
12069,604
12070,604
12071,604
12072,604
12073,604
12074,604
12075,604
12076,604
12077,604
12078,604
12079,604
12080,604
12081,605
12082,605
12083,605
12084,605
12085,605
12086,605
12087,605
12088,605
12089,605
12090,605
12091,605
12092,605
12093,605
12094,605
12095,605
12096,605
12097,605
12098,605
12099,605
12100,605
12101,606
12102,606
12103,606
12104,606
12105,606
12106,606
12107,606
12108,606
12109,606
12110,606
12111,606
12112,606
12113,606
12114,606
12115,606
12116,606
12117,606
12118,606
12119,606
12120,606
12121,607
12122,607
12123,607
12124,607
12125,607
12126,607
12127,607
12128,607
12129,607
12130,607
12131,607
12132,607
12133,607
12134,607
12135,607
12136,607
12137,607
12138,607
12139,607
12140,607
12141,608
12142,608
12143,608
12144,608
12145,608
12146,608
12147,608
12148,608
12149,608
12150,608
12151,608
12152,608
12153,608
12154,608
12155,608
12156,608
12157,608
12158,608
12159,608
12160,608
12161,609
12162,609
12163,609
12164,609
12165,609
12166,609
12167,609
12168,609
12169,609
12170,609
12171,609
12172,609
12173,609
12174,609
12175,609
12176,609
12177,609
12178,609
12179,609
12180,609
12181,610
12182,610
12183,610
12184,610
12185,610
12186,610
12187,610
12188,610
12189,610
12190,610
12191,610
12192,610
12193,610
12194,610
12195,610
12196,610
12197,610
12198,610
12199,610
12200,610
12201,611
12202,611
12203,611
12204,611
12205,611
12206,611
12207,611
12208,611
12209,611
12210,611
12211,611
12212,611
12213,611
12214,611
12215,611
12216,611
12217,611
12218,611
12219,611
12220,611
12221,612
12222,612
12223,612
12224,612
12225,612
12226,612
12227,612
12228,612
12229,612
12230,612
12231,612
12232,612
12233,612
12234,612
12235,612
12236,612
12237,612
12238,612
12239,612
12240,612
12241,613
12242,613
12243,613
12244,613
12245,613
12246,613
12247,613
12248,613
12249,613
12250,613
12251,613
12252,613
12253,613
12254,613
12255,613
12256,613
12257,613
12258,613
12259,613
12260,613
12261,614
12262,614
12263,614
12264,614
12265,614
12266,614
12267,614
12268,614
12269,614
12270,614
12271,614
12272,614
12273,614
12274,614
12275,614
12276,614
12277,614
12278,614
12279,614
12280,614
12281,615
12282,615
12283,615
12284,615
12285,615
12286,615
12287,615
12288,615
12289,615
12290,615
12291,615
12292,615
12293,615
12294,615
12295,615
12296,615
12297,615
12298,615
12299,615
12300,615
12301,616
12302,616
12303,616
12304,616
12305,616
12306,616
12307,616
12308,616
12309,616
12310,616
12311,616
12312,616
12313,616
12314,616
12315,616
12316,616
12317,616
12318,616
12319,616
12320,616
12321,617
12322,617
12323,617
12324,617
12325,617
12326,617
12327,617
12328,617
12329,617
12330,617
12331,617
12332,617
12333,617
12334,617
12335,617
12336,617
12337,617
12338,617
12339,617
12340,617
12341,618
12342,618
12343,618
12344,618
12345,618
12346,618
12347,618
12348,618
12349,618
12350,618
12351,618
12352,618
12353,618
12354,618
12355,618
12356,618
12357,618
12358,618
12359,618
12360,618
12361,619
12362,619
12363,619
12364,619
12365,619
12366,619
12367,619
12368,619
12369,619
12370,619
12371,619
12372,619
12373,619
12374,619
12375,619
12376,619
12377,619
12378,619
12379,619
12380,619
12381,620
12382,620
12383,620
12384,620
12385,620
12386,620
12387,620
12388,620
12389,620
12390,620
12391,620
12392,620
12393,620
12394,620
12395,620
12396,620
12397,620
12398,620
12399,620
12400,620
12401,621
12402,621
12403,621
12404,621
12405,621
12406,621
12407,621
12408,621
12409,621
12410,621
12411,621
12412,621
12413,621
12414,621
12415,621
12416,621
12417,621
12418,621
12419,621
12420,621
12421,622
12422,622
12423,622
12424,622
12425,622
12426,622
12427,622
12428,622
12429,622
12430,622
12431,622
12432,622
12433,622
12434,622
12435,622
12436,622
12437,622
12438,622
12439,622
12440,622
12441,623
12442,623
12443,623
12444,623
12445,623
12446,623
12447,623
12448,623
12449,623
12450,623
12451,623
12452,623
12453,623
12454,623
12455,623
12456,623
12457,623
12458,623
12459,623
12460,623
12461,624
12462,624
12463,624
12464,624
12465,624
12466,624
12467,624
12468,624
12469,624
12470,624
12471,624
12472,624
12473,624
12474,624
12475,624
12476,624
12477,624
12478,624
12479,624
12480,624
12481,625
12482,625
12483,625
12484,625
12485,625
12486,625
12487,625
12488,625
12489,625
12490,625
12491,625
12492,625
12493,625
12494,625
12495,625
12496,625
12497,625
12498,625
12499,625
12500,625
12501,626
12502,626
12503,626
12504,626
12505,626
12506,626
12507,626
12508,626
12509,626
12510,626
12511,626
12512,626
12513,626
12514,626
12515,626
12516,626
12517,626
12518,626
12519,626
12520,626
12521,627
12522,627
12523,627
12524,627
12525,627
12526,627
12527,627
12528,627
12529,627
12530,627
12531,627
12532,627
12533,627
12534,627
12535,627
12536,627
12537,627
12538,627
12539,627
12540,627
12541,628
12542,628
12543,628
12544,628
12545,628
12546,628
12547,628
12548,628
12549,628
12550,628
12551,628
12552,628
12553,628
12554,628
12555,628
12556,628
12557,628
12558,628
12559,628
12560,628
12561,629
12562,629
12563,629
12564,629
12565,629
12566,629
12567,629
12568,629
12569,629
12570,629
12571,629
12572,629
12573,629
12574,629
12575,629
12576,629
12577,629
12578,629
12579,629
12580,629
12581,630
12582,630
12583,630
12584,630
12585,630
12586,630
12587,630
12588,630
12589,630
12590,630
12591,630
12592,630
12593,630
12594,630
12595,630
12596,630
12597,630
12598,630
12599,630
12600,630
12601,631
12602,631
12603,631
12604,631
12605,631
12606,631
12607,631
12608,631
12609,631
12610,631
12611,631
12612,631
12613,631
12614,631
12615,631
12616,631
12617,631
12618,631
12619,631
12620,631
12621,632
12622,632
12623,632
12624,632
12625,632
12626,632
12627,632
12628,632
12629,632
12630,632
12631,632
12632,632
12633,632
12634,632
12635,632
12636,632
12637,632
12638,632
12639,632
12640,632
12641,633
12642,633
12643,633
12644,633
12645,633
12646,633
12647,633
12648,633
12649,633
12650,633
12651,633
12652,633
12653,633
12654,633
12655,633
12656,633
12657,633
12658,633
12659,633
12660,633
12661,634
12662,634
12663,634
12664,634
12665,634
12666,634
12667,634
12668,634
12669,634
12670,634
12671,634
12672,634
12673,634
12674,634
12675,634
12676,634
12677,634
12678,634
12679,634
12680,634
12681,635
12682,635
12683,635
12684,635
12685,635
12686,635
12687,635
12688,635
12689,635
12690,635
12691,635
12692,635
12693,635
12694,635
12695,635
12696,635
12697,635
12698,635
12699,635
12700,635
12701,636
12702,636
12703,636
12704,636
12705,636
12706,636
12707,636
12708,636
12709,636
12710,636
12711,636
12712,636
12713,636
12714,636
12715,636
12716,636
12717,636
12718,636
12719,636
12720,636
12721,637
12722,637
12723,637
12724,637
12725,637
12726,637
12727,637
12728,637
12729,637
12730,637
12731,637
12732,637
12733,637
12734,637
12735,637
12736,637
12737,637
12738,637
12739,637
12740,637
12741,638
12742,638
12743,638
12744,638
12745,638
12746,638
12747,638
12748,638
12749,638
12750,638
12751,638
12752,638
12753,638
12754,638
12755,638
12756,638
12757,638
12758,638
12759,638
12760,638
12761,639
12762,639
12763,639
12764,639
12765,639
12766,639
12767,639
12768,639
12769,639
12770,639
12771,639
12772,639
12773,639
12774,639
12775,639
12776,639
12777,639
12778,639
12779,639
12780,639
12781,640
12782,640
12783,640
12784,640
12785,640
12786,640
12787,640
12788,640
12789,640
12790,640
12791,640
12792,640
12793,640
12794,640
12795,640
12796,640
12797,640
12798,640
12799,640
12800,640
12801,641
12802,641
12803,641
12804,641
12805,641
12806,641
12807,641
12808,641
12809,641
12810,641
12811,641
12812,641
12813,641
12814,641
12815,641
12816,641
12817,641
12818,641
12819,641
12820,641
12821,642
12822,642
12823,642
12824,642
12825,642
12826,642
12827,642
12828,642
12829,642
12830,642
12831,642
12832,642
12833,642
12834,642
12835,642
12836,642
12837,642
12838,642
12839,642
12840,642
12841,643
12842,643
12843,643
12844,643
12845,643
12846,643
12847,643
12848,643
12849,643
12850,643
12851,643
12852,643
12853,643
12854,643
12855,643
12856,643
12857,643
12858,643
12859,643
12860,643
12861,644
12862,644
12863,644
12864,644
12865,644
12866,644
12867,644
12868,644
12869,644
12870,644
12871,644
12872,644
12873,644
12874,644
12875,644
12876,644
12877,644
12878,644
12879,644
12880,644
12881,645
12882,645
12883,645
12884,645
12885,645
12886,645
12887,645
12888,645
12889,645
12890,645
12891,645
12892,645
12893,645
12894,645
12895,645
12896,645
12897,645
12898,645
12899,645
12900,645
12901,646
12902,646
12903,646
12904,646
12905,646
12906,646
12907,646
12908,646
12909,646
12910,646
12911,646
12912,646
12913,646
12914,646
12915,646
12916,646
12917,646
12918,646
12919,646
12920,646
12921,647
12922,647
12923,647
12924,647
12925,647
12926,647
12927,647
12928,647
12929,647
12930,647
12931,647
12932,647
12933,647
12934,647
12935,647
12936,647
12937,647
12938,647
12939,647
12940,647
12941,648
12942,648
12943,648
12944,648
12945,648
12946,648
12947,648
12948,648
12949,648
12950,648
12951,648
12952,648
12953,648
12954,648
12955,648
12956,648
12957,648
12958,648
12959,648
12960,648
12961,649
12962,649
12963,649
12964,649
12965,649
12966,649
12967,649
12968,649
12969,649
12970,649
12971,649
12972,649
12973,649
12974,649
12975,649
12976,649
12977,649
12978,649
12979,649
12980,649
12981,650
12982,650
12983,650
12984,650
12985,650
12986,650
12987,650
12988,650
12989,650
12990,650
12991,650
12992,650
12993,650
12994,650
12995,650
12996,650
12997,650
12998,650
12999,650
13000,650
13001,651
13002,651
13003,651
13004,651
13005,651
13006,651
13007,651
13008,651
13009,651
13010,651
13011,651
13012,651
13013,651
13014,651
13015,651
13016,651
13017,651
13018,651
13019,651
13020,651
13021,652
13022,652
13023,652
13024,652
13025,652
13026,652
13027,652
13028,652
13029,652
13030,652
13031,652
13032,652
13033,652
13034,652
13035,652
13036,652
13037,652
13038,652
13039,652
13040,652
13041,653
13042,653
13043,653
13044,653
13045,653
13046,653
13047,653
13048,653
13049,653
13050,653
13051,653
13052,653
13053,653
13054,653
13055,653
13056,653
13057,653
13058,653
13059,653
13060,653
13061,654
13062,654
13063,654
13064,654
13065,654
13066,654
13067,654
13068,654
13069,654
13070,654
13071,654
13072,654
13073,654
13074,654
13075,654
13076,654
13077,654
13078,654
13079,654
13080,654
13081,655
13082,655
13083,655
13084,655
13085,655
13086,655
13087,655
13088,655
13089,655
13090,655
13091,655
13092,655
13093,655
13094,655
13095,655
13096,655
13097,655
13098,655
13099,655
13100,655
13101,656
13102,656
13103,656
13104,656
13105,656
13106,656
13107,656
13108,656
13109,656
13110,656
13111,656
13112,656
13113,656
13114,656
13115,656
13116,656
13117,656
13118,656
13119,656
13120,656
13121,657
13122,657
13123,657
13124,657
13125,657
13126,657
13127,657
13128,657
13129,657
13130,657
13131,657
13132,657
13133,657
13134,657
13135,657
13136,657
13137,657
13138,657
13139,657
13140,657
13141,658
13142,658
13143,658
13144,658
13145,658
13146,658
13147,658
13148,658
13149,658
13150,658
13151,658
13152,658
13153,658
13154,658
13155,658
13156,658
13157,658
13158,658
13159,658
13160,658
13161,659
13162,659
13163,659
13164,659
13165,659
13166,659
13167,659
13168,659
13169,659
13170,659
13171,659
13172,659
13173,659
13174,659
13175,659
13176,659
13177,659
13178,659
13179,659
13180,659
13181,660
13182,660
13183,660
13184,660
13185,660
13186,660
13187,660
13188,660
13189,660
13190,660
13191,660
13192,660
13193,660
13194,660
13195,660
13196,660
13197,660
13198,660
13199,660
13200,660
13201,661
13202,661
13203,661
13204,661
13205,661
13206,661
13207,661
13208,661
13209,661
13210,661
13211,661
13212,661
13213,661
13214,661
13215,661
13216,661
13217,661
13218,661
13219,661
13220,661
13221,662
13222,662
13223,662
13224,662
13225,662
13226,662
13227,662
13228,662
13229,662
13230,662
13231,662
13232,662
13233,662
13234,662
13235,662
13236,662
13237,662
13238,662
13239,662
13240,662
13241,663
13242,663
13243,663
13244,663
13245,663
13246,663
13247,663
13248,663
13249,663
13250,663
13251,663
13252,663
13253,663
13254,663
13255,663
13256,663
13257,663
13258,663
13259,663
13260,663
13261,664
13262,664
13263,664
13264,664
13265,664
13266,664
13267,664
13268,664
13269,664
13270,664
13271,664
13272,664
13273,664
13274,664
13275,664
13276,664
13277,664
13278,664
13279,664
13280,664
13281,665
13282,665
13283,665
13284,665
13285,665
13286,665
13287,665
13288,665
13289,665
13290,665
13291,665
13292,665
13293,665
13294,665
13295,665
13296,665
13297,665
13298,665
13299,665
13300,665
13301,666
13302,666
13303,666
13304,666
13305,666
13306,666
13307,666
13308,666
13309,666
13310,666
13311,666
13312,666
13313,666
13314,666
13315,666
13316,666
13317,666
13318,666
13319,666
13320,666
13321,667
13322,667
13323,667
13324,667
13325,667
13326,667
13327,667
13328,667
13329,667
13330,667
13331,667
13332,667
13333,667
13334,667
13335,667
13336,667
13337,667
13338,667
13339,667
13340,667
13341,668
13342,668
13343,668
13344,668
13345,668
13346,668
13347,668
13348,668
13349,668
13350,668
13351,668
13352,668
13353,668
13354,668
13355,668
13356,668
13357,668
13358,668
13359,668
13360,668
13361,669
13362,669
13363,669
13364,669
13365,669
13366,669
13367,669
13368,669
13369,669
13370,669
13371,669
13372,669
13373,669
13374,669
13375,669
13376,669
13377,669
13378,669
13379,669
13380,669
13381,670
13382,670
13383,670
13384,670
13385,670
13386,670
13387,670
13388,670
13389,670
13390,670
13391,670
13392,670
13393,670
13394,670
13395,670
13396,670
13397,670
13398,670
13399,670
13400,670
13401,671
13402,671
13403,671
13404,671
13405,671
13406,671
13407,671
13408,671
13409,671
13410,671
13411,671
13412,671
13413,671
13414,671
13415,671
13416,671
13417,671
13418,671
13419,671
13420,671
13421,672
13422,672
13423,672
13424,672
13425,672
13426,672
13427,672
13428,672
13429,672
13430,672
13431,672
13432,672
13433,672
13434,672
13435,672
13436,672
13437,672
13438,672
13439,672
13440,672
13441,673
13442,673
13443,673
13444,673
13445,673
13446,673
13447,673
13448,673
13449,673
13450,673
13451,673
13452,673
13453,673
13454,673
13455,673
13456,673
13457,673
13458,673
13459,673
13460,673
13461,674
13462,674
13463,674
13464,674
13465,674
13466,674
13467,674
13468,674
13469,674
13470,674
13471,674
13472,674
13473,674
13474,674
13475,674
13476,674
13477,674
13478,674
13479,674
13480,674
13481,675
13482,675
13483,675
13484,675
13485,675
13486,675
13487,675
13488,675
13489,675
13490,675
13491,675
13492,675
13493,675
13494,675
13495,675
13496,675
13497,675
13498,675
13499,675
13500,675
13501,676
13502,676
13503,676
13504,676
13505,676
13506,676
13507,676
13508,676
13509,676
13510,676
13511,676
13512,676
13513,676
13514,676
13515,676
13516,676
13517,676
13518,676
13519,676
13520,676
13521,677
13522,677
13523,677
13524,677
13525,677
13526,677
13527,677
13528,677
13529,677
13530,677
13531,677
13532,677
13533,677
13534,677
13535,677
13536,677
13537,677
13538,677
13539,677
13540,677
13541,678
13542,678
13543,678
13544,678
13545,678
13546,678
13547,678
13548,678
13549,678
13550,678
13551,678
13552,678
13553,678
13554,678
13555,678
13556,678
13557,678
13558,678
13559,678
13560,678
13561,679
13562,679
13563,679
13564,679
13565,679
13566,679
13567,679
13568,679
13569,679
13570,679
13571,679
13572,679
13573,679
13574,679
13575,679
13576,679
13577,679
13578,679
13579,679
13580,679
13581,680
13582,680
13583,680
13584,680
13585,680
13586,680
13587,680
13588,680
13589,680
13590,680
13591,680
13592,680
13593,680
13594,680
13595,680
13596,680
13597,680
13598,680
13599,680
13600,680
13601,681
13602,681
13603,681
13604,681
13605,681
13606,681
13607,681
13608,681
13609,681
13610,681
13611,681
13612,681
13613,681
13614,681
13615,681
13616,681
13617,681
13618,681
13619,681
13620,681
13621,682
13622,682
13623,682
13624,682
13625,682
13626,682
13627,682
13628,682
13629,682
13630,682
13631,682
13632,682
13633,682
13634,682
13635,682
13636,682
13637,682
13638,682
13639,682
13640,682
13641,683
13642,683
13643,683
13644,683
13645,683
13646,683
13647,683
13648,683
13649,683
13650,683
13651,683
13652,683
13653,683
13654,683
13655,683
13656,683
13657,683
13658,683
13659,683
13660,683
13661,684
13662,684
13663,684
13664,684
13665,684
13666,684
13667,684
13668,684
13669,684
13670,684
13671,684
13672,684
13673,684
13674,684
13675,684
13676,684
13677,684
13678,684
13679,684
13680,684
13681,685
13682,685
13683,685
13684,685
13685,685
13686,685
13687,685
13688,685
13689,685
13690,685
13691,685
13692,685
13693,685
13694,685
13695,685
13696,685
13697,685
13698,685
13699,685
13700,685
13701,686
13702,686
13703,686
13704,686
13705,686
13706,686
13707,686
13708,686
13709,686
13710,686
13711,686
13712,686
13713,686
13714,686
13715,686
13716,686
13717,686
13718,686
13719,686
13720,686
13721,687
13722,687
13723,687
13724,687
13725,687
13726,687
13727,687
13728,687
13729,687
13730,687
13731,687
13732,687
13733,687
13734,687
13735,687
13736,687
13737,687
13738,687
13739,687
13740,687
13741,688
13742,688
13743,688
13744,688
13745,688
13746,688
13747,688
13748,688
13749,688
13750,688
13751,688
13752,688
13753,688
13754,688
13755,688
13756,688
13757,688
13758,688
13759,688
13760,688
13761,689
13762,689
13763,689
13764,689
13765,689
13766,689
13767,689
13768,689
13769,689
13770,689
13771,689
13772,689
13773,689
13774,689
13775,689
13776,689
13777,689
13778,689
13779,689
13780,689
13781,690
13782,690
13783,690
13784,690
13785,690
13786,690
13787,690
13788,690
13789,690
13790,690
13791,690
13792,690
13793,690
13794,690
13795,690
13796,690
13797,690
13798,690
13799,690
13800,690
13801,691
13802,691
13803,691
13804,691
13805,691
13806,691
13807,691
13808,691
13809,691
13810,691
13811,691
13812,691
13813,691
13814,691
13815,691
13816,691
13817,691
13818,691
13819,691
13820,691
13821,692
13822,692
13823,692
13824,692
13825,692
13826,692
13827,692
13828,692
13829,692
13830,692
13831,692
13832,692
13833,692
13834,692
13835,692
13836,692
13837,692
13838,692
13839,692
13840,692
13841,693
13842,693
13843,693
13844,693
13845,693
13846,693
13847,693
13848,693
13849,693
13850,693
13851,693
13852,693
13853,693
13854,693
13855,693
13856,693
13857,693
13858,693
13859,693
13860,693
13861,694
13862,694
13863,694
13864,694
13865,694
13866,694
13867,694
13868,694
13869,694
13870,694
13871,694
13872,694
13873,694
13874,694
13875,694
13876,694
13877,694
13878,694
13879,694
13880,694
13881,695
13882,695
13883,695
13884,695
13885,695
13886,695
13887,695
13888,695
13889,695
13890,695
13891,695
13892,695
13893,695
13894,695
13895,695
13896,695
13897,695
13898,695
13899,695
13900,695
13901,696
13902,696
13903,696
13904,696
13905,696
13906,696
13907,696
13908,696
13909,696
13910,696
13911,696
13912,696
13913,696
13914,696
13915,696
13916,696
13917,696
13918,696
13919,696
13920,696
13921,697
13922,697
13923,697
13924,697
13925,697
13926,697
13927,697
13928,697
13929,697
13930,697
13931,697
13932,697
13933,697
13934,697
13935,697
13936,697
13937,697
13938,697
13939,697
13940,697
13941,698
13942,698
13943,698
13944,698
13945,698
13946,698
13947,698
13948,698
13949,698
13950,698
13951,698
13952,698
13953,698
13954,698
13955,698
13956,698
13957,698
13958,698
13959,698
13960,698
13961,699
13962,699
13963,699
13964,699
13965,699
13966,699
13967,699
13968,699
13969,699
13970,699
13971,699
13972,699
13973,699
13974,699
13975,699
13976,699
13977,699
13978,699
13979,699
13980,699
13981,700
13982,700
13983,700
13984,700
13985,700
13986,700
13987,700
13988,700
13989,700
13990,700
13991,700
13992,700
13993,700
13994,700
13995,700
13996,700
13997,700
13998,700
13999,700
14000,700
14001,701
14002,701
14003,701
14004,701
14005,701
14006,701
14007,701
14008,701
14009,701
14010,701
14011,701
14012,701
14013,701
14014,701
14015,701
14016,701
14017,701
14018,701
14019,701
14020,701
14021,701
14022,701
14023,701
14024,701
14025,701
14026,701
14027,701
14028,701
14029,701
14030,701
14031,701
14032,701
14033,701
14034,701
14035,701
14036,701
14037,701
14038,701
14039,701
14040,701
14041,701
14042,701
14043,701
14044,701
14045,701
14046,701
14047,701
14048,701
14049,701
14050,701
14051,701
14052,701
14053,701
14054,701
14055,701
14056,701
14057,701
14058,701
14059,701
14060,701
14061,701
14062,701
14063,701
14064,701
14065,701
14066,701
14067,701
14068,701
14069,701
14070,701
14071,701
14072,701
14073,701
14074,701
14075,701
14076,701
14077,701
14078,701
14079,701
14080,701
14081,702
14082,702
14083,702
14084,702
14085,702
14086,702
14087,702
14088,702
14089,702
14090,702
14091,702
14092,702
14093,702
14094,702
14095,702
14096,702
14097,702
14098,702
14099,702
14100,702
14101,702
14102,702
14103,702
14104,702
14105,702
14106,702
14107,702
14108,702
14109,702
14110,702
14111,702
14112,702
14113,702
14114,702
14115,702
14116,702
14117,702
14118,702
14119,702
14120,702
14121,702
14122,702
14123,702
14124,702
14125,702
14126,702
14127,702
14128,702
14129,702
14130,702
14131,702
14132,702
14133,702
14134,702
14135,702
14136,702
14137,702
14138,702
14139,702
14140,702
14141,702
14142,702
14143,702
14144,702
14145,702
14146,702
14147,702
14148,702
14149,702
14150,702
14151,702
14152,702
14153,702
14154,702
14155,702
14156,702
14157,702
14158,702
14159,702
14160,702
14161,703
14162,703
14163,703
14164,703
14165,703
14166,703
14167,703
14168,703
14169,703
14170,703
14171,703
14172,703
14173,703
14174,703
14175,703
14176,703
14177,703
14178,703
14179,703
14180,703
14181,703
14182,703
14183,703
14184,703
14185,703
14186,703
14187,703
14188,703
14189,703
14190,703
14191,703
14192,703
14193,703
14194,703
14195,703
14196,703
14197,703
14198,703
14199,703
14200,703
14201,703
14202,703
14203,703
14204,703
14205,703
14206,703
14207,703
14208,703
14209,703
14210,703
14211,703
14212,703
14213,703
14214,703
14215,703
14216,703
14217,703
14218,703
14219,703
14220,703
14221,703
14222,703
14223,703
14224,703
14225,703
14226,703
14227,703
14228,703
14229,703
14230,703
14231,703
14232,703
14233,703
14234,703
14235,703
14236,703
14237,703
14238,703
14239,703
14240,703
14241,704
14242,704
14243,704
14244,704
14245,704
14246,704
14247,704
14248,704
14249,704
14250,704
14251,704
14252,704
14253,704
14254,704
14255,704
14256,704
14257,704
14258,704
14259,704
14260,704
14261,704
14262,704
14263,704
14264,704
14265,704
14266,704
14267,704
14268,704
14269,704
14270,704
14271,704
14272,704
14273,704
14274,704
14275,704
14276,704
14277,704
14278,704
14279,704
14280,704
14281,704
14282,704
14283,704
14284,704
14285,704
14286,704
14287,704
14288,704
14289,704
14290,704
14291,704
14292,704
14293,704
14294,704
14295,704
14296,704
14297,704
14298,704
14299,704
14300,704
14301,704
14302,704
14303,704
14304,704
14305,704
14306,704
14307,704
14308,704
14309,704
14310,704
14311,704
14312,704
14313,704
14314,704
14315,704
14316,704
14317,704
14318,704
14319,704
14320,704
14321,705
14322,705
14323,705
14324,705
14325,705
14326,705
14327,705
14328,705
14329,705
14330,705
14331,705
14332,705
14333,705
14334,705
14335,705
14336,705
14337,705
14338,705
14339,705
14340,705
14341,705
14342,705
14343,705
14344,705
14345,705
14346,705
14347,705
14348,705
14349,705
14350,705
14351,705
14352,705
14353,705
14354,705
14355,705
14356,705
14357,705
14358,705
14359,705
14360,705
14361,705
14362,705
14363,705
14364,705
14365,705
14366,705
14367,705
14368,705
14369,705
14370,705
14371,705
14372,705
14373,705
14374,705
14375,705
14376,705
14377,705
14378,705
14379,705
14380,705
14381,705
14382,705
14383,705
14384,705
14385,705
14386,705
14387,705
14388,705
14389,705
14390,705
14391,705
14392,705
14393,705
14394,705
14395,705
14396,705
14397,705
14398,705
14399,705
14400,705
14401,706
14402,706
14403,706
14404,706
14405,706
14406,706
14407,706
14408,706
14409,706
14410,706
14411,706
14412,706
14413,706
14414,706
14415,706
14416,706
14417,706
14418,706
14419,706
14420,706
14421,706
14422,706
14423,706
14424,706
14425,706
14426,706
14427,706
14428,706
14429,706
14430,706
14431,706
14432,706
14433,706
14434,706
14435,706
14436,706
14437,706
14438,706
14439,706
14440,706
14441,706
14442,706
14443,706
14444,706
14445,706
14446,706
14447,706
14448,706
14449,706
14450,706
14451,706
14452,706
14453,706
14454,706
14455,706
14456,706
14457,706
14458,706
14459,706
14460,706
14461,706
14462,706
14463,706
14464,706
14465,706
14466,706
14467,706
14468,706
14469,706
14470,706
14471,706
14472,706
14473,706
14474,706
14475,706
14476,706
14477,706
14478,706
14479,706
14480,706
14481,707
14482,707
14483,707
14484,707
14485,707
14486,707
14487,707
14488,707
14489,707
14490,707
14491,707
14492,707
14493,707
14494,707
14495,707
14496,707
14497,707
14498,707
14499,707
14500,707
14501,707
14502,707
14503,707
14504,707
14505,707
14506,707
14507,707
14508,707
14509,707
14510,707
14511,707
14512,707
14513,707
14514,707
14515,707
14516,707
14517,707
14518,707
14519,707
14520,707
14521,707
14522,707
14523,707
14524,707
14525,707
14526,707
14527,707
14528,707
14529,707
14530,707
14531,707
14532,707
14533,707
14534,707
14535,707
14536,707
14537,707
14538,707
14539,707
14540,707
14541,707
14542,707
14543,707
14544,707
14545,707
14546,707
14547,707
14548,707
14549,707
14550,707
14551,707
14552,707
14553,707
14554,707
14555,707
14556,707
14557,707
14558,707
14559,707
14560,707
14561,708
14562,708
14563,708
14564,708
14565,708
14566,708
14567,708
14568,708
14569,708
14570,708
14571,708
14572,708
14573,708
14574,708
14575,708
14576,708
14577,708
14578,708
14579,708
14580,708
14581,708
14582,708
14583,708
14584,708
14585,708
14586,708
14587,708
14588,708
14589,708
14590,708
14591,708
14592,708
14593,708
14594,708
14595,708
14596,708
14597,708
14598,708
14599,708
14600,708
14601,708
14602,708
14603,708
14604,708
14605,708
14606,708
14607,708
14608,708
14609,708
14610,708
14611,708
14612,708
14613,708
14614,708
14615,708
14616,708
14617,708
14618,708
14619,708
14620,708
14621,708
14622,708
14623,708
14624,708
14625,708
14626,708
14627,708
14628,708
14629,708
14630,708
14631,708
14632,708
14633,708
14634,708
14635,708
14636,708
14637,708
14638,708
14639,708
14640,708
14641,709
14642,709
14643,709
14644,709
14645,709
14646,709
14647,709
14648,709
14649,709
14650,709
14651,709
14652,709
14653,709
14654,709
14655,709
14656,709
14657,709
14658,709
14659,709
14660,709
14661,709
14662,709
14663,709
14664,709
14665,709
14666,709
14667,709
14668,709
14669,709
14670,709
14671,709
14672,709
14673,709
14674,709
14675,709
14676,709
14677,709
14678,709
14679,709
14680,709
14681,709
14682,709
14683,709
14684,709
14685,709
14686,709
14687,709
14688,709
14689,709
14690,709
14691,709
14692,709
14693,709
14694,709
14695,709
14696,709
14697,709
14698,709
14699,709
14700,709
14701,709
14702,709
14703,709
14704,709
14705,709
14706,709
14707,709
14708,709
14709,709
14710,709
14711,709
14712,709
14713,709
14714,709
14715,709
14716,709
14717,709
14718,709
14719,709
14720,709
14721,710
14722,710
14723,710
14724,710
14725,710
14726,710
14727,710
14728,710
14729,710
14730,710
14731,710
14732,710
14733,710
14734,710
14735,710
14736,710
14737,710
14738,710
14739,710
14740,710
14741,710
14742,710
14743,710
14744,710
14745,710
14746,710
14747,710
14748,710
14749,710
14750,710
14751,710
14752,710
14753,710
14754,710
14755,710
14756,710
14757,710
14758,710
14759,710
14760,710
14761,710
14762,710
14763,710
14764,710
14765,710
14766,710
14767,710
14768,710
14769,710
14770,710
14771,710
14772,710
14773,710
14774,710
14775,710
14776,710
14777,710
14778,710
14779,710
14780,710
14781,710
14782,710
14783,710
14784,710
14785,710
14786,710
14787,710
14788,710
14789,710
14790,710
14791,710
14792,710
14793,710
14794,710
14795,710
14796,710
14797,710
14798,710
14799,710
14800,710
14801,711
14802,711
14803,711
14804,711
14805,711
14806,711
14807,711
14808,711
14809,711
14810,711
14811,711
14812,711
14813,711
14814,711
14815,711
14816,711
14817,711
14818,711
14819,711
14820,711
14821,711
14822,711
14823,711
14824,711
14825,711
14826,711
14827,711
14828,711
14829,711
14830,711
14831,711
14832,711
14833,711
14834,711
14835,711
14836,711
14837,711
14838,711
14839,711
14840,711
14841,711
14842,711
14843,711
14844,711
14845,711
14846,711
14847,711
14848,711
14849,711
14850,711
14851,711
14852,711
14853,711
14854,711
14855,711
14856,711
14857,711
14858,711
14859,711
14860,711
14861,711
14862,711
14863,711
14864,711
14865,711
14866,711
14867,711
14868,711
14869,711
14870,711
14871,711
14872,711
14873,711
14874,711
14875,711
14876,711
14877,711
14878,711
14879,711
14880,711
14881,712
14882,712
14883,712
14884,712
14885,712
14886,712
14887,712
14888,712
14889,712
14890,712
14891,712
14892,712
14893,712
14894,712
14895,712
14896,712
14897,712
14898,712
14899,712
14900,712
14901,712
14902,712
14903,712
14904,712
14905,712
14906,712
14907,712
14908,712
14909,712
14910,712
14911,712
14912,712
14913,712
14914,712
14915,712
14916,712
14917,712
14918,712
14919,712
14920,712
14921,712
14922,712
14923,712
14924,712
14925,712
14926,712
14927,712
14928,712
14929,712
14930,712
14931,712
14932,712
14933,712
14934,712
14935,712
14936,712
14937,712
14938,712
14939,712
14940,712
14941,712
14942,712
14943,712
14944,712
14945,712
14946,712
14947,712
14948,712
14949,712
14950,712
14951,712
14952,712
14953,712
14954,712
14955,712
14956,712
14957,712
14958,712
14959,712
14960,712
14961,713
14962,713
14963,713
14964,713
14965,713
14966,713
14967,713
14968,713
14969,713
14970,713
14971,713
14972,713
14973,713
14974,713
14975,713
14976,713
14977,713
14978,713
14979,713
14980,713
14981,713
14982,713
14983,713
14984,713
14985,713
14986,713
14987,713
14988,713
14989,713
14990,713
14991,713
14992,713
14993,713
14994,713
14995,713
14996,713
14997,713
14998,713
14999,713
15000,713
15001,713
15002,713
15003,713
15004,713
15005,713
15006,713
15007,713
15008,713
15009,713
15010,713
15011,713
15012,713
15013,713
15014,713
15015,713
15016,713
15017,713
15018,713
15019,713
15020,713
15021,713
15022,713
15023,713
15024,713
15025,713
15026,713
15027,713
15028,713
15029,713
15030,713
15031,713
15032,713
15033,713
15034,713
15035,713
15036,713
15037,713
15038,713
15039,713
15040,713
15041,714
15042,714
15043,714
15044,714
15045,714
15046,714
15047,714
15048,714
15049,714
15050,714
15051,714
15052,714
15053,714
15054,714
15055,714
15056,714
15057,714
15058,714
15059,714
15060,714
15061,714
15062,714
15063,714
15064,714
15065,714
15066,714
15067,714
15068,714
15069,714
15070,714
15071,714
15072,714
15073,714
15074,714
15075,714
15076,714
15077,714
15078,714
15079,714
15080,714
15081,714
15082,714
15083,714
15084,714
15085,714
15086,714
15087,714
15088,714
15089,714
15090,714
15091,714
15092,714
15093,714
15094,714
15095,714
15096,714
15097,714
15098,714
15099,714
15100,714
15101,714
15102,714
15103,714
15104,714
15105,714
15106,714
15107,714
15108,714
15109,714
15110,714
15111,714
15112,714
15113,714
15114,714
15115,714
15116,714
15117,714
15118,714
15119,714
15120,714
15121,715
15122,715
15123,715
15124,715
15125,715
15126,715
15127,715
15128,715
15129,715
15130,715
15131,715
15132,715
15133,715
15134,715
15135,715
15136,715
15137,715
15138,715
15139,715
15140,715
15141,715
15142,715
15143,715
15144,715
15145,715
15146,715
15147,715
15148,715
15149,715
15150,715
15151,715
15152,715
15153,715
15154,715
15155,715
15156,715
15157,715
15158,715
15159,715
15160,715
15161,715
15162,715
15163,715
15164,715
15165,715
15166,715
15167,715
15168,715
15169,715
15170,715
15171,715
15172,715
15173,715
15174,715
15175,715
15176,715
15177,715
15178,715
15179,715
15180,715
15181,715
15182,715
15183,715
15184,715
15185,715
15186,715
15187,715
15188,715
15189,715
15190,715
15191,715
15192,715
15193,715
15194,715
15195,715
15196,715
15197,715
15198,715
15199,715
15200,715
15201,716
15202,716
15203,716
15204,716
15205,716
15206,716
15207,716
15208,716
15209,716
15210,716
15211,716
15212,716
15213,716
15214,716
15215,716
15216,716
15217,716
15218,716
15219,716
15220,716
15221,716
15222,716
15223,716
15224,716
15225,716
15226,716
15227,716
15228,716
15229,716
15230,716
15231,716
15232,716
15233,716
15234,716
15235,716
15236,716
15237,716
15238,716
15239,716
15240,716
15241,716
15242,716
15243,716
15244,716
15245,716
15246,716
15247,716
15248,716
15249,716
15250,716
15251,716
15252,716
15253,716
15254,716
15255,716
15256,716
15257,716
15258,716
15259,716
15260,716
15261,716
15262,716
15263,716
15264,716
15265,716
15266,716
15267,716
15268,716
15269,716
15270,716
15271,716
15272,716
15273,716
15274,716
15275,716
15276,716
15277,716
15278,716
15279,716
15280,716
15281,717
15282,717
15283,717
15284,717
15285,717
15286,717
15287,717
15288,717
15289,717
15290,717
15291,717
15292,717
15293,717
15294,717
15295,717
15296,717
15297,717
15298,717
15299,717
15300,717
15301,717
15302,717
15303,717
15304,717
15305,717
15306,717
15307,717
15308,717
15309,717
15310,717
15311,717
15312,717
15313,717
15314,717
15315,717
15316,717
15317,717
15318,717
15319,717
15320,717
15321,717
15322,717
15323,717
15324,717
15325,717
15326,717
15327,717
15328,717
15329,717
15330,717
15331,717
15332,717
15333,717
15334,717
15335,717
15336,717
15337,717
15338,717
15339,717
15340,717
15341,717
15342,717
15343,717
15344,717
15345,717
15346,717
15347,717
15348,717
15349,717
15350,717
15351,717
15352,717
15353,717
15354,717
15355,717
15356,717
15357,717
15358,717
15359,717
15360,717
15361,718
15362,718
15363,718
15364,718
15365,718
15366,718
15367,718
15368,718
15369,718
15370,718
15371,718
15372,718
15373,718
15374,718
15375,718
15376,718
15377,718
15378,718
15379,718
15380,718
15381,718
15382,718
15383,718
15384,718
15385,718
15386,718
15387,718
15388,718
15389,718
15390,718
15391,718
15392,718
15393,718
15394,718
15395,718
15396,718
15397,718
15398,718
15399,718
15400,718
15401,718
15402,718
15403,718
15404,718
15405,718
15406,718
15407,718
15408,718
15409,718
15410,718
15411,718
15412,718
15413,718
15414,718
15415,718
15416,718
15417,718
15418,718
15419,718
15420,718
15421,718
15422,718
15423,718
15424,718
15425,718
15426,718
15427,718
15428,718
15429,718
15430,718
15431,718
15432,718
15433,718
15434,718
15435,718
15436,718
15437,718
15438,718
15439,718
15440,718
15441,719
15442,719
15443,719
15444,719
15445,719
15446,719
15447,719
15448,719
15449,719
15450,719
15451,719
15452,719
15453,719
15454,719
15455,719
15456,719
15457,719
15458,719
15459,719
15460,719
15461,719
15462,719
15463,719
15464,719
15465,719
15466,719
15467,719
15468,719
15469,719
15470,719
15471,719
15472,719
15473,719
15474,719
15475,719
15476,719
15477,719
15478,719
15479,719
15480,719
15481,719
15482,719
15483,719
15484,719
15485,719
15486,719
15487,719
15488,719
15489,719
15490,719
15491,719
15492,719
15493,719
15494,719
15495,719
15496,719
15497,719
15498,719
15499,719
15500,719
15501,719
15502,719
15503,719
15504,719
15505,719
15506,719
15507,719
15508,719
15509,719
15510,719
15511,719
15512,719
15513,719
15514,719
15515,719
15516,719
15517,719
15518,719
15519,719
15520,719
15521,720
15522,720
15523,720
15524,720
15525,720
15526,720
15527,720
15528,720
15529,720
15530,720
15531,720
15532,720
15533,720
15534,720
15535,720
15536,720
15537,720
15538,720
15539,720
15540,720
15541,720
15542,720
15543,720
15544,720
15545,720
15546,720
15547,720
15548,720
15549,720
15550,720
15551,720
15552,720
15553,720
15554,720
15555,720
15556,720
15557,720
15558,720
15559,720
15560,720
15561,720
15562,720
15563,720
15564,720
15565,720
15566,720
15567,720
15568,720
15569,720
15570,720
15571,720
15572,720
15573,720
15574,720
15575,720
15576,720
15577,720
15578,720
15579,720
15580,720
15581,720
15582,720
15583,720
15584,720
15585,720
15586,720
15587,720
15588,720
15589,720
15590,720
15591,720
15592,720
15593,720
15594,720
15595,720
15596,720
15597,720
15598,720
15599,720
15600,720
15601,721
15602,721
15603,721
15604,721
15605,721
15606,721
15607,721
15608,721
15609,721
15610,721
15611,721
15612,721
15613,721
15614,721
15615,721
15616,721
15617,721
15618,721
15619,721
15620,721
15621,721
15622,721
15623,721
15624,721
15625,721
15626,721
15627,721
15628,721
15629,721
15630,721
15631,721
15632,721
15633,721
15634,721
15635,721
15636,721
15637,721
15638,721
15639,721
15640,721
15641,721
15642,721
15643,721
15644,721
15645,721
15646,721
15647,721
15648,721
15649,721
15650,721
15651,721
15652,721
15653,721
15654,721
15655,721
15656,721
15657,721
15658,721
15659,721
15660,721
15661,721
15662,721
15663,721
15664,721
15665,721
15666,721
15667,721
15668,721
15669,721
15670,721
15671,721
15672,721
15673,721
15674,721
15675,721
15676,721
15677,721
15678,721
15679,721
15680,721
15681,722
15682,722
15683,722
15684,722
15685,722
15686,722
15687,722
15688,722
15689,722
15690,722
15691,722
15692,722
15693,722
15694,722
15695,722
15696,722
15697,722
15698,722
15699,722
15700,722
15701,722
15702,722
15703,722
15704,722
15705,722
15706,722
15707,722
15708,722
15709,722
15710,722
15711,722
15712,722
15713,722
15714,722
15715,722
15716,722
15717,722
15718,722
15719,722
15720,722
15721,722
15722,722
15723,722
15724,722
15725,722
15726,722
15727,722
15728,722
15729,722
15730,722
15731,722
15732,722
15733,722
15734,722
15735,722
15736,722
15737,722
15738,722
15739,722
15740,722
15741,722
15742,722
15743,722
15744,722
15745,722
15746,722
15747,722
15748,722
15749,722
15750,722
15751,722
15752,722
15753,722
15754,722
15755,722
15756,722
15757,722
15758,722
15759,722
15760,722
15761,723
15762,723
15763,723
15764,723
15765,723
15766,723
15767,723
15768,723
15769,723
15770,723
15771,723
15772,723
15773,723
15774,723
15775,723
15776,723
15777,723
15778,723
15779,723
15780,723
15781,723
15782,723
15783,723
15784,723
15785,723
15786,723
15787,723
15788,723
15789,723
15790,723
15791,723
15792,723
15793,723
15794,723
15795,723
15796,723
15797,723
15798,723
15799,723
15800,723
15801,723
15802,723
15803,723
15804,723
15805,723
15806,723
15807,723
15808,723
15809,723
15810,723
15811,723
15812,723
15813,723
15814,723
15815,723
15816,723
15817,723
15818,723
15819,723
15820,723
15821,723
15822,723
15823,723
15824,723
15825,723
15826,723
15827,723
15828,723
15829,723
15830,723
15831,723
15832,723
15833,723
15834,723
15835,723
15836,723
15837,723
15838,723
15839,723
15840,723
15841,724
15842,724
15843,724
15844,724
15845,724
15846,724
15847,724
15848,724
15849,724
15850,724
15851,724
15852,724
15853,724
15854,724
15855,724
15856,724
15857,724
15858,724
15859,724
15860,724
15861,724
15862,724
15863,724
15864,724
15865,724
15866,724
15867,724
15868,724
15869,724
15870,724
15871,724
15872,724
15873,724
15874,724
15875,724
15876,724
15877,724
15878,724
15879,724
15880,724
15881,724
15882,724
15883,724
15884,724
15885,724
15886,724
15887,724
15888,724
15889,724
15890,724
15891,724
15892,724
15893,724
15894,724
15895,724
15896,724
15897,724
15898,724
15899,724
15900,724
15901,724
15902,724
15903,724
15904,724
15905,724
15906,724
15907,724
15908,724
15909,724
15910,724
15911,724
15912,724
15913,724
15914,724
15915,724
15916,724
15917,724
15918,724
15919,724
15920,724
15921,725
15922,725
15923,725
15924,725
15925,725
15926,725
15927,725
15928,725
15929,725
15930,725
15931,725
15932,725
15933,725
15934,725
15935,725
15936,725
15937,725
15938,725
15939,725
15940,725
15941,725
15942,725
15943,725
15944,725
15945,725
15946,725
15947,725
15948,725
15949,725
15950,725
15951,725
15952,725
15953,725
15954,725
15955,725
15956,725
15957,725
15958,725
15959,725
15960,725
15961,725
15962,725
15963,725
15964,725
15965,725
15966,725
15967,725
15968,725
15969,725
15970,725
15971,725
15972,725
15973,725
15974,725
15975,725
15976,725
15977,725
15978,725
15979,725
15980,725
15981,725
15982,725
15983,725
15984,725
15985,725
15986,725
15987,725
15988,725
15989,725
15990,725
15991,725
15992,725
15993,725
15994,725
15995,725
15996,725
15997,725
15998,725
15999,725
16000,725
16001,726
16002,726
16003,726
16004,726
16005,726
16006,726
16007,726
16008,726
16009,726
16010,726
16011,726
16012,726
16013,726
16014,726
16015,726
16016,726
16017,726
16018,726
16019,726
16020,726
16021,726
16022,726
16023,726
16024,726
16025,726
16026,726
16027,726
16028,726
16029,726
16030,726
16031,726
16032,726
16033,726
16034,726
16035,726
16036,726
16037,726
16038,726
16039,726
16040,726
16041,726
16042,726
16043,726
16044,726
16045,726
16046,726
16047,726
16048,726
16049,726
16050,726
16051,726
16052,726
16053,726
16054,726
16055,726
16056,726
16057,726
16058,726
16059,726
16060,726
16061,726
16062,726
16063,726
16064,726
16065,726
16066,726
16067,726
16068,726
16069,726
16070,726
16071,726
16072,726
16073,726
16074,726
16075,726
16076,726
16077,726
16078,726
16079,726
16080,726
16081,727
16082,727
16083,727
16084,727
16085,727
16086,727
16087,727
16088,727
16089,727
16090,727
16091,727
16092,727
16093,727
16094,727
16095,727
16096,727
16097,727
16098,727
16099,727
16100,727
16101,727
16102,727
16103,727
16104,727
16105,727
16106,727
16107,727
16108,727
16109,727
16110,727
16111,727
16112,727
16113,727
16114,727
16115,727
16116,727
16117,727
16118,727
16119,727
16120,727
16121,727
16122,727
16123,727
16124,727
16125,727
16126,727
16127,727
16128,727
16129,727
16130,727
16131,727
16132,727
16133,727
16134,727
16135,727
16136,727
16137,727
16138,727
16139,727
16140,727
16141,727
16142,727
16143,727
16144,727
16145,727
16146,727
16147,727
16148,727
16149,727
16150,727
16151,727
16152,727
16153,727
16154,727
16155,727
16156,727
16157,727
16158,727
16159,727
16160,727
16161,728
16162,728
16163,728
16164,728
16165,728
16166,728
16167,728
16168,728
16169,728
16170,728
16171,728
16172,728
16173,728
16174,728
16175,728
16176,728
16177,728
16178,728
16179,728
16180,728
16181,728
16182,728
16183,728
16184,728
16185,728
16186,728
16187,728
16188,728
16189,728
16190,728
16191,728
16192,728
16193,728
16194,728
16195,728
16196,728
16197,728
16198,728
16199,728
16200,728
16201,728
16202,728
16203,728
16204,728
16205,728
16206,728
16207,728
16208,728
16209,728
16210,728
16211,728
16212,728
16213,728
16214,728
16215,728
16216,728
16217,728
16218,728
16219,728
16220,728
16221,728
16222,728
16223,728
16224,728
16225,728
16226,728
16227,728
16228,728
16229,728
16230,728
16231,728
16232,728
16233,728
16234,728
16235,728
16236,728
16237,728
16238,728
16239,728
16240,728
16241,729
16242,729
16243,729
16244,729
16245,729
16246,729
16247,729
16248,729
16249,729
16250,729
16251,729
16252,729
16253,729
16254,729
16255,729
16256,729
16257,729
16258,729
16259,729
16260,729
16261,729
16262,729
16263,729
16264,729
16265,729
16266,729
16267,729
16268,729
16269,729
16270,729
16271,729
16272,729
16273,729
16274,729
16275,729
16276,729
16277,729
16278,729
16279,729
16280,729
16281,729
16282,729
16283,729
16284,729
16285,729
16286,729
16287,729
16288,729
16289,729
16290,729
16291,729
16292,729
16293,729
16294,729
16295,729
16296,729
16297,729
16298,729
16299,729
16300,729
16301,729
16302,729
16303,729
16304,729
16305,729
16306,729
16307,729
16308,729
16309,729
16310,729
16311,729
16312,729
16313,729
16314,729
16315,729
16316,729
16317,729
16318,729
16319,729
16320,729
16321,730
16322,730
16323,730
16324,730
16325,730
16326,730
16327,730
16328,730
16329,730
16330,730
16331,730
16332,730
16333,730
16334,730
16335,730
16336,730
16337,730
16338,730
16339,730
16340,730
16341,730
16342,730
16343,730
16344,730
16345,730
16346,730
16347,730
16348,730
16349,730
16350,730
16351,730
16352,730
16353,730
16354,730
16355,730
16356,730
16357,730
16358,730
16359,730
16360,730
16361,730
16362,730
16363,730
16364,730
16365,730
16366,730
16367,730
16368,730
16369,730
16370,730
16371,730
16372,730
16373,730
16374,730
16375,730
16376,730
16377,730
16378,730
16379,730
16380,730
16381,730
16382,730
16383,730
16384,730
16385,730
16386,730
16387,730
16388,730
16389,730
16390,730
16391,730
16392,730
16393,730
16394,730
16395,730
16396,730
16397,730
16398,730
16399,730
16400,730
16401,731
16402,731
16403,731
16404,731
16405,731
16406,731
16407,731
16408,731
16409,731
16410,731
16411,731
16412,731
16413,731
16414,731
16415,731
16416,731
16417,731
16418,731
16419,731
16420,731
16421,731
16422,731
16423,731
16424,731
16425,731
16426,731
16427,731
16428,731
16429,731
16430,731
16431,731
16432,731
16433,731
16434,731
16435,731
16436,731
16437,731
16438,731
16439,731
16440,731
16441,731
16442,731
16443,731
16444,731
16445,731
16446,731
16447,731
16448,731
16449,731
16450,731
16451,731
16452,731
16453,731
16454,731
16455,731
16456,731
16457,731
16458,731
16459,731
16460,731
16461,731
16462,731
16463,731
16464,731
16465,731
16466,731
16467,731
16468,731
16469,731
16470,731
16471,731
16472,731
16473,731
16474,731
16475,731
16476,731
16477,731
16478,731
16479,731
16480,731
16481,732
16482,732
16483,732
16484,732
16485,732
16486,732
16487,732
16488,732
16489,732
16490,732
16491,732
16492,732
16493,732
16494,732
16495,732
16496,732
16497,732
16498,732
16499,732
16500,732
16501,732
16502,732
16503,732
16504,732
16505,732
16506,732
16507,732
16508,732
16509,732
16510,732
16511,732
16512,732
16513,732
16514,732
16515,732
16516,732
16517,732
16518,732
16519,732
16520,732
16521,732
16522,732
16523,732
16524,732
16525,732
16526,732
16527,732
16528,732
16529,732
16530,732
16531,732
16532,732
16533,732
16534,732
16535,732
16536,732
16537,732
16538,732
16539,732
16540,732
16541,732
16542,732
16543,732
16544,732
16545,732
16546,732
16547,732
16548,732
16549,732
16550,732
16551,732
16552,732
16553,732
16554,732
16555,732
16556,732
16557,732
16558,732
16559,732
16560,732
16561,733
16562,733
16563,733
16564,733
16565,733
16566,733
16567,733
16568,733
16569,733
16570,733
16571,733
16572,733
16573,733
16574,733
16575,733
16576,733
16577,733
16578,733
16579,733
16580,733
16581,733
16582,733
16583,733
16584,733
16585,733
16586,733
16587,733
16588,733
16589,733
16590,733
16591,733
16592,733
16593,733
16594,733
16595,733
16596,733
16597,733
16598,733
16599,733
16600,733
16601,733
16602,733
16603,733
16604,733
16605,733
16606,733
16607,733
16608,733
16609,733
16610,733
16611,733
16612,733
16613,733
16614,733
16615,733
16616,733
16617,733
16618,733
16619,733
16620,733
16621,733
16622,733
16623,733
16624,733
16625,733
16626,733
16627,733
16628,733
16629,733
16630,733
16631,733
16632,733
16633,733
16634,733
16635,733
16636,733
16637,733
16638,733
16639,733
16640,733
16641,734
16642,734
16643,734
16644,734
16645,734
16646,734
16647,734
16648,734
16649,734
16650,734
16651,734
16652,734
16653,734
16654,734
16655,734
16656,734
16657,734
16658,734
16659,734
16660,734
16661,734
16662,734
16663,734
16664,734
16665,734
16666,734
16667,734
16668,734
16669,734
16670,734
16671,734
16672,734
16673,734
16674,734
16675,734
16676,734
16677,734
16678,734
16679,734
16680,734
16681,734
16682,734
16683,734
16684,734
16685,734
16686,734
16687,734
16688,734
16689,734
16690,734
16691,734
16692,734
16693,734
16694,734
16695,734
16696,734
16697,734
16698,734
16699,734
16700,734
16701,734
16702,734
16703,734
16704,734
16705,734
16706,734
16707,734
16708,734
16709,734
16710,734
16711,734
16712,734
16713,734
16714,734
16715,734
16716,734
16717,734
16718,734
16719,734
16720,734
16721,735
16722,735
16723,735
16724,735
16725,735
16726,735
16727,735
16728,735
16729,735
16730,735
16731,735
16732,735
16733,735
16734,735
16735,735
16736,735
16737,735
16738,735
16739,735
16740,735
16741,735
16742,735
16743,735
16744,735
16745,735
16746,735
16747,735
16748,735
16749,735
16750,735
16751,735
16752,735
16753,735
16754,735
16755,735
16756,735
16757,735
16758,735
16759,735
16760,735
16761,735
16762,735
16763,735
16764,735
16765,735
16766,735
16767,735
16768,735
16769,735
16770,735
16771,735
16772,735
16773,735
16774,735
16775,735
16776,735
16777,735
16778,735
16779,735
16780,735
16781,735
16782,735
16783,735
16784,735
16785,735
16786,735
16787,735
16788,735
16789,735
16790,735
16791,735
16792,735
16793,735
16794,735
16795,735
16796,735
16797,735
16798,735
16799,735
16800,735
16801,736
16802,736
16803,736
16804,736
16805,736
16806,736
16807,736
16808,736
16809,736
16810,736
16811,736
16812,736
16813,736
16814,736
16815,736
16816,736
16817,736
16818,736
16819,736
16820,736
16821,736
16822,736
16823,736
16824,736
16825,736
16826,736
16827,736
16828,736
16829,736
16830,736
16831,736
16832,736
16833,736
16834,736
16835,736
16836,736
16837,736
16838,736
16839,736
16840,736
16841,736
16842,736
16843,736
16844,736
16845,736
16846,736
16847,736
16848,736
16849,736
16850,736
16851,736
16852,736
16853,736
16854,736
16855,736
16856,736
16857,736
16858,736
16859,736
16860,736
16861,736
16862,736
16863,736
16864,736
16865,736
16866,736
16867,736
16868,736
16869,736
16870,736
16871,736
16872,736
16873,736
16874,736
16875,736
16876,736
16877,736
16878,736
16879,736
16880,736
16881,737
16882,737
16883,737
16884,737
16885,737
16886,737
16887,737
16888,737
16889,737
16890,737
16891,737
16892,737
16893,737
16894,737
16895,737
16896,737
16897,737
16898,737
16899,737
16900,737
16901,737
16902,737
16903,737
16904,737
16905,737
16906,737
16907,737
16908,737
16909,737
16910,737
16911,737
16912,737
16913,737
16914,737
16915,737
16916,737
16917,737
16918,737
16919,737
16920,737
16921,737
16922,737
16923,737
16924,737
16925,737
16926,737
16927,737
16928,737
16929,737
16930,737
16931,737
16932,737
16933,737
16934,737
16935,737
16936,737
16937,737
16938,737
16939,737
16940,737
16941,737
16942,737
16943,737
16944,737
16945,737
16946,737
16947,737
16948,737
16949,737
16950,737
16951,737
16952,737
16953,737
16954,737
16955,737
16956,737
16957,737
16958,737
16959,737
16960,737
16961,738
16962,738
16963,738
16964,738
16965,738
16966,738
16967,738
16968,738
16969,738
16970,738
16971,738
16972,738
16973,738
16974,738
16975,738
16976,738
16977,738
16978,738
16979,738
16980,738
16981,738
16982,738
16983,738
16984,738
16985,738
16986,738
16987,738
16988,738
16989,738
16990,738
16991,738
16992,738
16993,738
16994,738
16995,738
16996,738
16997,738
16998,738
16999,738
17000,738
17001,738
17002,738
17003,738
17004,738
17005,738
17006,738
17007,738
17008,738
17009,738
17010,738
17011,738
17012,738
17013,738
17014,738
17015,738
17016,738
17017,738
17018,738
17019,738
17020,738
17021,738
17022,738
17023,738
17024,738
17025,738
17026,738
17027,738
17028,738
17029,738
17030,738
17031,738
17032,738
17033,738
17034,738
17035,738
17036,738
17037,738
17038,738
17039,738
17040,738
17041,739
17042,739
17043,739
17044,739
17045,739
17046,739
17047,739
17048,739
17049,739
17050,739
17051,739
17052,739
17053,739
17054,739
17055,739
17056,739
17057,739
17058,739
17059,739
17060,739
17061,739
17062,739
17063,739
17064,739
17065,739
17066,739
17067,739
17068,739
17069,739
17070,739
17071,739
17072,739
17073,739
17074,739
17075,739
17076,739
17077,739
17078,739
17079,739
17080,739
17081,739
17082,739
17083,739
17084,739
17085,739
17086,739
17087,739
17088,739
17089,739
17090,739
17091,739
17092,739
17093,739
17094,739
17095,739
17096,739
17097,739
17098,739
17099,739
17100,739
17101,739
17102,739
17103,739
17104,739
17105,739
17106,739
17107,739
17108,739
17109,739
17110,739
17111,739
17112,739
17113,739
17114,739
17115,739
17116,739
17117,739
17118,739
17119,739
17120,739
17121,740
17122,740
17123,740
17124,740
17125,740
17126,740
17127,740
17128,740
17129,740
17130,740
17131,740
17132,740
17133,740
17134,740
17135,740
17136,740
17137,740
17138,740
17139,740
17140,740
17141,740
17142,740
17143,740
17144,740
17145,740
17146,740
17147,740
17148,740
17149,740
17150,740
17151,740
17152,740
17153,740
17154,740
17155,740
17156,740
17157,740
17158,740
17159,740
17160,740
17161,740
17162,740
17163,740
17164,740
17165,740
17166,740
17167,740
17168,740
17169,740
17170,740
17171,740
17172,740
17173,740
17174,740
17175,740
17176,740
17177,740
17178,740
17179,740
17180,740
17181,740
17182,740
17183,740
17184,740
17185,740
17186,740
17187,740
17188,740
17189,740
17190,740
17191,740
17192,740
17193,740
17194,740
17195,740
17196,740
17197,740
17198,740
17199,740
17200,740
17201,741
17202,741
17203,741
17204,741
17205,741
17206,741
17207,741
17208,741
17209,741
17210,741
17211,741
17212,741
17213,741
17214,741
17215,741
17216,741
17217,741
17218,741
17219,741
17220,741
17221,741
17222,741
17223,741
17224,741
17225,741
17226,741
17227,741
17228,741
17229,741
17230,741
17231,741
17232,741
17233,741
17234,741
17235,741
17236,741
17237,741
17238,741
17239,741
17240,741
17241,741
17242,741
17243,741
17244,741
17245,741
17246,741
17247,741
17248,741
17249,741
17250,741
17251,741
17252,741
17253,741
17254,741
17255,741
17256,741
17257,741
17258,741
17259,741
17260,741
17261,741
17262,741
17263,741
17264,741
17265,741
17266,741
17267,741
17268,741
17269,741
17270,741
17271,741
17272,741
17273,741
17274,741
17275,741
17276,741
17277,741
17278,741
17279,741
17280,741
17281,742
17282,742
17283,742
17284,742
17285,742
17286,742
17287,742
17288,742
17289,742
17290,742
17291,742
17292,742
17293,742
17294,742
17295,742
17296,742
17297,742
17298,742
17299,742
17300,742
17301,742
17302,742
17303,742
17304,742
17305,742
17306,742
17307,742
17308,742
17309,742
17310,742
17311,742
17312,742
17313,742
17314,742
17315,742
17316,742
17317,742
17318,742
17319,742
17320,742
17321,742
17322,742
17323,742
17324,742
17325,742
17326,742
17327,742
17328,742
17329,742
17330,742
17331,742
17332,742
17333,742
17334,742
17335,742
17336,742
17337,742
17338,742
17339,742
17340,742
17341,742
17342,742
17343,742
17344,742
17345,742
17346,742
17347,742
17348,742
17349,742
17350,742
17351,742
17352,742
17353,742
17354,742
17355,742
17356,742
17357,742
17358,742
17359,742
17360,742
17361,743
17362,743
17363,743
17364,743
17365,743
17366,743
17367,743
17368,743
17369,743
17370,743
17371,743
17372,743
17373,743
17374,743
17375,743
17376,743
17377,743
17378,743
17379,743
17380,743
17381,743
17382,743
17383,743
17384,743
17385,743
17386,743
17387,743
17388,743
17389,743
17390,743
17391,743
17392,743
17393,743
17394,743
17395,743
17396,743
17397,743
17398,743
17399,743
17400,743
17401,743
17402,743
17403,743
17404,743
17405,743
17406,743
17407,743
17408,743
17409,743
17410,743
17411,743
17412,743
17413,743
17414,743
17415,743
17416,743
17417,743
17418,743
17419,743
17420,743
17421,743
17422,743
17423,743
17424,743
17425,743
17426,743
17427,743
17428,743
17429,743
17430,743
17431,743
17432,743
17433,743
17434,743
17435,743
17436,743
17437,743
17438,743
17439,743
17440,743
17441,744
17442,744
17443,744
17444,744
17445,744
17446,744
17447,744
17448,744
17449,744
17450,744
17451,744
17452,744
17453,744
17454,744
17455,744
17456,744
17457,744
17458,744
17459,744
17460,744
17461,744
17462,744
17463,744
17464,744
17465,744
17466,744
17467,744
17468,744
17469,744
17470,744
17471,744
17472,744
17473,744
17474,744
17475,744
17476,744
17477,744
17478,744
17479,744
17480,744
17481,744
17482,744
17483,744
17484,744
17485,744
17486,744
17487,744
17488,744
17489,744
17490,744
17491,744
17492,744
17493,744
17494,744
17495,744
17496,744
17497,744
17498,744
17499,744
17500,744
17501,744
17502,744
17503,744
17504,744
17505,744
17506,744
17507,744
17508,744
17509,744
17510,744
17511,744
17512,744
17513,744
17514,744
17515,744
17516,744
17517,744
17518,744
17519,744
17520,744
17521,745
17522,745
17523,745
17524,745
17525,745
17526,745
17527,745
17528,745
17529,745
17530,745
17531,745
17532,745
17533,745
17534,745
17535,745
17536,745
17537,745
17538,745
17539,745
17540,745
17541,745
17542,745
17543,745
17544,745
17545,745
17546,745
17547,745
17548,745
17549,745
17550,745
17551,745
17552,745
17553,745
17554,745
17555,745
17556,745
17557,745
17558,745
17559,745
17560,745
17561,745
17562,745
17563,745
17564,745
17565,745
17566,745
17567,745
17568,745
17569,745
17570,745
17571,745
17572,745
17573,745
17574,745
17575,745
17576,745
17577,745
17578,745
17579,745
17580,745
17581,745
17582,745
17583,745
17584,745
17585,745
17586,745
17587,745
17588,745
17589,745
17590,745
17591,745
17592,745
17593,745
17594,745
17595,745
17596,745
17597,745
17598,745
17599,745
17600,745
17601,746
17602,746
17603,746
17604,746
17605,746
17606,746
17607,746
17608,746
17609,746
17610,746
17611,746
17612,746
17613,746
17614,746
17615,746
17616,746
17617,746
17618,746
17619,746
17620,746
17621,746
17622,746
17623,746
17624,746
17625,746
17626,746
17627,746
17628,746
17629,746
17630,746
17631,746
17632,746
17633,746
17634,746
17635,746
17636,746
17637,746
17638,746
17639,746
17640,746
17641,746
17642,746
17643,746
17644,746
17645,746
17646,746
17647,746
17648,746
17649,746
17650,746
17651,746
17652,746
17653,746
17654,746
17655,746
17656,746
17657,746
17658,746
17659,746
17660,746
17661,746
17662,746
17663,746
17664,746
17665,746
17666,746
17667,746
17668,746
17669,746
17670,746
17671,746
17672,746
17673,746
17674,746
17675,746
17676,746
17677,746
17678,746
17679,746
17680,746
17681,747
17682,747
17683,747
17684,747
17685,747
17686,747
17687,747
17688,747
17689,747
17690,747
17691,747
17692,747
17693,747
17694,747
17695,747
17696,747
17697,747
17698,747
17699,747
17700,747
17701,747
17702,747
17703,747
17704,747
17705,747
17706,747
17707,747
17708,747
17709,747
17710,747
17711,747
17712,747
17713,747
17714,747
17715,747
17716,747
17717,747
17718,747
17719,747
17720,747
17721,747
17722,747
17723,747
17724,747
17725,747
17726,747
17727,747
17728,747
17729,747
17730,747
17731,747
17732,747
17733,747
17734,747
17735,747
17736,747
17737,747
17738,747
17739,747
17740,747
17741,747
17742,747
17743,747
17744,747
17745,747
17746,747
17747,747
17748,747
17749,747
17750,747
17751,747
17752,747
17753,747
17754,747
17755,747
17756,747
17757,747
17758,747
17759,747
17760,747
17761,748
17762,748
17763,748
17764,748
17765,748
17766,748
17767,748
17768,748
17769,748
17770,748
17771,748
17772,748
17773,748
17774,748
17775,748
17776,748
17777,748
17778,748
17779,748
17780,748
17781,748
17782,748
17783,748
17784,748
17785,748
17786,748
17787,748
17788,748
17789,748
17790,748
17791,748
17792,748
17793,748
17794,748
17795,748
17796,748
17797,748
17798,748
17799,748
17800,748
17801,748
17802,748
17803,748
17804,748
17805,748
17806,748
17807,748
17808,748
17809,748
17810,748
17811,748
17812,748
17813,748
17814,748
17815,748
17816,748
17817,748
17818,748
17819,748
17820,748
17821,748
17822,748
17823,748
17824,748
17825,748
17826,748
17827,748
17828,748
17829,748
17830,748
17831,748
17832,748
17833,748
17834,748
17835,748
17836,748
17837,748
17838,748
17839,748
17840,748
17841,749
17842,749
17843,749
17844,749
17845,749
17846,749
17847,749
17848,749
17849,749
17850,749
17851,749
17852,749
17853,749
17854,749
17855,749
17856,749
17857,749
17858,749
17859,749
17860,749
17861,749
17862,749
17863,749
17864,749
17865,749
17866,749
17867,749
17868,749
17869,749
17870,749
17871,749
17872,749
17873,749
17874,749
17875,749
17876,749
17877,749
17878,749
17879,749
17880,749
17881,749
17882,749
17883,749
17884,749
17885,749
17886,749
17887,749
17888,749
17889,749
17890,749
17891,749
17892,749
17893,749
17894,749
17895,749
17896,749
17897,749
17898,749
17899,749
17900,749
17901,749
17902,749
17903,749
17904,749
17905,749
17906,749
17907,749
17908,749
17909,749
17910,749
17911,749
17912,749
17913,749
17914,749
17915,749
17916,749
17917,749
17918,749
17919,749
17920,749
17921,750
17922,750
17923,750
17924,750
17925,750
17926,750
17927,750
17928,750
17929,750
17930,750
17931,750
17932,750
17933,750
17934,750
17935,750
17936,750
17937,750
17938,750
17939,750
17940,750
17941,750
17942,750
17943,750
17944,750
17945,750
17946,750
17947,750
17948,750
17949,750
17950,750
17951,750
17952,750
17953,750
17954,750
17955,750
17956,750
17957,750
17958,750
17959,750
17960,750
17961,750
17962,750
17963,750
17964,750
17965,750
17966,750
17967,750
17968,750
17969,750
17970,750
17971,750
17972,750
17973,750
17974,750
17975,750
17976,750
17977,750
17978,750
17979,750
17980,750
17981,750
17982,750
17983,750
17984,750
17985,750
17986,750
17987,750
17988,750
17989,750
17990,750
17991,750
17992,750
17993,750
17994,750
17995,750
17996,750
17997,750
17998,750
17999,750
18000,750
18001,751
18002,751
18003,751
18004,751
18005,751
18006,751
18007,751
18008,751
18009,751
18010,751
18011,751
18012,751
18013,751
18014,751
18015,751
18016,751
18017,751
18018,751
18019,751
18020,751
18021,751
18022,751
18023,751
18024,751
18025,751
18026,751
18027,751
18028,751
18029,751
18030,751
18031,751
18032,751
18033,751
18034,751
18035,751
18036,751
18037,751
18038,751
18039,751
18040,751
18041,751
18042,751
18043,751
18044,751
18045,751
18046,751
18047,751
18048,751
18049,751
18050,751
18051,751
18052,751
18053,751
18054,751
18055,751
18056,751
18057,751
18058,751
18059,751
18060,751
18061,751
18062,751
18063,751
18064,751
18065,751
18066,751
18067,751
18068,751
18069,751
18070,751
18071,751
18072,751
18073,751
18074,751
18075,751
18076,751
18077,751
18078,751
18079,751
18080,751
18081,752
18082,752
18083,752
18084,752
18085,752
18086,752
18087,752
18088,752
18089,752
18090,752
18091,752
18092,752
18093,752
18094,752
18095,752
18096,752
18097,752
18098,752
18099,752
18100,752
18101,752
18102,752
18103,752
18104,752
18105,752
18106,752
18107,752
18108,752
18109,752
18110,752
18111,752
18112,752
18113,752
18114,752
18115,752
18116,752
18117,752
18118,752
18119,752
18120,752
18121,752
18122,752
18123,752
18124,752
18125,752
18126,752
18127,752
18128,752
18129,752
18130,752
18131,752
18132,752
18133,752
18134,752
18135,752
18136,752
18137,752
18138,752
18139,752
18140,752
18141,752
18142,752
18143,752
18144,752
18145,752
18146,752
18147,752
18148,752
18149,752
18150,752
18151,752
18152,752
18153,752
18154,752
18155,752
18156,752
18157,752
18158,752
18159,752
18160,752
18161,753
18162,753
18163,753
18164,753
18165,753
18166,753
18167,753
18168,753
18169,753
18170,753
18171,753
18172,753
18173,753
18174,753
18175,753
18176,753
18177,753
18178,753
18179,753
18180,753
18181,753
18182,753
18183,753
18184,753
18185,753
18186,753
18187,753
18188,753
18189,753
18190,753
18191,753
18192,753
18193,753
18194,753
18195,753
18196,753
18197,753
18198,753
18199,753
18200,753
18201,753
18202,753
18203,753
18204,753
18205,753
18206,753
18207,753
18208,753
18209,753
18210,753
18211,753
18212,753
18213,753
18214,753
18215,753
18216,753
18217,753
18218,753
18219,753
18220,753
18221,753
18222,753
18223,753
18224,753
18225,753
18226,753
18227,753
18228,753
18229,753
18230,753
18231,753
18232,753
18233,753
18234,753
18235,753
18236,753
18237,753
18238,753
18239,753
18240,753
18241,754
18242,754
18243,754
18244,754
18245,754
18246,754
18247,754
18248,754
18249,754
18250,754
18251,754
18252,754
18253,754
18254,754
18255,754
18256,754
18257,754
18258,754
18259,754
18260,754
18261,754
18262,754
18263,754
18264,754
18265,754
18266,754
18267,754
18268,754
18269,754
18270,754
18271,754
18272,754
18273,754
18274,754
18275,754
18276,754
18277,754
18278,754
18279,754
18280,754
18281,754
18282,754
18283,754
18284,754
18285,754
18286,754
18287,754
18288,754
18289,754
18290,754
18291,754
18292,754
18293,754
18294,754
18295,754
18296,754
18297,754
18298,754
18299,754
18300,754
18301,754
18302,754
18303,754
18304,754
18305,754
18306,754
18307,754
18308,754
18309,754
18310,754
18311,754
18312,754
18313,754
18314,754
18315,754
18316,754
18317,754
18318,754
18319,754
18320,754
18321,755
18322,755
18323,755
18324,755
18325,755
18326,755
18327,755
18328,755
18329,755
18330,755
18331,755
18332,755
18333,755
18334,755
18335,755
18336,755
18337,755
18338,755
18339,755
18340,755
18341,755
18342,755
18343,755
18344,755
18345,755
18346,755
18347,755
18348,755
18349,755
18350,755
18351,755
18352,755
18353,755
18354,755
18355,755
18356,755
18357,755
18358,755
18359,755
18360,755
18361,755
18362,755
18363,755
18364,755
18365,755
18366,755
18367,755
18368,755
18369,755
18370,755
18371,755
18372,755
18373,755
18374,755
18375,755
18376,755
18377,755
18378,755
18379,755
18380,755
18381,755
18382,755
18383,755
18384,755
18385,755
18386,755
18387,755
18388,755
18389,755
18390,755
18391,755
18392,755
18393,755
18394,755
18395,755
18396,755
18397,755
18398,755
18399,755
18400,755
18401,756
18402,756
18403,756
18404,756
18405,756
18406,756
18407,756
18408,756
18409,756
18410,756
18411,756
18412,756
18413,756
18414,756
18415,756
18416,756
18417,756
18418,756
18419,756
18420,756
18421,756
18422,756
18423,756
18424,756
18425,756
18426,756
18427,756
18428,756
18429,756
18430,756
18431,756
18432,756
18433,756
18434,756
18435,756
18436,756
18437,756
18438,756
18439,756
18440,756
18441,756
18442,756
18443,756
18444,756
18445,756
18446,756
18447,756
18448,756
18449,756
18450,756
18451,756
18452,756
18453,756
18454,756
18455,756
18456,756
18457,756
18458,756
18459,756
18460,756
18461,756
18462,756
18463,756
18464,756
18465,756
18466,756
18467,756
18468,756
18469,756
18470,756
18471,756
18472,756
18473,756
18474,756
18475,756
18476,756
18477,756
18478,756
18479,756
18480,756
18481,757
18482,757
18483,757
18484,757
18485,757
18486,757
18487,757
18488,757
18489,757
18490,757
18491,757
18492,757
18493,757
18494,757
18495,757
18496,757
18497,757
18498,757
18499,757
18500,757
18501,757
18502,757
18503,757
18504,757
18505,757
18506,757
18507,757
18508,757
18509,757
18510,757
18511,757
18512,757
18513,757
18514,757
18515,757
18516,757
18517,757
18518,757
18519,757
18520,757
18521,757
18522,757
18523,757
18524,757
18525,757
18526,757
18527,757
18528,757
18529,757
18530,757
18531,757
18532,757
18533,757
18534,757
18535,757
18536,757
18537,757
18538,757
18539,757
18540,757
18541,757
18542,757
18543,757
18544,757
18545,757
18546,757
18547,757
18548,757
18549,757
18550,757
18551,757
18552,757
18553,757
18554,757
18555,757
18556,757
18557,757
18558,757
18559,757
18560,757
18561,758
18562,758
18563,758
18564,758
18565,758
18566,758
18567,758
18568,758
18569,758
18570,758
18571,758
18572,758
18573,758
18574,758
18575,758
18576,758
18577,758
18578,758
18579,758
18580,758
18581,758
18582,758
18583,758
18584,758
18585,758
18586,758
18587,758
18588,758
18589,758
18590,758
18591,758
18592,758
18593,758
18594,758
18595,758
18596,758
18597,758
18598,758
18599,758
18600,758
18601,758
18602,758
18603,758
18604,758
18605,758
18606,758
18607,758
18608,758
18609,758
18610,758
18611,758
18612,758
18613,758
18614,758
18615,758
18616,758
18617,758
18618,758
18619,758
18620,758
18621,758
18622,758
18623,758
18624,758
18625,758
18626,758
18627,758
18628,758
18629,758
18630,758
18631,758
18632,758
18633,758
18634,758
18635,758
18636,758
18637,758
18638,758
18639,758
18640,758
18641,759
18642,759
18643,759
18644,759
18645,759
18646,759
18647,759
18648,759
18649,759
18650,759
18651,759
18652,759
18653,759
18654,759
18655,759
18656,759
18657,759
18658,759
18659,759
18660,759
18661,759
18662,759
18663,759
18664,759
18665,759
18666,759
18667,759
18668,759
18669,759
18670,759
18671,759
18672,759
18673,759
18674,759
18675,759
18676,759
18677,759
18678,759
18679,759
18680,759
18681,759
18682,759
18683,759
18684,759
18685,759
18686,759
18687,759
18688,759
18689,759
18690,759
18691,759
18692,759
18693,759
18694,759
18695,759
18696,759
18697,759
18698,759
18699,759
18700,759
18701,759
18702,759
18703,759
18704,759
18705,759
18706,759
18707,759
18708,759
18709,759
18710,759
18711,759
18712,759
18713,759
18714,759
18715,759
18716,759
18717,759
18718,759
18719,759
18720,759
18721,760
18722,760
18723,760
18724,760
18725,760
18726,760
18727,760
18728,760
18729,760
18730,760
18731,760
18732,760
18733,760
18734,760
18735,760
18736,760
18737,760
18738,760
18739,760
18740,760
18741,760
18742,760
18743,760
18744,760
18745,760
18746,760
18747,760
18748,760
18749,760
18750,760
18751,760
18752,760
18753,760
18754,760
18755,760
18756,760
18757,760
18758,760
18759,760
18760,760
18761,760
18762,760
18763,760
18764,760
18765,760
18766,760
18767,760
18768,760
18769,760
18770,760
18771,760
18772,760
18773,760
18774,760
18775,760
18776,760
18777,760
18778,760
18779,760
18780,760
18781,760
18782,760
18783,760
18784,760
18785,760
18786,760
18787,760
18788,760
18789,760
18790,760
18791,760
18792,760
18793,760
18794,760
18795,760
18796,760
18797,760
18798,760
18799,760
18800,760
18801,761
18802,761
18803,761
18804,761
18805,761
18806,761
18807,761
18808,761
18809,761
18810,761
18811,761
18812,761
18813,761
18814,761
18815,761
18816,761
18817,761
18818,761
18819,761
18820,761
18821,761
18822,761
18823,761
18824,761
18825,761
18826,761
18827,761
18828,761
18829,761
18830,761
18831,761
18832,761
18833,761
18834,761
18835,761
18836,761
18837,761
18838,761
18839,761
18840,761
18841,761
18842,761
18843,761
18844,761
18845,761
18846,761
18847,761
18848,761
18849,761
18850,761
18851,761
18852,761
18853,761
18854,761
18855,761
18856,761
18857,761
18858,761
18859,761
18860,761
18861,761
18862,761
18863,761
18864,761
18865,761
18866,761
18867,761
18868,761
18869,761
18870,761
18871,761
18872,761
18873,761
18874,761
18875,761
18876,761
18877,761
18878,761
18879,761
18880,761
18881,762
18882,762
18883,762
18884,762
18885,762
18886,762
18887,762
18888,762
18889,762
18890,762
18891,762
18892,762
18893,762
18894,762
18895,762
18896,762
18897,762
18898,762
18899,762
18900,762
18901,762
18902,762
18903,762
18904,762
18905,762
18906,762
18907,762
18908,762
18909,762
18910,762
18911,762
18912,762
18913,762
18914,762
18915,762
18916,762
18917,762
18918,762
18919,762
18920,762
18921,762
18922,762
18923,762
18924,762
18925,762
18926,762
18927,762
18928,762
18929,762
18930,762
18931,762
18932,762
18933,762
18934,762
18935,762
18936,762
18937,762
18938,762
18939,762
18940,762
18941,762
18942,762
18943,762
18944,762
18945,762
18946,762
18947,762
18948,762
18949,762
18950,762
18951,762
18952,762
18953,762
18954,762
18955,762
18956,762
18957,762
18958,762
18959,762
18960,762
18961,763
18962,763
18963,763
18964,763
18965,763
18966,763
18967,763
18968,763
18969,763
18970,763
18971,763
18972,763
18973,763
18974,763
18975,763
18976,763
18977,763
18978,763
18979,763
18980,763
18981,763
18982,763
18983,763
18984,763
18985,763
18986,763
18987,763
18988,763
18989,763
18990,763
18991,763
18992,763
18993,763
18994,763
18995,763
18996,763
18997,763
18998,763
18999,763
19000,763
19001,763
19002,763
19003,763
19004,763
19005,763
19006,763
19007,763
19008,763
19009,763
19010,763
19011,763
19012,763
19013,763
19014,763
19015,763
19016,763
19017,763
19018,763
19019,763
19020,763
19021,763
19022,763
19023,763
19024,763
19025,763
19026,763
19027,763
19028,763
19029,763
19030,763
19031,763
19032,763
19033,763
19034,763
19035,763
19036,763
19037,763
19038,763
19039,763
19040,763
19041,764
19042,764
19043,764
19044,764
19045,764
19046,764
19047,764
19048,764
19049,764
19050,764
19051,764
19052,764
19053,764
19054,764
19055,764
19056,764
19057,764
19058,764
19059,764
19060,764
19061,764
19062,764
19063,764
19064,764
19065,764
19066,764
19067,764
19068,764
19069,764
19070,764
19071,764
19072,764
19073,764
19074,764
19075,764
19076,764
19077,764
19078,764
19079,764
19080,764
19081,764
19082,764
19083,764
19084,764
19085,764
19086,764
19087,764
19088,764
19089,764
19090,764
19091,764
19092,764
19093,764
19094,764
19095,764
19096,764
19097,764
19098,764
19099,764
19100,764
19101,764
19102,764
19103,764
19104,764
19105,764
19106,764
19107,764
19108,764
19109,764
19110,764
19111,764
19112,764
19113,764
19114,764
19115,764
19116,764
19117,764
19118,764
19119,764
19120,764
19121,765
19122,765
19123,765
19124,765
19125,765
19126,765
19127,765
19128,765
19129,765
19130,765
19131,765
19132,765
19133,765
19134,765
19135,765
19136,765
19137,765
19138,765
19139,765
19140,765
19141,765
19142,765
19143,765
19144,765
19145,765
19146,765
19147,765
19148,765
19149,765
19150,765
19151,765
19152,765
19153,765
19154,765
19155,765
19156,765
19157,765
19158,765
19159,765
19160,765
19161,765
19162,765
19163,765
19164,765
19165,765
19166,765
19167,765
19168,765
19169,765
19170,765
19171,765
19172,765
19173,765
19174,765
19175,765
19176,765
19177,765
19178,765
19179,765
19180,765
19181,765
19182,765
19183,765
19184,765
19185,765
19186,765
19187,765
19188,765
19189,765
19190,765
19191,765
19192,765
19193,765
19194,765
19195,765
19196,765
19197,765
19198,765
19199,765
19200,765
19201,766
19202,766
19203,766
19204,766
19205,766
19206,766
19207,766
19208,766
19209,766
19210,766
19211,766
19212,766
19213,766
19214,766
19215,766
19216,766
19217,766
19218,766
19219,766
19220,766
19221,766
19222,766
19223,766
19224,766
19225,766
19226,766
19227,766
19228,766
19229,766
19230,766
19231,766
19232,766
19233,766
19234,766
19235,766
19236,766
19237,766
19238,766
19239,766
19240,766
19241,766
19242,766
19243,766
19244,766
19245,766
19246,766
19247,766
19248,766
19249,766
19250,766
19251,766
19252,766
19253,766
19254,766
19255,766
19256,766
19257,766
19258,766
19259,766
19260,766
19261,766
19262,766
19263,766
19264,766
19265,766
19266,766
19267,766
19268,766
19269,766
19270,766
19271,766
19272,766
19273,766
19274,766
19275,766
19276,766
19277,766
19278,766
19279,766
19280,766
19281,767
19282,767
19283,767
19284,767
19285,767
19286,767
19287,767
19288,767
19289,767
19290,767
19291,767
19292,767
19293,767
19294,767
19295,767
19296,767
19297,767
19298,767
19299,767
19300,767
19301,767
19302,767
19303,767
19304,767
19305,767
19306,767
19307,767
19308,767
19309,767
19310,767
19311,767
19312,767
19313,767
19314,767
19315,767
19316,767
19317,767
19318,767
19319,767
19320,767
19321,767
19322,767
19323,767
19324,767
19325,767
19326,767
19327,767
19328,767
19329,767
19330,767
19331,767
19332,767
19333,767
19334,767
19335,767
19336,767
19337,767
19338,767
19339,767
19340,767
19341,767
19342,767
19343,767
19344,767
19345,767
19346,767
19347,767
19348,767
19349,767
19350,767
19351,767
19352,767
19353,767
19354,767
19355,767
19356,767
19357,767
19358,767
19359,767
19360,767
19361,768
19362,768
19363,768
19364,768
19365,768
19366,768
19367,768
19368,768
19369,768
19370,768
19371,768
19372,768
19373,768
19374,768
19375,768
19376,768
19377,768
19378,768
19379,768
19380,768
19381,768
19382,768
19383,768
19384,768
19385,768
19386,768
19387,768
19388,768
19389,768
19390,768
19391,768
19392,768
19393,768
19394,768
19395,768
19396,768
19397,768
19398,768
19399,768
19400,768
19401,768
19402,768
19403,768
19404,768
19405,768
19406,768
19407,768
19408,768
19409,768
19410,768
19411,768
19412,768
19413,768
19414,768
19415,768
19416,768
19417,768
19418,768
19419,768
19420,768
19421,768
19422,768
19423,768
19424,768
19425,768
19426,768
19427,768
19428,768
19429,768
19430,768
19431,768
19432,768
19433,768
19434,768
19435,768
19436,768
19437,768
19438,768
19439,768
19440,768
19441,769
19442,769
19443,769
19444,769
19445,769
19446,769
19447,769
19448,769
19449,769
19450,769
19451,769
19452,769
19453,769
19454,769
19455,769
19456,769
19457,769
19458,769
19459,769
19460,769
19461,769
19462,769
19463,769
19464,769
19465,769
19466,769
19467,769
19468,769
19469,769
19470,769
19471,769
19472,769
19473,769
19474,769
19475,769
19476,769
19477,769
19478,769
19479,769
19480,769
19481,769
19482,769
19483,769
19484,769
19485,769
19486,769
19487,769
19488,769
19489,769
19490,769
19491,769
19492,769
19493,769
19494,769
19495,769
19496,769
19497,769
19498,769
19499,769
19500,769
19501,769
19502,769
19503,769
19504,769
19505,769
19506,769
19507,769
19508,769
19509,769
19510,769
19511,769
19512,769
19513,769
19514,769
19515,769
19516,769
19517,769
19518,769
19519,769
19520,769
19521,770
19522,770
19523,770
19524,770
19525,770
19526,770
19527,770
19528,770
19529,770
19530,770
19531,770
19532,770
19533,770
19534,770
19535,770
19536,770
19537,770
19538,770
19539,770
19540,770
19541,770
19542,770
19543,770
19544,770
19545,770
19546,770
19547,770
19548,770
19549,770
19550,770
19551,770
19552,770
19553,770
19554,770
19555,770
19556,770
19557,770
19558,770
19559,770
19560,770
19561,770
19562,770
19563,770
19564,770
19565,770
19566,770
19567,770
19568,770
19569,770
19570,770
19571,770
19572,770
19573,770
19574,770
19575,770
19576,770
19577,770
19578,770
19579,770
19580,770
19581,770
19582,770
19583,770
19584,770
19585,770
19586,770
19587,770
19588,770
19589,770
19590,770
19591,770
19592,770
19593,770
19594,770
19595,770
19596,770
19597,770
19598,770
19599,770
19600,770
19601,771
19602,771
19603,771
19604,771
19605,771
19606,771
19607,771
19608,771
19609,771
19610,771
19611,771
19612,771
19613,771
19614,771
19615,771
19616,771
19617,771
19618,771
19619,771
19620,771
19621,771
19622,771
19623,771
19624,771
19625,771
19626,771
19627,771
19628,771
19629,771
19630,771
19631,771
19632,771
19633,771
19634,771
19635,771
19636,771
19637,771
19638,771
19639,771
19640,771
19641,771
19642,771
19643,771
19644,771
19645,771
19646,771
19647,771
19648,771
19649,771
19650,771
19651,771
19652,771
19653,771
19654,771
19655,771
19656,771
19657,771
19658,771
19659,771
19660,771
19661,771
19662,771
19663,771
19664,771
19665,771
19666,771
19667,771
19668,771
19669,771
19670,771
19671,771
19672,771
19673,771
19674,771
19675,771
19676,771
19677,771
19678,771
19679,771
19680,771
19681,772
19682,772
19683,772
19684,772
19685,772
19686,772
19687,772
19688,772
19689,772
19690,772
19691,772
19692,772
19693,772
19694,772
19695,772
19696,772
19697,772
19698,772
19699,772
19700,772
19701,772
19702,772
19703,772
19704,772
19705,772
19706,772
19707,772
19708,772
19709,772
19710,772
19711,772
19712,772
19713,772
19714,772
19715,772
19716,772
19717,772
19718,772
19719,772
19720,772
19721,772
19722,772
19723,772
19724,772
19725,772
19726,772
19727,772
19728,772
19729,772
19730,772
19731,772
19732,772
19733,772
19734,772
19735,772
19736,772
19737,772
19738,772
19739,772
19740,772
19741,772
19742,772
19743,772
19744,772
19745,772
19746,772
19747,772
19748,772
19749,772
19750,772
19751,772
19752,772
19753,772
19754,772
19755,772
19756,772
19757,772
19758,772
19759,772
19760,772
19761,773
19762,773
19763,773
19764,773
19765,773
19766,773
19767,773
19768,773
19769,773
19770,773
19771,773
19772,773
19773,773
19774,773
19775,773
19776,773
19777,773
19778,773
19779,773
19780,773
19781,773
19782,773
19783,773
19784,773
19785,773
19786,773
19787,773
19788,773
19789,773
19790,773
19791,773
19792,773
19793,773
19794,773
19795,773
19796,773
19797,773
19798,773
19799,773
19800,773
19801,773
19802,773
19803,773
19804,773
19805,773
19806,773
19807,773
19808,773
19809,773
19810,773
19811,773
19812,773
19813,773
19814,773
19815,773
19816,773
19817,773
19818,773
19819,773
19820,773
19821,773
19822,773
19823,773
19824,773
19825,773
19826,773
19827,773
19828,773
19829,773
19830,773
19831,773
19832,773
19833,773
19834,773
19835,773
19836,773
19837,773
19838,773
19839,773
19840,773
19841,774
19842,774
19843,774
19844,774
19845,774
19846,774
19847,774
19848,774
19849,774
19850,774
19851,774
19852,774
19853,774
19854,774
19855,774
19856,774
19857,774
19858,774
19859,774
19860,774
19861,774
19862,774
19863,774
19864,774
19865,774
19866,774
19867,774
19868,774
19869,774
19870,774
19871,774
19872,774
19873,774
19874,774
19875,774
19876,774
19877,774
19878,774
19879,774
19880,774
19881,774
19882,774
19883,774
19884,774
19885,774
19886,774
19887,774
19888,774
19889,774
19890,774
19891,774
19892,774
19893,774
19894,774
19895,774
19896,774
19897,774
19898,774
19899,774
19900,774
19901,774
19902,774
19903,774
19904,774
19905,774
19906,774
19907,774
19908,774
19909,774
19910,774
19911,774
19912,774
19913,774
19914,774
19915,774
19916,774
19917,774
19918,774
19919,774
19920,774
19921,775
19922,775
19923,775
19924,775
19925,775
19926,775
19927,775
19928,775
19929,775
19930,775
19931,775
19932,775
19933,775
19934,775
19935,775
19936,775
19937,775
19938,775
19939,775
19940,775
19941,775
19942,775
19943,775
19944,775
19945,775
19946,775
19947,775
19948,775
19949,775
19950,775
19951,775
19952,775
19953,775
19954,775
19955,775
19956,775
19957,775
19958,775
19959,775
19960,775
19961,775
19962,775
19963,775
19964,775
19965,775
19966,775
19967,775
19968,775
19969,775
19970,775
19971,775
19972,775
19973,775
19974,775
19975,775
19976,775
19977,775
19978,775
19979,775
19980,775
19981,775
19982,775
19983,775
19984,775
19985,775
19986,775
19987,775
19988,775
19989,775
19990,775
19991,775
19992,775
19993,775
19994,775
19995,775
19996,775
19997,775
19998,775
19999,775
20000,775
20001,776
20002,776
20003,776
20004,776
20005,776
20006,776
20007,776
20008,776
20009,776
20010,776
20011,776
20012,776
20013,776
20014,776
20015,776
20016,776
20017,776
20018,776
20019,776
20020,776
20021,776
20022,776
20023,776
20024,776
20025,776
20026,776
20027,776
20028,776
20029,776
20030,776
20031,776
20032,776
20033,776
20034,776
20035,776
20036,776
20037,776
20038,776
20039,776
20040,776
20041,776
20042,776
20043,776
20044,776
20045,776
20046,776
20047,776
20048,776
20049,776
20050,776
20051,776
20052,776
20053,776
20054,776
20055,776
20056,776
20057,776
20058,776
20059,776
20060,776
20061,776
20062,776
20063,776
20064,776
20065,776
20066,776
20067,776
20068,776
20069,776
20070,776
20071,776
20072,776
20073,776
20074,776
20075,776
20076,776
20077,776
20078,776
20079,776
20080,776
20081,777
20082,777
20083,777
20084,777
20085,777
20086,777
20087,777
20088,777
20089,777
20090,777
20091,777
20092,777
20093,777
20094,777
20095,777
20096,777
20097,777
20098,777
20099,777
20100,777
20101,777
20102,777
20103,777
20104,777
20105,777
20106,777
20107,777
20108,777
20109,777
20110,777
20111,777
20112,777
20113,777
20114,777
20115,777
20116,777
20117,777
20118,777
20119,777
20120,777
20121,777
20122,777
20123,777
20124,777
20125,777
20126,777
20127,777
20128,777
20129,777
20130,777
20131,777
20132,777
20133,777
20134,777
20135,777
20136,777
20137,777
20138,777
20139,777
20140,777
20141,777
20142,777
20143,777
20144,777
20145,777
20146,777
20147,777
20148,777
20149,777
20150,777
20151,777
20152,777
20153,777
20154,777
20155,777
20156,777
20157,777
20158,777
20159,777
20160,777
20161,778
20162,778
20163,778
20164,778
20165,778
20166,778
20167,778
20168,778
20169,778
20170,778
20171,778
20172,778
20173,778
20174,778
20175,778
20176,778
20177,778
20178,778
20179,778
20180,778
20181,778
20182,778
20183,778
20184,778
20185,778
20186,778
20187,778
20188,778
20189,778
20190,778
20191,778
20192,778
20193,778
20194,778
20195,778
20196,778
20197,778
20198,778
20199,778
20200,778
20201,778
20202,778
20203,778
20204,778
20205,778
20206,778
20207,778
20208,778
20209,778
20210,778
20211,778
20212,778
20213,778
20214,778
20215,778
20216,778
20217,778
20218,778
20219,778
20220,778
20221,778
20222,778
20223,778
20224,778
20225,778
20226,778
20227,778
20228,778
20229,778
20230,778
20231,778
20232,778
20233,778
20234,778
20235,778
20236,778
20237,778
20238,778
20239,778
20240,778
20241,779
20242,779
20243,779
20244,779
20245,779
20246,779
20247,779
20248,779
20249,779
20250,779
20251,779
20252,779
20253,779
20254,779
20255,779
20256,779
20257,779
20258,779
20259,779
20260,779
20261,779
20262,779
20263,779
20264,779
20265,779
20266,779
20267,779
20268,779
20269,779
20270,779
20271,779
20272,779
20273,779
20274,779
20275,779
20276,779
20277,779
20278,779
20279,779
20280,779
20281,779
20282,779
20283,779
20284,779
20285,779
20286,779
20287,779
20288,779
20289,779
20290,779
20291,779
20292,779
20293,779
20294,779
20295,779
20296,779
20297,779
20298,779
20299,779
20300,779
20301,779
20302,779
20303,779
20304,779
20305,779
20306,779
20307,779
20308,779
20309,779
20310,779
20311,779
20312,779
20313,779
20314,779
20315,779
20316,779
20317,779
20318,779
20319,779
20320,779
20321,780
20322,780
20323,780
20324,780
20325,780
20326,780
20327,780
20328,780
20329,780
20330,780
20331,780
20332,780
20333,780
20334,780
20335,780
20336,780
20337,780
20338,780
20339,780
20340,780
20341,780
20342,780
20343,780
20344,780
20345,780
20346,780
20347,780
20348,780
20349,780
20350,780
20351,780
20352,780
20353,780
20354,780
20355,780
20356,780
20357,780
20358,780
20359,780
20360,780
20361,780
20362,780
20363,780
20364,780
20365,780
20366,780
20367,780
20368,780
20369,780
20370,780
20371,780
20372,780
20373,780
20374,780
20375,780
20376,780
20377,780
20378,780
20379,780
20380,780
20381,780
20382,780
20383,780
20384,780
20385,780
20386,780
20387,780
20388,780
20389,780
20390,780
20391,780
20392,780
20393,780
20394,780
20395,780
20396,780
20397,780
20398,780
20399,780
20400,780
20401,781
20402,781
20403,781
20404,781
20405,781
20406,781
20407,781
20408,781
20409,781
20410,781
20411,781
20412,781
20413,781
20414,781
20415,781
20416,781
20417,781
20418,781
20419,781
20420,781
20421,781
20422,781
20423,781
20424,781
20425,781
20426,781
20427,781
20428,781
20429,781
20430,781
20431,781
20432,781
20433,781
20434,781
20435,781
20436,781
20437,781
20438,781
20439,781
20440,781
20441,781
20442,781
20443,781
20444,781
20445,781
20446,781
20447,781
20448,781
20449,781
20450,781
20451,781
20452,781
20453,781
20454,781
20455,781
20456,781
20457,781
20458,781
20459,781
20460,781
20461,781
20462,781
20463,781
20464,781
20465,781
20466,781
20467,781
20468,781
20469,781
20470,781
20471,781
20472,781
20473,781
20474,781
20475,781
20476,781
20477,781
20478,781
20479,781
20480,781
20481,782
20482,782
20483,782
20484,782
20485,782
20486,782
20487,782
20488,782
20489,782
20490,782
20491,782
20492,782
20493,782
20494,782
20495,782
20496,782
20497,782
20498,782
20499,782
20500,782
20501,782
20502,782
20503,782
20504,782
20505,782
20506,782
20507,782
20508,782
20509,782
20510,782
20511,782
20512,782
20513,782
20514,782
20515,782
20516,782
20517,782
20518,782
20519,782
20520,782
20521,782
20522,782
20523,782
20524,782
20525,782
20526,782
20527,782
20528,782
20529,782
20530,782
20531,782
20532,782
20533,782
20534,782
20535,782
20536,782
20537,782
20538,782
20539,782
20540,782
20541,782
20542,782
20543,782
20544,782
20545,782
20546,782
20547,782
20548,782
20549,782
20550,782
20551,782
20552,782
20553,782
20554,782
20555,782
20556,782
20557,782
20558,782
20559,782
20560,782
20561,783
20562,783
20563,783
20564,783
20565,783
20566,783
20567,783
20568,783
20569,783
20570,783
20571,783
20572,783
20573,783
20574,783
20575,783
20576,783
20577,783
20578,783
20579,783
20580,783
20581,783
20582,783
20583,783
20584,783
20585,783
20586,783
20587,783
20588,783
20589,783
20590,783
20591,783
20592,783
20593,783
20594,783
20595,783
20596,783
20597,783
20598,783
20599,783
20600,783
20601,783
20602,783
20603,783
20604,783
20605,783
20606,783
20607,783
20608,783
20609,783
20610,783
20611,783
20612,783
20613,783
20614,783
20615,783
20616,783
20617,783
20618,783
20619,783
20620,783
20621,783
20622,783
20623,783
20624,783
20625,783
20626,783
20627,783
20628,783
20629,783
20630,783
20631,783
20632,783
20633,783
20634,783
20635,783
20636,783
20637,783
20638,783
20639,783
20640,783
20641,784
20642,784
20643,784
20644,784
20645,784
20646,784
20647,784
20648,784
20649,784
20650,784
20651,784
20652,784
20653,784
20654,784
20655,784
20656,784
20657,784
20658,784
20659,784
20660,784
20661,784
20662,784
20663,784
20664,784
20665,784
20666,784
20667,784
20668,784
20669,784
20670,784
20671,784
20672,784
20673,784
20674,784
20675,784
20676,784
20677,784
20678,784
20679,784
20680,784
20681,784
20682,784
20683,784
20684,784
20685,784
20686,784
20687,784
20688,784
20689,784
20690,784
20691,784
20692,784
20693,784
20694,784
20695,784
20696,784
20697,784
20698,784
20699,784
20700,784
20701,784
20702,784
20703,784
20704,784
20705,784
20706,784
20707,784
20708,784
20709,784
20710,784
20711,784
20712,784
20713,784
20714,784
20715,784
20716,784
20717,784
20718,784
20719,784
20720,784
20721,785
20722,785
20723,785
20724,785
20725,785
20726,785
20727,785
20728,785
20729,785
20730,785
20731,785
20732,785
20733,785
20734,785
20735,785
20736,785
20737,785
20738,785
20739,785
20740,785
20741,785
20742,785
20743,785
20744,785
20745,785
20746,785
20747,785
20748,785
20749,785
20750,785
20751,785
20752,785
20753,785
20754,785
20755,785
20756,785
20757,785
20758,785
20759,785
20760,785
20761,785
20762,785
20763,785
20764,785
20765,785
20766,785
20767,785
20768,785
20769,785
20770,785
20771,785
20772,785
20773,785
20774,785
20775,785
20776,785
20777,785
20778,785
20779,785
20780,785
20781,785
20782,785
20783,785
20784,785
20785,785
20786,785
20787,785
20788,785
20789,785
20790,785
20791,785
20792,785
20793,785
20794,785
20795,785
20796,785
20797,785
20798,785
20799,785
20800,785
20801,786
20802,786
20803,786
20804,786
20805,786
20806,786
20807,786
20808,786
20809,786
20810,786
20811,786
20812,786
20813,786
20814,786
20815,786
20816,786
20817,786
20818,786
20819,786
20820,786
20821,786
20822,786
20823,786
20824,786
20825,786
20826,786
20827,786
20828,786
20829,786
20830,786
20831,786
20832,786
20833,786
20834,786
20835,786
20836,786
20837,786
20838,786
20839,786
20840,786
20841,786
20842,786
20843,786
20844,786
20845,786
20846,786
20847,786
20848,786
20849,786
20850,786
20851,786
20852,786
20853,786
20854,786
20855,786
20856,786
20857,786
20858,786
20859,786
20860,786
20861,786
20862,786
20863,786
20864,786
20865,786
20866,786
20867,786
20868,786
20869,786
20870,786
20871,786
20872,786
20873,786
20874,786
20875,786
20876,786
20877,786
20878,786
20879,786
20880,786
20881,787
20882,787
20883,787
20884,787
20885,787
20886,787
20887,787
20888,787
20889,787
20890,787
20891,787
20892,787
20893,787
20894,787
20895,787
20896,787
20897,787
20898,787
20899,787
20900,787
20901,787
20902,787
20903,787
20904,787
20905,787
20906,787
20907,787
20908,787
20909,787
20910,787
20911,787
20912,787
20913,787
20914,787
20915,787
20916,787
20917,787
20918,787
20919,787
20920,787
20921,787
20922,787
20923,787
20924,787
20925,787
20926,787
20927,787
20928,787
20929,787
20930,787
20931,787
20932,787
20933,787
20934,787
20935,787
20936,787
20937,787
20938,787
20939,787
20940,787
20941,787
20942,787
20943,787
20944,787
20945,787
20946,787
20947,787
20948,787
20949,787
20950,787
20951,787
20952,787
20953,787
20954,787
20955,787
20956,787
20957,787
20958,787
20959,787
20960,787
20961,788
20962,788
20963,788
20964,788
20965,788
20966,788
20967,788
20968,788
20969,788
20970,788
20971,788
20972,788
20973,788
20974,788
20975,788
20976,788
20977,788
20978,788
20979,788
20980,788
20981,788
20982,788
20983,788
20984,788
20985,788
20986,788
20987,788
20988,788
20989,788
20990,788
20991,788
20992,788
20993,788
20994,788
20995,788
20996,788
20997,788
20998,788
20999,788
21000,788
21001,788
21002,788
21003,788
21004,788
21005,788
21006,788
21007,788
21008,788
21009,788
21010,788
21011,788
21012,788
21013,788
21014,788
21015,788
21016,788
21017,788
21018,788
21019,788
21020,788
21021,788
21022,788
21023,788
21024,788
21025,788
21026,788
21027,788
21028,788
21029,788
21030,788
21031,788
21032,788
21033,788
21034,788
21035,788
21036,788
21037,788
21038,788
21039,788
21040,788
21041,789
21042,789
21043,789
21044,789
21045,789
21046,789
21047,789
21048,789
21049,789
21050,789
21051,789
21052,789
21053,789
21054,789
21055,789
21056,789
21057,789
21058,789
21059,789
21060,789
21061,789
21062,789
21063,789
21064,789
21065,789
21066,789
21067,789
21068,789
21069,789
21070,789
21071,789
21072,789
21073,789
21074,789
21075,789
21076,789
21077,789
21078,789
21079,789
21080,789
21081,789
21082,789
21083,789
21084,789
21085,789
21086,789
21087,789
21088,789
21089,789
21090,789
21091,789
21092,789
21093,789
21094,789
21095,789
21096,789
21097,789
21098,789
21099,789
21100,789
21101,789
21102,789
21103,789
21104,789
21105,789
21106,789
21107,789
21108,789
21109,789
21110,789
21111,789
21112,789
21113,789
21114,789
21115,789
21116,789
21117,789
21118,789
21119,789
21120,789
21121,790
21122,790
21123,790
21124,790
21125,790
21126,790
21127,790
21128,790
21129,790
21130,790
21131,790
21132,790
21133,790
21134,790
21135,790
21136,790
21137,790
21138,790
21139,790
21140,790
21141,790
21142,790
21143,790
21144,790
21145,790
21146,790
21147,790
21148,790
21149,790
21150,790
21151,790
21152,790
21153,790
21154,790
21155,790
21156,790
21157,790
21158,790
21159,790
21160,790
21161,790
21162,790
21163,790
21164,790
21165,790
21166,790
21167,790
21168,790
21169,790
21170,790
21171,790
21172,790
21173,790
21174,790
21175,790
21176,790
21177,790
21178,790
21179,790
21180,790
21181,790
21182,790
21183,790
21184,790
21185,790
21186,790
21187,790
21188,790
21189,790
21190,790
21191,790
21192,790
21193,790
21194,790
21195,790
21196,790
21197,790
21198,790
21199,790
21200,790
21201,791
21202,791
21203,791
21204,791
21205,791
21206,791
21207,791
21208,791
21209,791
21210,791
21211,791
21212,791
21213,791
21214,791
21215,791
21216,791
21217,791
21218,791
21219,791
21220,791
21221,791
21222,791
21223,791
21224,791
21225,791
21226,791
21227,791
21228,791
21229,791
21230,791
21231,791
21232,791
21233,791
21234,791
21235,791
21236,791
21237,791
21238,791
21239,791
21240,791
21241,791
21242,791
21243,791
21244,791
21245,791
21246,791
21247,791
21248,791
21249,791
21250,791
21251,791
21252,791
21253,791
21254,791
21255,791
21256,791
21257,791
21258,791
21259,791
21260,791
21261,791
21262,791
21263,791
21264,791
21265,791
21266,791
21267,791
21268,791
21269,791
21270,791
21271,791
21272,791
21273,791
21274,791
21275,791
21276,791
21277,791
21278,791
21279,791
21280,791
21281,792
21282,792
21283,792
21284,792
21285,792
21286,792
21287,792
21288,792
21289,792
21290,792
21291,792
21292,792
21293,792
21294,792
21295,792
21296,792
21297,792
21298,792
21299,792
21300,792
21301,792
21302,792
21303,792
21304,792
21305,792
21306,792
21307,792
21308,792
21309,792
21310,792
21311,792
21312,792
21313,792
21314,792
21315,792
21316,792
21317,792
21318,792
21319,792
21320,792
21321,792
21322,792
21323,792
21324,792
21325,792
21326,792
21327,792
21328,792
21329,792
21330,792
21331,792
21332,792
21333,792
21334,792
21335,792
21336,792
21337,792
21338,792
21339,792
21340,792
21341,792
21342,792
21343,792
21344,792
21345,792
21346,792
21347,792
21348,792
21349,792
21350,792
21351,792
21352,792
21353,792
21354,792
21355,792
21356,792
21357,792
21358,792
21359,792
21360,792
21361,793
21362,793
21363,793
21364,793
21365,793
21366,793
21367,793
21368,793
21369,793
21370,793
21371,793
21372,793
21373,793
21374,793
21375,793
21376,793
21377,793
21378,793
21379,793
21380,793
21381,793
21382,793
21383,793
21384,793
21385,793
21386,793
21387,793
21388,793
21389,793
21390,793
21391,793
21392,793
21393,793
21394,793
21395,793
21396,793
21397,793
21398,793
21399,793
21400,793
21401,793
21402,793
21403,793
21404,793
21405,793
21406,793
21407,793
21408,793
21409,793
21410,793
21411,793
21412,793
21413,793
21414,793
21415,793
21416,793
21417,793
21418,793
21419,793
21420,793
21421,793
21422,793
21423,793
21424,793
21425,793
21426,793
21427,793
21428,793
21429,793
21430,793
21431,793
21432,793
21433,793
21434,793
21435,793
21436,793
21437,793
21438,793
21439,793
21440,793
21441,794
21442,794
21443,794
21444,794
21445,794
21446,794
21447,794
21448,794
21449,794
21450,794
21451,794
21452,794
21453,794
21454,794
21455,794
21456,794
21457,794
21458,794
21459,794
21460,794
21461,794
21462,794
21463,794
21464,794
21465,794
21466,794
21467,794
21468,794
21469,794
21470,794
21471,794
21472,794
21473,794
21474,794
21475,794
21476,794
21477,794
21478,794
21479,794
21480,794
21481,794
21482,794
21483,794
21484,794
21485,794
21486,794
21487,794
21488,794
21489,794
21490,794
21491,794
21492,794
21493,794
21494,794
21495,794
21496,794
21497,794
21498,794
21499,794
21500,794
21501,794
21502,794
21503,794
21504,794
21505,794
21506,794
21507,794
21508,794
21509,794
21510,794
21511,794
21512,794
21513,794
21514,794
21515,794
21516,794
21517,794
21518,794
21519,794
21520,794
21521,795
21522,795
21523,795
21524,795
21525,795
21526,795
21527,795
21528,795
21529,795
21530,795
21531,795
21532,795
21533,795
21534,795
21535,795
21536,795
21537,795
21538,795
21539,795
21540,795
21541,795
21542,795
21543,795
21544,795
21545,795
21546,795
21547,795
21548,795
21549,795
21550,795
21551,795
21552,795
21553,795
21554,795
21555,795
21556,795
21557,795
21558,795
21559,795
21560,795
21561,795
21562,795
21563,795
21564,795
21565,795
21566,795
21567,795
21568,795
21569,795
21570,795
21571,795
21572,795
21573,795
21574,795
21575,795
21576,795
21577,795
21578,795
21579,795
21580,795
21581,795
21582,795
21583,795
21584,795
21585,795
21586,795
21587,795
21588,795
21589,795
21590,795
21591,795
21592,795
21593,795
21594,795
21595,795
21596,795
21597,795
21598,795
21599,795
21600,795
21601,796
21602,796
21603,796
21604,796
21605,796
21606,796
21607,796
21608,796
21609,796
21610,796
21611,796
21612,796
21613,796
21614,796
21615,796
21616,796
21617,796
21618,796
21619,796
21620,796
21621,796
21622,796
21623,796
21624,796
21625,796
21626,796
21627,796
21628,796
21629,796
21630,796
21631,796
21632,796
21633,796
21634,796
21635,796
21636,796
21637,796
21638,796
21639,796
21640,796
21641,796
21642,796
21643,796
21644,796
21645,796
21646,796
21647,796
21648,796
21649,796
21650,796
21651,796
21652,796
21653,796
21654,796
21655,796
21656,796
21657,796
21658,796
21659,796
21660,796
21661,796
21662,796
21663,796
21664,796
21665,796
21666,796
21667,796
21668,796
21669,796
21670,796
21671,796
21672,796
21673,796
21674,796
21675,796
21676,796
21677,796
21678,796
21679,796
21680,796
21681,797
21682,797
21683,797
21684,797
21685,797
21686,797
21687,797
21688,797
21689,797
21690,797
21691,797
21692,797
21693,797
21694,797
21695,797
21696,797
21697,797
21698,797
21699,797
21700,797
21701,797
21702,797
21703,797
21704,797
21705,797
21706,797
21707,797
21708,797
21709,797
21710,797
21711,797
21712,797
21713,797
21714,797
21715,797
21716,797
21717,797
21718,797
21719,797
21720,797
21721,797
21722,797
21723,797
21724,797
21725,797
21726,797
21727,797
21728,797
21729,797
21730,797
21731,797
21732,797
21733,797
21734,797
21735,797
21736,797
21737,797
21738,797
21739,797
21740,797
21741,797
21742,797
21743,797
21744,797
21745,797
21746,797
21747,797
21748,797
21749,797
21750,797
21751,797
21752,797
21753,797
21754,797
21755,797
21756,797
21757,797
21758,797
21759,797
21760,797
21761,798
21762,798
21763,798
21764,798
21765,798
21766,798
21767,798
21768,798
21769,798
21770,798
21771,798
21772,798
21773,798
21774,798
21775,798
21776,798
21777,798
21778,798
21779,798
21780,798
21781,798
21782,798
21783,798
21784,798
21785,798
21786,798
21787,798
21788,798
21789,798
21790,798
21791,798
21792,798
21793,798
21794,798
21795,798
21796,798
21797,798
21798,798
21799,798
21800,798
21801,798
21802,798
21803,798
21804,798
21805,798
21806,798
21807,798
21808,798
21809,798
21810,798
21811,798
21812,798
21813,798
21814,798
21815,798
21816,798
21817,798
21818,798
21819,798
21820,798
21821,798
21822,798
21823,798
21824,798
21825,798
21826,798
21827,798
21828,798
21829,798
21830,798
21831,798
21832,798
21833,798
21834,798
21835,798
21836,798
21837,798
21838,798
21839,798
21840,798
21841,799
21842,799
21843,799
21844,799
21845,799
21846,799
21847,799
21848,799
21849,799
21850,799
21851,799
21852,799
21853,799
21854,799
21855,799
21856,799
21857,799
21858,799
21859,799
21860,799
21861,799
21862,799
21863,799
21864,799
21865,799
21866,799
21867,799
21868,799
21869,799
21870,799
21871,799
21872,799
21873,799
21874,799
21875,799
21876,799
21877,799
21878,799
21879,799
21880,799
21881,799
21882,799
21883,799
21884,799
21885,799
21886,799
21887,799
21888,799
21889,799
21890,799
21891,799
21892,799
21893,799
21894,799
21895,799
21896,799
21897,799
21898,799
21899,799
21900,799
21901,799
21902,799
21903,799
21904,799
21905,799
21906,799
21907,799
21908,799
21909,799
21910,799
21911,799
21912,799
21913,799
21914,799
21915,799
21916,799
21917,799
21918,799
21919,799
21920,799
21921,800
21922,800
21923,800
21924,800
21925,800
21926,800
21927,800
21928,800
21929,800
21930,800
21931,800
21932,800
21933,800
21934,800
21935,800
21936,800
21937,800
21938,800
21939,800
21940,800
21941,800
21942,800
21943,800
21944,800
21945,800
21946,800
21947,800
21948,800
21949,800
21950,800
21951,800
21952,800
21953,800
21954,800
21955,800
21956,800
21957,800
21958,800
21959,800
21960,800
21961,800
21962,800
21963,800
21964,800
21965,800
21966,800
21967,800
21968,800
21969,800
21970,800
21971,800
21972,800
21973,800
21974,800
21975,800
21976,800
21977,800
21978,800
21979,800
21980,800
21981,800
21982,800
21983,800
21984,800
21985,800
21986,800
21987,800
21988,800
21989,800
21990,800
21991,800
21992,800
21993,800
21994,800
21995,800
21996,800
21997,800
21998,800
21999,800
22000,800
22001,801
22002,801
22003,801
22004,801
22005,801
22006,801
22007,801
22008,801
22009,801
22010,801
22011,801
22012,801
22013,801
22014,801
22015,801
22016,801
22017,801
22018,801
22019,801
22020,801
22021,801
22022,801
22023,801
22024,801
22025,801
22026,801
22027,801
22028,801
22029,801
22030,801
22031,801
22032,801
22033,801
22034,801
22035,801
22036,801
22037,801
22038,801
22039,801
22040,801
22041,801
22042,801
22043,801
22044,801
22045,801
22046,801
22047,801
22048,801
22049,801
22050,801
22051,801
22052,801
22053,801
22054,801
22055,801
22056,801
22057,801
22058,801
22059,801
22060,801
22061,801
22062,801
22063,801
22064,801
22065,801
22066,801
22067,801
22068,801
22069,801
22070,801
22071,801
22072,801
22073,801
22074,801
22075,801
22076,801
22077,801
22078,801
22079,801
22080,801
22081,802
22082,802
22083,802
22084,802
22085,802
22086,802
22087,802
22088,802
22089,802
22090,802
22091,802
22092,802
22093,802
22094,802
22095,802
22096,802
22097,802
22098,802
22099,802
22100,802
22101,802
22102,802
22103,802
22104,802
22105,802
22106,802
22107,802
22108,802
22109,802
22110,802
22111,802
22112,802
22113,802
22114,802
22115,802
22116,802
22117,802
22118,802
22119,802
22120,802
22121,802
22122,802
22123,802
22124,802
22125,802
22126,802
22127,802
22128,802
22129,802
22130,802
22131,802
22132,802
22133,802
22134,802
22135,802
22136,802
22137,802
22138,802
22139,802
22140,802
22141,802
22142,802
22143,802
22144,802
22145,802
22146,802
22147,802
22148,802
22149,802
22150,802
22151,802
22152,802
22153,802
22154,802
22155,802
22156,802
22157,802
22158,802
22159,802
22160,802
22161,803
22162,803
22163,803
22164,803
22165,803
22166,803
22167,803
22168,803
22169,803
22170,803
22171,803
22172,803
22173,803
22174,803
22175,803
22176,803
22177,803
22178,803
22179,803
22180,803
22181,803
22182,803
22183,803
22184,803
22185,803
22186,803
22187,803
22188,803
22189,803
22190,803
22191,803
22192,803
22193,803
22194,803
22195,803
22196,803
22197,803
22198,803
22199,803
22200,803
22201,803
22202,803
22203,803
22204,803
22205,803
22206,803
22207,803
22208,803
22209,803
22210,803
22211,803
22212,803
22213,803
22214,803
22215,803
22216,803
22217,803
22218,803
22219,803
22220,803
22221,803
22222,803
22223,803
22224,803
22225,803
22226,803
22227,803
22228,803
22229,803
22230,803
22231,803
22232,803
22233,803
22234,803
22235,803
22236,803
22237,803
22238,803
22239,803
22240,803
22241,804
22242,804
22243,804
22244,804
22245,804
22246,804
22247,804
22248,804
22249,804
22250,804
22251,804
22252,804
22253,804
22254,804
22255,804
22256,804
22257,804
22258,804
22259,804
22260,804
22261,804
22262,804
22263,804
22264,804
22265,804
22266,804
22267,804
22268,804
22269,804
22270,804
22271,804
22272,804
22273,804
22274,804
22275,804
22276,804
22277,804
22278,804
22279,804
22280,804
22281,804
22282,804
22283,804
22284,804
22285,804
22286,804
22287,804
22288,804
22289,804
22290,804
22291,804
22292,804
22293,804
22294,804
22295,804
22296,804
22297,804
22298,804
22299,804
22300,804
22301,804
22302,804
22303,804
22304,804
22305,804
22306,804
22307,804
22308,804
22309,804
22310,804
22311,804
22312,804
22313,804
22314,804
22315,804
22316,804
22317,804
22318,804
22319,804
22320,804
22321,805
22322,805
22323,805
22324,805
22325,805
22326,805
22327,805
22328,805
22329,805
22330,805
22331,805
22332,805
22333,805
22334,805
22335,805
22336,805
22337,805
22338,805
22339,805
22340,805
22341,805
22342,805
22343,805
22344,805
22345,805
22346,805
22347,805
22348,805
22349,805
22350,805
22351,805
22352,805
22353,805
22354,805
22355,805
22356,805
22357,805
22358,805
22359,805
22360,805
22361,805
22362,805
22363,805
22364,805
22365,805
22366,805
22367,805
22368,805
22369,805
22370,805
22371,805
22372,805
22373,805
22374,805
22375,805
22376,805
22377,805
22378,805
22379,805
22380,805
22381,805
22382,805
22383,805
22384,805
22385,805
22386,805
22387,805
22388,805
22389,805
22390,805
22391,805
22392,805
22393,805
22394,805
22395,805
22396,805
22397,805
22398,805
22399,805
22400,805
22401,806
22402,806
22403,806
22404,806
22405,806
22406,806
22407,806
22408,806
22409,806
22410,806
22411,806
22412,806
22413,806
22414,806
22415,806
22416,806
22417,806
22418,806
22419,806
22420,806
22421,806
22422,806
22423,806
22424,806
22425,806
22426,806
22427,806
22428,806
22429,806
22430,806
22431,806
22432,806
22433,806
22434,806
22435,806
22436,806
22437,806
22438,806
22439,806
22440,806
22441,806
22442,806
22443,806
22444,806
22445,806
22446,806
22447,806
22448,806
22449,806
22450,806
22451,806
22452,806
22453,806
22454,806
22455,806
22456,806
22457,806
22458,806
22459,806
22460,806
22461,806
22462,806
22463,806
22464,806
22465,806
22466,806
22467,806
22468,806
22469,806
22470,806
22471,806
22472,806
22473,806
22474,806
22475,806
22476,806
22477,806
22478,806
22479,806
22480,806
22481,807
22482,807
22483,807
22484,807
22485,807
22486,807
22487,807
22488,807
22489,807
22490,807
22491,807
22492,807
22493,807
22494,807
22495,807
22496,807
22497,807
22498,807
22499,807
22500,807
22501,807
22502,807
22503,807
22504,807
22505,807
22506,807
22507,807
22508,807
22509,807
22510,807
22511,807
22512,807
22513,807
22514,807
22515,807
22516,807
22517,807
22518,807
22519,807
22520,807
22521,807
22522,807
22523,807
22524,807
22525,807
22526,807
22527,807
22528,807
22529,807
22530,807
22531,807
22532,807
22533,807
22534,807
22535,807
22536,807
22537,807
22538,807
22539,807
22540,807
22541,807
22542,807
22543,807
22544,807
22545,807
22546,807
22547,807
22548,807
22549,807
22550,807
22551,807
22552,807
22553,807
22554,807
22555,807
22556,807
22557,807
22558,807
22559,807
22560,807
22561,808
22562,808
22563,808
22564,808
22565,808
22566,808
22567,808
22568,808
22569,808
22570,808
22571,808
22572,808
22573,808
22574,808
22575,808
22576,808
22577,808
22578,808
22579,808
22580,808
22581,808
22582,808
22583,808
22584,808
22585,808
22586,808
22587,808
22588,808
22589,808
22590,808
22591,808
22592,808
22593,808
22594,808
22595,808
22596,808
22597,808
22598,808
22599,808
22600,808
22601,808
22602,808
22603,808
22604,808
22605,808
22606,808
22607,808
22608,808
22609,808
22610,808
22611,808
22612,808
22613,808
22614,808
22615,808
22616,808
22617,808
22618,808
22619,808
22620,808
22621,808
22622,808
22623,808
22624,808
22625,808
22626,808
22627,808
22628,808
22629,808
22630,808
22631,808
22632,808
22633,808
22634,808
22635,808
22636,808
22637,808
22638,808
22639,808
22640,808
22641,809
22642,809
22643,809
22644,809
22645,809
22646,809
22647,809
22648,809
22649,809
22650,809
22651,809
22652,809
22653,809
22654,809
22655,809
22656,809
22657,809
22658,809
22659,809
22660,809
22661,809
22662,809
22663,809
22664,809
22665,809
22666,809
22667,809
22668,809
22669,809
22670,809
22671,809
22672,809
22673,809
22674,809
22675,809
22676,809
22677,809
22678,809
22679,809
22680,809
22681,809
22682,809
22683,809
22684,809
22685,809
22686,809
22687,809
22688,809
22689,809
22690,809
22691,809
22692,809
22693,809
22694,809
22695,809
22696,809
22697,809
22698,809
22699,809
22700,809
22701,809
22702,809
22703,809
22704,809
22705,809
22706,809
22707,809
22708,809
22709,809
22710,809
22711,809
22712,809
22713,809
22714,809
22715,809
22716,809
22717,809
22718,809
22719,809
22720,809
22721,810
22722,810
22723,810
22724,810
22725,810
22726,810
22727,810
22728,810
22729,810
22730,810
22731,810
22732,810
22733,810
22734,810
22735,810
22736,810
22737,810
22738,810
22739,810
22740,810
22741,810
22742,810
22743,810
22744,810
22745,810
22746,810
22747,810
22748,810
22749,810
22750,810
22751,810
22752,810
22753,810
22754,810
22755,810
22756,810
22757,810
22758,810
22759,810
22760,810
22761,810
22762,810
22763,810
22764,810
22765,810
22766,810
22767,810
22768,810
22769,810
22770,810
22771,810
22772,810
22773,810
22774,810
22775,810
22776,810
22777,810
22778,810
22779,810
22780,810
22781,810
22782,810
22783,810
22784,810
22785,810
22786,810
22787,810
22788,810
22789,810
22790,810
22791,810
22792,810
22793,810
22794,810
22795,810
22796,810
22797,810
22798,810
22799,810
22800,810
22801,811
22802,811
22803,811
22804,811
22805,811
22806,811
22807,811
22808,811
22809,811
22810,811
22811,811
22812,811
22813,811
22814,811
22815,811
22816,811
22817,811
22818,811
22819,811
22820,811
22821,811
22822,811
22823,811
22824,811
22825,811
22826,811
22827,811
22828,811
22829,811
22830,811
22831,811
22832,811
22833,811
22834,811
22835,811
22836,811
22837,811
22838,811
22839,811
22840,811
22841,811
22842,811
22843,811
22844,811
22845,811
22846,811
22847,811
22848,811
22849,811
22850,811
22851,811
22852,811
22853,811
22854,811
22855,811
22856,811
22857,811
22858,811
22859,811
22860,811
22861,811
22862,811
22863,811
22864,811
22865,811
22866,811
22867,811
22868,811
22869,811
22870,811
22871,811
22872,811
22873,811
22874,811
22875,811
22876,811
22877,811
22878,811
22879,811
22880,811
22881,812
22882,812
22883,812
22884,812
22885,812
22886,812
22887,812
22888,812
22889,812
22890,812
22891,812
22892,812
22893,812
22894,812
22895,812
22896,812
22897,812
22898,812
22899,812
22900,812
22901,812
22902,812
22903,812
22904,812
22905,812
22906,812
22907,812
22908,812
22909,812
22910,812
22911,812
22912,812
22913,812
22914,812
22915,812
22916,812
22917,812
22918,812
22919,812
22920,812
22921,812
22922,812
22923,812
22924,812
22925,812
22926,812
22927,812
22928,812
22929,812
22930,812
22931,812
22932,812
22933,812
22934,812
22935,812
22936,812
22937,812
22938,812
22939,812
22940,812
22941,812
22942,812
22943,812
22944,812
22945,812
22946,812
22947,812
22948,812
22949,812
22950,812
22951,812
22952,812
22953,812
22954,812
22955,812
22956,812
22957,812
22958,812
22959,812
22960,812
22961,813
22962,813
22963,813
22964,813
22965,813
22966,813
22967,813
22968,813
22969,813
22970,813
22971,813
22972,813
22973,813
22974,813
22975,813
22976,813
22977,813
22978,813
22979,813
22980,813
22981,813
22982,813
22983,813
22984,813
22985,813
22986,813
22987,813
22988,813
22989,813
22990,813
22991,813
22992,813
22993,813
22994,813
22995,813
22996,813
22997,813
22998,813
22999,813
23000,813
23001,813
23002,813
23003,813
23004,813
23005,813
23006,813
23007,813
23008,813
23009,813
23010,813
23011,813
23012,813
23013,813
23014,813
23015,813
23016,813
23017,813
23018,813
23019,813
23020,813
23021,813
23022,813
23023,813
23024,813
23025,813
23026,813
23027,813
23028,813
23029,813
23030,813
23031,813
23032,813
23033,813
23034,813
23035,813
23036,813
23037,813
23038,813
23039,813
23040,813
23041,814
23042,814
23043,814
23044,814
23045,814
23046,814
23047,814
23048,814
23049,814
23050,814
23051,814
23052,814
23053,814
23054,814
23055,814
23056,814
23057,814
23058,814
23059,814
23060,814
23061,814
23062,814
23063,814
23064,814
23065,814
23066,814
23067,814
23068,814
23069,814
23070,814
23071,814
23072,814
23073,814
23074,814
23075,814
23076,814
23077,814
23078,814
23079,814
23080,814
23081,814
23082,814
23083,814
23084,814
23085,814
23086,814
23087,814
23088,814
23089,814
23090,814
23091,814
23092,814
23093,814
23094,814
23095,814
23096,814
23097,814
23098,814
23099,814
23100,814
23101,814
23102,814
23103,814
23104,814
23105,814
23106,814
23107,814
23108,814
23109,814
23110,814
23111,814
23112,814
23113,814
23114,814
23115,814
23116,814
23117,814
23118,814
23119,814
23120,814
23121,815
23122,815
23123,815
23124,815
23125,815
23126,815
23127,815
23128,815
23129,815
23130,815
23131,815
23132,815
23133,815
23134,815
23135,815
23136,815
23137,815
23138,815
23139,815
23140,815
23141,815
23142,815
23143,815
23144,815
23145,815
23146,815
23147,815
23148,815
23149,815
23150,815
23151,815
23152,815
23153,815
23154,815
23155,815
23156,815
23157,815
23158,815
23159,815
23160,815
23161,815
23162,815
23163,815
23164,815
23165,815
23166,815
23167,815
23168,815
23169,815
23170,815
23171,815
23172,815
23173,815
23174,815
23175,815
23176,815
23177,815
23178,815
23179,815
23180,815
23181,815
23182,815
23183,815
23184,815
23185,815
23186,815
23187,815
23188,815
23189,815
23190,815
23191,815
23192,815
23193,815
23194,815
23195,815
23196,815
23197,815
23198,815
23199,815
23200,815
23201,816
23202,816
23203,816
23204,816
23205,816
23206,816
23207,816
23208,816
23209,816
23210,816
23211,816
23212,816
23213,816
23214,816
23215,816
23216,816
23217,816
23218,816
23219,816
23220,816
23221,816
23222,816
23223,816
23224,816
23225,816
23226,816
23227,816
23228,816
23229,816
23230,816
23231,816
23232,816
23233,816
23234,816
23235,816
23236,816
23237,816
23238,816
23239,816
23240,816
23241,816
23242,816
23243,816
23244,816
23245,816
23246,816
23247,816
23248,816
23249,816
23250,816
23251,816
23252,816
23253,816
23254,816
23255,816
23256,816
23257,816
23258,816
23259,816
23260,816
23261,816
23262,816
23263,816
23264,816
23265,816
23266,816
23267,816
23268,816
23269,816
23270,816
23271,816
23272,816
23273,816
23274,816
23275,816
23276,816
23277,816
23278,816
23279,816
23280,816
23281,817
23282,817
23283,817
23284,817
23285,817
23286,817
23287,817
23288,817
23289,817
23290,817
23291,817
23292,817
23293,817
23294,817
23295,817
23296,817
23297,817
23298,817
23299,817
23300,817
23301,817
23302,817
23303,817
23304,817
23305,817
23306,817
23307,817
23308,817
23309,817
23310,817
23311,817
23312,817
23313,817
23314,817
23315,817
23316,817
23317,817
23318,817
23319,817
23320,817
23321,817
23322,817
23323,817
23324,817
23325,817
23326,817
23327,817
23328,817
23329,817
23330,817
23331,817
23332,817
23333,817
23334,817
23335,817
23336,817
23337,817
23338,817
23339,817
23340,817
23341,817
23342,817
23343,817
23344,817
23345,817
23346,817
23347,817
23348,817
23349,817
23350,817
23351,817
23352,817
23353,817
23354,817
23355,817
23356,817
23357,817
23358,817
23359,817
23360,817
23361,818
23362,818
23363,818
23364,818
23365,818
23366,818
23367,818
23368,818
23369,818
23370,818
23371,818
23372,818
23373,818
23374,818
23375,818
23376,818
23377,818
23378,818
23379,818
23380,818
23381,818
23382,818
23383,818
23384,818
23385,818
23386,818
23387,818
23388,818
23389,818
23390,818
23391,818
23392,818
23393,818
23394,818
23395,818
23396,818
23397,818
23398,818
23399,818
23400,818
23401,818
23402,818
23403,818
23404,818
23405,818
23406,818
23407,818
23408,818
23409,818
23410,818
23411,818
23412,818
23413,818
23414,818
23415,818
23416,818
23417,818
23418,818
23419,818
23420,818
23421,818
23422,818
23423,818
23424,818
23425,818
23426,818
23427,818
23428,818
23429,818
23430,818
23431,818
23432,818
23433,818
23434,818
23435,818
23436,818
23437,818
23438,818
23439,818
23440,818
23441,819
23442,819
23443,819
23444,819
23445,819
23446,819
23447,819
23448,819
23449,819
23450,819
23451,819
23452,819
23453,819
23454,819
23455,819
23456,819
23457,819
23458,819
23459,819
23460,819
23461,819
23462,819
23463,819
23464,819
23465,819
23466,819
23467,819
23468,819
23469,819
23470,819
23471,819
23472,819
23473,819
23474,819
23475,819
23476,819
23477,819
23478,819
23479,819
23480,819
23481,819
23482,819
23483,819
23484,819
23485,819
23486,819
23487,819
23488,819
23489,819
23490,819
23491,819
23492,819
23493,819
23494,819
23495,819
23496,819
23497,819
23498,819
23499,819
23500,819
23501,819
23502,819
23503,819
23504,819
23505,819
23506,819
23507,819
23508,819
23509,819
23510,819
23511,819
23512,819
23513,819
23514,819
23515,819
23516,819
23517,819
23518,819
23519,819
23520,819
23521,820
23522,820
23523,820
23524,820
23525,820
23526,820
23527,820
23528,820
23529,820
23530,820
23531,820
23532,820
23533,820
23534,820
23535,820
23536,820
23537,820
23538,820
23539,820
23540,820
23541,820
23542,820
23543,820
23544,820
23545,820
23546,820
23547,820
23548,820
23549,820
23550,820
23551,820
23552,820
23553,820
23554,820
23555,820
23556,820
23557,820
23558,820
23559,820
23560,820
23561,820
23562,820
23563,820
23564,820
23565,820
23566,820
23567,820
23568,820
23569,820
23570,820
23571,820
23572,820
23573,820
23574,820
23575,820
23576,820
23577,820
23578,820
23579,820
23580,820
23581,820
23582,820
23583,820
23584,820
23585,820
23586,820
23587,820
23588,820
23589,820
23590,820
23591,820
23592,820
23593,820
23594,820
23595,820
23596,820
23597,820
23598,820
23599,820
23600,820
23601,821
23602,821
23603,821
23604,821
23605,821
23606,821
23607,821
23608,821
23609,821
23610,821
23611,821
23612,821
23613,821
23614,821
23615,821
23616,821
23617,821
23618,821
23619,821
23620,821
23621,821
23622,821
23623,821
23624,821
23625,821
23626,821
23627,821
23628,821
23629,821
23630,821
23631,821
23632,821
23633,821
23634,821
23635,821
23636,821
23637,821
23638,821
23639,821
23640,821
23641,821
23642,821
23643,821
23644,821
23645,821
23646,821
23647,821
23648,821
23649,821
23650,821
23651,821
23652,821
23653,821
23654,821
23655,821
23656,821
23657,821
23658,821
23659,821
23660,821
23661,821
23662,821
23663,821
23664,821
23665,821
23666,821
23667,821
23668,821
23669,821
23670,821
23671,821
23672,821
23673,821
23674,821
23675,821
23676,821
23677,821
23678,821
23679,821
23680,821
23681,822
23682,822
23683,822
23684,822
23685,822
23686,822
23687,822
23688,822
23689,822
23690,822
23691,822
23692,822
23693,822
23694,822
23695,822
23696,822
23697,822
23698,822
23699,822
23700,822
23701,822
23702,822
23703,822
23704,822
23705,822
23706,822
23707,822
23708,822
23709,822
23710,822
23711,822
23712,822
23713,822
23714,822
23715,822
23716,822
23717,822
23718,822
23719,822
23720,822
23721,822
23722,822
23723,822
23724,822
23725,822
23726,822
23727,822
23728,822
23729,822
23730,822
23731,822
23732,822
23733,822
23734,822
23735,822
23736,822
23737,822
23738,822
23739,822
23740,822
23741,822
23742,822
23743,822
23744,822
23745,822
23746,822
23747,822
23748,822
23749,822
23750,822
23751,822
23752,822
23753,822
23754,822
23755,822
23756,822
23757,822
23758,822
23759,822
23760,822
23761,823
23762,823
23763,823
23764,823
23765,823
23766,823
23767,823
23768,823
23769,823
23770,823
23771,823
23772,823
23773,823
23774,823
23775,823
23776,823
23777,823
23778,823
23779,823
23780,823
23781,823
23782,823
23783,823
23784,823
23785,823
23786,823
23787,823
23788,823
23789,823
23790,823
23791,823
23792,823
23793,823
23794,823
23795,823
23796,823
23797,823
23798,823
23799,823
23800,823
23801,823
23802,823
23803,823
23804,823
23805,823
23806,823
23807,823
23808,823
23809,823
23810,823
23811,823
23812,823
23813,823
23814,823
23815,823
23816,823
23817,823
23818,823
23819,823
23820,823
23821,823
23822,823
23823,823
23824,823
23825,823
23826,823
23827,823
23828,823
23829,823
23830,823
23831,823
23832,823
23833,823
23834,823
23835,823
23836,823
23837,823
23838,823
23839,823
23840,823
23841,824
23842,824
23843,824
23844,824
23845,824
23846,824
23847,824
23848,824
23849,824
23850,824
23851,824
23852,824
23853,824
23854,824
23855,824
23856,824
23857,824
23858,824
23859,824
23860,824
23861,824
23862,824
23863,824
23864,824
23865,824
23866,824
23867,824
23868,824
23869,824
23870,824
23871,824
23872,824
23873,824
23874,824
23875,824
23876,824
23877,824
23878,824
23879,824
23880,824
23881,824
23882,824
23883,824
23884,824
23885,824
23886,824
23887,824
23888,824
23889,824
23890,824
23891,824
23892,824
23893,824
23894,824
23895,824
23896,824
23897,824
23898,824
23899,824
23900,824
23901,824
23902,824
23903,824
23904,824
23905,824
23906,824
23907,824
23908,824
23909,824
23910,824
23911,824
23912,824
23913,824
23914,824
23915,824
23916,824
23917,824
23918,824
23919,824
23920,824
23921,825
23922,825
23923,825
23924,825
23925,825
23926,825
23927,825
23928,825
23929,825
23930,825
23931,825
23932,825
23933,825
23934,825
23935,825
23936,825
23937,825
23938,825
23939,825
23940,825
23941,825
23942,825
23943,825
23944,825
23945,825
23946,825
23947,825
23948,825
23949,825
23950,825
23951,825
23952,825
23953,825
23954,825
23955,825
23956,825
23957,825
23958,825
23959,825
23960,825
23961,825
23962,825
23963,825
23964,825
23965,825
23966,825
23967,825
23968,825
23969,825
23970,825
23971,825
23972,825
23973,825
23974,825
23975,825
23976,825
23977,825
23978,825
23979,825
23980,825
23981,825
23982,825
23983,825
23984,825
23985,825
23986,825
23987,825
23988,825
23989,825
23990,825
23991,825
23992,825
23993,825
23994,825
23995,825
23996,825
23997,825
23998,825
23999,825
24000,825
24001,826
24002,826
24003,826
24004,826
24005,826
24006,826
24007,826
24008,826
24009,826
24010,826
24011,826
24012,826
24013,826
24014,826
24015,826
24016,826
24017,826
24018,826
24019,826
24020,826
24021,826
24022,826
24023,826
24024,826
24025,826
24026,826
24027,826
24028,826
24029,826
24030,826
24031,826
24032,826
24033,826
24034,826
24035,826
24036,826
24037,826
24038,826
24039,826
24040,826
24041,826
24042,826
24043,826
24044,826
24045,826
24046,826
24047,826
24048,826
24049,826
24050,826
24051,826
24052,826
24053,826
24054,826
24055,826
24056,826
24057,826
24058,826
24059,826
24060,826
24061,826
24062,826
24063,826
24064,826
24065,826
24066,826
24067,826
24068,826
24069,826
24070,826
24071,826
24072,826
24073,826
24074,826
24075,826
24076,826
24077,826
24078,826
24079,826
24080,826
24081,827
24082,827
24083,827
24084,827
24085,827
24086,827
24087,827
24088,827
24089,827
24090,827
24091,827
24092,827
24093,827
24094,827
24095,827
24096,827
24097,827
24098,827
24099,827
24100,827
24101,827
24102,827
24103,827
24104,827
24105,827
24106,827
24107,827
24108,827
24109,827
24110,827
24111,827
24112,827
24113,827
24114,827
24115,827
24116,827
24117,827
24118,827
24119,827
24120,827
24121,827
24122,827
24123,827
24124,827
24125,827
24126,827
24127,827
24128,827
24129,827
24130,827
24131,827
24132,827
24133,827
24134,827
24135,827
24136,827
24137,827
24138,827
24139,827
24140,827
24141,827
24142,827
24143,827
24144,827
24145,827
24146,827
24147,827
24148,827
24149,827
24150,827
24151,827
24152,827
24153,827
24154,827
24155,827
24156,827
24157,827
24158,827
24159,827
24160,827
24161,828
24162,828
24163,828
24164,828
24165,828
24166,828
24167,828
24168,828
24169,828
24170,828
24171,828
24172,828
24173,828
24174,828
24175,828
24176,828
24177,828
24178,828
24179,828
24180,828
24181,828
24182,828
24183,828
24184,828
24185,828
24186,828
24187,828
24188,828
24189,828
24190,828
24191,828
24192,828
24193,828
24194,828
24195,828
24196,828
24197,828
24198,828
24199,828
24200,828
24201,828
24202,828
24203,828
24204,828
24205,828
24206,828
24207,828
24208,828
24209,828
24210,828
24211,828
24212,828
24213,828
24214,828
24215,828
24216,828
24217,828
24218,828
24219,828
24220,828
24221,828
24222,828
24223,828
24224,828
24225,828
24226,828
24227,828
24228,828
24229,828
24230,828
24231,828
24232,828
24233,828
24234,828
24235,828
24236,828
24237,828
24238,828
24239,828
24240,828
24241,829
24242,829
24243,829
24244,829
24245,829
24246,829
24247,829
24248,829
24249,829
24250,829
24251,829
24252,829
24253,829
24254,829
24255,829
24256,829
24257,829
24258,829
24259,829
24260,829
24261,829
24262,829
24263,829
24264,829
24265,829
24266,829
24267,829
24268,829
24269,829
24270,829
24271,829
24272,829
24273,829
24274,829
24275,829
24276,829
24277,829
24278,829
24279,829
24280,829
24281,829
24282,829
24283,829
24284,829
24285,829
24286,829
24287,829
24288,829
24289,829
24290,829
24291,829
24292,829
24293,829
24294,829
24295,829
24296,829
24297,829
24298,829
24299,829
24300,829
24301,829
24302,829
24303,829
24304,829
24305,829
24306,829
24307,829
24308,829
24309,829
24310,829
24311,829
24312,829
24313,829
24314,829
24315,829
24316,829
24317,829
24318,829
24319,829
24320,829
24321,830
24322,830
24323,830
24324,830
24325,830
24326,830
24327,830
24328,830
24329,830
24330,830
24331,830
24332,830
24333,830
24334,830
24335,830
24336,830
24337,830
24338,830
24339,830
24340,830
24341,830
24342,830
24343,830
24344,830
24345,830
24346,830
24347,830
24348,830
24349,830
24350,830
24351,830
24352,830
24353,830
24354,830
24355,830
24356,830
24357,830
24358,830
24359,830
24360,830
24361,830
24362,830
24363,830
24364,830
24365,830
24366,830
24367,830
24368,830
24369,830
24370,830
24371,830
24372,830
24373,830
24374,830
24375,830
24376,830
24377,830
24378,830
24379,830
24380,830
24381,830
24382,830
24383,830
24384,830
24385,830
24386,830
24387,830
24388,830
24389,830
24390,830
24391,830
24392,830
24393,830
24394,830
24395,830
24396,830
24397,830
24398,830
24399,830
24400,830
24401,831
24402,831
24403,831
24404,831
24405,831
24406,831
24407,831
24408,831
24409,831
24410,831
24411,831
24412,831
24413,831
24414,831
24415,831
24416,831
24417,831
24418,831
24419,831
24420,831
24421,831
24422,831
24423,831
24424,831
24425,831
24426,831
24427,831
24428,831
24429,831
24430,831
24431,831
24432,831
24433,831
24434,831
24435,831
24436,831
24437,831
24438,831
24439,831
24440,831
24441,831
24442,831
24443,831
24444,831
24445,831
24446,831
24447,831
24448,831
24449,831
24450,831
24451,831
24452,831
24453,831
24454,831
24455,831
24456,831
24457,831
24458,831
24459,831
24460,831
24461,831
24462,831
24463,831
24464,831
24465,831
24466,831
24467,831
24468,831
24469,831
24470,831
24471,831
24472,831
24473,831
24474,831
24475,831
24476,831
24477,831
24478,831
24479,831
24480,831
24481,832
24482,832
24483,832
24484,832
24485,832
24486,832
24487,832
24488,832
24489,832
24490,832
24491,832
24492,832
24493,832
24494,832
24495,832
24496,832
24497,832
24498,832
24499,832
24500,832
24501,832
24502,832
24503,832
24504,832
24505,832
24506,832
24507,832
24508,832
24509,832
24510,832
24511,832
24512,832
24513,832
24514,832
24515,832
24516,832
24517,832
24518,832
24519,832
24520,832
24521,832
24522,832
24523,832
24524,832
24525,832
24526,832
24527,832
24528,832
24529,832
24530,832
24531,832
24532,832
24533,832
24534,832
24535,832
24536,832
24537,832
24538,832
24539,832
24540,832
24541,832
24542,832
24543,832
24544,832
24545,832
24546,832
24547,832
24548,832
24549,832
24550,832
24551,832
24552,832
24553,832
24554,832
24555,832
24556,832
24557,832
24558,832
24559,832
24560,832
24561,833
24562,833
24563,833
24564,833
24565,833
24566,833
24567,833
24568,833
24569,833
24570,833
24571,833
24572,833
24573,833
24574,833
24575,833
24576,833
24577,833
24578,833
24579,833
24580,833
24581,833
24582,833
24583,833
24584,833
24585,833
24586,833
24587,833
24588,833
24589,833
24590,833
24591,833
24592,833
24593,833
24594,833
24595,833
24596,833
24597,833
24598,833
24599,833
24600,833
24601,833
24602,833
24603,833
24604,833
24605,833
24606,833
24607,833
24608,833
24609,833
24610,833
24611,833
24612,833
24613,833
24614,833
24615,833
24616,833
24617,833
24618,833
24619,833
24620,833
24621,833
24622,833
24623,833
24624,833
24625,833
24626,833
24627,833
24628,833
24629,833
24630,833
24631,833
24632,833
24633,833
24634,833
24635,833
24636,833
24637,833
24638,833
24639,833
24640,833
24641,834
24642,834
24643,834
24644,834
24645,834
24646,834
24647,834
24648,834
24649,834
24650,834
24651,834
24652,834
24653,834
24654,834
24655,834
24656,834
24657,834
24658,834
24659,834
24660,834
24661,834
24662,834
24663,834
24664,834
24665,834
24666,834
24667,834
24668,834
24669,834
24670,834
24671,834
24672,834
24673,834
24674,834
24675,834
24676,834
24677,834
24678,834
24679,834
24680,834
24681,834
24682,834
24683,834
24684,834
24685,834
24686,834
24687,834
24688,834
24689,834
24690,834
24691,834
24692,834
24693,834
24694,834
24695,834
24696,834
24697,834
24698,834
24699,834
24700,834
24701,834
24702,834
24703,834
24704,834
24705,834
24706,834
24707,834
24708,834
24709,834
24710,834
24711,834
24712,834
24713,834
24714,834
24715,834
24716,834
24717,834
24718,834
24719,834
24720,834
24721,835
24722,835
24723,835
24724,835
24725,835
24726,835
24727,835
24728,835
24729,835
24730,835
24731,835
24732,835
24733,835
24734,835
24735,835
24736,835
24737,835
24738,835
24739,835
24740,835
24741,835
24742,835
24743,835
24744,835
24745,835
24746,835
24747,835
24748,835
24749,835
24750,835
24751,835
24752,835
24753,835
24754,835
24755,835
24756,835
24757,835
24758,835
24759,835
24760,835
24761,835
24762,835
24763,835
24764,835
24765,835
24766,835
24767,835
24768,835
24769,835
24770,835
24771,835
24772,835
24773,835
24774,835
24775,835
24776,835
24777,835
24778,835
24779,835
24780,835
24781,835
24782,835
24783,835
24784,835
24785,835
24786,835
24787,835
24788,835
24789,835
24790,835
24791,835
24792,835
24793,835
24794,835
24795,835
24796,835
24797,835
24798,835
24799,835
24800,835
24801,836
24802,836
24803,836
24804,836
24805,836
24806,836
24807,836
24808,836
24809,836
24810,836
24811,836
24812,836
24813,836
24814,836
24815,836
24816,836
24817,836
24818,836
24819,836
24820,836
24821,836
24822,836
24823,836
24824,836
24825,836
24826,836
24827,836
24828,836
24829,836
24830,836
24831,836
24832,836
24833,836
24834,836
24835,836
24836,836
24837,836
24838,836
24839,836
24840,836
24841,836
24842,836
24843,836
24844,836
24845,836
24846,836
24847,836
24848,836
24849,836
24850,836
24851,836
24852,836
24853,836
24854,836
24855,836
24856,836
24857,836
24858,836
24859,836
24860,836
24861,836
24862,836
24863,836
24864,836
24865,836
24866,836
24867,836
24868,836
24869,836
24870,836
24871,836
24872,836
24873,836
24874,836
24875,836
24876,836
24877,836
24878,836
24879,836
24880,836
24881,837
24882,837
24883,837
24884,837
24885,837
24886,837
24887,837
24888,837
24889,837
24890,837
24891,837
24892,837
24893,837
24894,837
24895,837
24896,837
24897,837
24898,837
24899,837
24900,837
24901,837
24902,837
24903,837
24904,837
24905,837
24906,837
24907,837
24908,837
24909,837
24910,837
24911,837
24912,837
24913,837
24914,837
24915,837
24916,837
24917,837
24918,837
24919,837
24920,837
24921,837
24922,837
24923,837
24924,837
24925,837
24926,837
24927,837
24928,837
24929,837
24930,837
24931,837
24932,837
24933,837
24934,837
24935,837
24936,837
24937,837
24938,837
24939,837
24940,837
24941,837
24942,837
24943,837
24944,837
24945,837
24946,837
24947,837
24948,837
24949,837
24950,837
24951,837
24952,837
24953,837
24954,837
24955,837
24956,837
24957,837
24958,837
24959,837
24960,837
24961,838
24962,838
24963,838
24964,838
24965,838
24966,838
24967,838
24968,838
24969,838
24970,838
24971,838
24972,838
24973,838
24974,838
24975,838
24976,838
24977,838
24978,838
24979,838
24980,838
24981,838
24982,838
24983,838
24984,838
24985,838
24986,838
24987,838
24988,838
24989,838
24990,838
24991,838
24992,838
24993,838
24994,838
24995,838
24996,838
24997,838
24998,838
24999,838
25000,838
25001,838
25002,838
25003,838
25004,838
25005,838
25006,838
25007,838
25008,838
25009,838
25010,838
25011,838
25012,838
25013,838
25014,838
25015,838
25016,838
25017,838
25018,838
25019,838
25020,838
25021,838
25022,838
25023,838
25024,838
25025,838
25026,838
25027,838
25028,838
25029,838
25030,838
25031,838
25032,838
25033,838
25034,838
25035,838
25036,838
25037,838
25038,838
25039,838
25040,838
25041,839
25042,839
25043,839
25044,839
25045,839
25046,839
25047,839
25048,839
25049,839
25050,839
25051,839
25052,839
25053,839
25054,839
25055,839
25056,839
25057,839
25058,839
25059,839
25060,839
25061,839
25062,839
25063,839
25064,839
25065,839
25066,839
25067,839
25068,839
25069,839
25070,839
25071,839
25072,839
25073,839
25074,839
25075,839
25076,839
25077,839
25078,839
25079,839
25080,839
25081,839
25082,839
25083,839
25084,839
25085,839
25086,839
25087,839
25088,839
25089,839
25090,839
25091,839
25092,839
25093,839
25094,839
25095,839
25096,839
25097,839
25098,839
25099,839
25100,839
25101,839
25102,839
25103,839
25104,839
25105,839
25106,839
25107,839
25108,839
25109,839
25110,839
25111,839
25112,839
25113,839
25114,839
25115,839
25116,839
25117,839
25118,839
25119,839
25120,839
25121,840
25122,840
25123,840
25124,840
25125,840
25126,840
25127,840
25128,840
25129,840
25130,840
25131,840
25132,840
25133,840
25134,840
25135,840
25136,840
25137,840
25138,840
25139,840
25140,840
25141,840
25142,840
25143,840
25144,840
25145,840
25146,840
25147,840
25148,840
25149,840
25150,840
25151,840
25152,840
25153,840
25154,840
25155,840
25156,840
25157,840
25158,840
25159,840
25160,840
25161,840
25162,840
25163,840
25164,840
25165,840
25166,840
25167,840
25168,840
25169,840
25170,840
25171,840
25172,840
25173,840
25174,840
25175,840
25176,840
25177,840
25178,840
25179,840
25180,840
25181,840
25182,840
25183,840
25184,840
25185,840
25186,840
25187,840
25188,840
25189,840
25190,840
25191,840
25192,840
25193,840
25194,840
25195,840
25196,840
25197,840
25198,840
25199,840
25200,840
25201,841
25202,841
25203,841
25204,841
25205,841
25206,841
25207,841
25208,841
25209,841
25210,841
25211,841
25212,841
25213,841
25214,841
25215,841
25216,841
25217,841
25218,841
25219,841
25220,841
25221,841
25222,841
25223,841
25224,841
25225,841
25226,841
25227,841
25228,841
25229,841
25230,841
25231,841
25232,841
25233,841
25234,841
25235,841
25236,841
25237,841
25238,841
25239,841
25240,841
25241,841
25242,841
25243,841
25244,841
25245,841
25246,841
25247,841
25248,841
25249,841
25250,841
25251,841
25252,841
25253,841
25254,841
25255,841
25256,841
25257,841
25258,841
25259,841
25260,841
25261,841
25262,841
25263,841
25264,841
25265,841
25266,841
25267,841
25268,841
25269,841
25270,841
25271,841
25272,841
25273,841
25274,841
25275,841
25276,841
25277,841
25278,841
25279,841
25280,841
25281,842
25282,842
25283,842
25284,842
25285,842
25286,842
25287,842
25288,842
25289,842
25290,842
25291,842
25292,842
25293,842
25294,842
25295,842
25296,842
25297,842
25298,842
25299,842
25300,842
25301,842
25302,842
25303,842
25304,842
25305,842
25306,842
25307,842
25308,842
25309,842
25310,842
25311,842
25312,842
25313,842
25314,842
25315,842
25316,842
25317,842
25318,842
25319,842
25320,842
25321,842
25322,842
25323,842
25324,842
25325,842
25326,842
25327,842
25328,842
25329,842
25330,842
25331,842
25332,842
25333,842
25334,842
25335,842
25336,842
25337,842
25338,842
25339,842
25340,842
25341,842
25342,842
25343,842
25344,842
25345,842
25346,842
25347,842
25348,842
25349,842
25350,842
25351,842
25352,842
25353,842
25354,842
25355,842
25356,842
25357,842
25358,842
25359,842
25360,842
25361,843
25362,843
25363,843
25364,843
25365,843
25366,843
25367,843
25368,843
25369,843
25370,843
25371,843
25372,843
25373,843
25374,843
25375,843
25376,843
25377,843
25378,843
25379,843
25380,843
25381,843
25382,843
25383,843
25384,843
25385,843
25386,843
25387,843
25388,843
25389,843
25390,843
25391,843
25392,843
25393,843
25394,843
25395,843
25396,843
25397,843
25398,843
25399,843
25400,843
25401,843
25402,843
25403,843
25404,843
25405,843
25406,843
25407,843
25408,843
25409,843
25410,843
25411,843
25412,843
25413,843
25414,843
25415,843
25416,843
25417,843
25418,843
25419,843
25420,843
25421,843
25422,843
25423,843
25424,843
25425,843
25426,843
25427,843
25428,843
25429,843
25430,843
25431,843
25432,843
25433,843
25434,843
25435,843
25436,843
25437,843
25438,843
25439,843
25440,843
25441,844
25442,844
25443,844
25444,844
25445,844
25446,844
25447,844
25448,844
25449,844
25450,844
25451,844
25452,844
25453,844
25454,844
25455,844
25456,844
25457,844
25458,844
25459,844
25460,844
25461,844
25462,844
25463,844
25464,844
25465,844
25466,844
25467,844
25468,844
25469,844
25470,844
25471,844
25472,844
25473,844
25474,844
25475,844
25476,844
25477,844
25478,844
25479,844
25480,844
25481,844
25482,844
25483,844
25484,844
25485,844
25486,844
25487,844
25488,844
25489,844
25490,844
25491,844
25492,844
25493,844
25494,844
25495,844
25496,844
25497,844
25498,844
25499,844
25500,844
25501,844
25502,844
25503,844
25504,844
25505,844
25506,844
25507,844
25508,844
25509,844
25510,844
25511,844
25512,844
25513,844
25514,844
25515,844
25516,844
25517,844
25518,844
25519,844
25520,844
25521,845
25522,845
25523,845
25524,845
25525,845
25526,845
25527,845
25528,845
25529,845
25530,845
25531,845
25532,845
25533,845
25534,845
25535,845
25536,845
25537,845
25538,845
25539,845
25540,845
25541,845
25542,845
25543,845
25544,845
25545,845
25546,845
25547,845
25548,845
25549,845
25550,845
25551,845
25552,845
25553,845
25554,845
25555,845
25556,845
25557,845
25558,845
25559,845
25560,845
25561,845
25562,845
25563,845
25564,845
25565,845
25566,845
25567,845
25568,845
25569,845
25570,845
25571,845
25572,845
25573,845
25574,845
25575,845
25576,845
25577,845
25578,845
25579,845
25580,845
25581,845
25582,845
25583,845
25584,845
25585,845
25586,845
25587,845
25588,845
25589,845
25590,845
25591,845
25592,845
25593,845
25594,845
25595,845
25596,845
25597,845
25598,845
25599,845
25600,845
25601,846
25602,846
25603,846
25604,846
25605,846
25606,846
25607,846
25608,846
25609,846
25610,846
25611,846
25612,846
25613,846
25614,846
25615,846
25616,846
25617,846
25618,846
25619,846
25620,846
25621,846
25622,846
25623,846
25624,846
25625,846
25626,846
25627,846
25628,846
25629,846
25630,846
25631,846
25632,846
25633,846
25634,846
25635,846
25636,846
25637,846
25638,846
25639,846
25640,846
25641,846
25642,846
25643,846
25644,846
25645,846
25646,846
25647,846
25648,846
25649,846
25650,846
25651,846
25652,846
25653,846
25654,846
25655,846
25656,846
25657,846
25658,846
25659,846
25660,846
25661,846
25662,846
25663,846
25664,846
25665,846
25666,846
25667,846
25668,846
25669,846
25670,846
25671,846
25672,846
25673,846
25674,846
25675,846
25676,846
25677,846
25678,846
25679,846
25680,846
25681,847
25682,847
25683,847
25684,847
25685,847
25686,847
25687,847
25688,847
25689,847
25690,847
25691,847
25692,847
25693,847
25694,847
25695,847
25696,847
25697,847
25698,847
25699,847
25700,847
25701,847
25702,847
25703,847
25704,847
25705,847
25706,847
25707,847
25708,847
25709,847
25710,847
25711,847
25712,847
25713,847
25714,847
25715,847
25716,847
25717,847
25718,847
25719,847
25720,847
25721,847
25722,847
25723,847
25724,847
25725,847
25726,847
25727,847
25728,847
25729,847
25730,847
25731,847
25732,847
25733,847
25734,847
25735,847
25736,847
25737,847
25738,847
25739,847
25740,847
25741,847
25742,847
25743,847
25744,847
25745,847
25746,847
25747,847
25748,847
25749,847
25750,847
25751,847
25752,847
25753,847
25754,847
25755,847
25756,847
25757,847
25758,847
25759,847
25760,847
25761,848
25762,848
25763,848
25764,848
25765,848
25766,848
25767,848
25768,848
25769,848
25770,848
25771,848
25772,848
25773,848
25774,848
25775,848
25776,848
25777,848
25778,848
25779,848
25780,848
25781,848
25782,848
25783,848
25784,848
25785,848
25786,848
25787,848
25788,848
25789,848
25790,848
25791,848
25792,848
25793,848
25794,848
25795,848
25796,848
25797,848
25798,848
25799,848
25800,848
25801,848
25802,848
25803,848
25804,848
25805,848
25806,848
25807,848
25808,848
25809,848
25810,848
25811,848
25812,848
25813,848
25814,848
25815,848
25816,848
25817,848
25818,848
25819,848
25820,848
25821,848
25822,848
25823,848
25824,848
25825,848
25826,848
25827,848
25828,848
25829,848
25830,848
25831,848
25832,848
25833,848
25834,848
25835,848
25836,848
25837,848
25838,848
25839,848
25840,848
25841,849
25842,849
25843,849
25844,849
25845,849
25846,849
25847,849
25848,849
25849,849
25850,849
25851,849
25852,849
25853,849
25854,849
25855,849
25856,849
25857,849
25858,849
25859,849
25860,849
25861,849
25862,849
25863,849
25864,849
25865,849
25866,849
25867,849
25868,849
25869,849
25870,849
25871,849
25872,849
25873,849
25874,849
25875,849
25876,849
25877,849
25878,849
25879,849
25880,849
25881,849
25882,849
25883,849
25884,849
25885,849
25886,849
25887,849
25888,849
25889,849
25890,849
25891,849
25892,849
25893,849
25894,849
25895,849
25896,849
25897,849
25898,849
25899,849
25900,849
25901,849
25902,849
25903,849
25904,849
25905,849
25906,849
25907,849
25908,849
25909,849
25910,849
25911,849
25912,849
25913,849
25914,849
25915,849
25916,849
25917,849
25918,849
25919,849
25920,849
25921,850
25922,850
25923,850
25924,850
25925,850
25926,850
25927,850
25928,850
25929,850
25930,850
25931,850
25932,850
25933,850
25934,850
25935,850
25936,850
25937,850
25938,850
25939,850
25940,850
25941,850
25942,850
25943,850
25944,850
25945,850
25946,850
25947,850
25948,850
25949,850
25950,850
25951,850
25952,850
25953,850
25954,850
25955,850
25956,850
25957,850
25958,850
25959,850
25960,850
25961,850
25962,850
25963,850
25964,850
25965,850
25966,850
25967,850
25968,850
25969,850
25970,850
25971,850
25972,850
25973,850
25974,850
25975,850
25976,850
25977,850
25978,850
25979,850
25980,850
25981,850
25982,850
25983,850
25984,850
25985,850
25986,850
25987,850
25988,850
25989,850
25990,850
25991,850
25992,850
25993,850
25994,850
25995,850
25996,850
25997,850
25998,850
25999,850
26000,850
26001,851
26002,851
26003,851
26004,851
26005,851
26006,851
26007,851
26008,851
26009,851
26010,851
26011,851
26012,851
26013,851
26014,851
26015,851
26016,851
26017,851
26018,851
26019,851
26020,851
26021,851
26022,851
26023,851
26024,851
26025,851
26026,851
26027,851
26028,851
26029,851
26030,851
26031,851
26032,851
26033,851
26034,851
26035,851
26036,851
26037,851
26038,851
26039,851
26040,851
26041,851
26042,851
26043,851
26044,851
26045,851
26046,851
26047,851
26048,851
26049,851
26050,851
26051,851
26052,851
26053,851
26054,851
26055,851
26056,851
26057,851
26058,851
26059,851
26060,851
26061,851
26062,851
26063,851
26064,851
26065,851
26066,851
26067,851
26068,851
26069,851
26070,851
26071,851
26072,851
26073,851
26074,851
26075,851
26076,851
26077,851
26078,851
26079,851
26080,851
26081,852
26082,852
26083,852
26084,852
26085,852
26086,852
26087,852
26088,852
26089,852
26090,852
26091,852
26092,852
26093,852
26094,852
26095,852
26096,852
26097,852
26098,852
26099,852
26100,852
26101,852
26102,852
26103,852
26104,852
26105,852
26106,852
26107,852
26108,852
26109,852
26110,852
26111,852
26112,852
26113,852
26114,852
26115,852
26116,852
26117,852
26118,852
26119,852
26120,852
26121,852
26122,852
26123,852
26124,852
26125,852
26126,852
26127,852
26128,852
26129,852
26130,852
26131,852
26132,852
26133,852
26134,852
26135,852
26136,852
26137,852
26138,852
26139,852
26140,852
26141,852
26142,852
26143,852
26144,852
26145,852
26146,852
26147,852
26148,852
26149,852
26150,852
26151,852
26152,852
26153,852
26154,852
26155,852
26156,852
26157,852
26158,852
26159,852
26160,852
26161,853
26162,853
26163,853
26164,853
26165,853
26166,853
26167,853
26168,853
26169,853
26170,853
26171,853
26172,853
26173,853
26174,853
26175,853
26176,853
26177,853
26178,853
26179,853
26180,853
26181,853
26182,853
26183,853
26184,853
26185,853
26186,853
26187,853
26188,853
26189,853
26190,853
26191,853
26192,853
26193,853
26194,853
26195,853
26196,853
26197,853
26198,853
26199,853
26200,853
26201,853
26202,853
26203,853
26204,853
26205,853
26206,853
26207,853
26208,853
26209,853
26210,853
26211,853
26212,853
26213,853
26214,853
26215,853
26216,853
26217,853
26218,853
26219,853
26220,853
26221,853
26222,853
26223,853
26224,853
26225,853
26226,853
26227,853
26228,853
26229,853
26230,853
26231,853
26232,853
26233,853
26234,853
26235,853
26236,853
26237,853
26238,853
26239,853
26240,853
26241,854
26242,854
26243,854
26244,854
26245,854
26246,854
26247,854
26248,854
26249,854
26250,854
26251,854
26252,854
26253,854
26254,854
26255,854
26256,854
26257,854
26258,854
26259,854
26260,854
26261,854
26262,854
26263,854
26264,854
26265,854
26266,854
26267,854
26268,854
26269,854
26270,854
26271,854
26272,854
26273,854
26274,854
26275,854
26276,854
26277,854
26278,854
26279,854
26280,854
26281,854
26282,854
26283,854
26284,854
26285,854
26286,854
26287,854
26288,854
26289,854
26290,854
26291,854
26292,854
26293,854
26294,854
26295,854
26296,854
26297,854
26298,854
26299,854
26300,854
26301,854
26302,854
26303,854
26304,854
26305,854
26306,854
26307,854
26308,854
26309,854
26310,854
26311,854
26312,854
26313,854
26314,854
26315,854
26316,854
26317,854
26318,854
26319,854
26320,854
26321,855
26322,855
26323,855
26324,855
26325,855
26326,855
26327,855
26328,855
26329,855
26330,855
26331,855
26332,855
26333,855
26334,855
26335,855
26336,855
26337,855
26338,855
26339,855
26340,855
26341,855
26342,855
26343,855
26344,855
26345,855
26346,855
26347,855
26348,855
26349,855
26350,855
26351,855
26352,855
26353,855
26354,855
26355,855
26356,855
26357,855
26358,855
26359,855
26360,855
26361,855
26362,855
26363,855
26364,855
26365,855
26366,855
26367,855
26368,855
26369,855
26370,855
26371,855
26372,855
26373,855
26374,855
26375,855
26376,855
26377,855
26378,855
26379,855
26380,855
26381,855
26382,855
26383,855
26384,855
26385,855
26386,855
26387,855
26388,855
26389,855
26390,855
26391,855
26392,855
26393,855
26394,855
26395,855
26396,855
26397,855
26398,855
26399,855
26400,855
26401,856
26402,856
26403,856
26404,856
26405,856
26406,856
26407,856
26408,856
26409,856
26410,856
26411,856
26412,856
26413,856
26414,856
26415,856
26416,856
26417,856
26418,856
26419,856
26420,856
26421,856
26422,856
26423,856
26424,856
26425,856
26426,856
26427,856
26428,856
26429,856
26430,856
26431,856
26432,856
26433,856
26434,856
26435,856
26436,856
26437,856
26438,856
26439,856
26440,856
26441,856
26442,856
26443,856
26444,856
26445,856
26446,856
26447,856
26448,856
26449,856
26450,856
26451,856
26452,856
26453,856
26454,856
26455,856
26456,856
26457,856
26458,856
26459,856
26460,856
26461,856
26462,856
26463,856
26464,856
26465,856
26466,856
26467,856
26468,856
26469,856
26470,856
26471,856
26472,856
26473,856
26474,856
26475,856
26476,856
26477,856
26478,856
26479,856
26480,856
26481,857
26482,857
26483,857
26484,857
26485,857
26486,857
26487,857
26488,857
26489,857
26490,857
26491,857
26492,857
26493,857
26494,857
26495,857
26496,857
26497,857
26498,857
26499,857
26500,857
26501,857
26502,857
26503,857
26504,857
26505,857
26506,857
26507,857
26508,857
26509,857
26510,857
26511,857
26512,857
26513,857
26514,857
26515,857
26516,857
26517,857
26518,857
26519,857
26520,857
26521,857
26522,857
26523,857
26524,857
26525,857
26526,857
26527,857
26528,857
26529,857
26530,857
26531,857
26532,857
26533,857
26534,857
26535,857
26536,857
26537,857
26538,857
26539,857
26540,857
26541,857
26542,857
26543,857
26544,857
26545,857
26546,857
26547,857
26548,857
26549,857
26550,857
26551,857
26552,857
26553,857
26554,857
26555,857
26556,857
26557,857
26558,857
26559,857
26560,857
26561,858
26562,858
26563,858
26564,858
26565,858
26566,858
26567,858
26568,858
26569,858
26570,858
26571,858
26572,858
26573,858
26574,858
26575,858
26576,858
26577,858
26578,858
26579,858
26580,858
26581,858
26582,858
26583,858
26584,858
26585,858
26586,858
26587,858
26588,858
26589,858
26590,858
26591,858
26592,858
26593,858
26594,858
26595,858
26596,858
26597,858
26598,858
26599,858
26600,858
26601,858
26602,858
26603,858
26604,858
26605,858
26606,858
26607,858
26608,858
26609,858
26610,858
26611,858
26612,858
26613,858
26614,858
26615,858
26616,858
26617,858
26618,858
26619,858
26620,858
26621,858
26622,858
26623,858
26624,858
26625,858
26626,858
26627,858
26628,858
26629,858
26630,858
26631,858
26632,858
26633,858
26634,858
26635,858
26636,858
26637,858
26638,858
26639,858
26640,858
26641,859
26642,859
26643,859
26644,859
26645,859
26646,859
26647,859
26648,859
26649,859
26650,859
26651,859
26652,859
26653,859
26654,859
26655,859
26656,859
26657,859
26658,859
26659,859
26660,859
26661,859
26662,859
26663,859
26664,859
26665,859
26666,859
26667,859
26668,859
26669,859
26670,859
26671,859
26672,859
26673,859
26674,859
26675,859
26676,859
26677,859
26678,859
26679,859
26680,859
26681,859
26682,859
26683,859
26684,859
26685,859
26686,859
26687,859
26688,859
26689,859
26690,859
26691,859
26692,859
26693,859
26694,859
26695,859
26696,859
26697,859
26698,859
26699,859
26700,859
26701,859
26702,859
26703,859
26704,859
26705,859
26706,859
26707,859
26708,859
26709,859
26710,859
26711,859
26712,859
26713,859
26714,859
26715,859
26716,859
26717,859
26718,859
26719,859
26720,859
26721,860
26722,860
26723,860
26724,860
26725,860
26726,860
26727,860
26728,860
26729,860
26730,860
26731,860
26732,860
26733,860
26734,860
26735,860
26736,860
26737,860
26738,860
26739,860
26740,860
26741,860
26742,860
26743,860
26744,860
26745,860
26746,860
26747,860
26748,860
26749,860
26750,860
26751,860
26752,860
26753,860
26754,860
26755,860
26756,860
26757,860
26758,860
26759,860
26760,860
26761,860
26762,860
26763,860
26764,860
26765,860
26766,860
26767,860
26768,860
26769,860
26770,860
26771,860
26772,860
26773,860
26774,860
26775,860
26776,860
26777,860
26778,860
26779,860
26780,860
26781,860
26782,860
26783,860
26784,860
26785,860
26786,860
26787,860
26788,860
26789,860
26790,860
26791,860
26792,860
26793,860
26794,860
26795,860
26796,860
26797,860
26798,860
26799,860
26800,860
26801,861
26802,861
26803,861
26804,861
26805,861
26806,861
26807,861
26808,861
26809,861
26810,861
26811,861
26812,861
26813,861
26814,861
26815,861
26816,861
26817,861
26818,861
26819,861
26820,861
26821,861
26822,861
26823,861
26824,861
26825,861
26826,861
26827,861
26828,861
26829,861
26830,861
26831,861
26832,861
26833,861
26834,861
26835,861
26836,861
26837,861
26838,861
26839,861
26840,861
26841,861
26842,861
26843,861
26844,861
26845,861
26846,861
26847,861
26848,861
26849,861
26850,861
26851,861
26852,861
26853,861
26854,861
26855,861
26856,861
26857,861
26858,861
26859,861
26860,861
26861,861
26862,861
26863,861
26864,861
26865,861
26866,861
26867,861
26868,861
26869,861
26870,861
26871,861
26872,861
26873,861
26874,861
26875,861
26876,861
26877,861
26878,861
26879,861
26880,861
26881,862
26882,862
26883,862
26884,862
26885,862
26886,862
26887,862
26888,862
26889,862
26890,862
26891,862
26892,862
26893,862
26894,862
26895,862
26896,862
26897,862
26898,862
26899,862
26900,862
26901,862
26902,862
26903,862
26904,862
26905,862
26906,862
26907,862
26908,862
26909,862
26910,862
26911,862
26912,862
26913,862
26914,862
26915,862
26916,862
26917,862
26918,862
26919,862
26920,862
26921,862
26922,862
26923,862
26924,862
26925,862
26926,862
26927,862
26928,862
26929,862
26930,862
26931,862
26932,862
26933,862
26934,862
26935,862
26936,862
26937,862
26938,862
26939,862
26940,862
26941,862
26942,862
26943,862
26944,862
26945,862
26946,862
26947,862
26948,862
26949,862
26950,862
26951,862
26952,862
26953,862
26954,862
26955,862
26956,862
26957,862
26958,862
26959,862
26960,862
26961,863
26962,863
26963,863
26964,863
26965,863
26966,863
26967,863
26968,863
26969,863
26970,863
26971,863
26972,863
26973,863
26974,863
26975,863
26976,863
26977,863
26978,863
26979,863
26980,863
26981,863
26982,863
26983,863
26984,863
26985,863
26986,863
26987,863
26988,863
26989,863
26990,863
26991,863
26992,863
26993,863
26994,863
26995,863
26996,863
26997,863
26998,863
26999,863
27000,863
27001,863
27002,863
27003,863
27004,863
27005,863
27006,863
27007,863
27008,863
27009,863
27010,863
27011,863
27012,863
27013,863
27014,863
27015,863
27016,863
27017,863
27018,863
27019,863
27020,863
27021,863
27022,863
27023,863
27024,863
27025,863
27026,863
27027,863
27028,863
27029,863
27030,863
27031,863
27032,863
27033,863
27034,863
27035,863
27036,863
27037,863
27038,863
27039,863
27040,863
27041,864
27042,864
27043,864
27044,864
27045,864
27046,864
27047,864
27048,864
27049,864
27050,864
27051,864
27052,864
27053,864
27054,864
27055,864
27056,864
27057,864
27058,864
27059,864
27060,864
27061,864
27062,864
27063,864
27064,864
27065,864
27066,864
27067,864
27068,864
27069,864
27070,864
27071,864
27072,864
27073,864
27074,864
27075,864
27076,864
27077,864
27078,864
27079,864
27080,864
27081,864
27082,864
27083,864
27084,864
27085,864
27086,864
27087,864
27088,864
27089,864
27090,864
27091,864
27092,864
27093,864
27094,864
27095,864
27096,864
27097,864
27098,864
27099,864
27100,864
27101,864
27102,864
27103,864
27104,864
27105,864
27106,864
27107,864
27108,864
27109,864
27110,864
27111,864
27112,864
27113,864
27114,864
27115,864
27116,864
27117,864
27118,864
27119,864
27120,864
27121,865
27122,865
27123,865
27124,865
27125,865
27126,865
27127,865
27128,865
27129,865
27130,865
27131,865
27132,865
27133,865
27134,865
27135,865
27136,865
27137,865
27138,865
27139,865
27140,865
27141,865
27142,865
27143,865
27144,865
27145,865
27146,865
27147,865
27148,865
27149,865
27150,865
27151,865
27152,865
27153,865
27154,865
27155,865
27156,865
27157,865
27158,865
27159,865
27160,865
27161,865
27162,865
27163,865
27164,865
27165,865
27166,865
27167,865
27168,865
27169,865
27170,865
27171,865
27172,865
27173,865
27174,865
27175,865
27176,865
27177,865
27178,865
27179,865
27180,865
27181,865
27182,865
27183,865
27184,865
27185,865
27186,865
27187,865
27188,865
27189,865
27190,865
27191,865
27192,865
27193,865
27194,865
27195,865
27196,865
27197,865
27198,865
27199,865
27200,865
27201,866
27202,866
27203,866
27204,866
27205,866
27206,866
27207,866
27208,866
27209,866
27210,866
27211,866
27212,866
27213,866
27214,866
27215,866
27216,866
27217,866
27218,866
27219,866
27220,866
27221,866
27222,866
27223,866
27224,866
27225,866
27226,866
27227,866
27228,866
27229,866
27230,866
27231,866
27232,866
27233,866
27234,866
27235,866
27236,866
27237,866
27238,866
27239,866
27240,866
27241,866
27242,866
27243,866
27244,866
27245,866
27246,866
27247,866
27248,866
27249,866
27250,866
27251,866
27252,866
27253,866
27254,866
27255,866
27256,866
27257,866
27258,866
27259,866
27260,866
27261,866
27262,866
27263,866
27264,866
27265,866
27266,866
27267,866
27268,866
27269,866
27270,866
27271,866
27272,866
27273,866
27274,866
27275,866
27276,866
27277,866
27278,866
27279,866
27280,866
27281,867
27282,867
27283,867
27284,867
27285,867
27286,867
27287,867
27288,867
27289,867
27290,867
27291,867
27292,867
27293,867
27294,867
27295,867
27296,867
27297,867
27298,867
27299,867
27300,867
27301,867
27302,867
27303,867
27304,867
27305,867
27306,867
27307,867
27308,867
27309,867
27310,867
27311,867
27312,867
27313,867
27314,867
27315,867
27316,867
27317,867
27318,867
27319,867
27320,867
27321,867
27322,867
27323,867
27324,867
27325,867
27326,867
27327,867
27328,867
27329,867
27330,867
27331,867
27332,867
27333,867
27334,867
27335,867
27336,867
27337,867
27338,867
27339,867
27340,867
27341,867
27342,867
27343,867
27344,867
27345,867
27346,867
27347,867
27348,867
27349,867
27350,867
27351,867
27352,867
27353,867
27354,867
27355,867
27356,867
27357,867
27358,867
27359,867
27360,867
27361,868
27362,868
27363,868
27364,868
27365,868
27366,868
27367,868
27368,868
27369,868
27370,868
27371,868
27372,868
27373,868
27374,868
27375,868
27376,868
27377,868
27378,868
27379,868
27380,868
27381,868
27382,868
27383,868
27384,868
27385,868
27386,868
27387,868
27388,868
27389,868
27390,868
27391,868
27392,868
27393,868
27394,868
27395,868
27396,868
27397,868
27398,868
27399,868
27400,868
27401,868
27402,868
27403,868
27404,868
27405,868
27406,868
27407,868
27408,868
27409,868
27410,868
27411,868
27412,868
27413,868
27414,868
27415,868
27416,868
27417,868
27418,868
27419,868
27420,868
27421,868
27422,868
27423,868
27424,868
27425,868
27426,868
27427,868
27428,868
27429,868
27430,868
27431,868
27432,868
27433,868
27434,868
27435,868
27436,868
27437,868
27438,868
27439,868
27440,868
27441,869
27442,869
27443,869
27444,869
27445,869
27446,869
27447,869
27448,869
27449,869
27450,869
27451,869
27452,869
27453,869
27454,869
27455,869
27456,869
27457,869
27458,869
27459,869
27460,869
27461,869
27462,869
27463,869
27464,869
27465,869
27466,869
27467,869
27468,869
27469,869
27470,869
27471,869
27472,869
27473,869
27474,869
27475,869
27476,869
27477,869
27478,869
27479,869
27480,869
27481,869
27482,869
27483,869
27484,869
27485,869
27486,869
27487,869
27488,869
27489,869
27490,869
27491,869
27492,869
27493,869
27494,869
27495,869
27496,869
27497,869
27498,869
27499,869
27500,869
27501,869
27502,869
27503,869
27504,869
27505,869
27506,869
27507,869
27508,869
27509,869
27510,869
27511,869
27512,869
27513,869
27514,869
27515,869
27516,869
27517,869
27518,869
27519,869
27520,869
27521,870
27522,870
27523,870
27524,870
27525,870
27526,870
27527,870
27528,870
27529,870
27530,870
27531,870
27532,870
27533,870
27534,870
27535,870
27536,870
27537,870
27538,870
27539,870
27540,870
27541,870
27542,870
27543,870
27544,870
27545,870
27546,870
27547,870
27548,870
27549,870
27550,870
27551,870
27552,870
27553,870
27554,870
27555,870
27556,870
27557,870
27558,870
27559,870
27560,870
27561,870
27562,870
27563,870
27564,870
27565,870
27566,870
27567,870
27568,870
27569,870
27570,870
27571,870
27572,870
27573,870
27574,870
27575,870
27576,870
27577,870
27578,870
27579,870
27580,870
27581,870
27582,870
27583,870
27584,870
27585,870
27586,870
27587,870
27588,870
27589,870
27590,870
27591,870
27592,870
27593,870
27594,870
27595,870
27596,870
27597,870
27598,870
27599,870
27600,870
27601,871
27602,871
27603,871
27604,871
27605,871
27606,871
27607,871
27608,871
27609,871
27610,871
27611,871
27612,871
27613,871
27614,871
27615,871
27616,871
27617,871
27618,871
27619,871
27620,871
27621,871
27622,871
27623,871
27624,871
27625,871
27626,871
27627,871
27628,871
27629,871
27630,871
27631,871
27632,871
27633,871
27634,871
27635,871
27636,871
27637,871
27638,871
27639,871
27640,871
27641,871
27642,871
27643,871
27644,871
27645,871
27646,871
27647,871
27648,871
27649,871
27650,871
27651,871
27652,871
27653,871
27654,871
27655,871
27656,871
27657,871
27658,871
27659,871
27660,871
27661,871
27662,871
27663,871
27664,871
27665,871
27666,871
27667,871
27668,871
27669,871
27670,871
27671,871
27672,871
27673,871
27674,871
27675,871
27676,871
27677,871
27678,871
27679,871
27680,871
27681,872
27682,872
27683,872
27684,872
27685,872
27686,872
27687,872
27688,872
27689,872
27690,872
27691,872
27692,872
27693,872
27694,872
27695,872
27696,872
27697,872
27698,872
27699,872
27700,872
27701,872
27702,872
27703,872
27704,872
27705,872
27706,872
27707,872
27708,872
27709,872
27710,872
27711,872
27712,872
27713,872
27714,872
27715,872
27716,872
27717,872
27718,872
27719,872
27720,872
27721,872
27722,872
27723,872
27724,872
27725,872
27726,872
27727,872
27728,872
27729,872
27730,872
27731,872
27732,872
27733,872
27734,872
27735,872
27736,872
27737,872
27738,872
27739,872
27740,872
27741,872
27742,872
27743,872
27744,872
27745,872
27746,872
27747,872
27748,872
27749,872
27750,872
27751,872
27752,872
27753,872
27754,872
27755,872
27756,872
27757,872
27758,872
27759,872
27760,872
27761,873
27762,873
27763,873
27764,873
27765,873
27766,873
27767,873
27768,873
27769,873
27770,873
27771,873
27772,873
27773,873
27774,873
27775,873
27776,873
27777,873
27778,873
27779,873
27780,873
27781,873
27782,873
27783,873
27784,873
27785,873
27786,873
27787,873
27788,873
27789,873
27790,873
27791,873
27792,873
27793,873
27794,873
27795,873
27796,873
27797,873
27798,873
27799,873
27800,873
27801,873
27802,873
27803,873
27804,873
27805,873
27806,873
27807,873
27808,873
27809,873
27810,873
27811,873
27812,873
27813,873
27814,873
27815,873
27816,873
27817,873
27818,873
27819,873
27820,873
27821,873
27822,873
27823,873
27824,873
27825,873
27826,873
27827,873
27828,873
27829,873
27830,873
27831,873
27832,873
27833,873
27834,873
27835,873
27836,873
27837,873
27838,873
27839,873
27840,873
27841,874
27842,874
27843,874
27844,874
27845,874
27846,874
27847,874
27848,874
27849,874
27850,874
27851,874
27852,874
27853,874
27854,874
27855,874
27856,874
27857,874
27858,874
27859,874
27860,874
27861,874
27862,874
27863,874
27864,874
27865,874
27866,874
27867,874
27868,874
27869,874
27870,874
27871,874
27872,874
27873,874
27874,874
27875,874
27876,874
27877,874
27878,874
27879,874
27880,874
27881,874
27882,874
27883,874
27884,874
27885,874
27886,874
27887,874
27888,874
27889,874
27890,874
27891,874
27892,874
27893,874
27894,874
27895,874
27896,874
27897,874
27898,874
27899,874
27900,874
27901,874
27902,874
27903,874
27904,874
27905,874
27906,874
27907,874
27908,874
27909,874
27910,874
27911,874
27912,874
27913,874
27914,874
27915,874
27916,874
27917,874
27918,874
27919,874
27920,874
27921,875
27922,875
27923,875
27924,875
27925,875
27926,875
27927,875
27928,875
27929,875
27930,875
27931,875
27932,875
27933,875
27934,875
27935,875
27936,875
27937,875
27938,875
27939,875
27940,875
27941,875
27942,875
27943,875
27944,875
27945,875
27946,875
27947,875
27948,875
27949,875
27950,875
27951,875
27952,875
27953,875
27954,875
27955,875
27956,875
27957,875
27958,875
27959,875
27960,875
27961,875
27962,875
27963,875
27964,875
27965,875
27966,875
27967,875
27968,875
27969,875
27970,875
27971,875
27972,875
27973,875
27974,875
27975,875
27976,875
27977,875
27978,875
27979,875
27980,875
27981,875
27982,875
27983,875
27984,875
27985,875
27986,875
27987,875
27988,875
27989,875
27990,875
27991,875
27992,875
27993,875
27994,875
27995,875
27996,875
27997,875
27998,875
27999,875
28000,875
28001,876
28002,876
28003,876
28004,876
28005,876
28006,876
28007,876
28008,876
28009,876
28010,876
28011,876
28012,876
28013,876
28014,876
28015,876
28016,876
28017,876
28018,876
28019,876
28020,876
28021,876
28022,876
28023,876
28024,876
28025,876
28026,876
28027,876
28028,876
28029,876
28030,876
28031,876
28032,876
28033,876
28034,876
28035,876
28036,876
28037,876
28038,876
28039,876
28040,876
28041,876
28042,876
28043,876
28044,876
28045,876
28046,876
28047,876
28048,876
28049,876
28050,876
28051,876
28052,876
28053,876
28054,876
28055,876
28056,876
28057,876
28058,876
28059,876
28060,876
28061,876
28062,876
28063,876
28064,876
28065,876
28066,876
28067,876
28068,876
28069,876
28070,876
28071,876
28072,876
28073,876
28074,876
28075,876
28076,876
28077,876
28078,876
28079,876
28080,876
28081,877
28082,877
28083,877
28084,877
28085,877
28086,877
28087,877
28088,877
28089,877
28090,877
28091,877
28092,877
28093,877
28094,877
28095,877
28096,877
28097,877
28098,877
28099,877
28100,877
28101,877
28102,877
28103,877
28104,877
28105,877
28106,877
28107,877
28108,877
28109,877
28110,877
28111,877
28112,877
28113,877
28114,877
28115,877
28116,877
28117,877
28118,877
28119,877
28120,877
28121,877
28122,877
28123,877
28124,877
28125,877
28126,877
28127,877
28128,877
28129,877
28130,877
28131,877
28132,877
28133,877
28134,877
28135,877
28136,877
28137,877
28138,877
28139,877
28140,877
28141,877
28142,877
28143,877
28144,877
28145,877
28146,877
28147,877
28148,877
28149,877
28150,877
28151,877
28152,877
28153,877
28154,877
28155,877
28156,877
28157,877
28158,877
28159,877
28160,877
28161,878
28162,878
28163,878
28164,878
28165,878
28166,878
28167,878
28168,878
28169,878
28170,878
28171,878
28172,878
28173,878
28174,878
28175,878
28176,878
28177,878
28178,878
28179,878
28180,878
28181,878
28182,878
28183,878
28184,878
28185,878
28186,878
28187,878
28188,878
28189,878
28190,878
28191,878
28192,878
28193,878
28194,878
28195,878
28196,878
28197,878
28198,878
28199,878
28200,878
28201,878
28202,878
28203,878
28204,878
28205,878
28206,878
28207,878
28208,878
28209,878
28210,878
28211,878
28212,878
28213,878
28214,878
28215,878
28216,878
28217,878
28218,878
28219,878
28220,878
28221,878
28222,878
28223,878
28224,878
28225,878
28226,878
28227,878
28228,878
28229,878
28230,878
28231,878
28232,878
28233,878
28234,878
28235,878
28236,878
28237,878
28238,878
28239,878
28240,878
28241,879
28242,879
28243,879
28244,879
28245,879
28246,879
28247,879
28248,879
28249,879
28250,879
28251,879
28252,879
28253,879
28254,879
28255,879
28256,879
28257,879
28258,879
28259,879
28260,879
28261,879
28262,879
28263,879
28264,879
28265,879
28266,879
28267,879
28268,879
28269,879
28270,879
28271,879
28272,879
28273,879
28274,879
28275,879
28276,879
28277,879
28278,879
28279,879
28280,879
28281,879
28282,879
28283,879
28284,879
28285,879
28286,879
28287,879
28288,879
28289,879
28290,879
28291,879
28292,879
28293,879
28294,879
28295,879
28296,879
28297,879
28298,879
28299,879
28300,879
28301,879
28302,879
28303,879
28304,879
28305,879
28306,879
28307,879
28308,879
28309,879
28310,879
28311,879
28312,879
28313,879
28314,879
28315,879
28316,879
28317,879
28318,879
28319,879
28320,879
28321,880
28322,880
28323,880
28324,880
28325,880
28326,880
28327,880
28328,880
28329,880
28330,880
28331,880
28332,880
28333,880
28334,880
28335,880
28336,880
28337,880
28338,880
28339,880
28340,880
28341,880
28342,880
28343,880
28344,880
28345,880
28346,880
28347,880
28348,880
28349,880
28350,880
28351,880
28352,880
28353,880
28354,880
28355,880
28356,880
28357,880
28358,880
28359,880
28360,880
28361,880
28362,880
28363,880
28364,880
28365,880
28366,880
28367,880
28368,880
28369,880
28370,880
28371,880
28372,880
28373,880
28374,880
28375,880
28376,880
28377,880
28378,880
28379,880
28380,880
28381,880
28382,880
28383,880
28384,880
28385,880
28386,880
28387,880
28388,880
28389,880
28390,880
28391,880
28392,880
28393,880
28394,880
28395,880
28396,880
28397,880
28398,880
28399,880
28400,880
28401,881
28402,881
28403,881
28404,881
28405,881
28406,881
28407,881
28408,881
28409,881
28410,881
28411,881
28412,881
28413,881
28414,881
28415,881
28416,881
28417,881
28418,881
28419,881
28420,881
28421,881
28422,881
28423,881
28424,881
28425,881
28426,881
28427,881
28428,881
28429,881
28430,881
28431,881
28432,881
28433,881
28434,881
28435,881
28436,881
28437,881
28438,881
28439,881
28440,881
28441,881
28442,881
28443,881
28444,881
28445,881
28446,881
28447,881
28448,881
28449,881
28450,881
28451,881
28452,881
28453,881
28454,881
28455,881
28456,881
28457,881
28458,881
28459,881
28460,881
28461,881
28462,881
28463,881
28464,881
28465,881
28466,881
28467,881
28468,881
28469,881
28470,881
28471,881
28472,881
28473,881
28474,881
28475,881
28476,881
28477,881
28478,881
28479,881
28480,881
28481,882
28482,882
28483,882
28484,882
28485,882
28486,882
28487,882
28488,882
28489,882
28490,882
28491,882
28492,882
28493,882
28494,882
28495,882
28496,882
28497,882
28498,882
28499,882
28500,882
28501,882
28502,882
28503,882
28504,882
28505,882
28506,882
28507,882
28508,882
28509,882
28510,882
28511,882
28512,882
28513,882
28514,882
28515,882
28516,882
28517,882
28518,882
28519,882
28520,882
28521,882
28522,882
28523,882
28524,882
28525,882
28526,882
28527,882
28528,882
28529,882
28530,882
28531,882
28532,882
28533,882
28534,882
28535,882
28536,882
28537,882
28538,882
28539,882
28540,882
28541,882
28542,882
28543,882
28544,882
28545,882
28546,882
28547,882
28548,882
28549,882
28550,882
28551,882
28552,882
28553,882
28554,882
28555,882
28556,882
28557,882
28558,882
28559,882
28560,882
28561,883
28562,883
28563,883
28564,883
28565,883
28566,883
28567,883
28568,883
28569,883
28570,883
28571,883
28572,883
28573,883
28574,883
28575,883
28576,883
28577,883
28578,883
28579,883
28580,883
28581,883
28582,883
28583,883
28584,883
28585,883
28586,883
28587,883
28588,883
28589,883
28590,883
28591,883
28592,883
28593,883
28594,883
28595,883
28596,883
28597,883
28598,883
28599,883
28600,883
28601,883
28602,883
28603,883
28604,883
28605,883
28606,883
28607,883
28608,883
28609,883
28610,883
28611,883
28612,883
28613,883
28614,883
28615,883
28616,883
28617,883
28618,883
28619,883
28620,883
28621,883
28622,883
28623,883
28624,883
28625,883
28626,883
28627,883
28628,883
28629,883
28630,883
28631,883
28632,883
28633,883
28634,883
28635,883
28636,883
28637,883
28638,883
28639,883
28640,883
28641,884
28642,884
28643,884
28644,884
28645,884
28646,884
28647,884
28648,884
28649,884
28650,884
28651,884
28652,884
28653,884
28654,884
28655,884
28656,884
28657,884
28658,884
28659,884
28660,884
28661,884
28662,884
28663,884
28664,884
28665,884
28666,884
28667,884
28668,884
28669,884
28670,884
28671,884
28672,884
28673,884
28674,884
28675,884
28676,884
28677,884
28678,884
28679,884
28680,884
28681,884
28682,884
28683,884
28684,884
28685,884
28686,884
28687,884
28688,884
28689,884
28690,884
28691,884
28692,884
28693,884
28694,884
28695,884
28696,884
28697,884
28698,884
28699,884
28700,884
28701,884
28702,884
28703,884
28704,884
28705,884
28706,884
28707,884
28708,884
28709,884
28710,884
28711,884
28712,884
28713,884
28714,884
28715,884
28716,884
28717,884
28718,884
28719,884
28720,884
28721,885
28722,885
28723,885
28724,885
28725,885
28726,885
28727,885
28728,885
28729,885
28730,885
28731,885
28732,885
28733,885
28734,885
28735,885
28736,885
28737,885
28738,885
28739,885
28740,885
28741,885
28742,885
28743,885
28744,885
28745,885
28746,885
28747,885
28748,885
28749,885
28750,885
28751,885
28752,885
28753,885
28754,885
28755,885
28756,885
28757,885
28758,885
28759,885
28760,885
28761,885
28762,885
28763,885
28764,885
28765,885
28766,885
28767,885
28768,885
28769,885
28770,885
28771,885
28772,885
28773,885
28774,885
28775,885
28776,885
28777,885
28778,885
28779,885
28780,885
28781,885
28782,885
28783,885
28784,885
28785,885
28786,885
28787,885
28788,885
28789,885
28790,885
28791,885
28792,885
28793,885
28794,885
28795,885
28796,885
28797,885
28798,885
28799,885
28800,885
28801,886
28802,886
28803,886
28804,886
28805,886
28806,886
28807,886
28808,886
28809,886
28810,886
28811,886
28812,886
28813,886
28814,886
28815,886
28816,886
28817,886
28818,886
28819,886
28820,886
28821,886
28822,886
28823,886
28824,886
28825,886
28826,886
28827,886
28828,886
28829,886
28830,886
28831,886
28832,886
28833,886
28834,886
28835,886
28836,886
28837,886
28838,886
28839,886
28840,886
28841,886
28842,886
28843,886
28844,886
28845,886
28846,886
28847,886
28848,886
28849,886
28850,886
28851,886
28852,886
28853,886
28854,886
28855,886
28856,886
28857,886
28858,886
28859,886
28860,886
28861,886
28862,886
28863,886
28864,886
28865,886
28866,886
28867,886
28868,886
28869,886
28870,886
28871,886
28872,886
28873,886
28874,886
28875,886
28876,886
28877,886
28878,886
28879,886
28880,886
28881,887
28882,887
28883,887
28884,887
28885,887
28886,887
28887,887
28888,887
28889,887
28890,887
28891,887
28892,887
28893,887
28894,887
28895,887
28896,887
28897,887
28898,887
28899,887
28900,887
28901,887
28902,887
28903,887
28904,887
28905,887
28906,887
28907,887
28908,887
28909,887
28910,887
28911,887
28912,887
28913,887
28914,887
28915,887
28916,887
28917,887
28918,887
28919,887
28920,887
28921,887
28922,887
28923,887
28924,887
28925,887
28926,887
28927,887
28928,887
28929,887
28930,887
28931,887
28932,887
28933,887
28934,887
28935,887
28936,887
28937,887
28938,887
28939,887
28940,887
28941,887
28942,887
28943,887
28944,887
28945,887
28946,887
28947,887
28948,887
28949,887
28950,887
28951,887
28952,887
28953,887
28954,887
28955,887
28956,887
28957,887
28958,887
28959,887
28960,887
28961,888
28962,888
28963,888
28964,888
28965,888
28966,888
28967,888
28968,888
28969,888
28970,888
28971,888
28972,888
28973,888
28974,888
28975,888
28976,888
28977,888
28978,888
28979,888
28980,888
28981,888
28982,888
28983,888
28984,888
28985,888
28986,888
28987,888
28988,888
28989,888
28990,888
28991,888
28992,888
28993,888
28994,888
28995,888
28996,888
28997,888
28998,888
28999,888
29000,888
29001,888
29002,888
29003,888
29004,888
29005,888
29006,888
29007,888
29008,888
29009,888
29010,888
29011,888
29012,888
29013,888
29014,888
29015,888
29016,888
29017,888
29018,888
29019,888
29020,888
29021,888
29022,888
29023,888
29024,888
29025,888
29026,888
29027,888
29028,888
29029,888
29030,888
29031,888
29032,888
29033,888
29034,888
29035,888
29036,888
29037,888
29038,888
29039,888
29040,888
29041,889
29042,889
29043,889
29044,889
29045,889
29046,889
29047,889
29048,889
29049,889
29050,889
29051,889
29052,889
29053,889
29054,889
29055,889
29056,889
29057,889
29058,889
29059,889
29060,889
29061,889
29062,889
29063,889
29064,889
29065,889
29066,889
29067,889
29068,889
29069,889
29070,889
29071,889
29072,889
29073,889
29074,889
29075,889
29076,889
29077,889
29078,889
29079,889
29080,889
29081,889
29082,889
29083,889
29084,889
29085,889
29086,889
29087,889
29088,889
29089,889
29090,889
29091,889
29092,889
29093,889
29094,889
29095,889
29096,889
29097,889
29098,889
29099,889
29100,889
29101,889
29102,889
29103,889
29104,889
29105,889
29106,889
29107,889
29108,889
29109,889
29110,889
29111,889
29112,889
29113,889
29114,889
29115,889
29116,889
29117,889
29118,889
29119,889
29120,889
29121,890
29122,890
29123,890
29124,890
29125,890
29126,890
29127,890
29128,890
29129,890
29130,890
29131,890
29132,890
29133,890
29134,890
29135,890
29136,890
29137,890
29138,890
29139,890
29140,890
29141,890
29142,890
29143,890
29144,890
29145,890
29146,890
29147,890
29148,890
29149,890
29150,890
29151,890
29152,890
29153,890
29154,890
29155,890
29156,890
29157,890
29158,890
29159,890
29160,890
29161,890
29162,890
29163,890
29164,890
29165,890
29166,890
29167,890
29168,890
29169,890
29170,890
29171,890
29172,890
29173,890
29174,890
29175,890
29176,890
29177,890
29178,890
29179,890
29180,890
29181,890
29182,890
29183,890
29184,890
29185,890
29186,890
29187,890
29188,890
29189,890
29190,890
29191,890
29192,890
29193,890
29194,890
29195,890
29196,890
29197,890
29198,890
29199,890
29200,890
29201,891
29202,891
29203,891
29204,891
29205,891
29206,891
29207,891
29208,891
29209,891
29210,891
29211,891
29212,891
29213,891
29214,891
29215,891
29216,891
29217,891
29218,891
29219,891
29220,891
29221,891
29222,891
29223,891
29224,891
29225,891
29226,891
29227,891
29228,891
29229,891
29230,891
29231,891
29232,891
29233,891
29234,891
29235,891
29236,891
29237,891
29238,891
29239,891
29240,891
29241,891
29242,891
29243,891
29244,891
29245,891
29246,891
29247,891
29248,891
29249,891
29250,891
29251,891
29252,891
29253,891
29254,891
29255,891
29256,891
29257,891
29258,891
29259,891
29260,891
29261,891
29262,891
29263,891
29264,891
29265,891
29266,891
29267,891
29268,891
29269,891
29270,891
29271,891
29272,891
29273,891
29274,891
29275,891
29276,891
29277,891
29278,891
29279,891
29280,891
29281,892
29282,892
29283,892
29284,892
29285,892
29286,892
29287,892
29288,892
29289,892
29290,892
29291,892
29292,892
29293,892
29294,892
29295,892
29296,892
29297,892
29298,892
29299,892
29300,892
29301,892
29302,892
29303,892
29304,892
29305,892
29306,892
29307,892
29308,892
29309,892
29310,892
29311,892
29312,892
29313,892
29314,892
29315,892
29316,892
29317,892
29318,892
29319,892
29320,892
29321,892
29322,892
29323,892
29324,892
29325,892
29326,892
29327,892
29328,892
29329,892
29330,892
29331,892
29332,892
29333,892
29334,892
29335,892
29336,892
29337,892
29338,892
29339,892
29340,892
29341,892
29342,892
29343,892
29344,892
29345,892
29346,892
29347,892
29348,892
29349,892
29350,892
29351,892
29352,892
29353,892
29354,892
29355,892
29356,892
29357,892
29358,892
29359,892
29360,892
29361,893
29362,893
29363,893
29364,893
29365,893
29366,893
29367,893
29368,893
29369,893
29370,893
29371,893
29372,893
29373,893
29374,893
29375,893
29376,893
29377,893
29378,893
29379,893
29380,893
29381,893
29382,893
29383,893
29384,893
29385,893
29386,893
29387,893
29388,893
29389,893
29390,893
29391,893
29392,893
29393,893
29394,893
29395,893
29396,893
29397,893
29398,893
29399,893
29400,893
29401,893
29402,893
29403,893
29404,893
29405,893
29406,893
29407,893
29408,893
29409,893
29410,893
29411,893
29412,893
29413,893
29414,893
29415,893
29416,893
29417,893
29418,893
29419,893
29420,893
29421,893
29422,893
29423,893
29424,893
29425,893
29426,893
29427,893
29428,893
29429,893
29430,893
29431,893
29432,893
29433,893
29434,893
29435,893
29436,893
29437,893
29438,893
29439,893
29440,893
29441,894
29442,894
29443,894
29444,894
29445,894
29446,894
29447,894
29448,894
29449,894
29450,894
29451,894
29452,894
29453,894
29454,894
29455,894
29456,894
29457,894
29458,894
29459,894
29460,894
29461,894
29462,894
29463,894
29464,894
29465,894
29466,894
29467,894
29468,894
29469,894
29470,894
29471,894
29472,894
29473,894
29474,894
29475,894
29476,894
29477,894
29478,894
29479,894
29480,894
29481,894
29482,894
29483,894
29484,894
29485,894
29486,894
29487,894
29488,894
29489,894
29490,894
29491,894
29492,894
29493,894
29494,894
29495,894
29496,894
29497,894
29498,894
29499,894
29500,894
29501,894
29502,894
29503,894
29504,894
29505,894
29506,894
29507,894
29508,894
29509,894
29510,894
29511,894
29512,894
29513,894
29514,894
29515,894
29516,894
29517,894
29518,894
29519,894
29520,894
29521,895
29522,895
29523,895
29524,895
29525,895
29526,895
29527,895
29528,895
29529,895
29530,895
29531,895
29532,895
29533,895
29534,895
29535,895
29536,895
29537,895
29538,895
29539,895
29540,895
29541,895
29542,895
29543,895
29544,895
29545,895
29546,895
29547,895
29548,895
29549,895
29550,895
29551,895
29552,895
29553,895
29554,895
29555,895
29556,895
29557,895
29558,895
29559,895
29560,895
29561,895
29562,895
29563,895
29564,895
29565,895
29566,895
29567,895
29568,895
29569,895
29570,895
29571,895
29572,895
29573,895
29574,895
29575,895
29576,895
29577,895
29578,895
29579,895
29580,895
29581,895
29582,895
29583,895
29584,895
29585,895
29586,895
29587,895
29588,895
29589,895
29590,895
29591,895
29592,895
29593,895
29594,895
29595,895
29596,895
29597,895
29598,895
29599,895
29600,895
29601,896
29602,896
29603,896
29604,896
29605,896
29606,896
29607,896
29608,896
29609,896
29610,896
29611,896
29612,896
29613,896
29614,896
29615,896
29616,896
29617,896
29618,896
29619,896
29620,896
29621,896
29622,896
29623,896
29624,896
29625,896
29626,896
29627,896
29628,896
29629,896
29630,896
29631,896
29632,896
29633,896
29634,896
29635,896
29636,896
29637,896
29638,896
29639,896
29640,896
29641,896
29642,896
29643,896
29644,896
29645,896
29646,896
29647,896
29648,896
29649,896
29650,896
29651,896
29652,896
29653,896
29654,896
29655,896
29656,896
29657,896
29658,896
29659,896
29660,896
29661,896
29662,896
29663,896
29664,896
29665,896
29666,896
29667,896
29668,896
29669,896
29670,896
29671,896
29672,896
29673,896
29674,896
29675,896
29676,896
29677,896
29678,896
29679,896
29680,896
29681,897
29682,897
29683,897
29684,897
29685,897
29686,897
29687,897
29688,897
29689,897
29690,897
29691,897
29692,897
29693,897
29694,897
29695,897
29696,897
29697,897
29698,897
29699,897
29700,897
29701,897
29702,897
29703,897
29704,897
29705,897
29706,897
29707,897
29708,897
29709,897
29710,897
29711,897
29712,897
29713,897
29714,897
29715,897
29716,897
29717,897
29718,897
29719,897
29720,897
29721,897
29722,897
29723,897
29724,897
29725,897
29726,897
29727,897
29728,897
29729,897
29730,897
29731,897
29732,897
29733,897
29734,897
29735,897
29736,897
29737,897
29738,897
29739,897
29740,897
29741,897
29742,897
29743,897
29744,897
29745,897
29746,897
29747,897
29748,897
29749,897
29750,897
29751,897
29752,897
29753,897
29754,897
29755,897
29756,897
29757,897
29758,897
29759,897
29760,897
29761,898
29762,898
29763,898
29764,898
29765,898
29766,898
29767,898
29768,898
29769,898
29770,898
29771,898
29772,898
29773,898
29774,898
29775,898
29776,898
29777,898
29778,898
29779,898
29780,898
29781,898
29782,898
29783,898
29784,898
29785,898
29786,898
29787,898
29788,898
29789,898
29790,898
29791,898
29792,898
29793,898
29794,898
29795,898
29796,898
29797,898
29798,898
29799,898
29800,898
29801,898
29802,898
29803,898
29804,898
29805,898
29806,898
29807,898
29808,898
29809,898
29810,898
29811,898
29812,898
29813,898
29814,898
29815,898
29816,898
29817,898
29818,898
29819,898
29820,898
29821,898
29822,898
29823,898
29824,898
29825,898
29826,898
29827,898
29828,898
29829,898
29830,898
29831,898
29832,898
29833,898
29834,898
29835,898
29836,898
29837,898
29838,898
29839,898
29840,898
29841,899
29842,899
29843,899
29844,899
29845,899
29846,899
29847,899
29848,899
29849,899
29850,899
29851,899
29852,899
29853,899
29854,899
29855,899
29856,899
29857,899
29858,899
29859,899
29860,899
29861,899
29862,899
29863,899
29864,899
29865,899
29866,899
29867,899
29868,899
29869,899
29870,899
29871,899
29872,899
29873,899
29874,899
29875,899
29876,899
29877,899
29878,899
29879,899
29880,899
29881,899
29882,899
29883,899
29884,899
29885,899
29886,899
29887,899
29888,899
29889,899
29890,899
29891,899
29892,899
29893,899
29894,899
29895,899
29896,899
29897,899
29898,899
29899,899
29900,899
29901,899
29902,899
29903,899
29904,899
29905,899
29906,899
29907,899
29908,899
29909,899
29910,899
29911,899
29912,899
29913,899
29914,899
29915,899
29916,899
29917,899
29918,899
29919,899
29920,899
29921,900
29922,900
29923,900
29924,900
29925,900
29926,900
29927,900
29928,900
29929,900
29930,900
29931,900
29932,900
29933,900
29934,900
29935,900
29936,900
29937,900
29938,900
29939,900
29940,900
29941,900
29942,900
29943,900
29944,900
29945,900
29946,900
29947,900
29948,900
29949,900
29950,900
29951,900
29952,900
29953,900
29954,900
29955,900
29956,900
29957,900
29958,900
29959,900
29960,900
29961,900
29962,900
29963,900
29964,900
29965,900
29966,900
29967,900
29968,900
29969,900
29970,900
29971,900
29972,900
29973,900
29974,900
29975,900
29976,900
29977,900
29978,900
29979,900
29980,900
29981,900
29982,900
29983,900
29984,900
29985,900
29986,900
29987,900
29988,900
29989,900
29990,900
29991,900
29992,900
29993,900
29994,900
29995,900
29996,900
29997,900
29998,900
29999,900
30000,900
30001,901
30002,901
30003,901
30004,901
30005,901
30006,901
30007,901
30008,901
30009,901
30010,901
30011,901
30012,901
30013,901
30014,901
30015,901
30016,901
30017,901
30018,901
30019,901
30020,901
30021,901
30022,901
30023,901
30024,901
30025,901
30026,901
30027,901
30028,901
30029,901
30030,901
30031,901
30032,901
30033,901
30034,901
30035,901
30036,901
30037,901
30038,901
30039,901
30040,901
30041,901
30042,901
30043,901
30044,901
30045,901
30046,901
30047,901
30048,901
30049,901
30050,901
30051,901
30052,901
30053,901
30054,901
30055,901
30056,901
30057,901
30058,901
30059,901
30060,901
30061,901
30062,901
30063,901
30064,901
30065,901
30066,901
30067,901
30068,901
30069,901
30070,901
30071,901
30072,901
30073,901
30074,901
30075,901
30076,901
30077,901
30078,901
30079,901
30080,901
30081,901
30082,901
30083,901
30084,901
30085,901
30086,901
30087,901
30088,901
30089,901
30090,901
30091,901
30092,901
30093,901
30094,901
30095,901
30096,901
30097,901
30098,901
30099,901
30100,901
30101,901
30102,901
30103,901
30104,901
30105,901
30106,901
30107,901
30108,901
30109,901
30110,901
30111,901
30112,901
30113,901
30114,901
30115,901
30116,901
30117,901
30118,901
30119,901
30120,901
30121,901
30122,901
30123,901
30124,901
30125,901
30126,901
30127,901
30128,901
30129,901
30130,901
30131,901
30132,901
30133,901
30134,901
30135,901
30136,901
30137,901
30138,901
30139,901
30140,901
30141,901
30142,901
30143,901
30144,901
30145,901
30146,901
30147,901
30148,901
30149,901
30150,901
30151,901
30152,901
30153,901
30154,901
30155,901
30156,901
30157,901
30158,901
30159,901
30160,901
30161,901
30162,901
30163,901
30164,901
30165,901
30166,901
30167,901
30168,901
30169,901
30170,901
30171,901
30172,901
30173,901
30174,901
30175,901
30176,901
30177,901
30178,901
30179,901
30180,901
30181,901
30182,901
30183,901
30184,901
30185,901
30186,901
30187,901
30188,901
30189,901
30190,901
30191,901
30192,901
30193,901
30194,901
30195,901
30196,901
30197,901
30198,901
30199,901
30200,901
30201,902
30202,902
30203,902
30204,902
30205,902
30206,902
30207,902
30208,902
30209,902
30210,902
30211,902
30212,902
30213,902
30214,902
30215,902
30216,902
30217,902
30218,902
30219,902
30220,902
30221,902
30222,902
30223,902
30224,902
30225,902
30226,902
30227,902
30228,902
30229,902
30230,902
30231,902
30232,902
30233,902
30234,902
30235,902
30236,902
30237,902
30238,902
30239,902
30240,902
30241,902
30242,902
30243,902
30244,902
30245,902
30246,902
30247,902
30248,902
30249,902
30250,902
30251,902
30252,902
30253,902
30254,902
30255,902
30256,902
30257,902
30258,902
30259,902
30260,902
30261,902
30262,902
30263,902
30264,902
30265,902
30266,902
30267,902
30268,902
30269,902
30270,902
30271,902
30272,902
30273,902
30274,902
30275,902
30276,902
30277,902
30278,902
30279,902
30280,902
30281,902
30282,902
30283,902
30284,902
30285,902
30286,902
30287,902
30288,902
30289,902
30290,902
30291,902
30292,902
30293,902
30294,902
30295,902
30296,902
30297,902
30298,902
30299,902
30300,902
30301,902
30302,902
30303,902
30304,902
30305,902
30306,902
30307,902
30308,902
30309,902
30310,902
30311,902
30312,902
30313,902
30314,902
30315,902
30316,902
30317,902
30318,902
30319,902
30320,902
30321,902
30322,902
30323,902
30324,902
30325,902
30326,902
30327,902
30328,902
30329,902
30330,902
30331,902
30332,902
30333,902
30334,902
30335,902
30336,902
30337,902
30338,902
30339,902
30340,902
30341,902
30342,902
30343,902
30344,902
30345,902
30346,902
30347,902
30348,902
30349,902
30350,902
30351,902
30352,902
30353,902
30354,902
30355,902
30356,902
30357,902
30358,902
30359,902
30360,902
30361,902
30362,902
30363,902
30364,902
30365,902
30366,902
30367,902
30368,902
30369,902
30370,902
30371,902
30372,902
30373,902
30374,902
30375,902
30376,902
30377,902
30378,902
30379,902
30380,902
30381,902
30382,902
30383,902
30384,902
30385,902
30386,902
30387,902
30388,902
30389,902
30390,902
30391,902
30392,902
30393,902
30394,902
30395,902
30396,902
30397,902
30398,902
30399,902
30400,902
30401,903
30402,903
30403,903
30404,903
30405,903
30406,903
30407,903
30408,903
30409,903
30410,903
30411,903
30412,903
30413,903
30414,903
30415,903
30416,903
30417,903
30418,903
30419,903
30420,903
30421,903
30422,903
30423,903
30424,903
30425,903
30426,903
30427,903
30428,903
30429,903
30430,903
30431,903
30432,903
30433,903
30434,903
30435,903
30436,903
30437,903
30438,903
30439,903
30440,903
30441,903
30442,903
30443,903
30444,903
30445,903
30446,903
30447,903
30448,903
30449,903
30450,903
30451,903
30452,903
30453,903
30454,903
30455,903
30456,903
30457,903
30458,903
30459,903
30460,903
30461,903
30462,903
30463,903
30464,903
30465,903
30466,903
30467,903
30468,903
30469,903
30470,903
30471,903
30472,903
30473,903
30474,903
30475,903
30476,903
30477,903
30478,903
30479,903
30480,903
30481,903
30482,903
30483,903
30484,903
30485,903
30486,903
30487,903
30488,903
30489,903
30490,903
30491,903
30492,903
30493,903
30494,903
30495,903
30496,903
30497,903
30498,903
30499,903
30500,903
30501,903
30502,903
30503,903
30504,903
30505,903
30506,903
30507,903
30508,903
30509,903
30510,903
30511,903
30512,903
30513,903
30514,903
30515,903
30516,903
30517,903
30518,903
30519,903
30520,903
30521,903
30522,903
30523,903
30524,903
30525,903
30526,903
30527,903
30528,903
30529,903
30530,903
30531,903
30532,903
30533,903
30534,903
30535,903
30536,903
30537,903
30538,903
30539,903
30540,903
30541,903
30542,903
30543,903
30544,903
30545,903
30546,903
30547,903
30548,903
30549,903
30550,903
30551,903
30552,903
30553,903
30554,903
30555,903
30556,903
30557,903
30558,903
30559,903
30560,903
30561,903
30562,903
30563,903
30564,903
30565,903
30566,903
30567,903
30568,903
30569,903
30570,903
30571,903
30572,903
30573,903
30574,903
30575,903
30576,903
30577,903
30578,903
30579,903
30580,903
30581,903
30582,903
30583,903
30584,903
30585,903
30586,903
30587,903
30588,903
30589,903
30590,903
30591,903
30592,903
30593,903
30594,903
30595,903
30596,903
30597,903
30598,903
30599,903
30600,903
30601,904
30602,904
30603,904
30604,904
30605,904
30606,904
30607,904
30608,904
30609,904
30610,904
30611,904
30612,904
30613,904
30614,904
30615,904
30616,904
30617,904
30618,904
30619,904
30620,904
30621,904
30622,904
30623,904
30624,904
30625,904
30626,904
30627,904
30628,904
30629,904
30630,904
30631,904
30632,904
30633,904
30634,904
30635,904
30636,904
30637,904
30638,904
30639,904
30640,904
30641,904
30642,904
30643,904
30644,904
30645,904
30646,904
30647,904
30648,904
30649,904
30650,904
30651,904
30652,904
30653,904
30654,904
30655,904
30656,904
30657,904
30658,904
30659,904
30660,904
30661,904
30662,904
30663,904
30664,904
30665,904
30666,904
30667,904
30668,904
30669,904
30670,904
30671,904
30672,904
30673,904
30674,904
30675,904
30676,904
30677,904
30678,904
30679,904
30680,904
30681,904
30682,904
30683,904
30684,904
30685,904
30686,904
30687,904
30688,904
30689,904
30690,904
30691,904
30692,904
30693,904
30694,904
30695,904
30696,904
30697,904
30698,904
30699,904
30700,904
30701,904
30702,904
30703,904
30704,904
30705,904
30706,904
30707,904
30708,904
30709,904
30710,904
30711,904
30712,904
30713,904
30714,904
30715,904
30716,904
30717,904
30718,904
30719,904
30720,904
30721,904
30722,904
30723,904
30724,904
30725,904
30726,904
30727,904
30728,904
30729,904
30730,904
30731,904
30732,904
30733,904
30734,904
30735,904
30736,904
30737,904
30738,904
30739,904
30740,904
30741,904
30742,904
30743,904
30744,904
30745,904
30746,904
30747,904
30748,904
30749,904
30750,904
30751,904
30752,904
30753,904
30754,904
30755,904
30756,904
30757,904
30758,904
30759,904
30760,904
30761,904
30762,904
30763,904
30764,904
30765,904
30766,904
30767,904
30768,904
30769,904
30770,904
30771,904
30772,904
30773,904
30774,904
30775,904
30776,904
30777,904
30778,904
30779,904
30780,904
30781,904
30782,904
30783,904
30784,904
30785,904
30786,904
30787,904
30788,904
30789,904
30790,904
30791,904
30792,904
30793,904
30794,904
30795,904
30796,904
30797,904
30798,904
30799,904
30800,904
30801,905
30802,905
30803,905
30804,905
30805,905
30806,905
30807,905
30808,905
30809,905
30810,905
30811,905
30812,905
30813,905
30814,905
30815,905
30816,905
30817,905
30818,905
30819,905
30820,905
30821,905
30822,905
30823,905
30824,905
30825,905
30826,905
30827,905
30828,905
30829,905
30830,905
30831,905
30832,905
30833,905
30834,905
30835,905
30836,905
30837,905
30838,905
30839,905
30840,905
30841,905
30842,905
30843,905
30844,905
30845,905
30846,905
30847,905
30848,905
30849,905
30850,905
30851,905
30852,905
30853,905
30854,905
30855,905
30856,905
30857,905
30858,905
30859,905
30860,905
30861,905
30862,905
30863,905
30864,905
30865,905
30866,905
30867,905
30868,905
30869,905
30870,905
30871,905
30872,905
30873,905
30874,905
30875,905
30876,905
30877,905
30878,905
30879,905
30880,905
30881,905
30882,905
30883,905
30884,905
30885,905
30886,905
30887,905
30888,905
30889,905
30890,905
30891,905
30892,905
30893,905
30894,905
30895,905
30896,905
30897,905
30898,905
30899,905
30900,905
30901,905
30902,905
30903,905
30904,905
30905,905
30906,905
30907,905
30908,905
30909,905
30910,905
30911,905
30912,905
30913,905
30914,905
30915,905
30916,905
30917,905
30918,905
30919,905
30920,905
30921,905
30922,905
30923,905
30924,905
30925,905
30926,905
30927,905
30928,905
30929,905
30930,905
30931,905
30932,905
30933,905
30934,905
30935,905
30936,905
30937,905
30938,905
30939,905
30940,905
30941,905
30942,905
30943,905
30944,905
30945,905
30946,905
30947,905
30948,905
30949,905
30950,905
30951,905
30952,905
30953,905
30954,905
30955,905
30956,905
30957,905
30958,905
30959,905
30960,905
30961,905
30962,905
30963,905
30964,905
30965,905
30966,905
30967,905
30968,905
30969,905
30970,905
30971,905
30972,905
30973,905
30974,905
30975,905
30976,905
30977,905
30978,905
30979,905
30980,905
30981,905
30982,905
30983,905
30984,905
30985,905
30986,905
30987,905
30988,905
30989,905
30990,905
30991,905
30992,905
30993,905
30994,905
30995,905
30996,905
30997,905
30998,905
30999,905
31000,905
31001,906
31002,906
31003,906
31004,906
31005,906
31006,906
31007,906
31008,906
31009,906
31010,906
31011,906
31012,906
31013,906
31014,906
31015,906
31016,906
31017,906
31018,906
31019,906
31020,906
31021,906
31022,906
31023,906
31024,906
31025,906
31026,906
31027,906
31028,906
31029,906
31030,906
31031,906
31032,906
31033,906
31034,906
31035,906
31036,906
31037,906
31038,906
31039,906
31040,906
31041,906
31042,906
31043,906
31044,906
31045,906
31046,906
31047,906
31048,906
31049,906
31050,906
31051,906
31052,906
31053,906
31054,906
31055,906
31056,906
31057,906
31058,906
31059,906
31060,906
31061,906
31062,906
31063,906
31064,906
31065,906
31066,906
31067,906
31068,906
31069,906
31070,906
31071,906
31072,906
31073,906
31074,906
31075,906
31076,906
31077,906
31078,906
31079,906
31080,906
31081,906
31082,906
31083,906
31084,906
31085,906
31086,906
31087,906
31088,906
31089,906
31090,906
31091,906
31092,906
31093,906
31094,906
31095,906
31096,906
31097,906
31098,906
31099,906
31100,906
31101,906
31102,906
31103,906
31104,906
31105,906
31106,906
31107,906
31108,906
31109,906
31110,906
31111,906
31112,906
31113,906
31114,906
31115,906
31116,906
31117,906
31118,906
31119,906
31120,906
31121,906
31122,906
31123,906
31124,906
31125,906
31126,906
31127,906
31128,906
31129,906
31130,906
31131,906
31132,906
31133,906
31134,906
31135,906
31136,906
31137,906
31138,906
31139,906
31140,906
31141,906
31142,906
31143,906
31144,906
31145,906
31146,906
31147,906
31148,906
31149,906
31150,906
31151,906
31152,906
31153,906
31154,906
31155,906
31156,906
31157,906
31158,906
31159,906
31160,906
31161,906
31162,906
31163,906
31164,906
31165,906
31166,906
31167,906
31168,906
31169,906
31170,906
31171,906
31172,906
31173,906
31174,906
31175,906
31176,906
31177,906
31178,906
31179,906
31180,906
31181,906
31182,906
31183,906
31184,906
31185,906
31186,906
31187,906
31188,906
31189,906
31190,906
31191,906
31192,906
31193,906
31194,906
31195,906
31196,906
31197,906
31198,906
31199,906
31200,906
31201,907
31202,907
31203,907
31204,907
31205,907
31206,907
31207,907
31208,907
31209,907
31210,907
31211,907
31212,907
31213,907
31214,907
31215,907
31216,907
31217,907
31218,907
31219,907
31220,907
31221,907
31222,907
31223,907
31224,907
31225,907
31226,907
31227,907
31228,907
31229,907
31230,907
31231,907
31232,907
31233,907
31234,907
31235,907
31236,907
31237,907
31238,907
31239,907
31240,907
31241,907
31242,907
31243,907
31244,907
31245,907
31246,907
31247,907
31248,907
31249,907
31250,907
31251,907
31252,907
31253,907
31254,907
31255,907
31256,907
31257,907
31258,907
31259,907
31260,907
31261,907
31262,907
31263,907
31264,907
31265,907
31266,907
31267,907
31268,907
31269,907
31270,907
31271,907
31272,907
31273,907
31274,907
31275,907
31276,907
31277,907
31278,907
31279,907
31280,907
31281,907
31282,907
31283,907
31284,907
31285,907
31286,907
31287,907
31288,907
31289,907
31290,907
31291,907
31292,907
31293,907
31294,907
31295,907
31296,907
31297,907
31298,907
31299,907
31300,907
31301,907
31302,907
31303,907
31304,907
31305,907
31306,907
31307,907
31308,907
31309,907
31310,907
31311,907
31312,907
31313,907
31314,907
31315,907
31316,907
31317,907
31318,907
31319,907
31320,907
31321,907
31322,907
31323,907
31324,907
31325,907
31326,907
31327,907
31328,907
31329,907
31330,907
31331,907
31332,907
31333,907
31334,907
31335,907
31336,907
31337,907
31338,907
31339,907
31340,907
31341,907
31342,907
31343,907
31344,907
31345,907
31346,907
31347,907
31348,907
31349,907
31350,907
31351,907
31352,907
31353,907
31354,907
31355,907
31356,907
31357,907
31358,907
31359,907
31360,907
31361,907
31362,907
31363,907
31364,907
31365,907
31366,907
31367,907
31368,907
31369,907
31370,907
31371,907
31372,907
31373,907
31374,907
31375,907
31376,907
31377,907
31378,907
31379,907
31380,907
31381,907
31382,907
31383,907
31384,907
31385,907
31386,907
31387,907
31388,907
31389,907
31390,907
31391,907
31392,907
31393,907
31394,907
31395,907
31396,907
31397,907
31398,907
31399,907
31400,907
31401,908
31402,908
31403,908
31404,908
31405,908
31406,908
31407,908
31408,908
31409,908
31410,908
31411,908
31412,908
31413,908
31414,908
31415,908
31416,908
31417,908
31418,908
31419,908
31420,908
31421,908
31422,908
31423,908
31424,908
31425,908
31426,908
31427,908
31428,908
31429,908
31430,908
31431,908
31432,908
31433,908
31434,908
31435,908
31436,908
31437,908
31438,908
31439,908
31440,908
31441,908
31442,908
31443,908
31444,908
31445,908
31446,908
31447,908
31448,908
31449,908
31450,908
31451,908
31452,908
31453,908
31454,908
31455,908
31456,908
31457,908
31458,908
31459,908
31460,908
31461,908
31462,908
31463,908
31464,908
31465,908
31466,908
31467,908
31468,908
31469,908
31470,908
31471,908
31472,908
31473,908
31474,908
31475,908
31476,908
31477,908
31478,908
31479,908
31480,908
31481,908
31482,908
31483,908
31484,908
31485,908
31486,908
31487,908
31488,908
31489,908
31490,908
31491,908
31492,908
31493,908
31494,908
31495,908
31496,908
31497,908
31498,908
31499,908
31500,908
31501,908
31502,908
31503,908
31504,908
31505,908
31506,908
31507,908
31508,908
31509,908
31510,908
31511,908
31512,908
31513,908
31514,908
31515,908
31516,908
31517,908
31518,908
31519,908
31520,908
31521,908
31522,908
31523,908
31524,908
31525,908
31526,908
31527,908
31528,908
31529,908
31530,908
31531,908
31532,908
31533,908
31534,908
31535,908
31536,908
31537,908
31538,908
31539,908
31540,908
31541,908
31542,908
31543,908
31544,908
31545,908
31546,908
31547,908
31548,908
31549,908
31550,908
31551,908
31552,908
31553,908
31554,908
31555,908
31556,908
31557,908
31558,908
31559,908
31560,908
31561,908
31562,908
31563,908
31564,908
31565,908
31566,908
31567,908
31568,908
31569,908
31570,908
31571,908
31572,908
31573,908
31574,908
31575,908
31576,908
31577,908
31578,908
31579,908
31580,908
31581,908
31582,908
31583,908
31584,908
31585,908
31586,908
31587,908
31588,908
31589,908
31590,908
31591,908
31592,908
31593,908
31594,908
31595,908
31596,908
31597,908
31598,908
31599,908
31600,908
31601,909
31602,909
31603,909
31604,909
31605,909
31606,909
31607,909
31608,909
31609,909
31610,909
31611,909
31612,909
31613,909
31614,909
31615,909
31616,909
31617,909
31618,909
31619,909
31620,909
31621,909
31622,909
31623,909
31624,909
31625,909
31626,909
31627,909
31628,909
31629,909
31630,909
31631,909
31632,909
31633,909
31634,909
31635,909
31636,909
31637,909
31638,909
31639,909
31640,909
31641,909
31642,909
31643,909
31644,909
31645,909
31646,909
31647,909
31648,909
31649,909
31650,909
31651,909
31652,909
31653,909
31654,909
31655,909
31656,909
31657,909
31658,909
31659,909
31660,909
31661,909
31662,909
31663,909
31664,909
31665,909
31666,909
31667,909
31668,909
31669,909
31670,909
31671,909
31672,909
31673,909
31674,909
31675,909
31676,909
31677,909
31678,909
31679,909
31680,909
31681,909
31682,909
31683,909
31684,909
31685,909
31686,909
31687,909
31688,909
31689,909
31690,909
31691,909
31692,909
31693,909
31694,909
31695,909
31696,909
31697,909
31698,909
31699,909
31700,909
31701,909
31702,909
31703,909
31704,909
31705,909
31706,909
31707,909
31708,909
31709,909
31710,909
31711,909
31712,909
31713,909
31714,909
31715,909
31716,909
31717,909
31718,909
31719,909
31720,909
31721,909
31722,909
31723,909
31724,909
31725,909
31726,909
31727,909
31728,909
31729,909
31730,909
31731,909
31732,909
31733,909
31734,909
31735,909
31736,909
31737,909
31738,909
31739,909
31740,909
31741,909
31742,909
31743,909
31744,909
31745,909
31746,909
31747,909
31748,909
31749,909
31750,909
31751,909
31752,909
31753,909
31754,909
31755,909
31756,909
31757,909
31758,909
31759,909
31760,909
31761,909
31762,909
31763,909
31764,909
31765,909
31766,909
31767,909
31768,909
31769,909
31770,909
31771,909
31772,909
31773,909
31774,909
31775,909
31776,909
31777,909
31778,909
31779,909
31780,909
31781,909
31782,909
31783,909
31784,909
31785,909
31786,909
31787,909
31788,909
31789,909
31790,909
31791,909
31792,909
31793,909
31794,909
31795,909
31796,909
31797,909
31798,909
31799,909
31800,909
31801,910
31802,910
31803,910
31804,910
31805,910
31806,910
31807,910
31808,910
31809,910
31810,910
31811,910
31812,910
31813,910
31814,910
31815,910
31816,910
31817,910
31818,910
31819,910
31820,910
31821,910
31822,910
31823,910
31824,910
31825,910
31826,910
31827,910
31828,910
31829,910
31830,910
31831,910
31832,910
31833,910
31834,910
31835,910
31836,910
31837,910
31838,910
31839,910
31840,910
31841,910
31842,910
31843,910
31844,910
31845,910
31846,910
31847,910
31848,910
31849,910
31850,910
31851,910
31852,910
31853,910
31854,910
31855,910
31856,910
31857,910
31858,910
31859,910
31860,910
31861,910
31862,910
31863,910
31864,910
31865,910
31866,910
31867,910
31868,910
31869,910
31870,910
31871,910
31872,910
31873,910
31874,910
31875,910
31876,910
31877,910
31878,910
31879,910
31880,910
31881,910
31882,910
31883,910
31884,910
31885,910
31886,910
31887,910
31888,910
31889,910
31890,910
31891,910
31892,910
31893,910
31894,910
31895,910
31896,910
31897,910
31898,910
31899,910
31900,910
31901,910
31902,910
31903,910
31904,910
31905,910
31906,910
31907,910
31908,910
31909,910
31910,910
31911,910
31912,910
31913,910
31914,910
31915,910
31916,910
31917,910
31918,910
31919,910
31920,910
31921,910
31922,910
31923,910
31924,910
31925,910
31926,910
31927,910
31928,910
31929,910
31930,910
31931,910
31932,910
31933,910
31934,910
31935,910
31936,910
31937,910
31938,910
31939,910
31940,910
31941,910
31942,910
31943,910
31944,910
31945,910
31946,910
31947,910
31948,910
31949,910
31950,910
31951,910
31952,910
31953,910
31954,910
31955,910
31956,910
31957,910
31958,910
31959,910
31960,910
31961,910
31962,910
31963,910
31964,910
31965,910
31966,910
31967,910
31968,910
31969,910
31970,910
31971,910
31972,910
31973,910
31974,910
31975,910
31976,910
31977,910
31978,910
31979,910
31980,910
31981,910
31982,910
31983,910
31984,910
31985,910
31986,910
31987,910
31988,910
31989,910
31990,910
31991,910
31992,910
31993,910
31994,910
31995,910
31996,910
31997,910
31998,910
31999,910
32000,910
32001,911
32002,911
32003,911
32004,911
32005,911
32006,911
32007,911
32008,911
32009,911
32010,911
32011,911
32012,911
32013,911
32014,911
32015,911
32016,911
32017,911
32018,911
32019,911
32020,911
32021,911
32022,911
32023,911
32024,911
32025,911
32026,911
32027,911
32028,911
32029,911
32030,911
32031,911
32032,911
32033,911
32034,911
32035,911
32036,911
32037,911
32038,911
32039,911
32040,911
32041,911
32042,911
32043,911
32044,911
32045,911
32046,911
32047,911
32048,911
32049,911
32050,911
32051,911
32052,911
32053,911
32054,911
32055,911
32056,911
32057,911
32058,911
32059,911
32060,911
32061,911
32062,911
32063,911
32064,911
32065,911
32066,911
32067,911
32068,911
32069,911
32070,911
32071,911
32072,911
32073,911
32074,911
32075,911
32076,911
32077,911
32078,911
32079,911
32080,911
32081,911
32082,911
32083,911
32084,911
32085,911
32086,911
32087,911
32088,911
32089,911
32090,911
32091,911
32092,911
32093,911
32094,911
32095,911
32096,911
32097,911
32098,911
32099,911
32100,911
32101,911
32102,911
32103,911
32104,911
32105,911
32106,911
32107,911
32108,911
32109,911
32110,911
32111,911
32112,911
32113,911
32114,911
32115,911
32116,911
32117,911
32118,911
32119,911
32120,911
32121,911
32122,911
32123,911
32124,911
32125,911
32126,911
32127,911
32128,911
32129,911
32130,911
32131,911
32132,911
32133,911
32134,911
32135,911
32136,911
32137,911
32138,911
32139,911
32140,911
32141,911
32142,911
32143,911
32144,911
32145,911
32146,911
32147,911
32148,911
32149,911
32150,911
32151,911
32152,911
32153,911
32154,911
32155,911
32156,911
32157,911
32158,911
32159,911
32160,911
32161,911
32162,911
32163,911
32164,911
32165,911
32166,911
32167,911
32168,911
32169,911
32170,911
32171,911
32172,911
32173,911
32174,911
32175,911
32176,911
32177,911
32178,911
32179,911
32180,911
32181,911
32182,911
32183,911
32184,911
32185,911
32186,911
32187,911
32188,911
32189,911
32190,911
32191,911
32192,911
32193,911
32194,911
32195,911
32196,911
32197,911
32198,911
32199,911
32200,911
32201,912
32202,912
32203,912
32204,912
32205,912
32206,912
32207,912
32208,912
32209,912
32210,912
32211,912
32212,912
32213,912
32214,912
32215,912
32216,912
32217,912
32218,912
32219,912
32220,912
32221,912
32222,912
32223,912
32224,912
32225,912
32226,912
32227,912
32228,912
32229,912
32230,912
32231,912
32232,912
32233,912
32234,912
32235,912
32236,912
32237,912
32238,912
32239,912
32240,912
32241,912
32242,912
32243,912
32244,912
32245,912
32246,912
32247,912
32248,912
32249,912
32250,912
32251,912
32252,912
32253,912
32254,912
32255,912
32256,912
32257,912
32258,912
32259,912
32260,912
32261,912
32262,912
32263,912
32264,912
32265,912
32266,912
32267,912
32268,912
32269,912
32270,912
32271,912
32272,912
32273,912
32274,912
32275,912
32276,912
32277,912
32278,912
32279,912
32280,912
32281,912
32282,912
32283,912
32284,912
32285,912
32286,912
32287,912
32288,912
32289,912
32290,912
32291,912
32292,912
32293,912
32294,912
32295,912
32296,912
32297,912
32298,912
32299,912
32300,912
32301,912
32302,912
32303,912
32304,912
32305,912
32306,912
32307,912
32308,912
32309,912
32310,912
32311,912
32312,912
32313,912
32314,912
32315,912
32316,912
32317,912
32318,912
32319,912
32320,912
32321,912
32322,912
32323,912
32324,912
32325,912
32326,912
32327,912
32328,912
32329,912
32330,912
32331,912
32332,912
32333,912
32334,912
32335,912
32336,912
32337,912
32338,912
32339,912
32340,912
32341,912
32342,912
32343,912
32344,912
32345,912
32346,912
32347,912
32348,912
32349,912
32350,912
32351,912
32352,912
32353,912
32354,912
32355,912
32356,912
32357,912
32358,912
32359,912
32360,912
32361,912
32362,912
32363,912
32364,912
32365,912
32366,912
32367,912
32368,912
32369,912
32370,912
32371,912
32372,912
32373,912
32374,912
32375,912
32376,912
32377,912
32378,912
32379,912
32380,912
32381,912
32382,912
32383,912
32384,912
32385,912
32386,912
32387,912
32388,912
32389,912
32390,912
32391,912
32392,912
32393,912
32394,912
32395,912
32396,912
32397,912
32398,912
32399,912
32400,912
32401,913
32402,913
32403,913
32404,913
32405,913
32406,913
32407,913
32408,913
32409,913
32410,913
32411,913
32412,913
32413,913
32414,913
32415,913
32416,913
32417,913
32418,913
32419,913
32420,913
32421,913
32422,913
32423,913
32424,913
32425,913
32426,913
32427,913
32428,913
32429,913
32430,913
32431,913
32432,913
32433,913
32434,913
32435,913
32436,913
32437,913
32438,913
32439,913
32440,913
32441,913
32442,913
32443,913
32444,913
32445,913
32446,913
32447,913
32448,913
32449,913
32450,913
32451,913
32452,913
32453,913
32454,913
32455,913
32456,913
32457,913
32458,913
32459,913
32460,913
32461,913
32462,913
32463,913
32464,913
32465,913
32466,913
32467,913
32468,913
32469,913
32470,913
32471,913
32472,913
32473,913
32474,913
32475,913
32476,913
32477,913
32478,913
32479,913
32480,913
32481,913
32482,913
32483,913
32484,913
32485,913
32486,913
32487,913
32488,913
32489,913
32490,913
32491,913
32492,913
32493,913
32494,913
32495,913
32496,913
32497,913
32498,913
32499,913
32500,913
32501,913
32502,913
32503,913
32504,913
32505,913
32506,913
32507,913
32508,913
32509,913
32510,913
32511,913
32512,913
32513,913
32514,913
32515,913
32516,913
32517,913
32518,913
32519,913
32520,913
32521,913
32522,913
32523,913
32524,913
32525,913
32526,913
32527,913
32528,913
32529,913
32530,913
32531,913
32532,913
32533,913
32534,913
32535,913
32536,913
32537,913
32538,913
32539,913
32540,913
32541,913
32542,913
32543,913
32544,913
32545,913
32546,913
32547,913
32548,913
32549,913
32550,913
32551,913
32552,913
32553,913
32554,913
32555,913
32556,913
32557,913
32558,913
32559,913
32560,913
32561,913
32562,913
32563,913
32564,913
32565,913
32566,913
32567,913
32568,913
32569,913
32570,913
32571,913
32572,913
32573,913
32574,913
32575,913
32576,913
32577,913
32578,913
32579,913
32580,913
32581,913
32582,913
32583,913
32584,913
32585,913
32586,913
32587,913
32588,913
32589,913
32590,913
32591,913
32592,913
32593,913
32594,913
32595,913
32596,913
32597,913
32598,913
32599,913
32600,913
32601,914
32602,914
32603,914
32604,914
32605,914
32606,914
32607,914
32608,914
32609,914
32610,914
32611,914
32612,914
32613,914
32614,914
32615,914
32616,914
32617,914
32618,914
32619,914
32620,914
32621,914
32622,914
32623,914
32624,914
32625,914
32626,914
32627,914
32628,914
32629,914
32630,914
32631,914
32632,914
32633,914
32634,914
32635,914
32636,914
32637,914
32638,914
32639,914
32640,914
32641,914
32642,914
32643,914
32644,914
32645,914
32646,914
32647,914
32648,914
32649,914
32650,914
32651,914
32652,914
32653,914
32654,914
32655,914
32656,914
32657,914
32658,914
32659,914
32660,914
32661,914
32662,914
32663,914
32664,914
32665,914
32666,914
32667,914
32668,914
32669,914
32670,914
32671,914
32672,914
32673,914
32674,914
32675,914
32676,914
32677,914
32678,914
32679,914
32680,914
32681,914
32682,914
32683,914
32684,914
32685,914
32686,914
32687,914
32688,914
32689,914
32690,914
32691,914
32692,914
32693,914
32694,914
32695,914
32696,914
32697,914
32698,914
32699,914
32700,914
32701,914
32702,914
32703,914
32704,914
32705,914
32706,914
32707,914
32708,914
32709,914
32710,914
32711,914
32712,914
32713,914
32714,914
32715,914
32716,914
32717,914
32718,914
32719,914
32720,914
32721,914
32722,914
32723,914
32724,914
32725,914
32726,914
32727,914
32728,914
32729,914
32730,914
32731,914
32732,914
32733,914
32734,914
32735,914
32736,914
32737,914
32738,914
32739,914
32740,914
32741,914
32742,914
32743,914
32744,914
32745,914
32746,914
32747,914
32748,914
32749,914
32750,914
32751,914
32752,914
32753,914
32754,914
32755,914
32756,914
32757,914
32758,914
32759,914
32760,914
32761,914
32762,914
32763,914
32764,914
32765,914
32766,914
32767,914
32768,914
32769,914
32770,914
32771,914
32772,914
32773,914
32774,914
32775,914
32776,914
32777,914
32778,914
32779,914
32780,914
32781,914
32782,914
32783,914
32784,914
32785,914
32786,914
32787,914
32788,914
32789,914
32790,914
32791,914
32792,914
32793,914
32794,914
32795,914
32796,914
32797,914
32798,914
32799,914
32800,914
32801,915
32802,915
32803,915
32804,915
32805,915
32806,915
32807,915
32808,915
32809,915
32810,915
32811,915
32812,915
32813,915
32814,915
32815,915
32816,915
32817,915
32818,915
32819,915
32820,915
32821,915
32822,915
32823,915
32824,915
32825,915
32826,915
32827,915
32828,915
32829,915
32830,915
32831,915
32832,915
32833,915
32834,915
32835,915
32836,915
32837,915
32838,915
32839,915
32840,915
32841,915
32842,915
32843,915
32844,915
32845,915
32846,915
32847,915
32848,915
32849,915
32850,915
32851,915
32852,915
32853,915
32854,915
32855,915
32856,915
32857,915
32858,915
32859,915
32860,915
32861,915
32862,915
32863,915
32864,915
32865,915
32866,915
32867,915
32868,915
32869,915
32870,915
32871,915
32872,915
32873,915
32874,915
32875,915
32876,915
32877,915
32878,915
32879,915
32880,915
32881,915
32882,915
32883,915
32884,915
32885,915
32886,915
32887,915
32888,915
32889,915
32890,915
32891,915
32892,915
32893,915
32894,915
32895,915
32896,915
32897,915
32898,915
32899,915
32900,915
32901,915
32902,915
32903,915
32904,915
32905,915
32906,915
32907,915
32908,915
32909,915
32910,915
32911,915
32912,915
32913,915
32914,915
32915,915
32916,915
32917,915
32918,915
32919,915
32920,915
32921,915
32922,915
32923,915
32924,915
32925,915
32926,915
32927,915
32928,915
32929,915
32930,915
32931,915
32932,915
32933,915
32934,915
32935,915
32936,915
32937,915
32938,915
32939,915
32940,915
32941,915
32942,915
32943,915
32944,915
32945,915
32946,915
32947,915
32948,915
32949,915
32950,915
32951,915
32952,915
32953,915
32954,915
32955,915
32956,915
32957,915
32958,915
32959,915
32960,915
32961,915
32962,915
32963,915
32964,915
32965,915
32966,915
32967,915
32968,915
32969,915
32970,915
32971,915
32972,915
32973,915
32974,915
32975,915
32976,915
32977,915
32978,915
32979,915
32980,915
32981,915
32982,915
32983,915
32984,915
32985,915
32986,915
32987,915
32988,915
32989,915
32990,915
32991,915
32992,915
32993,915
32994,915
32995,915
32996,915
32997,915
32998,915
32999,915
33000,915
33001,916
33002,916
33003,916
33004,916
33005,916
33006,916
33007,916
33008,916
33009,916
33010,916
33011,916
33012,916
33013,916
33014,916
33015,916
33016,916
33017,916
33018,916
33019,916
33020,916
33021,916
33022,916
33023,916
33024,916
33025,916
33026,916
33027,916
33028,916
33029,916
33030,916
33031,916
33032,916
33033,916
33034,916
33035,916
33036,916
33037,916
33038,916
33039,916
33040,916
33041,916
33042,916
33043,916
33044,916
33045,916
33046,916
33047,916
33048,916
33049,916
33050,916
33051,916
33052,916
33053,916
33054,916
33055,916
33056,916
33057,916
33058,916
33059,916
33060,916
33061,916
33062,916
33063,916
33064,916
33065,916
33066,916
33067,916
33068,916
33069,916
33070,916
33071,916
33072,916
33073,916
33074,916
33075,916
33076,916
33077,916
33078,916
33079,916
33080,916
33081,916
33082,916
33083,916
33084,916
33085,916
33086,916
33087,916
33088,916
33089,916
33090,916
33091,916
33092,916
33093,916
33094,916
33095,916
33096,916
33097,916
33098,916
33099,916
33100,916
33101,916
33102,916
33103,916
33104,916
33105,916
33106,916
33107,916
33108,916
33109,916
33110,916
33111,916
33112,916
33113,916
33114,916
33115,916
33116,916
33117,916
33118,916
33119,916
33120,916
33121,916
33122,916
33123,916
33124,916
33125,916
33126,916
33127,916
33128,916
33129,916
33130,916
33131,916
33132,916
33133,916
33134,916
33135,916
33136,916
33137,916
33138,916
33139,916
33140,916
33141,916
33142,916
33143,916
33144,916
33145,916
33146,916
33147,916
33148,916
33149,916
33150,916
33151,916
33152,916
33153,916
33154,916
33155,916
33156,916
33157,916
33158,916
33159,916
33160,916
33161,916
33162,916
33163,916
33164,916
33165,916
33166,916
33167,916
33168,916
33169,916
33170,916
33171,916
33172,916
33173,916
33174,916
33175,916
33176,916
33177,916
33178,916
33179,916
33180,916
33181,916
33182,916
33183,916
33184,916
33185,916
33186,916
33187,916
33188,916
33189,916
33190,916
33191,916
33192,916
33193,916
33194,916
33195,916
33196,916
33197,916
33198,916
33199,916
33200,916
33201,917
33202,917
33203,917
33204,917
33205,917
33206,917
33207,917
33208,917
33209,917
33210,917
33211,917
33212,917
33213,917
33214,917
33215,917
33216,917
33217,917
33218,917
33219,917
33220,917
33221,917
33222,917
33223,917
33224,917
33225,917
33226,917
33227,917
33228,917
33229,917
33230,917
33231,917
33232,917
33233,917
33234,917
33235,917
33236,917
33237,917
33238,917
33239,917
33240,917
33241,917
33242,917
33243,917
33244,917
33245,917
33246,917
33247,917
33248,917
33249,917
33250,917
33251,917
33252,917
33253,917
33254,917
33255,917
33256,917
33257,917
33258,917
33259,917
33260,917
33261,917
33262,917
33263,917
33264,917
33265,917
33266,917
33267,917
33268,917
33269,917
33270,917
33271,917
33272,917
33273,917
33274,917
33275,917
33276,917
33277,917
33278,917
33279,917
33280,917
33281,917
33282,917
33283,917
33284,917
33285,917
33286,917
33287,917
33288,917
33289,917
33290,917
33291,917
33292,917
33293,917
33294,917
33295,917
33296,917
33297,917
33298,917
33299,917
33300,917
33301,917
33302,917
33303,917
33304,917
33305,917
33306,917
33307,917
33308,917
33309,917
33310,917
33311,917
33312,917
33313,917
33314,917
33315,917
33316,917
33317,917
33318,917
33319,917
33320,917
33321,917
33322,917
33323,917
33324,917
33325,917
33326,917
33327,917
33328,917
33329,917
33330,917
33331,917
33332,917
33333,917
33334,917
33335,917
33336,917
33337,917
33338,917
33339,917
33340,917
33341,917
33342,917
33343,917
33344,917
33345,917
33346,917
33347,917
33348,917
33349,917
33350,917
33351,917
33352,917
33353,917
33354,917
33355,917
33356,917
33357,917
33358,917
33359,917
33360,917
33361,917
33362,917
33363,917
33364,917
33365,917
33366,917
33367,917
33368,917
33369,917
33370,917
33371,917
33372,917
33373,917
33374,917
33375,917
33376,917
33377,917
33378,917
33379,917
33380,917
33381,917
33382,917
33383,917
33384,917
33385,917
33386,917
33387,917
33388,917
33389,917
33390,917
33391,917
33392,917
33393,917
33394,917
33395,917
33396,917
33397,917
33398,917
33399,917
33400,917
33401,918
33402,918
33403,918
33404,918
33405,918
33406,918
33407,918
33408,918
33409,918
33410,918
33411,918
33412,918
33413,918
33414,918
33415,918
33416,918
33417,918
33418,918
33419,918
33420,918
33421,918
33422,918
33423,918
33424,918
33425,918
33426,918
33427,918
33428,918
33429,918
33430,918
33431,918
33432,918
33433,918
33434,918
33435,918
33436,918
33437,918
33438,918
33439,918
33440,918
33441,918
33442,918
33443,918
33444,918
33445,918
33446,918
33447,918
33448,918
33449,918
33450,918
33451,918
33452,918
33453,918
33454,918
33455,918
33456,918
33457,918
33458,918
33459,918
33460,918
33461,918
33462,918
33463,918
33464,918
33465,918
33466,918
33467,918
33468,918
33469,918
33470,918
33471,918
33472,918
33473,918
33474,918
33475,918
33476,918
33477,918
33478,918
33479,918
33480,918
33481,918
33482,918
33483,918
33484,918
33485,918
33486,918
33487,918
33488,918
33489,918
33490,918
33491,918
33492,918
33493,918
33494,918
33495,918
33496,918
33497,918
33498,918
33499,918
33500,918
33501,918
33502,918
33503,918
33504,918
33505,918
33506,918
33507,918
33508,918
33509,918
33510,918
33511,918
33512,918
33513,918
33514,918
33515,918
33516,918
33517,918
33518,918
33519,918
33520,918
33521,918
33522,918
33523,918
33524,918
33525,918
33526,918
33527,918
33528,918
33529,918
33530,918
33531,918
33532,918
33533,918
33534,918
33535,918
33536,918
33537,918
33538,918
33539,918
33540,918
33541,918
33542,918
33543,918
33544,918
33545,918
33546,918
33547,918
33548,918
33549,918
33550,918
33551,918
33552,918
33553,918
33554,918
33555,918
33556,918
33557,918
33558,918
33559,918
33560,918
33561,918
33562,918
33563,918
33564,918
33565,918
33566,918
33567,918
33568,918
33569,918
33570,918
33571,918
33572,918
33573,918
33574,918
33575,918
33576,918
33577,918
33578,918
33579,918
33580,918
33581,918
33582,918
33583,918
33584,918
33585,918
33586,918
33587,918
33588,918
33589,918
33590,918
33591,918
33592,918
33593,918
33594,918
33595,918
33596,918
33597,918
33598,918
33599,918
33600,918
33601,919
33602,919
33603,919
33604,919
33605,919
33606,919
33607,919
33608,919
33609,919
33610,919
33611,919
33612,919
33613,919
33614,919
33615,919
33616,919
33617,919
33618,919
33619,919
33620,919
33621,919
33622,919
33623,919
33624,919
33625,919
33626,919
33627,919
33628,919
33629,919
33630,919
33631,919
33632,919
33633,919
33634,919
33635,919
33636,919
33637,919
33638,919
33639,919
33640,919
33641,919
33642,919
33643,919
33644,919
33645,919
33646,919
33647,919
33648,919
33649,919
33650,919
33651,919
33652,919
33653,919
33654,919
33655,919
33656,919
33657,919
33658,919
33659,919
33660,919
33661,919
33662,919
33663,919
33664,919
33665,919
33666,919
33667,919
33668,919
33669,919
33670,919
33671,919
33672,919
33673,919
33674,919
33675,919
33676,919
33677,919
33678,919
33679,919
33680,919
33681,919
33682,919
33683,919
33684,919
33685,919
33686,919
33687,919
33688,919
33689,919
33690,919
33691,919
33692,919
33693,919
33694,919
33695,919
33696,919
33697,919
33698,919
33699,919
33700,919
33701,919
33702,919
33703,919
33704,919
33705,919
33706,919
33707,919
33708,919
33709,919
33710,919
33711,919
33712,919
33713,919
33714,919
33715,919
33716,919
33717,919
33718,919
33719,919
33720,919
33721,919
33722,919
33723,919
33724,919
33725,919
33726,919
33727,919
33728,919
33729,919
33730,919
33731,919
33732,919
33733,919
33734,919
33735,919
33736,919
33737,919
33738,919
33739,919
33740,919
33741,919
33742,919
33743,919
33744,919
33745,919
33746,919
33747,919
33748,919
33749,919
33750,919
33751,919
33752,919
33753,919
33754,919
33755,919
33756,919
33757,919
33758,919
33759,919
33760,919
33761,919
33762,919
33763,919
33764,919
33765,919
33766,919
33767,919
33768,919
33769,919
33770,919
33771,919
33772,919
33773,919
33774,919
33775,919
33776,919
33777,919
33778,919
33779,919
33780,919
33781,919
33782,919
33783,919
33784,919
33785,919
33786,919
33787,919
33788,919
33789,919
33790,919
33791,919
33792,919
33793,919
33794,919
33795,919
33796,919
33797,919
33798,919
33799,919
33800,919
33801,920
33802,920
33803,920
33804,920
33805,920
33806,920
33807,920
33808,920
33809,920
33810,920
33811,920
33812,920
33813,920
33814,920
33815,920
33816,920
33817,920
33818,920
33819,920
33820,920
33821,920
33822,920
33823,920
33824,920
33825,920
33826,920
33827,920
33828,920
33829,920
33830,920
33831,920
33832,920
33833,920
33834,920
33835,920
33836,920
33837,920
33838,920
33839,920
33840,920
33841,920
33842,920
33843,920
33844,920
33845,920
33846,920
33847,920
33848,920
33849,920
33850,920
33851,920
33852,920
33853,920
33854,920
33855,920
33856,920
33857,920
33858,920
33859,920
33860,920
33861,920
33862,920
33863,920
33864,920
33865,920
33866,920
33867,920
33868,920
33869,920
33870,920
33871,920
33872,920
33873,920
33874,920
33875,920
33876,920
33877,920
33878,920
33879,920
33880,920
33881,920
33882,920
33883,920
33884,920
33885,920
33886,920
33887,920
33888,920
33889,920
33890,920
33891,920
33892,920
33893,920
33894,920
33895,920
33896,920
33897,920
33898,920
33899,920
33900,920
33901,920
33902,920
33903,920
33904,920
33905,920
33906,920
33907,920
33908,920
33909,920
33910,920
33911,920
33912,920
33913,920
33914,920
33915,920
33916,920
33917,920
33918,920
33919,920
33920,920
33921,920
33922,920
33923,920
33924,920
33925,920
33926,920
33927,920
33928,920
33929,920
33930,920
33931,920
33932,920
33933,920
33934,920
33935,920
33936,920
33937,920
33938,920
33939,920
33940,920
33941,920
33942,920
33943,920
33944,920
33945,920
33946,920
33947,920
33948,920
33949,920
33950,920
33951,920
33952,920
33953,920
33954,920
33955,920
33956,920
33957,920
33958,920
33959,920
33960,920
33961,920
33962,920
33963,920
33964,920
33965,920
33966,920
33967,920
33968,920
33969,920
33970,920
33971,920
33972,920
33973,920
33974,920
33975,920
33976,920
33977,920
33978,920
33979,920
33980,920
33981,920
33982,920
33983,920
33984,920
33985,920
33986,920
33987,920
33988,920
33989,920
33990,920
33991,920
33992,920
33993,920
33994,920
33995,920
33996,920
33997,920
33998,920
33999,920
34000,920
34001,921
34002,921
34003,921
34004,921
34005,921
34006,921
34007,921
34008,921
34009,921
34010,921
34011,921
34012,921
34013,921
34014,921
34015,921
34016,921
34017,921
34018,921
34019,921
34020,921
34021,921
34022,921
34023,921
34024,921
34025,921
34026,921
34027,921
34028,921
34029,921
34030,921
34031,921
34032,921
34033,921
34034,921
34035,921
34036,921
34037,921
34038,921
34039,921
34040,921
34041,921
34042,921
34043,921
34044,921
34045,921
34046,921
34047,921
34048,921
34049,921
34050,921
34051,921
34052,921
34053,921
34054,921
34055,921
34056,921
34057,921
34058,921
34059,921
34060,921
34061,921
34062,921
34063,921
34064,921
34065,921
34066,921
34067,921
34068,921
34069,921
34070,921
34071,921
34072,921
34073,921
34074,921
34075,921
34076,921
34077,921
34078,921
34079,921
34080,921
34081,921
34082,921
34083,921
34084,921
34085,921
34086,921
34087,921
34088,921
34089,921
34090,921
34091,921
34092,921
34093,921
34094,921
34095,921
34096,921
34097,921
34098,921
34099,921
34100,921
34101,921
34102,921
34103,921
34104,921
34105,921
34106,921
34107,921
34108,921
34109,921
34110,921
34111,921
34112,921
34113,921
34114,921
34115,921
34116,921
34117,921
34118,921
34119,921
34120,921
34121,921
34122,921
34123,921
34124,921
34125,921
34126,921
34127,921
34128,921
34129,921
34130,921
34131,921
34132,921
34133,921
34134,921
34135,921
34136,921
34137,921
34138,921
34139,921
34140,921
34141,921
34142,921
34143,921
34144,921
34145,921
34146,921
34147,921
34148,921
34149,921
34150,921
34151,921
34152,921
34153,921
34154,921
34155,921
34156,921
34157,921
34158,921
34159,921
34160,921
34161,921
34162,921
34163,921
34164,921
34165,921
34166,921
34167,921
34168,921
34169,921
34170,921
34171,921
34172,921
34173,921
34174,921
34175,921
34176,921
34177,921
34178,921
34179,921
34180,921
34181,921
34182,921
34183,921
34184,921
34185,921
34186,921
34187,921
34188,921
34189,921
34190,921
34191,921
34192,921
34193,921
34194,921
34195,921
34196,921
34197,921
34198,921
34199,921
34200,921
34201,922
34202,922
34203,922
34204,922
34205,922
34206,922
34207,922
34208,922
34209,922
34210,922
34211,922
34212,922
34213,922
34214,922
34215,922
34216,922
34217,922
34218,922
34219,922
34220,922
34221,922
34222,922
34223,922
34224,922
34225,922
34226,922
34227,922
34228,922
34229,922
34230,922
34231,922
34232,922
34233,922
34234,922
34235,922
34236,922
34237,922
34238,922
34239,922
34240,922
34241,922
34242,922
34243,922
34244,922
34245,922
34246,922
34247,922
34248,922
34249,922
34250,922
34251,922
34252,922
34253,922
34254,922
34255,922
34256,922
34257,922
34258,922
34259,922
34260,922
34261,922
34262,922
34263,922
34264,922
34265,922
34266,922
34267,922
34268,922
34269,922
34270,922
34271,922
34272,922
34273,922
34274,922
34275,922
34276,922
34277,922
34278,922
34279,922
34280,922
34281,922
34282,922
34283,922
34284,922
34285,922
34286,922
34287,922
34288,922
34289,922
34290,922
34291,922
34292,922
34293,922
34294,922
34295,922
34296,922
34297,922
34298,922
34299,922
34300,922
34301,922
34302,922
34303,922
34304,922
34305,922
34306,922
34307,922
34308,922
34309,922
34310,922
34311,922
34312,922
34313,922
34314,922
34315,922
34316,922
34317,922
34318,922
34319,922
34320,922
34321,922
34322,922
34323,922
34324,922
34325,922
34326,922
34327,922
34328,922
34329,922
34330,922
34331,922
34332,922
34333,922
34334,922
34335,922
34336,922
34337,922
34338,922
34339,922
34340,922
34341,922
34342,922
34343,922
34344,922
34345,922
34346,922
34347,922
34348,922
34349,922
34350,922
34351,922
34352,922
34353,922
34354,922
34355,922
34356,922
34357,922
34358,922
34359,922
34360,922
34361,922
34362,922
34363,922
34364,922
34365,922
34366,922
34367,922
34368,922
34369,922
34370,922
34371,922
34372,922
34373,922
34374,922
34375,922
34376,922
34377,922
34378,922
34379,922
34380,922
34381,922
34382,922
34383,922
34384,922
34385,922
34386,922
34387,922
34388,922
34389,922
34390,922
34391,922
34392,922
34393,922
34394,922
34395,922
34396,922
34397,922
34398,922
34399,922
34400,922
34401,923
34402,923
34403,923
34404,923
34405,923
34406,923
34407,923
34408,923
34409,923
34410,923
34411,923
34412,923
34413,923
34414,923
34415,923
34416,923
34417,923
34418,923
34419,923
34420,923
34421,923
34422,923
34423,923
34424,923
34425,923
34426,923
34427,923
34428,923
34429,923
34430,923
34431,923
34432,923
34433,923
34434,923
34435,923
34436,923
34437,923
34438,923
34439,923
34440,923
34441,923
34442,923
34443,923
34444,923
34445,923
34446,923
34447,923
34448,923
34449,923
34450,923
34451,923
34452,923
34453,923
34454,923
34455,923
34456,923
34457,923
34458,923
34459,923
34460,923
34461,923
34462,923
34463,923
34464,923
34465,923
34466,923
34467,923
34468,923
34469,923
34470,923
34471,923
34472,923
34473,923
34474,923
34475,923
34476,923
34477,923
34478,923
34479,923
34480,923
34481,923
34482,923
34483,923
34484,923
34485,923
34486,923
34487,923
34488,923
34489,923
34490,923
34491,923
34492,923
34493,923
34494,923
34495,923
34496,923
34497,923
34498,923
34499,923
34500,923
34501,923
34502,923
34503,923
34504,923
34505,923
34506,923
34507,923
34508,923
34509,923
34510,923
34511,923
34512,923
34513,923
34514,923
34515,923
34516,923
34517,923
34518,923
34519,923
34520,923
34521,923
34522,923
34523,923
34524,923
34525,923
34526,923
34527,923
34528,923
34529,923
34530,923
34531,923
34532,923
34533,923
34534,923
34535,923
34536,923
34537,923
34538,923
34539,923
34540,923
34541,923
34542,923
34543,923
34544,923
34545,923
34546,923
34547,923
34548,923
34549,923
34550,923
34551,923
34552,923
34553,923
34554,923
34555,923
34556,923
34557,923
34558,923
34559,923
34560,923
34561,923
34562,923
34563,923
34564,923
34565,923
34566,923
34567,923
34568,923
34569,923
34570,923
34571,923
34572,923
34573,923
34574,923
34575,923
34576,923
34577,923
34578,923
34579,923
34580,923
34581,923
34582,923
34583,923
34584,923
34585,923
34586,923
34587,923
34588,923
34589,923
34590,923
34591,923
34592,923
34593,923
34594,923
34595,923
34596,923
34597,923
34598,923
34599,923
34600,923
34601,924
34602,924
34603,924
34604,924
34605,924
34606,924
34607,924
34608,924
34609,924
34610,924
34611,924
34612,924
34613,924
34614,924
34615,924
34616,924
34617,924
34618,924
34619,924
34620,924
34621,924
34622,924
34623,924
34624,924
34625,924
34626,924
34627,924
34628,924
34629,924
34630,924
34631,924
34632,924
34633,924
34634,924
34635,924
34636,924
34637,924
34638,924
34639,924
34640,924
34641,924
34642,924
34643,924
34644,924
34645,924
34646,924
34647,924
34648,924
34649,924
34650,924
34651,924
34652,924
34653,924
34654,924
34655,924
34656,924
34657,924
34658,924
34659,924
34660,924
34661,924
34662,924
34663,924
34664,924
34665,924
34666,924
34667,924
34668,924
34669,924
34670,924
34671,924
34672,924
34673,924
34674,924
34675,924
34676,924
34677,924
34678,924
34679,924
34680,924
34681,924
34682,924
34683,924
34684,924
34685,924
34686,924
34687,924
34688,924
34689,924
34690,924
34691,924
34692,924
34693,924
34694,924
34695,924
34696,924
34697,924
34698,924
34699,924
34700,924
34701,924
34702,924
34703,924
34704,924
34705,924
34706,924
34707,924
34708,924
34709,924
34710,924
34711,924
34712,924
34713,924
34714,924
34715,924
34716,924
34717,924
34718,924
34719,924
34720,924
34721,924
34722,924
34723,924
34724,924
34725,924
34726,924
34727,924
34728,924
34729,924
34730,924
34731,924
34732,924
34733,924
34734,924
34735,924
34736,924
34737,924
34738,924
34739,924
34740,924
34741,924
34742,924
34743,924
34744,924
34745,924
34746,924
34747,924
34748,924
34749,924
34750,924
34751,924
34752,924
34753,924
34754,924
34755,924
34756,924
34757,924
34758,924
34759,924
34760,924
34761,924
34762,924
34763,924
34764,924
34765,924
34766,924
34767,924
34768,924
34769,924
34770,924
34771,924
34772,924
34773,924
34774,924
34775,924
34776,924
34777,924
34778,924
34779,924
34780,924
34781,924
34782,924
34783,924
34784,924
34785,924
34786,924
34787,924
34788,924
34789,924
34790,924
34791,924
34792,924
34793,924
34794,924
34795,924
34796,924
34797,924
34798,924
34799,924
34800,924
34801,925
34802,925
34803,925
34804,925
34805,925
34806,925
34807,925
34808,925
34809,925
34810,925
34811,925
34812,925
34813,925
34814,925
34815,925
34816,925
34817,925
34818,925
34819,925
34820,925
34821,925
34822,925
34823,925
34824,925
34825,925
34826,925
34827,925
34828,925
34829,925
34830,925
34831,925
34832,925
34833,925
34834,925
34835,925
34836,925
34837,925
34838,925
34839,925
34840,925
34841,925
34842,925
34843,925
34844,925
34845,925
34846,925
34847,925
34848,925
34849,925
34850,925
34851,925
34852,925
34853,925
34854,925
34855,925
34856,925
34857,925
34858,925
34859,925
34860,925
34861,925
34862,925
34863,925
34864,925
34865,925
34866,925
34867,925
34868,925
34869,925
34870,925
34871,925
34872,925
34873,925
34874,925
34875,925
34876,925
34877,925
34878,925
34879,925
34880,925
34881,925
34882,925
34883,925
34884,925
34885,925
34886,925
34887,925
34888,925
34889,925
34890,925
34891,925
34892,925
34893,925
34894,925
34895,925
34896,925
34897,925
34898,925
34899,925
34900,925
34901,925
34902,925
34903,925
34904,925
34905,925
34906,925
34907,925
34908,925
34909,925
34910,925
34911,925
34912,925
34913,925
34914,925
34915,925
34916,925
34917,925
34918,925
34919,925
34920,925
34921,925
34922,925
34923,925
34924,925
34925,925
34926,925
34927,925
34928,925
34929,925
34930,925
34931,925
34932,925
34933,925
34934,925
34935,925
34936,925
34937,925
34938,925
34939,925
34940,925
34941,925
34942,925
34943,925
34944,925
34945,925
34946,925
34947,925
34948,925
34949,925
34950,925
34951,925
34952,925
34953,925
34954,925
34955,925
34956,925
34957,925
34958,925
34959,925
34960,925
34961,925
34962,925
34963,925
34964,925
34965,925
34966,925
34967,925
34968,925
34969,925
34970,925
34971,925
34972,925
34973,925
34974,925
34975,925
34976,925
34977,925
34978,925
34979,925
34980,925
34981,925
34982,925
34983,925
34984,925
34985,925
34986,925
34987,925
34988,925
34989,925
34990,925
34991,925
34992,925
34993,925
34994,925
34995,925
34996,925
34997,925
34998,925
34999,925
35000,925
35001,926
35002,926
35003,926
35004,926
35005,926
35006,926
35007,926
35008,926
35009,926
35010,926
35011,926
35012,926
35013,926
35014,926
35015,926
35016,926
35017,926
35018,926
35019,926
35020,926
35021,926
35022,926
35023,926
35024,926
35025,926
35026,926
35027,926
35028,926
35029,926
35030,926
35031,926
35032,926
35033,926
35034,926
35035,926
35036,926
35037,926
35038,926
35039,926
35040,926
35041,926
35042,926
35043,926
35044,926
35045,926
35046,926
35047,926
35048,926
35049,926
35050,926
35051,926
35052,926
35053,926
35054,926
35055,926
35056,926
35057,926
35058,926
35059,926
35060,926
35061,926
35062,926
35063,926
35064,926
35065,926
35066,926
35067,926
35068,926
35069,926
35070,926
35071,926
35072,926
35073,926
35074,926
35075,926
35076,926
35077,926
35078,926
35079,926
35080,926
35081,926
35082,926
35083,926
35084,926
35085,926
35086,926
35087,926
35088,926
35089,926
35090,926
35091,926
35092,926
35093,926
35094,926
35095,926
35096,926
35097,926
35098,926
35099,926
35100,926
35101,926
35102,926
35103,926
35104,926
35105,926
35106,926
35107,926
35108,926
35109,926
35110,926
35111,926
35112,926
35113,926
35114,926
35115,926
35116,926
35117,926
35118,926
35119,926
35120,926
35121,926
35122,926
35123,926
35124,926
35125,926
35126,926
35127,926
35128,926
35129,926
35130,926
35131,926
35132,926
35133,926
35134,926
35135,926
35136,926
35137,926
35138,926
35139,926
35140,926
35141,926
35142,926
35143,926
35144,926
35145,926
35146,926
35147,926
35148,926
35149,926
35150,926
35151,926
35152,926
35153,926
35154,926
35155,926
35156,926
35157,926
35158,926
35159,926
35160,926
35161,926
35162,926
35163,926
35164,926
35165,926
35166,926
35167,926
35168,926
35169,926
35170,926
35171,926
35172,926
35173,926
35174,926
35175,926
35176,926
35177,926
35178,926
35179,926
35180,926
35181,926
35182,926
35183,926
35184,926
35185,926
35186,926
35187,926
35188,926
35189,926
35190,926
35191,926
35192,926
35193,926
35194,926
35195,926
35196,926
35197,926
35198,926
35199,926
35200,926
35201,927
35202,927
35203,927
35204,927
35205,927
35206,927
35207,927
35208,927
35209,927
35210,927
35211,927
35212,927
35213,927
35214,927
35215,927
35216,927
35217,927
35218,927
35219,927
35220,927
35221,927
35222,927
35223,927
35224,927
35225,927
35226,927
35227,927
35228,927
35229,927
35230,927
35231,927
35232,927
35233,927
35234,927
35235,927
35236,927
35237,927
35238,927
35239,927
35240,927
35241,927
35242,927
35243,927
35244,927
35245,927
35246,927
35247,927
35248,927
35249,927
35250,927
35251,927
35252,927
35253,927
35254,927
35255,927
35256,927
35257,927
35258,927
35259,927
35260,927
35261,927
35262,927
35263,927
35264,927
35265,927
35266,927
35267,927
35268,927
35269,927
35270,927
35271,927
35272,927
35273,927
35274,927
35275,927
35276,927
35277,927
35278,927
35279,927
35280,927
35281,927
35282,927
35283,927
35284,927
35285,927
35286,927
35287,927
35288,927
35289,927
35290,927
35291,927
35292,927
35293,927
35294,927
35295,927
35296,927
35297,927
35298,927
35299,927
35300,927
35301,927
35302,927
35303,927
35304,927
35305,927
35306,927
35307,927
35308,927
35309,927
35310,927
35311,927
35312,927
35313,927
35314,927
35315,927
35316,927
35317,927
35318,927
35319,927
35320,927
35321,927
35322,927
35323,927
35324,927
35325,927
35326,927
35327,927
35328,927
35329,927
35330,927
35331,927
35332,927
35333,927
35334,927
35335,927
35336,927
35337,927
35338,927
35339,927
35340,927
35341,927
35342,927
35343,927
35344,927
35345,927
35346,927
35347,927
35348,927
35349,927
35350,927
35351,927
35352,927
35353,927
35354,927
35355,927
35356,927
35357,927
35358,927
35359,927
35360,927
35361,927
35362,927
35363,927
35364,927
35365,927
35366,927
35367,927
35368,927
35369,927
35370,927
35371,927
35372,927
35373,927
35374,927
35375,927
35376,927
35377,927
35378,927
35379,927
35380,927
35381,927
35382,927
35383,927
35384,927
35385,927
35386,927
35387,927
35388,927
35389,927
35390,927
35391,927
35392,927
35393,927
35394,927
35395,927
35396,927
35397,927
35398,927
35399,927
35400,927
35401,928
35402,928
35403,928
35404,928
35405,928
35406,928
35407,928
35408,928
35409,928
35410,928
35411,928
35412,928
35413,928
35414,928
35415,928
35416,928
35417,928
35418,928
35419,928
35420,928
35421,928
35422,928
35423,928
35424,928
35425,928
35426,928
35427,928
35428,928
35429,928
35430,928
35431,928
35432,928
35433,928
35434,928
35435,928
35436,928
35437,928
35438,928
35439,928
35440,928
35441,928
35442,928
35443,928
35444,928
35445,928
35446,928
35447,928
35448,928
35449,928
35450,928
35451,928
35452,928
35453,928
35454,928
35455,928
35456,928
35457,928
35458,928
35459,928
35460,928
35461,928
35462,928
35463,928
35464,928
35465,928
35466,928
35467,928
35468,928
35469,928
35470,928
35471,928
35472,928
35473,928
35474,928
35475,928
35476,928
35477,928
35478,928
35479,928
35480,928
35481,928
35482,928
35483,928
35484,928
35485,928
35486,928
35487,928
35488,928
35489,928
35490,928
35491,928
35492,928
35493,928
35494,928
35495,928
35496,928
35497,928
35498,928
35499,928
35500,928
35501,928
35502,928
35503,928
35504,928
35505,928
35506,928
35507,928
35508,928
35509,928
35510,928
35511,928
35512,928
35513,928
35514,928
35515,928
35516,928
35517,928
35518,928
35519,928
35520,928
35521,928
35522,928
35523,928
35524,928
35525,928
35526,928
35527,928
35528,928
35529,928
35530,928
35531,928
35532,928
35533,928
35534,928
35535,928
35536,928
35537,928
35538,928
35539,928
35540,928
35541,928
35542,928
35543,928
35544,928
35545,928
35546,928
35547,928
35548,928
35549,928
35550,928
35551,928
35552,928
35553,928
35554,928
35555,928
35556,928
35557,928
35558,928
35559,928
35560,928
35561,928
35562,928
35563,928
35564,928
35565,928
35566,928
35567,928
35568,928
35569,928
35570,928
35571,928
35572,928
35573,928
35574,928
35575,928
35576,928
35577,928
35578,928
35579,928
35580,928
35581,928
35582,928
35583,928
35584,928
35585,928
35586,928
35587,928
35588,928
35589,928
35590,928
35591,928
35592,928
35593,928
35594,928
35595,928
35596,928
35597,928
35598,928
35599,928
35600,928
35601,929
35602,929
35603,929
35604,929
35605,929
35606,929
35607,929
35608,929
35609,929
35610,929
35611,929
35612,929
35613,929
35614,929
35615,929
35616,929
35617,929
35618,929
35619,929
35620,929
35621,929
35622,929
35623,929
35624,929
35625,929
35626,929
35627,929
35628,929
35629,929
35630,929
35631,929
35632,929
35633,929
35634,929
35635,929
35636,929
35637,929
35638,929
35639,929
35640,929
35641,929
35642,929
35643,929
35644,929
35645,929
35646,929
35647,929
35648,929
35649,929
35650,929
35651,929
35652,929
35653,929
35654,929
35655,929
35656,929
35657,929
35658,929
35659,929
35660,929
35661,929
35662,929
35663,929
35664,929
35665,929
35666,929
35667,929
35668,929
35669,929
35670,929
35671,929
35672,929
35673,929
35674,929
35675,929
35676,929
35677,929
35678,929
35679,929
35680,929
35681,929
35682,929
35683,929
35684,929
35685,929
35686,929
35687,929
35688,929
35689,929
35690,929
35691,929
35692,929
35693,929
35694,929
35695,929
35696,929
35697,929
35698,929
35699,929
35700,929
35701,929
35702,929
35703,929
35704,929
35705,929
35706,929
35707,929
35708,929
35709,929
35710,929
35711,929
35712,929
35713,929
35714,929
35715,929
35716,929
35717,929
35718,929
35719,929
35720,929
35721,929
35722,929
35723,929
35724,929
35725,929
35726,929
35727,929
35728,929
35729,929
35730,929
35731,929
35732,929
35733,929
35734,929
35735,929
35736,929
35737,929
35738,929
35739,929
35740,929
35741,929
35742,929
35743,929
35744,929
35745,929
35746,929
35747,929
35748,929
35749,929
35750,929
35751,929
35752,929
35753,929
35754,929
35755,929
35756,929
35757,929
35758,929
35759,929
35760,929
35761,929
35762,929
35763,929
35764,929
35765,929
35766,929
35767,929
35768,929
35769,929
35770,929
35771,929
35772,929
35773,929
35774,929
35775,929
35776,929
35777,929
35778,929
35779,929
35780,929
35781,929
35782,929
35783,929
35784,929
35785,929
35786,929
35787,929
35788,929
35789,929
35790,929
35791,929
35792,929
35793,929
35794,929
35795,929
35796,929
35797,929
35798,929
35799,929
35800,929
35801,930
35802,930
35803,930
35804,930
35805,930
35806,930
35807,930
35808,930
35809,930
35810,930
35811,930
35812,930
35813,930
35814,930
35815,930
35816,930
35817,930
35818,930
35819,930
35820,930
35821,930
35822,930
35823,930
35824,930
35825,930
35826,930
35827,930
35828,930
35829,930
35830,930
35831,930
35832,930
35833,930
35834,930
35835,930
35836,930
35837,930
35838,930
35839,930
35840,930
35841,930
35842,930
35843,930
35844,930
35845,930
35846,930
35847,930
35848,930
35849,930
35850,930
35851,930
35852,930
35853,930
35854,930
35855,930
35856,930
35857,930
35858,930
35859,930
35860,930
35861,930
35862,930
35863,930
35864,930
35865,930
35866,930
35867,930
35868,930
35869,930
35870,930
35871,930
35872,930
35873,930
35874,930
35875,930
35876,930
35877,930
35878,930
35879,930
35880,930
35881,930
35882,930
35883,930
35884,930
35885,930
35886,930
35887,930
35888,930
35889,930
35890,930
35891,930
35892,930
35893,930
35894,930
35895,930
35896,930
35897,930
35898,930
35899,930
35900,930
35901,930
35902,930
35903,930
35904,930
35905,930
35906,930
35907,930
35908,930
35909,930
35910,930
35911,930
35912,930
35913,930
35914,930
35915,930
35916,930
35917,930
35918,930
35919,930
35920,930
35921,930
35922,930
35923,930
35924,930
35925,930
35926,930
35927,930
35928,930
35929,930
35930,930
35931,930
35932,930
35933,930
35934,930
35935,930
35936,930
35937,930
35938,930
35939,930
35940,930
35941,930
35942,930
35943,930
35944,930
35945,930
35946,930
35947,930
35948,930
35949,930
35950,930
35951,930
35952,930
35953,930
35954,930
35955,930
35956,930
35957,930
35958,930
35959,930
35960,930
35961,930
35962,930
35963,930
35964,930
35965,930
35966,930
35967,930
35968,930
35969,930
35970,930
35971,930
35972,930
35973,930
35974,930
35975,930
35976,930
35977,930
35978,930
35979,930
35980,930
35981,930
35982,930
35983,930
35984,930
35985,930
35986,930
35987,930
35988,930
35989,930
35990,930
35991,930
35992,930
35993,930
35994,930
35995,930
35996,930
35997,930
35998,930
35999,930
36000,930
36001,931
36002,931
36003,931
36004,931
36005,931
36006,931
36007,931
36008,931
36009,931
36010,931
36011,931
36012,931
36013,931
36014,931
36015,931
36016,931
36017,931
36018,931
36019,931
36020,931
36021,931
36022,931
36023,931
36024,931
36025,931
36026,931
36027,931
36028,931
36029,931
36030,931
36031,931
36032,931
36033,931
36034,931
36035,931
36036,931
36037,931
36038,931
36039,931
36040,931
36041,931
36042,931
36043,931
36044,931
36045,931
36046,931
36047,931
36048,931
36049,931
36050,931
36051,931
36052,931
36053,931
36054,931
36055,931
36056,931
36057,931
36058,931
36059,931
36060,931
36061,931
36062,931
36063,931
36064,931
36065,931
36066,931
36067,931
36068,931
36069,931
36070,931
36071,931
36072,931
36073,931
36074,931
36075,931
36076,931
36077,931
36078,931
36079,931
36080,931
36081,931
36082,931
36083,931
36084,931
36085,931
36086,931
36087,931
36088,931
36089,931
36090,931
36091,931
36092,931
36093,931
36094,931
36095,931
36096,931
36097,931
36098,931
36099,931
36100,931
36101,931
36102,931
36103,931
36104,931
36105,931
36106,931
36107,931
36108,931
36109,931
36110,931
36111,931
36112,931
36113,931
36114,931
36115,931
36116,931
36117,931
36118,931
36119,931
36120,931
36121,931
36122,931
36123,931
36124,931
36125,931
36126,931
36127,931
36128,931
36129,931
36130,931
36131,931
36132,931
36133,931
36134,931
36135,931
36136,931
36137,931
36138,931
36139,931
36140,931
36141,931
36142,931
36143,931
36144,931
36145,931
36146,931
36147,931
36148,931
36149,931
36150,931
36151,931
36152,931
36153,931
36154,931
36155,931
36156,931
36157,931
36158,931
36159,931
36160,931
36161,931
36162,931
36163,931
36164,931
36165,931
36166,931
36167,931
36168,931
36169,931
36170,931
36171,931
36172,931
36173,931
36174,931
36175,931
36176,931
36177,931
36178,931
36179,931
36180,931
36181,931
36182,931
36183,931
36184,931
36185,931
36186,931
36187,931
36188,931
36189,931
36190,931
36191,931
36192,931
36193,931
36194,931
36195,931
36196,931
36197,931
36198,931
36199,931
36200,931
36201,932
36202,932
36203,932
36204,932
36205,932
36206,932
36207,932
36208,932
36209,932
36210,932
36211,932
36212,932
36213,932
36214,932
36215,932
36216,932
36217,932
36218,932
36219,932
36220,932
36221,932
36222,932
36223,932
36224,932
36225,932
36226,932
36227,932
36228,932
36229,932
36230,932
36231,932
36232,932
36233,932
36234,932
36235,932
36236,932
36237,932
36238,932
36239,932
36240,932
36241,932
36242,932
36243,932
36244,932
36245,932
36246,932
36247,932
36248,932
36249,932
36250,932
36251,932
36252,932
36253,932
36254,932
36255,932
36256,932
36257,932
36258,932
36259,932
36260,932
36261,932
36262,932
36263,932
36264,932
36265,932
36266,932
36267,932
36268,932
36269,932
36270,932
36271,932
36272,932
36273,932
36274,932
36275,932
36276,932
36277,932
36278,932
36279,932
36280,932
36281,932
36282,932
36283,932
36284,932
36285,932
36286,932
36287,932
36288,932
36289,932
36290,932
36291,932
36292,932
36293,932
36294,932
36295,932
36296,932
36297,932
36298,932
36299,932
36300,932
36301,932
36302,932
36303,932
36304,932
36305,932
36306,932
36307,932
36308,932
36309,932
36310,932
36311,932
36312,932
36313,932
36314,932
36315,932
36316,932
36317,932
36318,932
36319,932
36320,932
36321,932
36322,932
36323,932
36324,932
36325,932
36326,932
36327,932
36328,932
36329,932
36330,932
36331,932
36332,932
36333,932
36334,932
36335,932
36336,932
36337,932
36338,932
36339,932
36340,932
36341,932
36342,932
36343,932
36344,932
36345,932
36346,932
36347,932
36348,932
36349,932
36350,932
36351,932
36352,932
36353,932
36354,932
36355,932
36356,932
36357,932
36358,932
36359,932
36360,932
36361,932
36362,932
36363,932
36364,932
36365,932
36366,932
36367,932
36368,932
36369,932
36370,932
36371,932
36372,932
36373,932
36374,932
36375,932
36376,932
36377,932
36378,932
36379,932
36380,932
36381,932
36382,932
36383,932
36384,932
36385,932
36386,932
36387,932
36388,932
36389,932
36390,932
36391,932
36392,932
36393,932
36394,932
36395,932
36396,932
36397,932
36398,932
36399,932
36400,932
36401,933
36402,933
36403,933
36404,933
36405,933
36406,933
36407,933
36408,933
36409,933
36410,933
36411,933
36412,933
36413,933
36414,933
36415,933
36416,933
36417,933
36418,933
36419,933
36420,933
36421,933
36422,933
36423,933
36424,933
36425,933
36426,933
36427,933
36428,933
36429,933
36430,933
36431,933
36432,933
36433,933
36434,933
36435,933
36436,933
36437,933
36438,933
36439,933
36440,933
36441,933
36442,933
36443,933
36444,933
36445,933
36446,933
36447,933
36448,933
36449,933
36450,933
36451,933
36452,933
36453,933
36454,933
36455,933
36456,933
36457,933
36458,933
36459,933
36460,933
36461,933
36462,933
36463,933
36464,933
36465,933
36466,933
36467,933
36468,933
36469,933
36470,933
36471,933
36472,933
36473,933
36474,933
36475,933
36476,933
36477,933
36478,933
36479,933
36480,933
36481,933
36482,933
36483,933
36484,933
36485,933
36486,933
36487,933
36488,933
36489,933
36490,933
36491,933
36492,933
36493,933
36494,933
36495,933
36496,933
36497,933
36498,933
36499,933
36500,933
36501,933
36502,933
36503,933
36504,933
36505,933
36506,933
36507,933
36508,933
36509,933
36510,933
36511,933
36512,933
36513,933
36514,933
36515,933
36516,933
36517,933
36518,933
36519,933
36520,933
36521,933
36522,933
36523,933
36524,933
36525,933
36526,933
36527,933
36528,933
36529,933
36530,933
36531,933
36532,933
36533,933
36534,933
36535,933
36536,933
36537,933
36538,933
36539,933
36540,933
36541,933
36542,933
36543,933
36544,933
36545,933
36546,933
36547,933
36548,933
36549,933
36550,933
36551,933
36552,933
36553,933
36554,933
36555,933
36556,933
36557,933
36558,933
36559,933
36560,933
36561,933
36562,933
36563,933
36564,933
36565,933
36566,933
36567,933
36568,933
36569,933
36570,933
36571,933
36572,933
36573,933
36574,933
36575,933
36576,933
36577,933
36578,933
36579,933
36580,933
36581,933
36582,933
36583,933
36584,933
36585,933
36586,933
36587,933
36588,933
36589,933
36590,933
36591,933
36592,933
36593,933
36594,933
36595,933
36596,933
36597,933
36598,933
36599,933
36600,933
36601,934
36602,934
36603,934
36604,934
36605,934
36606,934
36607,934
36608,934
36609,934
36610,934
36611,934
36612,934
36613,934
36614,934
36615,934
36616,934
36617,934
36618,934
36619,934
36620,934
36621,934
36622,934
36623,934
36624,934
36625,934
36626,934
36627,934
36628,934
36629,934
36630,934
36631,934
36632,934
36633,934
36634,934
36635,934
36636,934
36637,934
36638,934
36639,934
36640,934
36641,934
36642,934
36643,934
36644,934
36645,934
36646,934
36647,934
36648,934
36649,934
36650,934
36651,934
36652,934
36653,934
36654,934
36655,934
36656,934
36657,934
36658,934
36659,934
36660,934
36661,934
36662,934
36663,934
36664,934
36665,934
36666,934
36667,934
36668,934
36669,934
36670,934
36671,934
36672,934
36673,934
36674,934
36675,934
36676,934
36677,934
36678,934
36679,934
36680,934
36681,934
36682,934
36683,934
36684,934
36685,934
36686,934
36687,934
36688,934
36689,934
36690,934
36691,934
36692,934
36693,934
36694,934
36695,934
36696,934
36697,934
36698,934
36699,934
36700,934
36701,934
36702,934
36703,934
36704,934
36705,934
36706,934
36707,934
36708,934
36709,934
36710,934
36711,934
36712,934
36713,934
36714,934
36715,934
36716,934
36717,934
36718,934
36719,934
36720,934
36721,934
36722,934
36723,934
36724,934
36725,934
36726,934
36727,934
36728,934
36729,934
36730,934
36731,934
36732,934
36733,934
36734,934
36735,934
36736,934
36737,934
36738,934
36739,934
36740,934
36741,934
36742,934
36743,934
36744,934
36745,934
36746,934
36747,934
36748,934
36749,934
36750,934
36751,934
36752,934
36753,934
36754,934
36755,934
36756,934
36757,934
36758,934
36759,934
36760,934
36761,934
36762,934
36763,934
36764,934
36765,934
36766,934
36767,934
36768,934
36769,934
36770,934
36771,934
36772,934
36773,934
36774,934
36775,934
36776,934
36777,934
36778,934
36779,934
36780,934
36781,934
36782,934
36783,934
36784,934
36785,934
36786,934
36787,934
36788,934
36789,934
36790,934
36791,934
36792,934
36793,934
36794,934
36795,934
36796,934
36797,934
36798,934
36799,934
36800,934
36801,935
36802,935
36803,935
36804,935
36805,935
36806,935
36807,935
36808,935
36809,935
36810,935
36811,935
36812,935
36813,935
36814,935
36815,935
36816,935
36817,935
36818,935
36819,935
36820,935
36821,935
36822,935
36823,935
36824,935
36825,935
36826,935
36827,935
36828,935
36829,935
36830,935
36831,935
36832,935
36833,935
36834,935
36835,935
36836,935
36837,935
36838,935
36839,935
36840,935
36841,935
36842,935
36843,935
36844,935
36845,935
36846,935
36847,935
36848,935
36849,935
36850,935
36851,935
36852,935
36853,935
36854,935
36855,935
36856,935
36857,935
36858,935
36859,935
36860,935
36861,935
36862,935
36863,935
36864,935
36865,935
36866,935
36867,935
36868,935
36869,935
36870,935
36871,935
36872,935
36873,935
36874,935
36875,935
36876,935
36877,935
36878,935
36879,935
36880,935
36881,935
36882,935
36883,935
36884,935
36885,935
36886,935
36887,935
36888,935
36889,935
36890,935
36891,935
36892,935
36893,935
36894,935
36895,935
36896,935
36897,935
36898,935
36899,935
36900,935
36901,935
36902,935
36903,935
36904,935
36905,935
36906,935
36907,935
36908,935
36909,935
36910,935
36911,935
36912,935
36913,935
36914,935
36915,935
36916,935
36917,935
36918,935
36919,935
36920,935
36921,935
36922,935
36923,935
36924,935
36925,935
36926,935
36927,935
36928,935
36929,935
36930,935
36931,935
36932,935
36933,935
36934,935
36935,935
36936,935
36937,935
36938,935
36939,935
36940,935
36941,935
36942,935
36943,935
36944,935
36945,935
36946,935
36947,935
36948,935
36949,935
36950,935
36951,935
36952,935
36953,935
36954,935
36955,935
36956,935
36957,935
36958,935
36959,935
36960,935
36961,935
36962,935
36963,935
36964,935
36965,935
36966,935
36967,935
36968,935
36969,935
36970,935
36971,935
36972,935
36973,935
36974,935
36975,935
36976,935
36977,935
36978,935
36979,935
36980,935
36981,935
36982,935
36983,935
36984,935
36985,935
36986,935
36987,935
36988,935
36989,935
36990,935
36991,935
36992,935
36993,935
36994,935
36995,935
36996,935
36997,935
36998,935
36999,935
37000,935
37001,936
37002,936
37003,936
37004,936
37005,936
37006,936
37007,936
37008,936
37009,936
37010,936
37011,936
37012,936
37013,936
37014,936
37015,936
37016,936
37017,936
37018,936
37019,936
37020,936
37021,936
37022,936
37023,936
37024,936
37025,936
37026,936
37027,936
37028,936
37029,936
37030,936
37031,936
37032,936
37033,936
37034,936
37035,936
37036,936
37037,936
37038,936
37039,936
37040,936
37041,936
37042,936
37043,936
37044,936
37045,936
37046,936
37047,936
37048,936
37049,936
37050,936
37051,936
37052,936
37053,936
37054,936
37055,936
37056,936
37057,936
37058,936
37059,936
37060,936
37061,936
37062,936
37063,936
37064,936
37065,936
37066,936
37067,936
37068,936
37069,936
37070,936
37071,936
37072,936
37073,936
37074,936
37075,936
37076,936
37077,936
37078,936
37079,936
37080,936
37081,936
37082,936
37083,936
37084,936
37085,936
37086,936
37087,936
37088,936
37089,936
37090,936
37091,936
37092,936
37093,936
37094,936
37095,936
37096,936
37097,936
37098,936
37099,936
37100,936
37101,936
37102,936
37103,936
37104,936
37105,936
37106,936
37107,936
37108,936
37109,936
37110,936
37111,936
37112,936
37113,936
37114,936
37115,936
37116,936
37117,936
37118,936
37119,936
37120,936
37121,936
37122,936
37123,936
37124,936
37125,936
37126,936
37127,936
37128,936
37129,936
37130,936
37131,936
37132,936
37133,936
37134,936
37135,936
37136,936
37137,936
37138,936
37139,936
37140,936
37141,936
37142,936
37143,936
37144,936
37145,936
37146,936
37147,936
37148,936
37149,936
37150,936
37151,936
37152,936
37153,936
37154,936
37155,936
37156,936
37157,936
37158,936
37159,936
37160,936
37161,936
37162,936
37163,936
37164,936
37165,936
37166,936
37167,936
37168,936
37169,936
37170,936
37171,936
37172,936
37173,936
37174,936
37175,936
37176,936
37177,936
37178,936
37179,936
37180,936
37181,936
37182,936
37183,936
37184,936
37185,936
37186,936
37187,936
37188,936
37189,936
37190,936
37191,936
37192,936
37193,936
37194,936
37195,936
37196,936
37197,936
37198,936
37199,936
37200,936
37201,937
37202,937
37203,937
37204,937
37205,937
37206,937
37207,937
37208,937
37209,937
37210,937
37211,937
37212,937
37213,937
37214,937
37215,937
37216,937
37217,937
37218,937
37219,937
37220,937
37221,937
37222,937
37223,937
37224,937
37225,937
37226,937
37227,937
37228,937
37229,937
37230,937
37231,937
37232,937
37233,937
37234,937
37235,937
37236,937
37237,937
37238,937
37239,937
37240,937
37241,937
37242,937
37243,937
37244,937
37245,937
37246,937
37247,937
37248,937
37249,937
37250,937
37251,937
37252,937
37253,937
37254,937
37255,937
37256,937
37257,937
37258,937
37259,937
37260,937
37261,937
37262,937
37263,937
37264,937
37265,937
37266,937
37267,937
37268,937
37269,937
37270,937
37271,937
37272,937
37273,937
37274,937
37275,937
37276,937
37277,937
37278,937
37279,937
37280,937
37281,937
37282,937
37283,937
37284,937
37285,937
37286,937
37287,937
37288,937
37289,937
37290,937
37291,937
37292,937
37293,937
37294,937
37295,937
37296,937
37297,937
37298,937
37299,937
37300,937
37301,937
37302,937
37303,937
37304,937
37305,937
37306,937
37307,937
37308,937
37309,937
37310,937
37311,937
37312,937
37313,937
37314,937
37315,937
37316,937
37317,937
37318,937
37319,937
37320,937
37321,937
37322,937
37323,937
37324,937
37325,937
37326,937
37327,937
37328,937
37329,937
37330,937
37331,937
37332,937
37333,937
37334,937
37335,937
37336,937
37337,937
37338,937
37339,937
37340,937
37341,937
37342,937
37343,937
37344,937
37345,937
37346,937
37347,937
37348,937
37349,937
37350,937
37351,937
37352,937
37353,937
37354,937
37355,937
37356,937
37357,937
37358,937
37359,937
37360,937
37361,937
37362,937
37363,937
37364,937
37365,937
37366,937
37367,937
37368,937
37369,937
37370,937
37371,937
37372,937
37373,937
37374,937
37375,937
37376,937
37377,937
37378,937
37379,937
37380,937
37381,937
37382,937
37383,937
37384,937
37385,937
37386,937
37387,937
37388,937
37389,937
37390,937
37391,937
37392,937
37393,937
37394,937
37395,937
37396,937
37397,937
37398,937
37399,937
37400,937
37401,938
37402,938
37403,938
37404,938
37405,938
37406,938
37407,938
37408,938
37409,938
37410,938
37411,938
37412,938
37413,938
37414,938
37415,938
37416,938
37417,938
37418,938
37419,938
37420,938
37421,938
37422,938
37423,938
37424,938
37425,938
37426,938
37427,938
37428,938
37429,938
37430,938
37431,938
37432,938
37433,938
37434,938
37435,938
37436,938
37437,938
37438,938
37439,938
37440,938
37441,938
37442,938
37443,938
37444,938
37445,938
37446,938
37447,938
37448,938
37449,938
37450,938
37451,938
37452,938
37453,938
37454,938
37455,938
37456,938
37457,938
37458,938
37459,938
37460,938
37461,938
37462,938
37463,938
37464,938
37465,938
37466,938
37467,938
37468,938
37469,938
37470,938
37471,938
37472,938
37473,938
37474,938
37475,938
37476,938
37477,938
37478,938
37479,938
37480,938
37481,938
37482,938
37483,938
37484,938
37485,938
37486,938
37487,938
37488,938
37489,938
37490,938
37491,938
37492,938
37493,938
37494,938
37495,938
37496,938
37497,938
37498,938
37499,938
37500,938
37501,938
37502,938
37503,938
37504,938
37505,938
37506,938
37507,938
37508,938
37509,938
37510,938
37511,938
37512,938
37513,938
37514,938
37515,938
37516,938
37517,938
37518,938
37519,938
37520,938
37521,938
37522,938
37523,938
37524,938
37525,938
37526,938
37527,938
37528,938
37529,938
37530,938
37531,938
37532,938
37533,938
37534,938
37535,938
37536,938
37537,938
37538,938
37539,938
37540,938
37541,938
37542,938
37543,938
37544,938
37545,938
37546,938
37547,938
37548,938
37549,938
37550,938
37551,938
37552,938
37553,938
37554,938
37555,938
37556,938
37557,938
37558,938
37559,938
37560,938
37561,938
37562,938
37563,938
37564,938
37565,938
37566,938
37567,938
37568,938
37569,938
37570,938
37571,938
37572,938
37573,938
37574,938
37575,938
37576,938
37577,938
37578,938
37579,938
37580,938
37581,938
37582,938
37583,938
37584,938
37585,938
37586,938
37587,938
37588,938
37589,938
37590,938
37591,938
37592,938
37593,938
37594,938
37595,938
37596,938
37597,938
37598,938
37599,938
37600,938
37601,939
37602,939
37603,939
37604,939
37605,939
37606,939
37607,939
37608,939
37609,939
37610,939
37611,939
37612,939
37613,939
37614,939
37615,939
37616,939
37617,939
37618,939
37619,939
37620,939
37621,939
37622,939
37623,939
37624,939
37625,939
37626,939
37627,939
37628,939
37629,939
37630,939
37631,939
37632,939
37633,939
37634,939
37635,939
37636,939
37637,939
37638,939
37639,939
37640,939
37641,939
37642,939
37643,939
37644,939
37645,939
37646,939
37647,939
37648,939
37649,939
37650,939
37651,939
37652,939
37653,939
37654,939
37655,939
37656,939
37657,939
37658,939
37659,939
37660,939
37661,939
37662,939
37663,939
37664,939
37665,939
37666,939
37667,939
37668,939
37669,939
37670,939
37671,939
37672,939
37673,939
37674,939
37675,939
37676,939
37677,939
37678,939
37679,939
37680,939
37681,939
37682,939
37683,939
37684,939
37685,939
37686,939
37687,939
37688,939
37689,939
37690,939
37691,939
37692,939
37693,939
37694,939
37695,939
37696,939
37697,939
37698,939
37699,939
37700,939
37701,939
37702,939
37703,939
37704,939
37705,939
37706,939
37707,939
37708,939
37709,939
37710,939
37711,939
37712,939
37713,939
37714,939
37715,939
37716,939
37717,939
37718,939
37719,939
37720,939
37721,939
37722,939
37723,939
37724,939
37725,939
37726,939
37727,939
37728,939
37729,939
37730,939
37731,939
37732,939
37733,939
37734,939
37735,939
37736,939
37737,939
37738,939
37739,939
37740,939
37741,939
37742,939
37743,939
37744,939
37745,939
37746,939
37747,939
37748,939
37749,939
37750,939
37751,939
37752,939
37753,939
37754,939
37755,939
37756,939
37757,939
37758,939
37759,939
37760,939
37761,939
37762,939
37763,939
37764,939
37765,939
37766,939
37767,939
37768,939
37769,939
37770,939
37771,939
37772,939
37773,939
37774,939
37775,939
37776,939
37777,939
37778,939
37779,939
37780,939
37781,939
37782,939
37783,939
37784,939
37785,939
37786,939
37787,939
37788,939
37789,939
37790,939
37791,939
37792,939
37793,939
37794,939
37795,939
37796,939
37797,939
37798,939
37799,939
37800,939
37801,940
37802,940
37803,940
37804,940
37805,940
37806,940
37807,940
37808,940
37809,940
37810,940
37811,940
37812,940
37813,940
37814,940
37815,940
37816,940
37817,940
37818,940
37819,940
37820,940
37821,940
37822,940
37823,940
37824,940
37825,940
37826,940
37827,940
37828,940
37829,940
37830,940
37831,940
37832,940
37833,940
37834,940
37835,940
37836,940
37837,940
37838,940
37839,940
37840,940
37841,940
37842,940
37843,940
37844,940
37845,940
37846,940
37847,940
37848,940
37849,940
37850,940
37851,940
37852,940
37853,940
37854,940
37855,940
37856,940
37857,940
37858,940
37859,940
37860,940
37861,940
37862,940
37863,940
37864,940
37865,940
37866,940
37867,940
37868,940
37869,940
37870,940
37871,940
37872,940
37873,940
37874,940
37875,940
37876,940
37877,940
37878,940
37879,940
37880,940
37881,940
37882,940
37883,940
37884,940
37885,940
37886,940
37887,940
37888,940
37889,940
37890,940
37891,940
37892,940
37893,940
37894,940
37895,940
37896,940
37897,940
37898,940
37899,940
37900,940
37901,940
37902,940
37903,940
37904,940
37905,940
37906,940
37907,940
37908,940
37909,940
37910,940
37911,940
37912,940
37913,940
37914,940
37915,940
37916,940
37917,940
37918,940
37919,940
37920,940
37921,940
37922,940
37923,940
37924,940
37925,940
37926,940
37927,940
37928,940
37929,940
37930,940
37931,940
37932,940
37933,940
37934,940
37935,940
37936,940
37937,940
37938,940
37939,940
37940,940
37941,940
37942,940
37943,940
37944,940
37945,940
37946,940
37947,940
37948,940
37949,940
37950,940
37951,940
37952,940
37953,940
37954,940
37955,940
37956,940
37957,940
37958,940
37959,940
37960,940
37961,940
37962,940
37963,940
37964,940
37965,940
37966,940
37967,940
37968,940
37969,940
37970,940
37971,940
37972,940
37973,940
37974,940
37975,940
37976,940
37977,940
37978,940
37979,940
37980,940
37981,940
37982,940
37983,940
37984,940
37985,940
37986,940
37987,940
37988,940
37989,940
37990,940
37991,940
37992,940
37993,940
37994,940
37995,940
37996,940
37997,940
37998,940
37999,940
38000,940
38001,941
38002,941
38003,941
38004,941
38005,941
38006,941
38007,941
38008,941
38009,941
38010,941
38011,941
38012,941
38013,941
38014,941
38015,941
38016,941
38017,941
38018,941
38019,941
38020,941
38021,941
38022,941
38023,941
38024,941
38025,941
38026,941
38027,941
38028,941
38029,941
38030,941
38031,941
38032,941
38033,941
38034,941
38035,941
38036,941
38037,941
38038,941
38039,941
38040,941
38041,941
38042,941
38043,941
38044,941
38045,941
38046,941
38047,941
38048,941
38049,941
38050,941
38051,941
38052,941
38053,941
38054,941
38055,941
38056,941
38057,941
38058,941
38059,941
38060,941
38061,941
38062,941
38063,941
38064,941
38065,941
38066,941
38067,941
38068,941
38069,941
38070,941
38071,941
38072,941
38073,941
38074,941
38075,941
38076,941
38077,941
38078,941
38079,941
38080,941
38081,941
38082,941
38083,941
38084,941
38085,941
38086,941
38087,941
38088,941
38089,941
38090,941
38091,941
38092,941
38093,941
38094,941
38095,941
38096,941
38097,941
38098,941
38099,941
38100,941
38101,941
38102,941
38103,941
38104,941
38105,941
38106,941
38107,941
38108,941
38109,941
38110,941
38111,941
38112,941
38113,941
38114,941
38115,941
38116,941
38117,941
38118,941
38119,941
38120,941
38121,941
38122,941
38123,941
38124,941
38125,941
38126,941
38127,941
38128,941
38129,941
38130,941
38131,941
38132,941
38133,941
38134,941
38135,941
38136,941
38137,941
38138,941
38139,941
38140,941
38141,941
38142,941
38143,941
38144,941
38145,941
38146,941
38147,941
38148,941
38149,941
38150,941
38151,941
38152,941
38153,941
38154,941
38155,941
38156,941
38157,941
38158,941
38159,941
38160,941
38161,941
38162,941
38163,941
38164,941
38165,941
38166,941
38167,941
38168,941
38169,941
38170,941
38171,941
38172,941
38173,941
38174,941
38175,941
38176,941
38177,941
38178,941
38179,941
38180,941
38181,941
38182,941
38183,941
38184,941
38185,941
38186,941
38187,941
38188,941
38189,941
38190,941
38191,941
38192,941
38193,941
38194,941
38195,941
38196,941
38197,941
38198,941
38199,941
38200,941
38201,942
38202,942
38203,942
38204,942
38205,942
38206,942
38207,942
38208,942
38209,942
38210,942
38211,942
38212,942
38213,942
38214,942
38215,942
38216,942
38217,942
38218,942
38219,942
38220,942
38221,942
38222,942
38223,942
38224,942
38225,942
38226,942
38227,942
38228,942
38229,942
38230,942
38231,942
38232,942
38233,942
38234,942
38235,942
38236,942
38237,942
38238,942
38239,942
38240,942
38241,942
38242,942
38243,942
38244,942
38245,942
38246,942
38247,942
38248,942
38249,942
38250,942
38251,942
38252,942
38253,942
38254,942
38255,942
38256,942
38257,942
38258,942
38259,942
38260,942
38261,942
38262,942
38263,942
38264,942
38265,942
38266,942
38267,942
38268,942
38269,942
38270,942
38271,942
38272,942
38273,942
38274,942
38275,942
38276,942
38277,942
38278,942
38279,942
38280,942
38281,942
38282,942
38283,942
38284,942
38285,942
38286,942
38287,942
38288,942
38289,942
38290,942
38291,942
38292,942
38293,942
38294,942
38295,942
38296,942
38297,942
38298,942
38299,942
38300,942
38301,942
38302,942
38303,942
38304,942
38305,942
38306,942
38307,942
38308,942
38309,942
38310,942
38311,942
38312,942
38313,942
38314,942
38315,942
38316,942
38317,942
38318,942
38319,942
38320,942
38321,942
38322,942
38323,942
38324,942
38325,942
38326,942
38327,942
38328,942
38329,942
38330,942
38331,942
38332,942
38333,942
38334,942
38335,942
38336,942
38337,942
38338,942
38339,942
38340,942
38341,942
38342,942
38343,942
38344,942
38345,942
38346,942
38347,942
38348,942
38349,942
38350,942
38351,942
38352,942
38353,942
38354,942
38355,942
38356,942
38357,942
38358,942
38359,942
38360,942
38361,942
38362,942
38363,942
38364,942
38365,942
38366,942
38367,942
38368,942
38369,942
38370,942
38371,942
38372,942
38373,942
38374,942
38375,942
38376,942
38377,942
38378,942
38379,942
38380,942
38381,942
38382,942
38383,942
38384,942
38385,942
38386,942
38387,942
38388,942
38389,942
38390,942
38391,942
38392,942
38393,942
38394,942
38395,942
38396,942
38397,942
38398,942
38399,942
38400,942
38401,943
38402,943
38403,943
38404,943
38405,943
38406,943
38407,943
38408,943
38409,943
38410,943
38411,943
38412,943
38413,943
38414,943
38415,943
38416,943
38417,943
38418,943
38419,943
38420,943
38421,943
38422,943
38423,943
38424,943
38425,943
38426,943
38427,943
38428,943
38429,943
38430,943
38431,943
38432,943
38433,943
38434,943
38435,943
38436,943
38437,943
38438,943
38439,943
38440,943
38441,943
38442,943
38443,943
38444,943
38445,943
38446,943
38447,943
38448,943
38449,943
38450,943
38451,943
38452,943
38453,943
38454,943
38455,943
38456,943
38457,943
38458,943
38459,943
38460,943
38461,943
38462,943
38463,943
38464,943
38465,943
38466,943
38467,943
38468,943
38469,943
38470,943
38471,943
38472,943
38473,943
38474,943
38475,943
38476,943
38477,943
38478,943
38479,943
38480,943
38481,943
38482,943
38483,943
38484,943
38485,943
38486,943
38487,943
38488,943
38489,943
38490,943
38491,943
38492,943
38493,943
38494,943
38495,943
38496,943
38497,943
38498,943
38499,943
38500,943
38501,943
38502,943
38503,943
38504,943
38505,943
38506,943
38507,943
38508,943
38509,943
38510,943
38511,943
38512,943
38513,943
38514,943
38515,943
38516,943
38517,943
38518,943
38519,943
38520,943
38521,943
38522,943
38523,943
38524,943
38525,943
38526,943
38527,943
38528,943
38529,943
38530,943
38531,943
38532,943
38533,943
38534,943
38535,943
38536,943
38537,943
38538,943
38539,943
38540,943
38541,943
38542,943
38543,943
38544,943
38545,943
38546,943
38547,943
38548,943
38549,943
38550,943
38551,943
38552,943
38553,943
38554,943
38555,943
38556,943
38557,943
38558,943
38559,943
38560,943
38561,943
38562,943
38563,943
38564,943
38565,943
38566,943
38567,943
38568,943
38569,943
38570,943
38571,943
38572,943
38573,943
38574,943
38575,943
38576,943
38577,943
38578,943
38579,943
38580,943
38581,943
38582,943
38583,943
38584,943
38585,943
38586,943
38587,943
38588,943
38589,943
38590,943
38591,943
38592,943
38593,943
38594,943
38595,943
38596,943
38597,943
38598,943
38599,943
38600,943
38601,944
38602,944
38603,944
38604,944
38605,944
38606,944
38607,944
38608,944
38609,944
38610,944
38611,944
38612,944
38613,944
38614,944
38615,944
38616,944
38617,944
38618,944
38619,944
38620,944
38621,944
38622,944
38623,944
38624,944
38625,944
38626,944
38627,944
38628,944
38629,944
38630,944
38631,944
38632,944
38633,944
38634,944
38635,944
38636,944
38637,944
38638,944
38639,944
38640,944
38641,944
38642,944
38643,944
38644,944
38645,944
38646,944
38647,944
38648,944
38649,944
38650,944
38651,944
38652,944
38653,944
38654,944
38655,944
38656,944
38657,944
38658,944
38659,944
38660,944
38661,944
38662,944
38663,944
38664,944
38665,944
38666,944
38667,944
38668,944
38669,944
38670,944
38671,944
38672,944
38673,944
38674,944
38675,944
38676,944
38677,944
38678,944
38679,944
38680,944
38681,944
38682,944
38683,944
38684,944
38685,944
38686,944
38687,944
38688,944
38689,944
38690,944
38691,944
38692,944
38693,944
38694,944
38695,944
38696,944
38697,944
38698,944
38699,944
38700,944
38701,944
38702,944
38703,944
38704,944
38705,944
38706,944
38707,944
38708,944
38709,944
38710,944
38711,944
38712,944
38713,944
38714,944
38715,944
38716,944
38717,944
38718,944
38719,944
38720,944
38721,944
38722,944
38723,944
38724,944
38725,944
38726,944
38727,944
38728,944
38729,944
38730,944
38731,944
38732,944
38733,944
38734,944
38735,944
38736,944
38737,944
38738,944
38739,944
38740,944
38741,944
38742,944
38743,944
38744,944
38745,944
38746,944
38747,944
38748,944
38749,944
38750,944
38751,944
38752,944
38753,944
38754,944
38755,944
38756,944
38757,944
38758,944
38759,944
38760,944
38761,944
38762,944
38763,944
38764,944
38765,944
38766,944
38767,944
38768,944
38769,944
38770,944
38771,944
38772,944
38773,944
38774,944
38775,944
38776,944
38777,944
38778,944
38779,944
38780,944
38781,944
38782,944
38783,944
38784,944
38785,944
38786,944
38787,944
38788,944
38789,944
38790,944
38791,944
38792,944
38793,944
38794,944
38795,944
38796,944
38797,944
38798,944
38799,944
38800,944
38801,945
38802,945
38803,945
38804,945
38805,945
38806,945
38807,945
38808,945
38809,945
38810,945
38811,945
38812,945
38813,945
38814,945
38815,945
38816,945
38817,945
38818,945
38819,945
38820,945
38821,945
38822,945
38823,945
38824,945
38825,945
38826,945
38827,945
38828,945
38829,945
38830,945
38831,945
38832,945
38833,945
38834,945
38835,945
38836,945
38837,945
38838,945
38839,945
38840,945
38841,945
38842,945
38843,945
38844,945
38845,945
38846,945
38847,945
38848,945
38849,945
38850,945
38851,945
38852,945
38853,945
38854,945
38855,945
38856,945
38857,945
38858,945
38859,945
38860,945
38861,945
38862,945
38863,945
38864,945
38865,945
38866,945
38867,945
38868,945
38869,945
38870,945
38871,945
38872,945
38873,945
38874,945
38875,945
38876,945
38877,945
38878,945
38879,945
38880,945
38881,945
38882,945
38883,945
38884,945
38885,945
38886,945
38887,945
38888,945
38889,945
38890,945
38891,945
38892,945
38893,945
38894,945
38895,945
38896,945
38897,945
38898,945
38899,945
38900,945
38901,945
38902,945
38903,945
38904,945
38905,945
38906,945
38907,945
38908,945
38909,945
38910,945
38911,945
38912,945
38913,945
38914,945
38915,945
38916,945
38917,945
38918,945
38919,945
38920,945
38921,945
38922,945
38923,945
38924,945
38925,945
38926,945
38927,945
38928,945
38929,945
38930,945
38931,945
38932,945
38933,945
38934,945
38935,945
38936,945
38937,945
38938,945
38939,945
38940,945
38941,945
38942,945
38943,945
38944,945
38945,945
38946,945
38947,945
38948,945
38949,945
38950,945
38951,945
38952,945
38953,945
38954,945
38955,945
38956,945
38957,945
38958,945
38959,945
38960,945
38961,945
38962,945
38963,945
38964,945
38965,945
38966,945
38967,945
38968,945
38969,945
38970,945
38971,945
38972,945
38973,945
38974,945
38975,945
38976,945
38977,945
38978,945
38979,945
38980,945
38981,945
38982,945
38983,945
38984,945
38985,945
38986,945
38987,945
38988,945
38989,945
38990,945
38991,945
38992,945
38993,945
38994,945
38995,945
38996,945
38997,945
38998,945
38999,945
39000,945
39001,946
39002,946
39003,946
39004,946
39005,946
39006,946
39007,946
39008,946
39009,946
39010,946
39011,946
39012,946
39013,946
39014,946
39015,946
39016,946
39017,946
39018,946
39019,946
39020,946
39021,946
39022,946
39023,946
39024,946
39025,946
39026,946
39027,946
39028,946
39029,946
39030,946
39031,946
39032,946
39033,946
39034,946
39035,946
39036,946
39037,946
39038,946
39039,946
39040,946
39041,946
39042,946
39043,946
39044,946
39045,946
39046,946
39047,946
39048,946
39049,946
39050,946
39051,946
39052,946
39053,946
39054,946
39055,946
39056,946
39057,946
39058,946
39059,946
39060,946
39061,946
39062,946
39063,946
39064,946
39065,946
39066,946
39067,946
39068,946
39069,946
39070,946
39071,946
39072,946
39073,946
39074,946
39075,946
39076,946
39077,946
39078,946
39079,946
39080,946
39081,946
39082,946
39083,946
39084,946
39085,946
39086,946
39087,946
39088,946
39089,946
39090,946
39091,946
39092,946
39093,946
39094,946
39095,946
39096,946
39097,946
39098,946
39099,946
39100,946
39101,946
39102,946
39103,946
39104,946
39105,946
39106,946
39107,946
39108,946
39109,946
39110,946
39111,946
39112,946
39113,946
39114,946
39115,946
39116,946
39117,946
39118,946
39119,946
39120,946
39121,946
39122,946
39123,946
39124,946
39125,946
39126,946
39127,946
39128,946
39129,946
39130,946
39131,946
39132,946
39133,946
39134,946
39135,946
39136,946
39137,946
39138,946
39139,946
39140,946
39141,946
39142,946
39143,946
39144,946
39145,946
39146,946
39147,946
39148,946
39149,946
39150,946
39151,946
39152,946
39153,946
39154,946
39155,946
39156,946
39157,946
39158,946
39159,946
39160,946
39161,946
39162,946
39163,946
39164,946
39165,946
39166,946
39167,946
39168,946
39169,946
39170,946
39171,946
39172,946
39173,946
39174,946
39175,946
39176,946
39177,946
39178,946
39179,946
39180,946
39181,946
39182,946
39183,946
39184,946
39185,946
39186,946
39187,946
39188,946
39189,946
39190,946
39191,946
39192,946
39193,946
39194,946
39195,946
39196,946
39197,946
39198,946
39199,946
39200,946
39201,947
39202,947
39203,947
39204,947
39205,947
39206,947
39207,947
39208,947
39209,947
39210,947
39211,947
39212,947
39213,947
39214,947
39215,947
39216,947
39217,947
39218,947
39219,947
39220,947
39221,947
39222,947
39223,947
39224,947
39225,947
39226,947
39227,947
39228,947
39229,947
39230,947
39231,947
39232,947
39233,947
39234,947
39235,947
39236,947
39237,947
39238,947
39239,947
39240,947
39241,947
39242,947
39243,947
39244,947
39245,947
39246,947
39247,947
39248,947
39249,947
39250,947
39251,947
39252,947
39253,947
39254,947
39255,947
39256,947
39257,947
39258,947
39259,947
39260,947
39261,947
39262,947
39263,947
39264,947
39265,947
39266,947
39267,947
39268,947
39269,947
39270,947
39271,947
39272,947
39273,947
39274,947
39275,947
39276,947
39277,947
39278,947
39279,947
39280,947
39281,947
39282,947
39283,947
39284,947
39285,947
39286,947
39287,947
39288,947
39289,947
39290,947
39291,947
39292,947
39293,947
39294,947
39295,947
39296,947
39297,947
39298,947
39299,947
39300,947
39301,947
39302,947
39303,947
39304,947
39305,947
39306,947
39307,947
39308,947
39309,947
39310,947
39311,947
39312,947
39313,947
39314,947
39315,947
39316,947
39317,947
39318,947
39319,947
39320,947
39321,947
39322,947
39323,947
39324,947
39325,947
39326,947
39327,947
39328,947
39329,947
39330,947
39331,947
39332,947
39333,947
39334,947
39335,947
39336,947
39337,947
39338,947
39339,947
39340,947
39341,947
39342,947
39343,947
39344,947
39345,947
39346,947
39347,947
39348,947
39349,947
39350,947
39351,947
39352,947
39353,947
39354,947
39355,947
39356,947
39357,947
39358,947
39359,947
39360,947
39361,947
39362,947
39363,947
39364,947
39365,947
39366,947
39367,947
39368,947
39369,947
39370,947
39371,947
39372,947
39373,947
39374,947
39375,947
39376,947
39377,947
39378,947
39379,947
39380,947
39381,947
39382,947
39383,947
39384,947
39385,947
39386,947
39387,947
39388,947
39389,947
39390,947
39391,947
39392,947
39393,947
39394,947
39395,947
39396,947
39397,947
39398,947
39399,947
39400,947
39401,948
39402,948
39403,948
39404,948
39405,948
39406,948
39407,948
39408,948
39409,948
39410,948
39411,948
39412,948
39413,948
39414,948
39415,948
39416,948
39417,948
39418,948
39419,948
39420,948
39421,948
39422,948
39423,948
39424,948
39425,948
39426,948
39427,948
39428,948
39429,948
39430,948
39431,948
39432,948
39433,948
39434,948
39435,948
39436,948
39437,948
39438,948
39439,948
39440,948
39441,948
39442,948
39443,948
39444,948
39445,948
39446,948
39447,948
39448,948
39449,948
39450,948
39451,948
39452,948
39453,948
39454,948
39455,948
39456,948
39457,948
39458,948
39459,948
39460,948
39461,948
39462,948
39463,948
39464,948
39465,948
39466,948
39467,948
39468,948
39469,948
39470,948
39471,948
39472,948
39473,948
39474,948
39475,948
39476,948
39477,948
39478,948
39479,948
39480,948
39481,948
39482,948
39483,948
39484,948
39485,948
39486,948
39487,948
39488,948
39489,948
39490,948
39491,948
39492,948
39493,948
39494,948
39495,948
39496,948
39497,948
39498,948
39499,948
39500,948
39501,948
39502,948
39503,948
39504,948
39505,948
39506,948
39507,948
39508,948
39509,948
39510,948
39511,948
39512,948
39513,948
39514,948
39515,948
39516,948
39517,948
39518,948
39519,948
39520,948
39521,948
39522,948
39523,948
39524,948
39525,948
39526,948
39527,948
39528,948
39529,948
39530,948
39531,948
39532,948
39533,948
39534,948
39535,948
39536,948
39537,948
39538,948
39539,948
39540,948
39541,948
39542,948
39543,948
39544,948
39545,948
39546,948
39547,948
39548,948
39549,948
39550,948
39551,948
39552,948
39553,948
39554,948
39555,948
39556,948
39557,948
39558,948
39559,948
39560,948
39561,948
39562,948
39563,948
39564,948
39565,948
39566,948
39567,948
39568,948
39569,948
39570,948
39571,948
39572,948
39573,948
39574,948
39575,948
39576,948
39577,948
39578,948
39579,948
39580,948
39581,948
39582,948
39583,948
39584,948
39585,948
39586,948
39587,948
39588,948
39589,948
39590,948
39591,948
39592,948
39593,948
39594,948
39595,948
39596,948
39597,948
39598,948
39599,948
39600,948
39601,949
39602,949
39603,949
39604,949
39605,949
39606,949
39607,949
39608,949
39609,949
39610,949
39611,949
39612,949
39613,949
39614,949
39615,949
39616,949
39617,949
39618,949
39619,949
39620,949
39621,949
39622,949
39623,949
39624,949
39625,949
39626,949
39627,949
39628,949
39629,949
39630,949
39631,949
39632,949
39633,949
39634,949
39635,949
39636,949
39637,949
39638,949
39639,949
39640,949
39641,949
39642,949
39643,949
39644,949
39645,949
39646,949
39647,949
39648,949
39649,949
39650,949
39651,949
39652,949
39653,949
39654,949
39655,949
39656,949
39657,949
39658,949
39659,949
39660,949
39661,949
39662,949
39663,949
39664,949
39665,949
39666,949
39667,949
39668,949
39669,949
39670,949
39671,949
39672,949
39673,949
39674,949
39675,949
39676,949
39677,949
39678,949
39679,949
39680,949
39681,949
39682,949
39683,949
39684,949
39685,949
39686,949
39687,949
39688,949
39689,949
39690,949
39691,949
39692,949
39693,949
39694,949
39695,949
39696,949
39697,949
39698,949
39699,949
39700,949
39701,949
39702,949
39703,949
39704,949
39705,949
39706,949
39707,949
39708,949
39709,949
39710,949
39711,949
39712,949
39713,949
39714,949
39715,949
39716,949
39717,949
39718,949
39719,949
39720,949
39721,949
39722,949
39723,949
39724,949
39725,949
39726,949
39727,949
39728,949
39729,949
39730,949
39731,949
39732,949
39733,949
39734,949
39735,949
39736,949
39737,949
39738,949
39739,949
39740,949
39741,949
39742,949
39743,949
39744,949
39745,949
39746,949
39747,949
39748,949
39749,949
39750,949
39751,949
39752,949
39753,949
39754,949
39755,949
39756,949
39757,949
39758,949
39759,949
39760,949
39761,949
39762,949
39763,949
39764,949
39765,949
39766,949
39767,949
39768,949
39769,949
39770,949
39771,949
39772,949
39773,949
39774,949
39775,949
39776,949
39777,949
39778,949
39779,949
39780,949
39781,949
39782,949
39783,949
39784,949
39785,949
39786,949
39787,949
39788,949
39789,949
39790,949
39791,949
39792,949
39793,949
39794,949
39795,949
39796,949
39797,949
39798,949
39799,949
39800,949
39801,950
39802,950
39803,950
39804,950
39805,950
39806,950
39807,950
39808,950
39809,950
39810,950
39811,950
39812,950
39813,950
39814,950
39815,950
39816,950
39817,950
39818,950
39819,950
39820,950
39821,950
39822,950
39823,950
39824,950
39825,950
39826,950
39827,950
39828,950
39829,950
39830,950
39831,950
39832,950
39833,950
39834,950
39835,950
39836,950
39837,950
39838,950
39839,950
39840,950
39841,950
39842,950
39843,950
39844,950
39845,950
39846,950
39847,950
39848,950
39849,950
39850,950
39851,950
39852,950
39853,950
39854,950
39855,950
39856,950
39857,950
39858,950
39859,950
39860,950
39861,950
39862,950
39863,950
39864,950
39865,950
39866,950
39867,950
39868,950
39869,950
39870,950
39871,950
39872,950
39873,950
39874,950
39875,950
39876,950
39877,950
39878,950
39879,950
39880,950
39881,950
39882,950
39883,950
39884,950
39885,950
39886,950
39887,950
39888,950
39889,950
39890,950
39891,950
39892,950
39893,950
39894,950
39895,950
39896,950
39897,950
39898,950
39899,950
39900,950
39901,950
39902,950
39903,950
39904,950
39905,950
39906,950
39907,950
39908,950
39909,950
39910,950
39911,950
39912,950
39913,950
39914,950
39915,950
39916,950
39917,950
39918,950
39919,950
39920,950
39921,950
39922,950
39923,950
39924,950
39925,950
39926,950
39927,950
39928,950
39929,950
39930,950
39931,950
39932,950
39933,950
39934,950
39935,950
39936,950
39937,950
39938,950
39939,950
39940,950
39941,950
39942,950
39943,950
39944,950
39945,950
39946,950
39947,950
39948,950
39949,950
39950,950
39951,950
39952,950
39953,950
39954,950
39955,950
39956,950
39957,950
39958,950
39959,950
39960,950
39961,950
39962,950
39963,950
39964,950
39965,950
39966,950
39967,950
39968,950
39969,950
39970,950
39971,950
39972,950
39973,950
39974,950
39975,950
39976,950
39977,950
39978,950
39979,950
39980,950
39981,950
39982,950
39983,950
39984,950
39985,950
39986,950
39987,950
39988,950
39989,950
39990,950
39991,950
39992,950
39993,950
39994,950
39995,950
39996,950
39997,950
39998,950
39999,950
40000,950
40001,951
40002,951
40003,951
40004,951
40005,951
40006,951
40007,951
40008,951
40009,951
40010,951
40011,951
40012,951
40013,951
40014,951
40015,951
40016,951
40017,951
40018,951
40019,951
40020,951
40021,951
40022,951
40023,951
40024,951
40025,951
40026,951
40027,951
40028,951
40029,951
40030,951
40031,951
40032,951
40033,951
40034,951
40035,951
40036,951
40037,951
40038,951
40039,951
40040,951
40041,951
40042,951
40043,951
40044,951
40045,951
40046,951
40047,951
40048,951
40049,951
40050,951
40051,951
40052,951
40053,951
40054,951
40055,951
40056,951
40057,951
40058,951
40059,951
40060,951
40061,951
40062,951
40063,951
40064,951
40065,951
40066,951
40067,951
40068,951
40069,951
40070,951
40071,951
40072,951
40073,951
40074,951
40075,951
40076,951
40077,951
40078,951
40079,951
40080,951
40081,951
40082,951
40083,951
40084,951
40085,951
40086,951
40087,951
40088,951
40089,951
40090,951
40091,951
40092,951
40093,951
40094,951
40095,951
40096,951
40097,951
40098,951
40099,951
40100,951
40101,951
40102,951
40103,951
40104,951
40105,951
40106,951
40107,951
40108,951
40109,951
40110,951
40111,951
40112,951
40113,951
40114,951
40115,951
40116,951
40117,951
40118,951
40119,951
40120,951
40121,951
40122,951
40123,951
40124,951
40125,951
40126,951
40127,951
40128,951
40129,951
40130,951
40131,951
40132,951
40133,951
40134,951
40135,951
40136,951
40137,951
40138,951
40139,951
40140,951
40141,951
40142,951
40143,951
40144,951
40145,951
40146,951
40147,951
40148,951
40149,951
40150,951
40151,951
40152,951
40153,951
40154,951
40155,951
40156,951
40157,951
40158,951
40159,951
40160,951
40161,951
40162,951
40163,951
40164,951
40165,951
40166,951
40167,951
40168,951
40169,951
40170,951
40171,951
40172,951
40173,951
40174,951
40175,951
40176,951
40177,951
40178,951
40179,951
40180,951
40181,951
40182,951
40183,951
40184,951
40185,951
40186,951
40187,951
40188,951
40189,951
40190,951
40191,951
40192,951
40193,951
40194,951
40195,951
40196,951
40197,951
40198,951
40199,951
40200,951
40201,952
40202,952
40203,952
40204,952
40205,952
40206,952
40207,952
40208,952
40209,952
40210,952
40211,952
40212,952
40213,952
40214,952
40215,952
40216,952
40217,952
40218,952
40219,952
40220,952
40221,952
40222,952
40223,952
40224,952
40225,952
40226,952
40227,952
40228,952
40229,952
40230,952
40231,952
40232,952
40233,952
40234,952
40235,952
40236,952
40237,952
40238,952
40239,952
40240,952
40241,952
40242,952
40243,952
40244,952
40245,952
40246,952
40247,952
40248,952
40249,952
40250,952
40251,952
40252,952
40253,952
40254,952
40255,952
40256,952
40257,952
40258,952
40259,952
40260,952
40261,952
40262,952
40263,952
40264,952
40265,952
40266,952
40267,952
40268,952
40269,952
40270,952
40271,952
40272,952
40273,952
40274,952
40275,952
40276,952
40277,952
40278,952
40279,952
40280,952
40281,952
40282,952
40283,952
40284,952
40285,952
40286,952
40287,952
40288,952
40289,952
40290,952
40291,952
40292,952
40293,952
40294,952
40295,952
40296,952
40297,952
40298,952
40299,952
40300,952
40301,952
40302,952
40303,952
40304,952
40305,952
40306,952
40307,952
40308,952
40309,952
40310,952
40311,952
40312,952
40313,952
40314,952
40315,952
40316,952
40317,952
40318,952
40319,952
40320,952
40321,952
40322,952
40323,952
40324,952
40325,952
40326,952
40327,952
40328,952
40329,952
40330,952
40331,952
40332,952
40333,952
40334,952
40335,952
40336,952
40337,952
40338,952
40339,952
40340,952
40341,952
40342,952
40343,952
40344,952
40345,952
40346,952
40347,952
40348,952
40349,952
40350,952
40351,952
40352,952
40353,952
40354,952
40355,952
40356,952
40357,952
40358,952
40359,952
40360,952
40361,952
40362,952
40363,952
40364,952
40365,952
40366,952
40367,952
40368,952
40369,952
40370,952
40371,952
40372,952
40373,952
40374,952
40375,952
40376,952
40377,952
40378,952
40379,952
40380,952
40381,952
40382,952
40383,952
40384,952
40385,952
40386,952
40387,952
40388,952
40389,952
40390,952
40391,952
40392,952
40393,952
40394,952
40395,952
40396,952
40397,952
40398,952
40399,952
40400,952
40401,953
40402,953
40403,953
40404,953
40405,953
40406,953
40407,953
40408,953
40409,953
40410,953
40411,953
40412,953
40413,953
40414,953
40415,953
40416,953
40417,953
40418,953
40419,953
40420,953
40421,953
40422,953
40423,953
40424,953
40425,953
40426,953
40427,953
40428,953
40429,953
40430,953
40431,953
40432,953
40433,953
40434,953
40435,953
40436,953
40437,953
40438,953
40439,953
40440,953
40441,953
40442,953
40443,953
40444,953
40445,953
40446,953
40447,953
40448,953
40449,953
40450,953
40451,953
40452,953
40453,953
40454,953
40455,953
40456,953
40457,953
40458,953
40459,953
40460,953
40461,953
40462,953
40463,953
40464,953
40465,953
40466,953
40467,953
40468,953
40469,953
40470,953
40471,953
40472,953
40473,953
40474,953
40475,953
40476,953
40477,953
40478,953
40479,953
40480,953
40481,953
40482,953
40483,953
40484,953
40485,953
40486,953
40487,953
40488,953
40489,953
40490,953
40491,953
40492,953
40493,953
40494,953
40495,953
40496,953
40497,953
40498,953
40499,953
40500,953
40501,953
40502,953
40503,953
40504,953
40505,953
40506,953
40507,953
40508,953
40509,953
40510,953
40511,953
40512,953
40513,953
40514,953
40515,953
40516,953
40517,953
40518,953
40519,953
40520,953
40521,953
40522,953
40523,953
40524,953
40525,953
40526,953
40527,953
40528,953
40529,953
40530,953
40531,953
40532,953
40533,953
40534,953
40535,953
40536,953
40537,953
40538,953
40539,953
40540,953
40541,953
40542,953
40543,953
40544,953
40545,953
40546,953
40547,953
40548,953
40549,953
40550,953
40551,953
40552,953
40553,953
40554,953
40555,953
40556,953
40557,953
40558,953
40559,953
40560,953
40561,953
40562,953
40563,953
40564,953
40565,953
40566,953
40567,953
40568,953
40569,953
40570,953
40571,953
40572,953
40573,953
40574,953
40575,953
40576,953
40577,953
40578,953
40579,953
40580,953
40581,953
40582,953
40583,953
40584,953
40585,953
40586,953
40587,953
40588,953
40589,953
40590,953
40591,953
40592,953
40593,953
40594,953
40595,953
40596,953
40597,953
40598,953
40599,953
40600,953
40601,954
40602,954
40603,954
40604,954
40605,954
40606,954
40607,954
40608,954
40609,954
40610,954
40611,954
40612,954
40613,954
40614,954
40615,954
40616,954
40617,954
40618,954
40619,954
40620,954
40621,954
40622,954
40623,954
40624,954
40625,954
40626,954
40627,954
40628,954
40629,954
40630,954
40631,954
40632,954
40633,954
40634,954
40635,954
40636,954
40637,954
40638,954
40639,954
40640,954
40641,954
40642,954
40643,954
40644,954
40645,954
40646,954
40647,954
40648,954
40649,954
40650,954
40651,954
40652,954
40653,954
40654,954
40655,954
40656,954
40657,954
40658,954
40659,954
40660,954
40661,954
40662,954
40663,954
40664,954
40665,954
40666,954
40667,954
40668,954
40669,954
40670,954
40671,954
40672,954
40673,954
40674,954
40675,954
40676,954
40677,954
40678,954
40679,954
40680,954
40681,954
40682,954
40683,954
40684,954
40685,954
40686,954
40687,954
40688,954
40689,954
40690,954
40691,954
40692,954
40693,954
40694,954
40695,954
40696,954
40697,954
40698,954
40699,954
40700,954
40701,954
40702,954
40703,954
40704,954
40705,954
40706,954
40707,954
40708,954
40709,954
40710,954
40711,954
40712,954
40713,954
40714,954
40715,954
40716,954
40717,954
40718,954
40719,954
40720,954
40721,954
40722,954
40723,954
40724,954
40725,954
40726,954
40727,954
40728,954
40729,954
40730,954
40731,954
40732,954
40733,954
40734,954
40735,954
40736,954
40737,954
40738,954
40739,954
40740,954
40741,954
40742,954
40743,954
40744,954
40745,954
40746,954
40747,954
40748,954
40749,954
40750,954
40751,954
40752,954
40753,954
40754,954
40755,954
40756,954
40757,954
40758,954
40759,954
40760,954
40761,954
40762,954
40763,954
40764,954
40765,954
40766,954
40767,954
40768,954
40769,954
40770,954
40771,954
40772,954
40773,954
40774,954
40775,954
40776,954
40777,954
40778,954
40779,954
40780,954
40781,954
40782,954
40783,954
40784,954
40785,954
40786,954
40787,954
40788,954
40789,954
40790,954
40791,954
40792,954
40793,954
40794,954
40795,954
40796,954
40797,954
40798,954
40799,954
40800,954
40801,955
40802,955
40803,955
40804,955
40805,955
40806,955
40807,955
40808,955
40809,955
40810,955
40811,955
40812,955
40813,955
40814,955
40815,955
40816,955
40817,955
40818,955
40819,955
40820,955
40821,955
40822,955
40823,955
40824,955
40825,955
40826,955
40827,955
40828,955
40829,955
40830,955
40831,955
40832,955
40833,955
40834,955
40835,955
40836,955
40837,955
40838,955
40839,955
40840,955
40841,955
40842,955
40843,955
40844,955
40845,955
40846,955
40847,955
40848,955
40849,955
40850,955
40851,955
40852,955
40853,955
40854,955
40855,955
40856,955
40857,955
40858,955
40859,955
40860,955
40861,955
40862,955
40863,955
40864,955
40865,955
40866,955
40867,955
40868,955
40869,955
40870,955
40871,955
40872,955
40873,955
40874,955
40875,955
40876,955
40877,955
40878,955
40879,955
40880,955
40881,955
40882,955
40883,955
40884,955
40885,955
40886,955
40887,955
40888,955
40889,955
40890,955
40891,955
40892,955
40893,955
40894,955
40895,955
40896,955
40897,955
40898,955
40899,955
40900,955
40901,955
40902,955
40903,955
40904,955
40905,955
40906,955
40907,955
40908,955
40909,955
40910,955
40911,955
40912,955
40913,955
40914,955
40915,955
40916,955
40917,955
40918,955
40919,955
40920,955
40921,955
40922,955
40923,955
40924,955
40925,955
40926,955
40927,955
40928,955
40929,955
40930,955
40931,955
40932,955
40933,955
40934,955
40935,955
40936,955
40937,955
40938,955
40939,955
40940,955
40941,955
40942,955
40943,955
40944,955
40945,955
40946,955
40947,955
40948,955
40949,955
40950,955
40951,955
40952,955
40953,955
40954,955
40955,955
40956,955
40957,955
40958,955
40959,955
40960,955
40961,955
40962,955
40963,955
40964,955
40965,955
40966,955
40967,955
40968,955
40969,955
40970,955
40971,955
40972,955
40973,955
40974,955
40975,955
40976,955
40977,955
40978,955
40979,955
40980,955
40981,955
40982,955
40983,955
40984,955
40985,955
40986,955
40987,955
40988,955
40989,955
40990,955
40991,955
40992,955
40993,955
40994,955
40995,955
40996,955
40997,955
40998,955
40999,955
41000,955
41001,956
41002,956
41003,956
41004,956
41005,956
41006,956
41007,956
41008,956
41009,956
41010,956
41011,956
41012,956
41013,956
41014,956
41015,956
41016,956
41017,956
41018,956
41019,956
41020,956
41021,956
41022,956
41023,956
41024,956
41025,956
41026,956
41027,956
41028,956
41029,956
41030,956
41031,956
41032,956
41033,956
41034,956
41035,956
41036,956
41037,956
41038,956
41039,956
41040,956
41041,956
41042,956
41043,956
41044,956
41045,956
41046,956
41047,956
41048,956
41049,956
41050,956
41051,956
41052,956
41053,956
41054,956
41055,956
41056,956
41057,956
41058,956
41059,956
41060,956
41061,956
41062,956
41063,956
41064,956
41065,956
41066,956
41067,956
41068,956
41069,956
41070,956
41071,956
41072,956
41073,956
41074,956
41075,956
41076,956
41077,956
41078,956
41079,956
41080,956
41081,956
41082,956
41083,956
41084,956
41085,956
41086,956
41087,956
41088,956
41089,956
41090,956
41091,956
41092,956
41093,956
41094,956
41095,956
41096,956
41097,956
41098,956
41099,956
41100,956
41101,956
41102,956
41103,956
41104,956
41105,956
41106,956
41107,956
41108,956
41109,956
41110,956
41111,956
41112,956
41113,956
41114,956
41115,956
41116,956
41117,956
41118,956
41119,956
41120,956
41121,956
41122,956
41123,956
41124,956
41125,956
41126,956
41127,956
41128,956
41129,956
41130,956
41131,956
41132,956
41133,956
41134,956
41135,956
41136,956
41137,956
41138,956
41139,956
41140,956
41141,956
41142,956
41143,956
41144,956
41145,956
41146,956
41147,956
41148,956
41149,956
41150,956
41151,956
41152,956
41153,956
41154,956
41155,956
41156,956
41157,956
41158,956
41159,956
41160,956
41161,956
41162,956
41163,956
41164,956
41165,956
41166,956
41167,956
41168,956
41169,956
41170,956
41171,956
41172,956
41173,956
41174,956
41175,956
41176,956
41177,956
41178,956
41179,956
41180,956
41181,956
41182,956
41183,956
41184,956
41185,956
41186,956
41187,956
41188,956
41189,956
41190,956
41191,956
41192,956
41193,956
41194,956
41195,956
41196,956
41197,956
41198,956
41199,956
41200,956
41201,957
41202,957
41203,957
41204,957
41205,957
41206,957
41207,957
41208,957
41209,957
41210,957
41211,957
41212,957
41213,957
41214,957
41215,957
41216,957
41217,957
41218,957
41219,957
41220,957
41221,957
41222,957
41223,957
41224,957
41225,957
41226,957
41227,957
41228,957
41229,957
41230,957
41231,957
41232,957
41233,957
41234,957
41235,957
41236,957
41237,957
41238,957
41239,957
41240,957
41241,957
41242,957
41243,957
41244,957
41245,957
41246,957
41247,957
41248,957
41249,957
41250,957
41251,957
41252,957
41253,957
41254,957
41255,957
41256,957
41257,957
41258,957
41259,957
41260,957
41261,957
41262,957
41263,957
41264,957
41265,957
41266,957
41267,957
41268,957
41269,957
41270,957
41271,957
41272,957
41273,957
41274,957
41275,957
41276,957
41277,957
41278,957
41279,957
41280,957
41281,957
41282,957
41283,957
41284,957
41285,957
41286,957
41287,957
41288,957
41289,957
41290,957
41291,957
41292,957
41293,957
41294,957
41295,957
41296,957
41297,957
41298,957
41299,957
41300,957
41301,957
41302,957
41303,957
41304,957
41305,957
41306,957
41307,957
41308,957
41309,957
41310,957
41311,957
41312,957
41313,957
41314,957
41315,957
41316,957
41317,957
41318,957
41319,957
41320,957
41321,957
41322,957
41323,957
41324,957
41325,957
41326,957
41327,957
41328,957
41329,957
41330,957
41331,957
41332,957
41333,957
41334,957
41335,957
41336,957
41337,957
41338,957
41339,957
41340,957
41341,957
41342,957
41343,957
41344,957
41345,957
41346,957
41347,957
41348,957
41349,957
41350,957
41351,957
41352,957
41353,957
41354,957
41355,957
41356,957
41357,957
41358,957
41359,957
41360,957
41361,957
41362,957
41363,957
41364,957
41365,957
41366,957
41367,957
41368,957
41369,957
41370,957
41371,957
41372,957
41373,957
41374,957
41375,957
41376,957
41377,957
41378,957
41379,957
41380,957
41381,957
41382,957
41383,957
41384,957
41385,957
41386,957
41387,957
41388,957
41389,957
41390,957
41391,957
41392,957
41393,957
41394,957
41395,957
41396,957
41397,957
41398,957
41399,957
41400,957
41401,958
41402,958
41403,958
41404,958
41405,958
41406,958
41407,958
41408,958
41409,958
41410,958
41411,958
41412,958
41413,958
41414,958
41415,958
41416,958
41417,958
41418,958
41419,958
41420,958
41421,958
41422,958
41423,958
41424,958
41425,958
41426,958
41427,958
41428,958
41429,958
41430,958
41431,958
41432,958
41433,958
41434,958
41435,958
41436,958
41437,958
41438,958
41439,958
41440,958
41441,958
41442,958
41443,958
41444,958
41445,958
41446,958
41447,958
41448,958
41449,958
41450,958
41451,958
41452,958
41453,958
41454,958
41455,958
41456,958
41457,958
41458,958
41459,958
41460,958
41461,958
41462,958
41463,958
41464,958
41465,958
41466,958
41467,958
41468,958
41469,958
41470,958
41471,958
41472,958
41473,958
41474,958
41475,958
41476,958
41477,958
41478,958
41479,958
41480,958
41481,958
41482,958
41483,958
41484,958
41485,958
41486,958
41487,958
41488,958
41489,958
41490,958
41491,958
41492,958
41493,958
41494,958
41495,958
41496,958
41497,958
41498,958
41499,958
41500,958
41501,958
41502,958
41503,958
41504,958
41505,958
41506,958
41507,958
41508,958
41509,958
41510,958
41511,958
41512,958
41513,958
41514,958
41515,958
41516,958
41517,958
41518,958
41519,958
41520,958
41521,958
41522,958
41523,958
41524,958
41525,958
41526,958
41527,958
41528,958
41529,958
41530,958
41531,958
41532,958
41533,958
41534,958
41535,958
41536,958
41537,958
41538,958
41539,958
41540,958
41541,958
41542,958
41543,958
41544,958
41545,958
41546,958
41547,958
41548,958
41549,958
41550,958
41551,958
41552,958
41553,958
41554,958
41555,958
41556,958
41557,958
41558,958
41559,958
41560,958
41561,958
41562,958
41563,958
41564,958
41565,958
41566,958
41567,958
41568,958
41569,958
41570,958
41571,958
41572,958
41573,958
41574,958
41575,958
41576,958
41577,958
41578,958
41579,958
41580,958
41581,958
41582,958
41583,958
41584,958
41585,958
41586,958
41587,958
41588,958
41589,958
41590,958
41591,958
41592,958
41593,958
41594,958
41595,958
41596,958
41597,958
41598,958
41599,958
41600,958
41601,959
41602,959
41603,959
41604,959
41605,959
41606,959
41607,959
41608,959
41609,959
41610,959
41611,959
41612,959
41613,959
41614,959
41615,959
41616,959
41617,959
41618,959
41619,959
41620,959
41621,959
41622,959
41623,959
41624,959
41625,959
41626,959
41627,959
41628,959
41629,959
41630,959
41631,959
41632,959
41633,959
41634,959
41635,959
41636,959
41637,959
41638,959
41639,959
41640,959
41641,959
41642,959
41643,959
41644,959
41645,959
41646,959
41647,959
41648,959
41649,959
41650,959
41651,959
41652,959
41653,959
41654,959
41655,959
41656,959
41657,959
41658,959
41659,959
41660,959
41661,959
41662,959
41663,959
41664,959
41665,959
41666,959
41667,959
41668,959
41669,959
41670,959
41671,959
41672,959
41673,959
41674,959
41675,959
41676,959
41677,959
41678,959
41679,959
41680,959
41681,959
41682,959
41683,959
41684,959
41685,959
41686,959
41687,959
41688,959
41689,959
41690,959
41691,959
41692,959
41693,959
41694,959
41695,959
41696,959
41697,959
41698,959
41699,959
41700,959
41701,959
41702,959
41703,959
41704,959
41705,959
41706,959
41707,959
41708,959
41709,959
41710,959
41711,959
41712,959
41713,959
41714,959
41715,959
41716,959
41717,959
41718,959
41719,959
41720,959
41721,959
41722,959
41723,959
41724,959
41725,959
41726,959
41727,959
41728,959
41729,959
41730,959
41731,959
41732,959
41733,959
41734,959
41735,959
41736,959
41737,959
41738,959
41739,959
41740,959
41741,959
41742,959
41743,959
41744,959
41745,959
41746,959
41747,959
41748,959
41749,959
41750,959
41751,959
41752,959
41753,959
41754,959
41755,959
41756,959
41757,959
41758,959
41759,959
41760,959
41761,959
41762,959
41763,959
41764,959
41765,959
41766,959
41767,959
41768,959
41769,959
41770,959
41771,959
41772,959
41773,959
41774,959
41775,959
41776,959
41777,959
41778,959
41779,959
41780,959
41781,959
41782,959
41783,959
41784,959
41785,959
41786,959
41787,959
41788,959
41789,959
41790,959
41791,959
41792,959
41793,959
41794,959
41795,959
41796,959
41797,959
41798,959
41799,959
41800,959
41801,960
41802,960
41803,960
41804,960
41805,960
41806,960
41807,960
41808,960
41809,960
41810,960
41811,960
41812,960
41813,960
41814,960
41815,960
41816,960
41817,960
41818,960
41819,960
41820,960
41821,960
41822,960
41823,960
41824,960
41825,960
41826,960
41827,960
41828,960
41829,960
41830,960
41831,960
41832,960
41833,960
41834,960
41835,960
41836,960
41837,960
41838,960
41839,960
41840,960
41841,960
41842,960
41843,960
41844,960
41845,960
41846,960
41847,960
41848,960
41849,960
41850,960
41851,960
41852,960
41853,960
41854,960
41855,960
41856,960
41857,960
41858,960
41859,960
41860,960
41861,960
41862,960
41863,960
41864,960
41865,960
41866,960
41867,960
41868,960
41869,960
41870,960
41871,960
41872,960
41873,960
41874,960
41875,960
41876,960
41877,960
41878,960
41879,960
41880,960
41881,960
41882,960
41883,960
41884,960
41885,960
41886,960
41887,960
41888,960
41889,960
41890,960
41891,960
41892,960
41893,960
41894,960
41895,960
41896,960
41897,960
41898,960
41899,960
41900,960
41901,960
41902,960
41903,960
41904,960
41905,960
41906,960
41907,960
41908,960
41909,960
41910,960
41911,960
41912,960
41913,960
41914,960
41915,960
41916,960
41917,960
41918,960
41919,960
41920,960
41921,960
41922,960
41923,960
41924,960
41925,960
41926,960
41927,960
41928,960
41929,960
41930,960
41931,960
41932,960
41933,960
41934,960
41935,960
41936,960
41937,960
41938,960
41939,960
41940,960
41941,960
41942,960
41943,960
41944,960
41945,960
41946,960
41947,960
41948,960
41949,960
41950,960
41951,960
41952,960
41953,960
41954,960
41955,960
41956,960
41957,960
41958,960
41959,960
41960,960
41961,960
41962,960
41963,960
41964,960
41965,960
41966,960
41967,960
41968,960
41969,960
41970,960
41971,960
41972,960
41973,960
41974,960
41975,960
41976,960
41977,960
41978,960
41979,960
41980,960
41981,960
41982,960
41983,960
41984,960
41985,960
41986,960
41987,960
41988,960
41989,960
41990,960
41991,960
41992,960
41993,960
41994,960
41995,960
41996,960
41997,960
41998,960
41999,960
42000,960
42001,961
42002,961
42003,961
42004,961
42005,961
42006,961
42007,961
42008,961
42009,961
42010,961
42011,961
42012,961
42013,961
42014,961
42015,961
42016,961
42017,961
42018,961
42019,961
42020,961
42021,961
42022,961
42023,961
42024,961
42025,961
42026,961
42027,961
42028,961
42029,961
42030,961
42031,961
42032,961
42033,961
42034,961
42035,961
42036,961
42037,961
42038,961
42039,961
42040,961
42041,961
42042,961
42043,961
42044,961
42045,961
42046,961
42047,961
42048,961
42049,961
42050,961
42051,961
42052,961
42053,961
42054,961
42055,961
42056,961
42057,961
42058,961
42059,961
42060,961
42061,961
42062,961
42063,961
42064,961
42065,961
42066,961
42067,961
42068,961
42069,961
42070,961
42071,961
42072,961
42073,961
42074,961
42075,961
42076,961
42077,961
42078,961
42079,961
42080,961
42081,961
42082,961
42083,961
42084,961
42085,961
42086,961
42087,961
42088,961
42089,961
42090,961
42091,961
42092,961
42093,961
42094,961
42095,961
42096,961
42097,961
42098,961
42099,961
42100,961
42101,961
42102,961
42103,961
42104,961
42105,961
42106,961
42107,961
42108,961
42109,961
42110,961
42111,961
42112,961
42113,961
42114,961
42115,961
42116,961
42117,961
42118,961
42119,961
42120,961
42121,961
42122,961
42123,961
42124,961
42125,961
42126,961
42127,961
42128,961
42129,961
42130,961
42131,961
42132,961
42133,961
42134,961
42135,961
42136,961
42137,961
42138,961
42139,961
42140,961
42141,961
42142,961
42143,961
42144,961
42145,961
42146,961
42147,961
42148,961
42149,961
42150,961
42151,961
42152,961
42153,961
42154,961
42155,961
42156,961
42157,961
42158,961
42159,961
42160,961
42161,961
42162,961
42163,961
42164,961
42165,961
42166,961
42167,961
42168,961
42169,961
42170,961
42171,961
42172,961
42173,961
42174,961
42175,961
42176,961
42177,961
42178,961
42179,961
42180,961
42181,961
42182,961
42183,961
42184,961
42185,961
42186,961
42187,961
42188,961
42189,961
42190,961
42191,961
42192,961
42193,961
42194,961
42195,961
42196,961
42197,961
42198,961
42199,961
42200,961
42201,962
42202,962
42203,962
42204,962
42205,962
42206,962
42207,962
42208,962
42209,962
42210,962
42211,962
42212,962
42213,962
42214,962
42215,962
42216,962
42217,962
42218,962
42219,962
42220,962
42221,962
42222,962
42223,962
42224,962
42225,962
42226,962
42227,962
42228,962
42229,962
42230,962
42231,962
42232,962
42233,962
42234,962
42235,962
42236,962
42237,962
42238,962
42239,962
42240,962
42241,962
42242,962
42243,962
42244,962
42245,962
42246,962
42247,962
42248,962
42249,962
42250,962
42251,962
42252,962
42253,962
42254,962
42255,962
42256,962
42257,962
42258,962
42259,962
42260,962
42261,962
42262,962
42263,962
42264,962
42265,962
42266,962
42267,962
42268,962
42269,962
42270,962
42271,962
42272,962
42273,962
42274,962
42275,962
42276,962
42277,962
42278,962
42279,962
42280,962
42281,962
42282,962
42283,962
42284,962
42285,962
42286,962
42287,962
42288,962
42289,962
42290,962
42291,962
42292,962
42293,962
42294,962
42295,962
42296,962
42297,962
42298,962
42299,962
42300,962
42301,962
42302,962
42303,962
42304,962
42305,962
42306,962
42307,962
42308,962
42309,962
42310,962
42311,962
42312,962
42313,962
42314,962
42315,962
42316,962
42317,962
42318,962
42319,962
42320,962
42321,962
42322,962
42323,962
42324,962
42325,962
42326,962
42327,962
42328,962
42329,962
42330,962
42331,962
42332,962
42333,962
42334,962
42335,962
42336,962
42337,962
42338,962
42339,962
42340,962
42341,962
42342,962
42343,962
42344,962
42345,962
42346,962
42347,962
42348,962
42349,962
42350,962
42351,962
42352,962
42353,962
42354,962
42355,962
42356,962
42357,962
42358,962
42359,962
42360,962
42361,962
42362,962
42363,962
42364,962
42365,962
42366,962
42367,962
42368,962
42369,962
42370,962
42371,962
42372,962
42373,962
42374,962
42375,962
42376,962
42377,962
42378,962
42379,962
42380,962
42381,962
42382,962
42383,962
42384,962
42385,962
42386,962
42387,962
42388,962
42389,962
42390,962
42391,962
42392,962
42393,962
42394,962
42395,962
42396,962
42397,962
42398,962
42399,962
42400,962
42401,963
42402,963
42403,963
42404,963
42405,963
42406,963
42407,963
42408,963
42409,963
42410,963
42411,963
42412,963
42413,963
42414,963
42415,963
42416,963
42417,963
42418,963
42419,963
42420,963
42421,963
42422,963
42423,963
42424,963
42425,963
42426,963
42427,963
42428,963
42429,963
42430,963
42431,963
42432,963
42433,963
42434,963
42435,963
42436,963
42437,963
42438,963
42439,963
42440,963
42441,963
42442,963
42443,963
42444,963
42445,963
42446,963
42447,963
42448,963
42449,963
42450,963
42451,963
42452,963
42453,963
42454,963
42455,963
42456,963
42457,963
42458,963
42459,963
42460,963
42461,963
42462,963
42463,963
42464,963
42465,963
42466,963
42467,963
42468,963
42469,963
42470,963
42471,963
42472,963
42473,963
42474,963
42475,963
42476,963
42477,963
42478,963
42479,963
42480,963
42481,963
42482,963
42483,963
42484,963
42485,963
42486,963
42487,963
42488,963
42489,963
42490,963
42491,963
42492,963
42493,963
42494,963
42495,963
42496,963
42497,963
42498,963
42499,963
42500,963
42501,963
42502,963
42503,963
42504,963
42505,963
42506,963
42507,963
42508,963
42509,963
42510,963
42511,963
42512,963
42513,963
42514,963
42515,963
42516,963
42517,963
42518,963
42519,963
42520,963
42521,963
42522,963
42523,963
42524,963
42525,963
42526,963
42527,963
42528,963
42529,963
42530,963
42531,963
42532,963
42533,963
42534,963
42535,963
42536,963
42537,963
42538,963
42539,963
42540,963
42541,963
42542,963
42543,963
42544,963
42545,963
42546,963
42547,963
42548,963
42549,963
42550,963
42551,963
42552,963
42553,963
42554,963
42555,963
42556,963
42557,963
42558,963
42559,963
42560,963
42561,963
42562,963
42563,963
42564,963
42565,963
42566,963
42567,963
42568,963
42569,963
42570,963
42571,963
42572,963
42573,963
42574,963
42575,963
42576,963
42577,963
42578,963
42579,963
42580,963
42581,963
42582,963
42583,963
42584,963
42585,963
42586,963
42587,963
42588,963
42589,963
42590,963
42591,963
42592,963
42593,963
42594,963
42595,963
42596,963
42597,963
42598,963
42599,963
42600,963
42601,964
42602,964
42603,964
42604,964
42605,964
42606,964
42607,964
42608,964
42609,964
42610,964
42611,964
42612,964
42613,964
42614,964
42615,964
42616,964
42617,964
42618,964
42619,964
42620,964
42621,964
42622,964
42623,964
42624,964
42625,964
42626,964
42627,964
42628,964
42629,964
42630,964
42631,964
42632,964
42633,964
42634,964
42635,964
42636,964
42637,964
42638,964
42639,964
42640,964
42641,964
42642,964
42643,964
42644,964
42645,964
42646,964
42647,964
42648,964
42649,964
42650,964
42651,964
42652,964
42653,964
42654,964
42655,964
42656,964
42657,964
42658,964
42659,964
42660,964
42661,964
42662,964
42663,964
42664,964
42665,964
42666,964
42667,964
42668,964
42669,964
42670,964
42671,964
42672,964
42673,964
42674,964
42675,964
42676,964
42677,964
42678,964
42679,964
42680,964
42681,964
42682,964
42683,964
42684,964
42685,964
42686,964
42687,964
42688,964
42689,964
42690,964
42691,964
42692,964
42693,964
42694,964
42695,964
42696,964
42697,964
42698,964
42699,964
42700,964
42701,964
42702,964
42703,964
42704,964
42705,964
42706,964
42707,964
42708,964
42709,964
42710,964
42711,964
42712,964
42713,964
42714,964
42715,964
42716,964
42717,964
42718,964
42719,964
42720,964
42721,964
42722,964
42723,964
42724,964
42725,964
42726,964
42727,964
42728,964
42729,964
42730,964
42731,964
42732,964
42733,964
42734,964
42735,964
42736,964
42737,964
42738,964
42739,964
42740,964
42741,964
42742,964
42743,964
42744,964
42745,964
42746,964
42747,964
42748,964
42749,964
42750,964
42751,964
42752,964
42753,964
42754,964
42755,964
42756,964
42757,964
42758,964
42759,964
42760,964
42761,964
42762,964
42763,964
42764,964
42765,964
42766,964
42767,964
42768,964
42769,964
42770,964
42771,964
42772,964
42773,964
42774,964
42775,964
42776,964
42777,964
42778,964
42779,964
42780,964
42781,964
42782,964
42783,964
42784,964
42785,964
42786,964
42787,964
42788,964
42789,964
42790,964
42791,964
42792,964
42793,964
42794,964
42795,964
42796,964
42797,964
42798,964
42799,964
42800,964
42801,965
42802,965
42803,965
42804,965
42805,965
42806,965
42807,965
42808,965
42809,965
42810,965
42811,965
42812,965
42813,965
42814,965
42815,965
42816,965
42817,965
42818,965
42819,965
42820,965
42821,965
42822,965
42823,965
42824,965
42825,965
42826,965
42827,965
42828,965
42829,965
42830,965
42831,965
42832,965
42833,965
42834,965
42835,965
42836,965
42837,965
42838,965
42839,965
42840,965
42841,965
42842,965
42843,965
42844,965
42845,965
42846,965
42847,965
42848,965
42849,965
42850,965
42851,965
42852,965
42853,965
42854,965
42855,965
42856,965
42857,965
42858,965
42859,965
42860,965
42861,965
42862,965
42863,965
42864,965
42865,965
42866,965
42867,965
42868,965
42869,965
42870,965
42871,965
42872,965
42873,965
42874,965
42875,965
42876,965
42877,965
42878,965
42879,965
42880,965
42881,965
42882,965
42883,965
42884,965
42885,965
42886,965
42887,965
42888,965
42889,965
42890,965
42891,965
42892,965
42893,965
42894,965
42895,965
42896,965
42897,965
42898,965
42899,965
42900,965
42901,965
42902,965
42903,965
42904,965
42905,965
42906,965
42907,965
42908,965
42909,965
42910,965
42911,965
42912,965
42913,965
42914,965
42915,965
42916,965
42917,965
42918,965
42919,965
42920,965
42921,965
42922,965
42923,965
42924,965
42925,965
42926,965
42927,965
42928,965
42929,965
42930,965
42931,965
42932,965
42933,965
42934,965
42935,965
42936,965
42937,965
42938,965
42939,965
42940,965
42941,965
42942,965
42943,965
42944,965
42945,965
42946,965
42947,965
42948,965
42949,965
42950,965
42951,965
42952,965
42953,965
42954,965
42955,965
42956,965
42957,965
42958,965
42959,965
42960,965
42961,965
42962,965
42963,965
42964,965
42965,965
42966,965
42967,965
42968,965
42969,965
42970,965
42971,965
42972,965
42973,965
42974,965
42975,965
42976,965
42977,965
42978,965
42979,965
42980,965
42981,965
42982,965
42983,965
42984,965
42985,965
42986,965
42987,965
42988,965
42989,965
42990,965
42991,965
42992,965
42993,965
42994,965
42995,965
42996,965
42997,965
42998,965
42999,965
43000,965
43001,966
43002,966
43003,966
43004,966
43005,966
43006,966
43007,966
43008,966
43009,966
43010,966
43011,966
43012,966
43013,966
43014,966
43015,966
43016,966
43017,966
43018,966
43019,966
43020,966
43021,966
43022,966
43023,966
43024,966
43025,966
43026,966
43027,966
43028,966
43029,966
43030,966
43031,966
43032,966
43033,966
43034,966
43035,966
43036,966
43037,966
43038,966
43039,966
43040,966
43041,966
43042,966
43043,966
43044,966
43045,966
43046,966
43047,966
43048,966
43049,966
43050,966
43051,966
43052,966
43053,966
43054,966
43055,966
43056,966
43057,966
43058,966
43059,966
43060,966
43061,966
43062,966
43063,966
43064,966
43065,966
43066,966
43067,966
43068,966
43069,966
43070,966
43071,966
43072,966
43073,966
43074,966
43075,966
43076,966
43077,966
43078,966
43079,966
43080,966
43081,966
43082,966
43083,966
43084,966
43085,966
43086,966
43087,966
43088,966
43089,966
43090,966
43091,966
43092,966
43093,966
43094,966
43095,966
43096,966
43097,966
43098,966
43099,966
43100,966
43101,966
43102,966
43103,966
43104,966
43105,966
43106,966
43107,966
43108,966
43109,966
43110,966
43111,966
43112,966
43113,966
43114,966
43115,966
43116,966
43117,966
43118,966
43119,966
43120,966
43121,966
43122,966
43123,966
43124,966
43125,966
43126,966
43127,966
43128,966
43129,966
43130,966
43131,966
43132,966
43133,966
43134,966
43135,966
43136,966
43137,966
43138,966
43139,966
43140,966
43141,966
43142,966
43143,966
43144,966
43145,966
43146,966
43147,966
43148,966
43149,966
43150,966
43151,966
43152,966
43153,966
43154,966
43155,966
43156,966
43157,966
43158,966
43159,966
43160,966
43161,966
43162,966
43163,966
43164,966
43165,966
43166,966
43167,966
43168,966
43169,966
43170,966
43171,966
43172,966
43173,966
43174,966
43175,966
43176,966
43177,966
43178,966
43179,966
43180,966
43181,966
43182,966
43183,966
43184,966
43185,966
43186,966
43187,966
43188,966
43189,966
43190,966
43191,966
43192,966
43193,966
43194,966
43195,966
43196,966
43197,966
43198,966
43199,966
43200,966
43201,967
43202,967
43203,967
43204,967
43205,967
43206,967
43207,967
43208,967
43209,967
43210,967
43211,967
43212,967
43213,967
43214,967
43215,967
43216,967
43217,967
43218,967
43219,967
43220,967
43221,967
43222,967
43223,967
43224,967
43225,967
43226,967
43227,967
43228,967
43229,967
43230,967
43231,967
43232,967
43233,967
43234,967
43235,967
43236,967
43237,967
43238,967
43239,967
43240,967
43241,967
43242,967
43243,967
43244,967
43245,967
43246,967
43247,967
43248,967
43249,967
43250,967
43251,967
43252,967
43253,967
43254,967
43255,967
43256,967
43257,967
43258,967
43259,967
43260,967
43261,967
43262,967
43263,967
43264,967
43265,967
43266,967
43267,967
43268,967
43269,967
43270,967
43271,967
43272,967
43273,967
43274,967
43275,967
43276,967
43277,967
43278,967
43279,967
43280,967
43281,967
43282,967
43283,967
43284,967
43285,967
43286,967
43287,967
43288,967
43289,967
43290,967
43291,967
43292,967
43293,967
43294,967
43295,967
43296,967
43297,967
43298,967
43299,967
43300,967
43301,967
43302,967
43303,967
43304,967
43305,967
43306,967
43307,967
43308,967
43309,967
43310,967
43311,967
43312,967
43313,967
43314,967
43315,967
43316,967
43317,967
43318,967
43319,967
43320,967
43321,967
43322,967
43323,967
43324,967
43325,967
43326,967
43327,967
43328,967
43329,967
43330,967
43331,967
43332,967
43333,967
43334,967
43335,967
43336,967
43337,967
43338,967
43339,967
43340,967
43341,967
43342,967
43343,967
43344,967
43345,967
43346,967
43347,967
43348,967
43349,967
43350,967
43351,967
43352,967
43353,967
43354,967
43355,967
43356,967
43357,967
43358,967
43359,967
43360,967
43361,967
43362,967
43363,967
43364,967
43365,967
43366,967
43367,967
43368,967
43369,967
43370,967
43371,967
43372,967
43373,967
43374,967
43375,967
43376,967
43377,967
43378,967
43379,967
43380,967
43381,967
43382,967
43383,967
43384,967
43385,967
43386,967
43387,967
43388,967
43389,967
43390,967
43391,967
43392,967
43393,967
43394,967
43395,967
43396,967
43397,967
43398,967
43399,967
43400,967
43401,968
43402,968
43403,968
43404,968
43405,968
43406,968
43407,968
43408,968
43409,968
43410,968
43411,968
43412,968
43413,968
43414,968
43415,968
43416,968
43417,968
43418,968
43419,968
43420,968
43421,968
43422,968
43423,968
43424,968
43425,968
43426,968
43427,968
43428,968
43429,968
43430,968
43431,968
43432,968
43433,968
43434,968
43435,968
43436,968
43437,968
43438,968
43439,968
43440,968
43441,968
43442,968
43443,968
43444,968
43445,968
43446,968
43447,968
43448,968
43449,968
43450,968
43451,968
43452,968
43453,968
43454,968
43455,968
43456,968
43457,968
43458,968
43459,968
43460,968
43461,968
43462,968
43463,968
43464,968
43465,968
43466,968
43467,968
43468,968
43469,968
43470,968
43471,968
43472,968
43473,968
43474,968
43475,968
43476,968
43477,968
43478,968
43479,968
43480,968
43481,968
43482,968
43483,968
43484,968
43485,968
43486,968
43487,968
43488,968
43489,968
43490,968
43491,968
43492,968
43493,968
43494,968
43495,968
43496,968
43497,968
43498,968
43499,968
43500,968
43501,968
43502,968
43503,968
43504,968
43505,968
43506,968
43507,968
43508,968
43509,968
43510,968
43511,968
43512,968
43513,968
43514,968
43515,968
43516,968
43517,968
43518,968
43519,968
43520,968
43521,968
43522,968
43523,968
43524,968
43525,968
43526,968
43527,968
43528,968
43529,968
43530,968
43531,968
43532,968
43533,968
43534,968
43535,968
43536,968
43537,968
43538,968
43539,968
43540,968
43541,968
43542,968
43543,968
43544,968
43545,968
43546,968
43547,968
43548,968
43549,968
43550,968
43551,968
43552,968
43553,968
43554,968
43555,968
43556,968
43557,968
43558,968
43559,968
43560,968
43561,968
43562,968
43563,968
43564,968
43565,968
43566,968
43567,968
43568,968
43569,968
43570,968
43571,968
43572,968
43573,968
43574,968
43575,968
43576,968
43577,968
43578,968
43579,968
43580,968
43581,968
43582,968
43583,968
43584,968
43585,968
43586,968
43587,968
43588,968
43589,968
43590,968
43591,968
43592,968
43593,968
43594,968
43595,968
43596,968
43597,968
43598,968
43599,968
43600,968
43601,969
43602,969
43603,969
43604,969
43605,969
43606,969
43607,969
43608,969
43609,969
43610,969
43611,969
43612,969
43613,969
43614,969
43615,969
43616,969
43617,969
43618,969
43619,969
43620,969
43621,969
43622,969
43623,969
43624,969
43625,969
43626,969
43627,969
43628,969
43629,969
43630,969
43631,969
43632,969
43633,969
43634,969
43635,969
43636,969
43637,969
43638,969
43639,969
43640,969
43641,969
43642,969
43643,969
43644,969
43645,969
43646,969
43647,969
43648,969
43649,969
43650,969
43651,969
43652,969
43653,969
43654,969
43655,969
43656,969
43657,969
43658,969
43659,969
43660,969
43661,969
43662,969
43663,969
43664,969
43665,969
43666,969
43667,969
43668,969
43669,969
43670,969
43671,969
43672,969
43673,969
43674,969
43675,969
43676,969
43677,969
43678,969
43679,969
43680,969
43681,969
43682,969
43683,969
43684,969
43685,969
43686,969
43687,969
43688,969
43689,969
43690,969
43691,969
43692,969
43693,969
43694,969
43695,969
43696,969
43697,969
43698,969
43699,969
43700,969
43701,969
43702,969
43703,969
43704,969
43705,969
43706,969
43707,969
43708,969
43709,969
43710,969
43711,969
43712,969
43713,969
43714,969
43715,969
43716,969
43717,969
43718,969
43719,969
43720,969
43721,969
43722,969
43723,969
43724,969
43725,969
43726,969
43727,969
43728,969
43729,969
43730,969
43731,969
43732,969
43733,969
43734,969
43735,969
43736,969
43737,969
43738,969
43739,969
43740,969
43741,969
43742,969
43743,969
43744,969
43745,969
43746,969
43747,969
43748,969
43749,969
43750,969
43751,969
43752,969
43753,969
43754,969
43755,969
43756,969
43757,969
43758,969
43759,969
43760,969
43761,969
43762,969
43763,969
43764,969
43765,969
43766,969
43767,969
43768,969
43769,969
43770,969
43771,969
43772,969
43773,969
43774,969
43775,969
43776,969
43777,969
43778,969
43779,969
43780,969
43781,969
43782,969
43783,969
43784,969
43785,969
43786,969
43787,969
43788,969
43789,969
43790,969
43791,969
43792,969
43793,969
43794,969
43795,969
43796,969
43797,969
43798,969
43799,969
43800,969
43801,970
43802,970
43803,970
43804,970
43805,970
43806,970
43807,970
43808,970
43809,970
43810,970
43811,970
43812,970
43813,970
43814,970
43815,970
43816,970
43817,970
43818,970
43819,970
43820,970
43821,970
43822,970
43823,970
43824,970
43825,970
43826,970
43827,970
43828,970
43829,970
43830,970
43831,970
43832,970
43833,970
43834,970
43835,970
43836,970
43837,970
43838,970
43839,970
43840,970
43841,970
43842,970
43843,970
43844,970
43845,970
43846,970
43847,970
43848,970
43849,970
43850,970
43851,970
43852,970
43853,970
43854,970
43855,970
43856,970
43857,970
43858,970
43859,970
43860,970
43861,970
43862,970
43863,970
43864,970
43865,970
43866,970
43867,970
43868,970
43869,970
43870,970
43871,970
43872,970
43873,970
43874,970
43875,970
43876,970
43877,970
43878,970
43879,970
43880,970
43881,970
43882,970
43883,970
43884,970
43885,970
43886,970
43887,970
43888,970
43889,970
43890,970
43891,970
43892,970
43893,970
43894,970
43895,970
43896,970
43897,970
43898,970
43899,970
43900,970
43901,970
43902,970
43903,970
43904,970
43905,970
43906,970
43907,970
43908,970
43909,970
43910,970
43911,970
43912,970
43913,970
43914,970
43915,970
43916,970
43917,970
43918,970
43919,970
43920,970
43921,970
43922,970
43923,970
43924,970
43925,970
43926,970
43927,970
43928,970
43929,970
43930,970
43931,970
43932,970
43933,970
43934,970
43935,970
43936,970
43937,970
43938,970
43939,970
43940,970
43941,970
43942,970
43943,970
43944,970
43945,970
43946,970
43947,970
43948,970
43949,970
43950,970
43951,970
43952,970
43953,970
43954,970
43955,970
43956,970
43957,970
43958,970
43959,970
43960,970
43961,970
43962,970
43963,970
43964,970
43965,970
43966,970
43967,970
43968,970
43969,970
43970,970
43971,970
43972,970
43973,970
43974,970
43975,970
43976,970
43977,970
43978,970
43979,970
43980,970
43981,970
43982,970
43983,970
43984,970
43985,970
43986,970
43987,970
43988,970
43989,970
43990,970
43991,970
43992,970
43993,970
43994,970
43995,970
43996,970
43997,970
43998,970
43999,970
44000,970
44001,971
44002,971
44003,971
44004,971
44005,971
44006,971
44007,971
44008,971
44009,971
44010,971
44011,971
44012,971
44013,971
44014,971
44015,971
44016,971
44017,971
44018,971
44019,971
44020,971
44021,971
44022,971
44023,971
44024,971
44025,971
44026,971
44027,971
44028,971
44029,971
44030,971
44031,971
44032,971
44033,971
44034,971
44035,971
44036,971
44037,971
44038,971
44039,971
44040,971
44041,971
44042,971
44043,971
44044,971
44045,971
44046,971
44047,971
44048,971
44049,971
44050,971
44051,971
44052,971
44053,971
44054,971
44055,971
44056,971
44057,971
44058,971
44059,971
44060,971
44061,971
44062,971
44063,971
44064,971
44065,971
44066,971
44067,971
44068,971
44069,971
44070,971
44071,971
44072,971
44073,971
44074,971
44075,971
44076,971
44077,971
44078,971
44079,971
44080,971
44081,971
44082,971
44083,971
44084,971
44085,971
44086,971
44087,971
44088,971
44089,971
44090,971
44091,971
44092,971
44093,971
44094,971
44095,971
44096,971
44097,971
44098,971
44099,971
44100,971
44101,971
44102,971
44103,971
44104,971
44105,971
44106,971
44107,971
44108,971
44109,971
44110,971
44111,971
44112,971
44113,971
44114,971
44115,971
44116,971
44117,971
44118,971
44119,971
44120,971
44121,971
44122,971
44123,971
44124,971
44125,971
44126,971
44127,971
44128,971
44129,971
44130,971
44131,971
44132,971
44133,971
44134,971
44135,971
44136,971
44137,971
44138,971
44139,971
44140,971
44141,971
44142,971
44143,971
44144,971
44145,971
44146,971
44147,971
44148,971
44149,971
44150,971
44151,971
44152,971
44153,971
44154,971
44155,971
44156,971
44157,971
44158,971
44159,971
44160,971
44161,971
44162,971
44163,971
44164,971
44165,971
44166,971
44167,971
44168,971
44169,971
44170,971
44171,971
44172,971
44173,971
44174,971
44175,971
44176,971
44177,971
44178,971
44179,971
44180,971
44181,971
44182,971
44183,971
44184,971
44185,971
44186,971
44187,971
44188,971
44189,971
44190,971
44191,971
44192,971
44193,971
44194,971
44195,971
44196,971
44197,971
44198,971
44199,971
44200,971
44201,972
44202,972
44203,972
44204,972
44205,972
44206,972
44207,972
44208,972
44209,972
44210,972
44211,972
44212,972
44213,972
44214,972
44215,972
44216,972
44217,972
44218,972
44219,972
44220,972
44221,972
44222,972
44223,972
44224,972
44225,972
44226,972
44227,972
44228,972
44229,972
44230,972
44231,972
44232,972
44233,972
44234,972
44235,972
44236,972
44237,972
44238,972
44239,972
44240,972
44241,972
44242,972
44243,972
44244,972
44245,972
44246,972
44247,972
44248,972
44249,972
44250,972
44251,972
44252,972
44253,972
44254,972
44255,972
44256,972
44257,972
44258,972
44259,972
44260,972
44261,972
44262,972
44263,972
44264,972
44265,972
44266,972
44267,972
44268,972
44269,972
44270,972
44271,972
44272,972
44273,972
44274,972
44275,972
44276,972
44277,972
44278,972
44279,972
44280,972
44281,972
44282,972
44283,972
44284,972
44285,972
44286,972
44287,972
44288,972
44289,972
44290,972
44291,972
44292,972
44293,972
44294,972
44295,972
44296,972
44297,972
44298,972
44299,972
44300,972
44301,972
44302,972
44303,972
44304,972
44305,972
44306,972
44307,972
44308,972
44309,972
44310,972
44311,972
44312,972
44313,972
44314,972
44315,972
44316,972
44317,972
44318,972
44319,972
44320,972
44321,972
44322,972
44323,972
44324,972
44325,972
44326,972
44327,972
44328,972
44329,972
44330,972
44331,972
44332,972
44333,972
44334,972
44335,972
44336,972
44337,972
44338,972
44339,972
44340,972
44341,972
44342,972
44343,972
44344,972
44345,972
44346,972
44347,972
44348,972
44349,972
44350,972
44351,972
44352,972
44353,972
44354,972
44355,972
44356,972
44357,972
44358,972
44359,972
44360,972
44361,972
44362,972
44363,972
44364,972
44365,972
44366,972
44367,972
44368,972
44369,972
44370,972
44371,972
44372,972
44373,972
44374,972
44375,972
44376,972
44377,972
44378,972
44379,972
44380,972
44381,972
44382,972
44383,972
44384,972
44385,972
44386,972
44387,972
44388,972
44389,972
44390,972
44391,972
44392,972
44393,972
44394,972
44395,972
44396,972
44397,972
44398,972
44399,972
44400,972
44401,973
44402,973
44403,973
44404,973
44405,973
44406,973
44407,973
44408,973
44409,973
44410,973
44411,973
44412,973
44413,973
44414,973
44415,973
44416,973
44417,973
44418,973
44419,973
44420,973
44421,973
44422,973
44423,973
44424,973
44425,973
44426,973
44427,973
44428,973
44429,973
44430,973
44431,973
44432,973
44433,973
44434,973
44435,973
44436,973
44437,973
44438,973
44439,973
44440,973
44441,973
44442,973
44443,973
44444,973
44445,973
44446,973
44447,973
44448,973
44449,973
44450,973
44451,973
44452,973
44453,973
44454,973
44455,973
44456,973
44457,973
44458,973
44459,973
44460,973
44461,973
44462,973
44463,973
44464,973
44465,973
44466,973
44467,973
44468,973
44469,973
44470,973
44471,973
44472,973
44473,973
44474,973
44475,973
44476,973
44477,973
44478,973
44479,973
44480,973
44481,973
44482,973
44483,973
44484,973
44485,973
44486,973
44487,973
44488,973
44489,973
44490,973
44491,973
44492,973
44493,973
44494,973
44495,973
44496,973
44497,973
44498,973
44499,973
44500,973
44501,973
44502,973
44503,973
44504,973
44505,973
44506,973
44507,973
44508,973
44509,973
44510,973
44511,973
44512,973
44513,973
44514,973
44515,973
44516,973
44517,973
44518,973
44519,973
44520,973
44521,973
44522,973
44523,973
44524,973
44525,973
44526,973
44527,973
44528,973
44529,973
44530,973
44531,973
44532,973
44533,973
44534,973
44535,973
44536,973
44537,973
44538,973
44539,973
44540,973
44541,973
44542,973
44543,973
44544,973
44545,973
44546,973
44547,973
44548,973
44549,973
44550,973
44551,973
44552,973
44553,973
44554,973
44555,973
44556,973
44557,973
44558,973
44559,973
44560,973
44561,973
44562,973
44563,973
44564,973
44565,973
44566,973
44567,973
44568,973
44569,973
44570,973
44571,973
44572,973
44573,973
44574,973
44575,973
44576,973
44577,973
44578,973
44579,973
44580,973
44581,973
44582,973
44583,973
44584,973
44585,973
44586,973
44587,973
44588,973
44589,973
44590,973
44591,973
44592,973
44593,973
44594,973
44595,973
44596,973
44597,973
44598,973
44599,973
44600,973
44601,974
44602,974
44603,974
44604,974
44605,974
44606,974
44607,974
44608,974
44609,974
44610,974
44611,974
44612,974
44613,974
44614,974
44615,974
44616,974
44617,974
44618,974
44619,974
44620,974
44621,974
44622,974
44623,974
44624,974
44625,974
44626,974
44627,974
44628,974
44629,974
44630,974
44631,974
44632,974
44633,974
44634,974
44635,974
44636,974
44637,974
44638,974
44639,974
44640,974
44641,974
44642,974
44643,974
44644,974
44645,974
44646,974
44647,974
44648,974
44649,974
44650,974
44651,974
44652,974
44653,974
44654,974
44655,974
44656,974
44657,974
44658,974
44659,974
44660,974
44661,974
44662,974
44663,974
44664,974
44665,974
44666,974
44667,974
44668,974
44669,974
44670,974
44671,974
44672,974
44673,974
44674,974
44675,974
44676,974
44677,974
44678,974
44679,974
44680,974
44681,974
44682,974
44683,974
44684,974
44685,974
44686,974
44687,974
44688,974
44689,974
44690,974
44691,974
44692,974
44693,974
44694,974
44695,974
44696,974
44697,974
44698,974
44699,974
44700,974
44701,974
44702,974
44703,974
44704,974
44705,974
44706,974
44707,974
44708,974
44709,974
44710,974
44711,974
44712,974
44713,974
44714,974
44715,974
44716,974
44717,974
44718,974
44719,974
44720,974
44721,974
44722,974
44723,974
44724,974
44725,974
44726,974
44727,974
44728,974
44729,974
44730,974
44731,974
44732,974
44733,974
44734,974
44735,974
44736,974
44737,974
44738,974
44739,974
44740,974
44741,974
44742,974
44743,974
44744,974
44745,974
44746,974
44747,974
44748,974
44749,974
44750,974
44751,974
44752,974
44753,974
44754,974
44755,974
44756,974
44757,974
44758,974
44759,974
44760,974
44761,974
44762,974
44763,974
44764,974
44765,974
44766,974
44767,974
44768,974
44769,974
44770,974
44771,974
44772,974
44773,974
44774,974
44775,974
44776,974
44777,974
44778,974
44779,974
44780,974
44781,974
44782,974
44783,974
44784,974
44785,974
44786,974
44787,974
44788,974
44789,974
44790,974
44791,974
44792,974
44793,974
44794,974
44795,974
44796,974
44797,974
44798,974
44799,974
44800,974
44801,975
44802,975
44803,975
44804,975
44805,975
44806,975
44807,975
44808,975
44809,975
44810,975
44811,975
44812,975
44813,975
44814,975
44815,975
44816,975
44817,975
44818,975
44819,975
44820,975
44821,975
44822,975
44823,975
44824,975
44825,975
44826,975
44827,975
44828,975
44829,975
44830,975
44831,975
44832,975
44833,975
44834,975
44835,975
44836,975
44837,975
44838,975
44839,975
44840,975
44841,975
44842,975
44843,975
44844,975
44845,975
44846,975
44847,975
44848,975
44849,975
44850,975
44851,975
44852,975
44853,975
44854,975
44855,975
44856,975
44857,975
44858,975
44859,975
44860,975
44861,975
44862,975
44863,975
44864,975
44865,975
44866,975
44867,975
44868,975
44869,975
44870,975
44871,975
44872,975
44873,975
44874,975
44875,975
44876,975
44877,975
44878,975
44879,975
44880,975
44881,975
44882,975
44883,975
44884,975
44885,975
44886,975
44887,975
44888,975
44889,975
44890,975
44891,975
44892,975
44893,975
44894,975
44895,975
44896,975
44897,975
44898,975
44899,975
44900,975
44901,975
44902,975
44903,975
44904,975
44905,975
44906,975
44907,975
44908,975
44909,975
44910,975
44911,975
44912,975
44913,975
44914,975
44915,975
44916,975
44917,975
44918,975
44919,975
44920,975
44921,975
44922,975
44923,975
44924,975
44925,975
44926,975
44927,975
44928,975
44929,975
44930,975
44931,975
44932,975
44933,975
44934,975
44935,975
44936,975
44937,975
44938,975
44939,975
44940,975
44941,975
44942,975
44943,975
44944,975
44945,975
44946,975
44947,975
44948,975
44949,975
44950,975
44951,975
44952,975
44953,975
44954,975
44955,975
44956,975
44957,975
44958,975
44959,975
44960,975
44961,975
44962,975
44963,975
44964,975
44965,975
44966,975
44967,975
44968,975
44969,975
44970,975
44971,975
44972,975
44973,975
44974,975
44975,975
44976,975
44977,975
44978,975
44979,975
44980,975
44981,975
44982,975
44983,975
44984,975
44985,975
44986,975
44987,975
44988,975
44989,975
44990,975
44991,975
44992,975
44993,975
44994,975
44995,975
44996,975
44997,975
44998,975
44999,975
45000,975
45001,976
45002,976
45003,976
45004,976
45005,976
45006,976
45007,976
45008,976
45009,976
45010,976
45011,976
45012,976
45013,976
45014,976
45015,976
45016,976
45017,976
45018,976
45019,976
45020,976
45021,976
45022,976
45023,976
45024,976
45025,976
45026,976
45027,976
45028,976
45029,976
45030,976
45031,976
45032,976
45033,976
45034,976
45035,976
45036,976
45037,976
45038,976
45039,976
45040,976
45041,976
45042,976
45043,976
45044,976
45045,976
45046,976
45047,976
45048,976
45049,976
45050,976
45051,976
45052,976
45053,976
45054,976
45055,976
45056,976
45057,976
45058,976
45059,976
45060,976
45061,976
45062,976
45063,976
45064,976
45065,976
45066,976
45067,976
45068,976
45069,976
45070,976
45071,976
45072,976
45073,976
45074,976
45075,976
45076,976
45077,976
45078,976
45079,976
45080,976
45081,976
45082,976
45083,976
45084,976
45085,976
45086,976
45087,976
45088,976
45089,976
45090,976
45091,976
45092,976
45093,976
45094,976
45095,976
45096,976
45097,976
45098,976
45099,976
45100,976
45101,976
45102,976
45103,976
45104,976
45105,976
45106,976
45107,976
45108,976
45109,976
45110,976
45111,976
45112,976
45113,976
45114,976
45115,976
45116,976
45117,976
45118,976
45119,976
45120,976
45121,976
45122,976
45123,976
45124,976
45125,976
45126,976
45127,976
45128,976
45129,976
45130,976
45131,976
45132,976
45133,976
45134,976
45135,976
45136,976
45137,976
45138,976
45139,976
45140,976
45141,976
45142,976
45143,976
45144,976
45145,976
45146,976
45147,976
45148,976
45149,976
45150,976
45151,976
45152,976
45153,976
45154,976
45155,976
45156,976
45157,976
45158,976
45159,976
45160,976
45161,976
45162,976
45163,976
45164,976
45165,976
45166,976
45167,976
45168,976
45169,976
45170,976
45171,976
45172,976
45173,976
45174,976
45175,976
45176,976
45177,976
45178,976
45179,976
45180,976
45181,976
45182,976
45183,976
45184,976
45185,976
45186,976
45187,976
45188,976
45189,976
45190,976
45191,976
45192,976
45193,976
45194,976
45195,976
45196,976
45197,976
45198,976
45199,976
45200,976
45201,977
45202,977
45203,977
45204,977
45205,977
45206,977
45207,977
45208,977
45209,977
45210,977
45211,977
45212,977
45213,977
45214,977
45215,977
45216,977
45217,977
45218,977
45219,977
45220,977
45221,977
45222,977
45223,977
45224,977
45225,977
45226,977
45227,977
45228,977
45229,977
45230,977
45231,977
45232,977
45233,977
45234,977
45235,977
45236,977
45237,977
45238,977
45239,977
45240,977
45241,977
45242,977
45243,977
45244,977
45245,977
45246,977
45247,977
45248,977
45249,977
45250,977
45251,977
45252,977
45253,977
45254,977
45255,977
45256,977
45257,977
45258,977
45259,977
45260,977
45261,977
45262,977
45263,977
45264,977
45265,977
45266,977
45267,977
45268,977
45269,977
45270,977
45271,977
45272,977
45273,977
45274,977
45275,977
45276,977
45277,977
45278,977
45279,977
45280,977
45281,977
45282,977
45283,977
45284,977
45285,977
45286,977
45287,977
45288,977
45289,977
45290,977
45291,977
45292,977
45293,977
45294,977
45295,977
45296,977
45297,977
45298,977
45299,977
45300,977
45301,977
45302,977
45303,977
45304,977
45305,977
45306,977
45307,977
45308,977
45309,977
45310,977
45311,977
45312,977
45313,977
45314,977
45315,977
45316,977
45317,977
45318,977
45319,977
45320,977
45321,977
45322,977
45323,977
45324,977
45325,977
45326,977
45327,977
45328,977
45329,977
45330,977
45331,977
45332,977
45333,977
45334,977
45335,977
45336,977
45337,977
45338,977
45339,977
45340,977
45341,977
45342,977
45343,977
45344,977
45345,977
45346,977
45347,977
45348,977
45349,977
45350,977
45351,977
45352,977
45353,977
45354,977
45355,977
45356,977
45357,977
45358,977
45359,977
45360,977
45361,977
45362,977
45363,977
45364,977
45365,977
45366,977
45367,977
45368,977
45369,977
45370,977
45371,977
45372,977
45373,977
45374,977
45375,977
45376,977
45377,977
45378,977
45379,977
45380,977
45381,977
45382,977
45383,977
45384,977
45385,977
45386,977
45387,977
45388,977
45389,977
45390,977
45391,977
45392,977
45393,977
45394,977
45395,977
45396,977
45397,977
45398,977
45399,977
45400,977
45401,978
45402,978
45403,978
45404,978
45405,978
45406,978
45407,978
45408,978
45409,978
45410,978
45411,978
45412,978
45413,978
45414,978
45415,978
45416,978
45417,978
45418,978
45419,978
45420,978
45421,978
45422,978
45423,978
45424,978
45425,978
45426,978
45427,978
45428,978
45429,978
45430,978
45431,978
45432,978
45433,978
45434,978
45435,978
45436,978
45437,978
45438,978
45439,978
45440,978
45441,978
45442,978
45443,978
45444,978
45445,978
45446,978
45447,978
45448,978
45449,978
45450,978
45451,978
45452,978
45453,978
45454,978
45455,978
45456,978
45457,978
45458,978
45459,978
45460,978
45461,978
45462,978
45463,978
45464,978
45465,978
45466,978
45467,978
45468,978
45469,978
45470,978
45471,978
45472,978
45473,978
45474,978
45475,978
45476,978
45477,978
45478,978
45479,978
45480,978
45481,978
45482,978
45483,978
45484,978
45485,978
45486,978
45487,978
45488,978
45489,978
45490,978
45491,978
45492,978
45493,978
45494,978
45495,978
45496,978
45497,978
45498,978
45499,978
45500,978
45501,978
45502,978
45503,978
45504,978
45505,978
45506,978
45507,978
45508,978
45509,978
45510,978
45511,978
45512,978
45513,978
45514,978
45515,978
45516,978
45517,978
45518,978
45519,978
45520,978
45521,978
45522,978
45523,978
45524,978
45525,978
45526,978
45527,978
45528,978
45529,978
45530,978
45531,978
45532,978
45533,978
45534,978
45535,978
45536,978
45537,978
45538,978
45539,978
45540,978
45541,978
45542,978
45543,978
45544,978
45545,978
45546,978
45547,978
45548,978
45549,978
45550,978
45551,978
45552,978
45553,978
45554,978
45555,978
45556,978
45557,978
45558,978
45559,978
45560,978
45561,978
45562,978
45563,978
45564,978
45565,978
45566,978
45567,978
45568,978
45569,978
45570,978
45571,978
45572,978
45573,978
45574,978
45575,978
45576,978
45577,978
45578,978
45579,978
45580,978
45581,978
45582,978
45583,978
45584,978
45585,978
45586,978
45587,978
45588,978
45589,978
45590,978
45591,978
45592,978
45593,978
45594,978
45595,978
45596,978
45597,978
45598,978
45599,978
45600,978
45601,979
45602,979
45603,979
45604,979
45605,979
45606,979
45607,979
45608,979
45609,979
45610,979
45611,979
45612,979
45613,979
45614,979
45615,979
45616,979
45617,979
45618,979
45619,979
45620,979
45621,979
45622,979
45623,979
45624,979
45625,979
45626,979
45627,979
45628,979
45629,979
45630,979
45631,979
45632,979
45633,979
45634,979
45635,979
45636,979
45637,979
45638,979
45639,979
45640,979
45641,979
45642,979
45643,979
45644,979
45645,979
45646,979
45647,979
45648,979
45649,979
45650,979
45651,979
45652,979
45653,979
45654,979
45655,979
45656,979
45657,979
45658,979
45659,979
45660,979
45661,979
45662,979
45663,979
45664,979
45665,979
45666,979
45667,979
45668,979
45669,979
45670,979
45671,979
45672,979
45673,979
45674,979
45675,979
45676,979
45677,979
45678,979
45679,979
45680,979
45681,979
45682,979
45683,979
45684,979
45685,979
45686,979
45687,979
45688,979
45689,979
45690,979
45691,979
45692,979
45693,979
45694,979
45695,979
45696,979
45697,979
45698,979
45699,979
45700,979
45701,979
45702,979
45703,979
45704,979
45705,979
45706,979
45707,979
45708,979
45709,979
45710,979
45711,979
45712,979
45713,979
45714,979
45715,979
45716,979
45717,979
45718,979
45719,979
45720,979
45721,979
45722,979
45723,979
45724,979
45725,979
45726,979
45727,979
45728,979
45729,979
45730,979
45731,979
45732,979
45733,979
45734,979
45735,979
45736,979
45737,979
45738,979
45739,979
45740,979
45741,979
45742,979
45743,979
45744,979
45745,979
45746,979
45747,979
45748,979
45749,979
45750,979
45751,979
45752,979
45753,979
45754,979
45755,979
45756,979
45757,979
45758,979
45759,979
45760,979
45761,979
45762,979
45763,979
45764,979
45765,979
45766,979
45767,979
45768,979
45769,979
45770,979
45771,979
45772,979
45773,979
45774,979
45775,979
45776,979
45777,979
45778,979
45779,979
45780,979
45781,979
45782,979
45783,979
45784,979
45785,979
45786,979
45787,979
45788,979
45789,979
45790,979
45791,979
45792,979
45793,979
45794,979
45795,979
45796,979
45797,979
45798,979
45799,979
45800,979
45801,980
45802,980
45803,980
45804,980
45805,980
45806,980
45807,980
45808,980
45809,980
45810,980
45811,980
45812,980
45813,980
45814,980
45815,980
45816,980
45817,980
45818,980
45819,980
45820,980
45821,980
45822,980
45823,980
45824,980
45825,980
45826,980
45827,980
45828,980
45829,980
45830,980
45831,980
45832,980
45833,980
45834,980
45835,980
45836,980
45837,980
45838,980
45839,980
45840,980
45841,980
45842,980
45843,980
45844,980
45845,980
45846,980
45847,980
45848,980
45849,980
45850,980
45851,980
45852,980
45853,980
45854,980
45855,980
45856,980
45857,980
45858,980
45859,980
45860,980
45861,980
45862,980
45863,980
45864,980
45865,980
45866,980
45867,980
45868,980
45869,980
45870,980
45871,980
45872,980
45873,980
45874,980
45875,980
45876,980
45877,980
45878,980
45879,980
45880,980
45881,980
45882,980
45883,980
45884,980
45885,980
45886,980
45887,980
45888,980
45889,980
45890,980
45891,980
45892,980
45893,980
45894,980
45895,980
45896,980
45897,980
45898,980
45899,980
45900,980
45901,980
45902,980
45903,980
45904,980
45905,980
45906,980
45907,980
45908,980
45909,980
45910,980
45911,980
45912,980
45913,980
45914,980
45915,980
45916,980
45917,980
45918,980
45919,980
45920,980
45921,980
45922,980
45923,980
45924,980
45925,980
45926,980
45927,980
45928,980
45929,980
45930,980
45931,980
45932,980
45933,980
45934,980
45935,980
45936,980
45937,980
45938,980
45939,980
45940,980
45941,980
45942,980
45943,980
45944,980
45945,980
45946,980
45947,980
45948,980
45949,980
45950,980
45951,980
45952,980
45953,980
45954,980
45955,980
45956,980
45957,980
45958,980
45959,980
45960,980
45961,980
45962,980
45963,980
45964,980
45965,980
45966,980
45967,980
45968,980
45969,980
45970,980
45971,980
45972,980
45973,980
45974,980
45975,980
45976,980
45977,980
45978,980
45979,980
45980,980
45981,980
45982,980
45983,980
45984,980
45985,980
45986,980
45987,980
45988,980
45989,980
45990,980
45991,980
45992,980
45993,980
45994,980
45995,980
45996,980
45997,980
45998,980
45999,980
46000,980
46001,981
46002,981
46003,981
46004,981
46005,981
46006,981
46007,981
46008,981
46009,981
46010,981
46011,981
46012,981
46013,981
46014,981
46015,981
46016,981
46017,981
46018,981
46019,981
46020,981
46021,981
46022,981
46023,981
46024,981
46025,981
46026,981
46027,981
46028,981
46029,981
46030,981
46031,981
46032,981
46033,981
46034,981
46035,981
46036,981
46037,981
46038,981
46039,981
46040,981
46041,981
46042,981
46043,981
46044,981
46045,981
46046,981
46047,981
46048,981
46049,981
46050,981
46051,981
46052,981
46053,981
46054,981
46055,981
46056,981
46057,981
46058,981
46059,981
46060,981
46061,981
46062,981
46063,981
46064,981
46065,981
46066,981
46067,981
46068,981
46069,981
46070,981
46071,981
46072,981
46073,981
46074,981
46075,981
46076,981
46077,981
46078,981
46079,981
46080,981
46081,981
46082,981
46083,981
46084,981
46085,981
46086,981
46087,981
46088,981
46089,981
46090,981
46091,981
46092,981
46093,981
46094,981
46095,981
46096,981
46097,981
46098,981
46099,981
46100,981
46101,981
46102,981
46103,981
46104,981
46105,981
46106,981
46107,981
46108,981
46109,981
46110,981
46111,981
46112,981
46113,981
46114,981
46115,981
46116,981
46117,981
46118,981
46119,981
46120,981
46121,981
46122,981
46123,981
46124,981
46125,981
46126,981
46127,981
46128,981
46129,981
46130,981
46131,981
46132,981
46133,981
46134,981
46135,981
46136,981
46137,981
46138,981
46139,981
46140,981
46141,981
46142,981
46143,981
46144,981
46145,981
46146,981
46147,981
46148,981
46149,981
46150,981
46151,981
46152,981
46153,981
46154,981
46155,981
46156,981
46157,981
46158,981
46159,981
46160,981
46161,981
46162,981
46163,981
46164,981
46165,981
46166,981
46167,981
46168,981
46169,981
46170,981
46171,981
46172,981
46173,981
46174,981
46175,981
46176,981
46177,981
46178,981
46179,981
46180,981
46181,981
46182,981
46183,981
46184,981
46185,981
46186,981
46187,981
46188,981
46189,981
46190,981
46191,981
46192,981
46193,981
46194,981
46195,981
46196,981
46197,981
46198,981
46199,981
46200,981
46201,982
46202,982
46203,982
46204,982
46205,982
46206,982
46207,982
46208,982
46209,982
46210,982
46211,982
46212,982
46213,982
46214,982
46215,982
46216,982
46217,982
46218,982
46219,982
46220,982
46221,982
46222,982
46223,982
46224,982
46225,982
46226,982
46227,982
46228,982
46229,982
46230,982
46231,982
46232,982
46233,982
46234,982
46235,982
46236,982
46237,982
46238,982
46239,982
46240,982
46241,982
46242,982
46243,982
46244,982
46245,982
46246,982
46247,982
46248,982
46249,982
46250,982
46251,982
46252,982
46253,982
46254,982
46255,982
46256,982
46257,982
46258,982
46259,982
46260,982
46261,982
46262,982
46263,982
46264,982
46265,982
46266,982
46267,982
46268,982
46269,982
46270,982
46271,982
46272,982
46273,982
46274,982
46275,982
46276,982
46277,982
46278,982
46279,982
46280,982
46281,982
46282,982
46283,982
46284,982
46285,982
46286,982
46287,982
46288,982
46289,982
46290,982
46291,982
46292,982
46293,982
46294,982
46295,982
46296,982
46297,982
46298,982
46299,982
46300,982
46301,982
46302,982
46303,982
46304,982
46305,982
46306,982
46307,982
46308,982
46309,982
46310,982
46311,982
46312,982
46313,982
46314,982
46315,982
46316,982
46317,982
46318,982
46319,982
46320,982
46321,982
46322,982
46323,982
46324,982
46325,982
46326,982
46327,982
46328,982
46329,982
46330,982
46331,982
46332,982
46333,982
46334,982
46335,982
46336,982
46337,982
46338,982
46339,982
46340,982
46341,982
46342,982
46343,982
46344,982
46345,982
46346,982
46347,982
46348,982
46349,982
46350,982
46351,982
46352,982
46353,982
46354,982
46355,982
46356,982
46357,982
46358,982
46359,982
46360,982
46361,982
46362,982
46363,982
46364,982
46365,982
46366,982
46367,982
46368,982
46369,982
46370,982
46371,982
46372,982
46373,982
46374,982
46375,982
46376,982
46377,982
46378,982
46379,982
46380,982
46381,982
46382,982
46383,982
46384,982
46385,982
46386,982
46387,982
46388,982
46389,982
46390,982
46391,982
46392,982
46393,982
46394,982
46395,982
46396,982
46397,982
46398,982
46399,982
46400,982
46401,983
46402,983
46403,983
46404,983
46405,983
46406,983
46407,983
46408,983
46409,983
46410,983
46411,983
46412,983
46413,983
46414,983
46415,983
46416,983
46417,983
46418,983
46419,983
46420,983
46421,983
46422,983
46423,983
46424,983
46425,983
46426,983
46427,983
46428,983
46429,983
46430,983
46431,983
46432,983
46433,983
46434,983
46435,983
46436,983
46437,983
46438,983
46439,983
46440,983
46441,983
46442,983
46443,983
46444,983
46445,983
46446,983
46447,983
46448,983
46449,983
46450,983
46451,983
46452,983
46453,983
46454,983
46455,983
46456,983
46457,983
46458,983
46459,983
46460,983
46461,983
46462,983
46463,983
46464,983
46465,983
46466,983
46467,983
46468,983
46469,983
46470,983
46471,983
46472,983
46473,983
46474,983
46475,983
46476,983
46477,983
46478,983
46479,983
46480,983
46481,983
46482,983
46483,983
46484,983
46485,983
46486,983
46487,983
46488,983
46489,983
46490,983
46491,983
46492,983
46493,983
46494,983
46495,983
46496,983
46497,983
46498,983
46499,983
46500,983
46501,983
46502,983
46503,983
46504,983
46505,983
46506,983
46507,983
46508,983
46509,983
46510,983
46511,983
46512,983
46513,983
46514,983
46515,983
46516,983
46517,983
46518,983
46519,983
46520,983
46521,983
46522,983
46523,983
46524,983
46525,983
46526,983
46527,983
46528,983
46529,983
46530,983
46531,983
46532,983
46533,983
46534,983
46535,983
46536,983
46537,983
46538,983
46539,983
46540,983
46541,983
46542,983
46543,983
46544,983
46545,983
46546,983
46547,983
46548,983
46549,983
46550,983
46551,983
46552,983
46553,983
46554,983
46555,983
46556,983
46557,983
46558,983
46559,983
46560,983
46561,983
46562,983
46563,983
46564,983
46565,983
46566,983
46567,983
46568,983
46569,983
46570,983
46571,983
46572,983
46573,983
46574,983
46575,983
46576,983
46577,983
46578,983
46579,983
46580,983
46581,983
46582,983
46583,983
46584,983
46585,983
46586,983
46587,983
46588,983
46589,983
46590,983
46591,983
46592,983
46593,983
46594,983
46595,983
46596,983
46597,983
46598,983
46599,983
46600,983
46601,984
46602,984
46603,984
46604,984
46605,984
46606,984
46607,984
46608,984
46609,984
46610,984
46611,984
46612,984
46613,984
46614,984
46615,984
46616,984
46617,984
46618,984
46619,984
46620,984
46621,984
46622,984
46623,984
46624,984
46625,984
46626,984
46627,984
46628,984
46629,984
46630,984
46631,984
46632,984
46633,984
46634,984
46635,984
46636,984
46637,984
46638,984
46639,984
46640,984
46641,984
46642,984
46643,984
46644,984
46645,984
46646,984
46647,984
46648,984
46649,984
46650,984
46651,984
46652,984
46653,984
46654,984
46655,984
46656,984
46657,984
46658,984
46659,984
46660,984
46661,984
46662,984
46663,984
46664,984
46665,984
46666,984
46667,984
46668,984
46669,984
46670,984
46671,984
46672,984
46673,984
46674,984
46675,984
46676,984
46677,984
46678,984
46679,984
46680,984
46681,984
46682,984
46683,984
46684,984
46685,984
46686,984
46687,984
46688,984
46689,984
46690,984
46691,984
46692,984
46693,984
46694,984
46695,984
46696,984
46697,984
46698,984
46699,984
46700,984
46701,984
46702,984
46703,984
46704,984
46705,984
46706,984
46707,984
46708,984
46709,984
46710,984
46711,984
46712,984
46713,984
46714,984
46715,984
46716,984
46717,984
46718,984
46719,984
46720,984
46721,984
46722,984
46723,984
46724,984
46725,984
46726,984
46727,984
46728,984
46729,984
46730,984
46731,984
46732,984
46733,984
46734,984
46735,984
46736,984
46737,984
46738,984
46739,984
46740,984
46741,984
46742,984
46743,984
46744,984
46745,984
46746,984
46747,984
46748,984
46749,984
46750,984
46751,984
46752,984
46753,984
46754,984
46755,984
46756,984
46757,984
46758,984
46759,984
46760,984
46761,984
46762,984
46763,984
46764,984
46765,984
46766,984
46767,984
46768,984
46769,984
46770,984
46771,984
46772,984
46773,984
46774,984
46775,984
46776,984
46777,984
46778,984
46779,984
46780,984
46781,984
46782,984
46783,984
46784,984
46785,984
46786,984
46787,984
46788,984
46789,984
46790,984
46791,984
46792,984
46793,984
46794,984
46795,984
46796,984
46797,984
46798,984
46799,984
46800,984
46801,985
46802,985
46803,985
46804,985
46805,985
46806,985
46807,985
46808,985
46809,985
46810,985
46811,985
46812,985
46813,985
46814,985
46815,985
46816,985
46817,985
46818,985
46819,985
46820,985
46821,985
46822,985
46823,985
46824,985
46825,985
46826,985
46827,985
46828,985
46829,985
46830,985
46831,985
46832,985
46833,985
46834,985
46835,985
46836,985
46837,985
46838,985
46839,985
46840,985
46841,985
46842,985
46843,985
46844,985
46845,985
46846,985
46847,985
46848,985
46849,985
46850,985
46851,985
46852,985
46853,985
46854,985
46855,985
46856,985
46857,985
46858,985
46859,985
46860,985
46861,985
46862,985
46863,985
46864,985
46865,985
46866,985
46867,985
46868,985
46869,985
46870,985
46871,985
46872,985
46873,985
46874,985
46875,985
46876,985
46877,985
46878,985
46879,985
46880,985
46881,985
46882,985
46883,985
46884,985
46885,985
46886,985
46887,985
46888,985
46889,985
46890,985
46891,985
46892,985
46893,985
46894,985
46895,985
46896,985
46897,985
46898,985
46899,985
46900,985
46901,985
46902,985
46903,985
46904,985
46905,985
46906,985
46907,985
46908,985
46909,985
46910,985
46911,985
46912,985
46913,985
46914,985
46915,985
46916,985
46917,985
46918,985
46919,985
46920,985
46921,985
46922,985
46923,985
46924,985
46925,985
46926,985
46927,985
46928,985
46929,985
46930,985
46931,985
46932,985
46933,985
46934,985
46935,985
46936,985
46937,985
46938,985
46939,985
46940,985
46941,985
46942,985
46943,985
46944,985
46945,985
46946,985
46947,985
46948,985
46949,985
46950,985
46951,985
46952,985
46953,985
46954,985
46955,985
46956,985
46957,985
46958,985
46959,985
46960,985
46961,985
46962,985
46963,985
46964,985
46965,985
46966,985
46967,985
46968,985
46969,985
46970,985
46971,985
46972,985
46973,985
46974,985
46975,985
46976,985
46977,985
46978,985
46979,985
46980,985
46981,985
46982,985
46983,985
46984,985
46985,985
46986,985
46987,985
46988,985
46989,985
46990,985
46991,985
46992,985
46993,985
46994,985
46995,985
46996,985
46997,985
46998,985
46999,985
47000,985
47001,986
47002,986
47003,986
47004,986
47005,986
47006,986
47007,986
47008,986
47009,986
47010,986
47011,986
47012,986
47013,986
47014,986
47015,986
47016,986
47017,986
47018,986
47019,986
47020,986
47021,986
47022,986
47023,986
47024,986
47025,986
47026,986
47027,986
47028,986
47029,986
47030,986
47031,986
47032,986
47033,986
47034,986
47035,986
47036,986
47037,986
47038,986
47039,986
47040,986
47041,986
47042,986
47043,986
47044,986
47045,986
47046,986
47047,986
47048,986
47049,986
47050,986
47051,986
47052,986
47053,986
47054,986
47055,986
47056,986
47057,986
47058,986
47059,986
47060,986
47061,986
47062,986
47063,986
47064,986
47065,986
47066,986
47067,986
47068,986
47069,986
47070,986
47071,986
47072,986
47073,986
47074,986
47075,986
47076,986
47077,986
47078,986
47079,986
47080,986
47081,986
47082,986
47083,986
47084,986
47085,986
47086,986
47087,986
47088,986
47089,986
47090,986
47091,986
47092,986
47093,986
47094,986
47095,986
47096,986
47097,986
47098,986
47099,986
47100,986
47101,986
47102,986
47103,986
47104,986
47105,986
47106,986
47107,986
47108,986
47109,986
47110,986
47111,986
47112,986
47113,986
47114,986
47115,986
47116,986
47117,986
47118,986
47119,986
47120,986
47121,986
47122,986
47123,986
47124,986
47125,986
47126,986
47127,986
47128,986
47129,986
47130,986
47131,986
47132,986
47133,986
47134,986
47135,986
47136,986
47137,986
47138,986
47139,986
47140,986
47141,986
47142,986
47143,986
47144,986
47145,986
47146,986
47147,986
47148,986
47149,986
47150,986
47151,986
47152,986
47153,986
47154,986
47155,986
47156,986
47157,986
47158,986
47159,986
47160,986
47161,986
47162,986
47163,986
47164,986
47165,986
47166,986
47167,986
47168,986
47169,986
47170,986
47171,986
47172,986
47173,986
47174,986
47175,986
47176,986
47177,986
47178,986
47179,986
47180,986
47181,986
47182,986
47183,986
47184,986
47185,986
47186,986
47187,986
47188,986
47189,986
47190,986
47191,986
47192,986
47193,986
47194,986
47195,986
47196,986
47197,986
47198,986
47199,986
47200,986
47201,987
47202,987
47203,987
47204,987
47205,987
47206,987
47207,987
47208,987
47209,987
47210,987
47211,987
47212,987
47213,987
47214,987
47215,987
47216,987
47217,987
47218,987
47219,987
47220,987
47221,987
47222,987
47223,987
47224,987
47225,987
47226,987
47227,987
47228,987
47229,987
47230,987
47231,987
47232,987
47233,987
47234,987
47235,987
47236,987
47237,987
47238,987
47239,987
47240,987
47241,987
47242,987
47243,987
47244,987
47245,987
47246,987
47247,987
47248,987
47249,987
47250,987
47251,987
47252,987
47253,987
47254,987
47255,987
47256,987
47257,987
47258,987
47259,987
47260,987
47261,987
47262,987
47263,987
47264,987
47265,987
47266,987
47267,987
47268,987
47269,987
47270,987
47271,987
47272,987
47273,987
47274,987
47275,987
47276,987
47277,987
47278,987
47279,987
47280,987
47281,987
47282,987
47283,987
47284,987
47285,987
47286,987
47287,987
47288,987
47289,987
47290,987
47291,987
47292,987
47293,987
47294,987
47295,987
47296,987
47297,987
47298,987
47299,987
47300,987
47301,987
47302,987
47303,987
47304,987
47305,987
47306,987
47307,987
47308,987
47309,987
47310,987
47311,987
47312,987
47313,987
47314,987
47315,987
47316,987
47317,987
47318,987
47319,987
47320,987
47321,987
47322,987
47323,987
47324,987
47325,987
47326,987
47327,987
47328,987
47329,987
47330,987
47331,987
47332,987
47333,987
47334,987
47335,987
47336,987
47337,987
47338,987
47339,987
47340,987
47341,987
47342,987
47343,987
47344,987
47345,987
47346,987
47347,987
47348,987
47349,987
47350,987
47351,987
47352,987
47353,987
47354,987
47355,987
47356,987
47357,987
47358,987
47359,987
47360,987
47361,987
47362,987
47363,987
47364,987
47365,987
47366,987
47367,987
47368,987
47369,987
47370,987
47371,987
47372,987
47373,987
47374,987
47375,987
47376,987
47377,987
47378,987
47379,987
47380,987
47381,987
47382,987
47383,987
47384,987
47385,987
47386,987
47387,987
47388,987
47389,987
47390,987
47391,987
47392,987
47393,987
47394,987
47395,987
47396,987
47397,987
47398,987
47399,987
47400,987
47401,988
47402,988
47403,988
47404,988
47405,988
47406,988
47407,988
47408,988
47409,988
47410,988
47411,988
47412,988
47413,988
47414,988
47415,988
47416,988
47417,988
47418,988
47419,988
47420,988
47421,988
47422,988
47423,988
47424,988
47425,988
47426,988
47427,988
47428,988
47429,988
47430,988
47431,988
47432,988
47433,988
47434,988
47435,988
47436,988
47437,988
47438,988
47439,988
47440,988
47441,988
47442,988
47443,988
47444,988
47445,988
47446,988
47447,988
47448,988
47449,988
47450,988
47451,988
47452,988
47453,988
47454,988
47455,988
47456,988
47457,988
47458,988
47459,988
47460,988
47461,988
47462,988
47463,988
47464,988
47465,988
47466,988
47467,988
47468,988
47469,988
47470,988
47471,988
47472,988
47473,988
47474,988
47475,988
47476,988
47477,988
47478,988
47479,988
47480,988
47481,988
47482,988
47483,988
47484,988
47485,988
47486,988
47487,988
47488,988
47489,988
47490,988
47491,988
47492,988
47493,988
47494,988
47495,988
47496,988
47497,988
47498,988
47499,988
47500,988
47501,988
47502,988
47503,988
47504,988
47505,988
47506,988
47507,988
47508,988
47509,988
47510,988
47511,988
47512,988
47513,988
47514,988
47515,988
47516,988
47517,988
47518,988
47519,988
47520,988
47521,988
47522,988
47523,988
47524,988
47525,988
47526,988
47527,988
47528,988
47529,988
47530,988
47531,988
47532,988
47533,988
47534,988
47535,988
47536,988
47537,988
47538,988
47539,988
47540,988
47541,988
47542,988
47543,988
47544,988
47545,988
47546,988
47547,988
47548,988
47549,988
47550,988
47551,988
47552,988
47553,988
47554,988
47555,988
47556,988
47557,988
47558,988
47559,988
47560,988
47561,988
47562,988
47563,988
47564,988
47565,988
47566,988
47567,988
47568,988
47569,988
47570,988
47571,988
47572,988
47573,988
47574,988
47575,988
47576,988
47577,988
47578,988
47579,988
47580,988
47581,988
47582,988
47583,988
47584,988
47585,988
47586,988
47587,988
47588,988
47589,988
47590,988
47591,988
47592,988
47593,988
47594,988
47595,988
47596,988
47597,988
47598,988
47599,988
47600,988
47601,989
47602,989
47603,989
47604,989
47605,989
47606,989
47607,989
47608,989
47609,989
47610,989
47611,989
47612,989
47613,989
47614,989
47615,989
47616,989
47617,989
47618,989
47619,989
47620,989
47621,989
47622,989
47623,989
47624,989
47625,989
47626,989
47627,989
47628,989
47629,989
47630,989
47631,989
47632,989
47633,989
47634,989
47635,989
47636,989
47637,989
47638,989
47639,989
47640,989
47641,989
47642,989
47643,989
47644,989
47645,989
47646,989
47647,989
47648,989
47649,989
47650,989
47651,989
47652,989
47653,989
47654,989
47655,989
47656,989
47657,989
47658,989
47659,989
47660,989
47661,989
47662,989
47663,989
47664,989
47665,989
47666,989
47667,989
47668,989
47669,989
47670,989
47671,989
47672,989
47673,989
47674,989
47675,989
47676,989
47677,989
47678,989
47679,989
47680,989
47681,989
47682,989
47683,989
47684,989
47685,989
47686,989
47687,989
47688,989
47689,989
47690,989
47691,989
47692,989
47693,989
47694,989
47695,989
47696,989
47697,989
47698,989
47699,989
47700,989
47701,989
47702,989
47703,989
47704,989
47705,989
47706,989
47707,989
47708,989
47709,989
47710,989
47711,989
47712,989
47713,989
47714,989
47715,989
47716,989
47717,989
47718,989
47719,989
47720,989
47721,989
47722,989
47723,989
47724,989
47725,989
47726,989
47727,989
47728,989
47729,989
47730,989
47731,989
47732,989
47733,989
47734,989
47735,989
47736,989
47737,989
47738,989
47739,989
47740,989
47741,989
47742,989
47743,989
47744,989
47745,989
47746,989
47747,989
47748,989
47749,989
47750,989
47751,989
47752,989
47753,989
47754,989
47755,989
47756,989
47757,989
47758,989
47759,989
47760,989
47761,989
47762,989
47763,989
47764,989
47765,989
47766,989
47767,989
47768,989
47769,989
47770,989
47771,989
47772,989
47773,989
47774,989
47775,989
47776,989
47777,989
47778,989
47779,989
47780,989
47781,989
47782,989
47783,989
47784,989
47785,989
47786,989
47787,989
47788,989
47789,989
47790,989
47791,989
47792,989
47793,989
47794,989
47795,989
47796,989
47797,989
47798,989
47799,989
47800,989
47801,990
47802,990
47803,990
47804,990
47805,990
47806,990
47807,990
47808,990
47809,990
47810,990
47811,990
47812,990
47813,990
47814,990
47815,990
47816,990
47817,990
47818,990
47819,990
47820,990
47821,990
47822,990
47823,990
47824,990
47825,990
47826,990
47827,990
47828,990
47829,990
47830,990
47831,990
47832,990
47833,990
47834,990
47835,990
47836,990
47837,990
47838,990
47839,990
47840,990
47841,990
47842,990
47843,990
47844,990
47845,990
47846,990
47847,990
47848,990
47849,990
47850,990
47851,990
47852,990
47853,990
47854,990
47855,990
47856,990
47857,990
47858,990
47859,990
47860,990
47861,990
47862,990
47863,990
47864,990
47865,990
47866,990
47867,990
47868,990
47869,990
47870,990
47871,990
47872,990
47873,990
47874,990
47875,990
47876,990
47877,990
47878,990
47879,990
47880,990
47881,990
47882,990
47883,990
47884,990
47885,990
47886,990
47887,990
47888,990
47889,990
47890,990
47891,990
47892,990
47893,990
47894,990
47895,990
47896,990
47897,990
47898,990
47899,990
47900,990
47901,990
47902,990
47903,990
47904,990
47905,990
47906,990
47907,990
47908,990
47909,990
47910,990
47911,990
47912,990
47913,990
47914,990
47915,990
47916,990
47917,990
47918,990
47919,990
47920,990
47921,990
47922,990
47923,990
47924,990
47925,990
47926,990
47927,990
47928,990
47929,990
47930,990
47931,990
47932,990
47933,990
47934,990
47935,990
47936,990
47937,990
47938,990
47939,990
47940,990
47941,990
47942,990
47943,990
47944,990
47945,990
47946,990
47947,990
47948,990
47949,990
47950,990
47951,990
47952,990
47953,990
47954,990
47955,990
47956,990
47957,990
47958,990
47959,990
47960,990
47961,990
47962,990
47963,990
47964,990
47965,990
47966,990
47967,990
47968,990
47969,990
47970,990
47971,990
47972,990
47973,990
47974,990
47975,990
47976,990
47977,990
47978,990
47979,990
47980,990
47981,990
47982,990
47983,990
47984,990
47985,990
47986,990
47987,990
47988,990
47989,990
47990,990
47991,990
47992,990
47993,990
47994,990
47995,990
47996,990
47997,990
47998,990
47999,990
48000,990
48001,991
48002,991
48003,991
48004,991
48005,991
48006,991
48007,991
48008,991
48009,991
48010,991
48011,991
48012,991
48013,991
48014,991
48015,991
48016,991
48017,991
48018,991
48019,991
48020,991
48021,991
48022,991
48023,991
48024,991
48025,991
48026,991
48027,991
48028,991
48029,991
48030,991
48031,991
48032,991
48033,991
48034,991
48035,991
48036,991
48037,991
48038,991
48039,991
48040,991
48041,991
48042,991
48043,991
48044,991
48045,991
48046,991
48047,991
48048,991
48049,991
48050,991
48051,991
48052,991
48053,991
48054,991
48055,991
48056,991
48057,991
48058,991
48059,991
48060,991
48061,991
48062,991
48063,991
48064,991
48065,991
48066,991
48067,991
48068,991
48069,991
48070,991
48071,991
48072,991
48073,991
48074,991
48075,991
48076,991
48077,991
48078,991
48079,991
48080,991
48081,991
48082,991
48083,991
48084,991
48085,991
48086,991
48087,991
48088,991
48089,991
48090,991
48091,991
48092,991
48093,991
48094,991
48095,991
48096,991
48097,991
48098,991
48099,991
48100,991
48101,991
48102,991
48103,991
48104,991
48105,991
48106,991
48107,991
48108,991
48109,991
48110,991
48111,991
48112,991
48113,991
48114,991
48115,991
48116,991
48117,991
48118,991
48119,991
48120,991
48121,991
48122,991
48123,991
48124,991
48125,991
48126,991
48127,991
48128,991
48129,991
48130,991
48131,991
48132,991
48133,991
48134,991
48135,991
48136,991
48137,991
48138,991
48139,991
48140,991
48141,991
48142,991
48143,991
48144,991
48145,991
48146,991
48147,991
48148,991
48149,991
48150,991
48151,991
48152,991
48153,991
48154,991
48155,991
48156,991
48157,991
48158,991
48159,991
48160,991
48161,991
48162,991
48163,991
48164,991
48165,991
48166,991
48167,991
48168,991
48169,991
48170,991
48171,991
48172,991
48173,991
48174,991
48175,991
48176,991
48177,991
48178,991
48179,991
48180,991
48181,991
48182,991
48183,991
48184,991
48185,991
48186,991
48187,991
48188,991
48189,991
48190,991
48191,991
48192,991
48193,991
48194,991
48195,991
48196,991
48197,991
48198,991
48199,991
48200,991
48201,992
48202,992
48203,992
48204,992
48205,992
48206,992
48207,992
48208,992
48209,992
48210,992
48211,992
48212,992
48213,992
48214,992
48215,992
48216,992
48217,992
48218,992
48219,992
48220,992
48221,992
48222,992
48223,992
48224,992
48225,992
48226,992
48227,992
48228,992
48229,992
48230,992
48231,992
48232,992
48233,992
48234,992
48235,992
48236,992
48237,992
48238,992
48239,992
48240,992
48241,992
48242,992
48243,992
48244,992
48245,992
48246,992
48247,992
48248,992
48249,992
48250,992
48251,992
48252,992
48253,992
48254,992
48255,992
48256,992
48257,992
48258,992
48259,992
48260,992
48261,992
48262,992
48263,992
48264,992
48265,992
48266,992
48267,992
48268,992
48269,992
48270,992
48271,992
48272,992
48273,992
48274,992
48275,992
48276,992
48277,992
48278,992
48279,992
48280,992
48281,992
48282,992
48283,992
48284,992
48285,992
48286,992
48287,992
48288,992
48289,992
48290,992
48291,992
48292,992
48293,992
48294,992
48295,992
48296,992
48297,992
48298,992
48299,992
48300,992
48301,992
48302,992
48303,992
48304,992
48305,992
48306,992
48307,992
48308,992
48309,992
48310,992
48311,992
48312,992
48313,992
48314,992
48315,992
48316,992
48317,992
48318,992
48319,992
48320,992
48321,992
48322,992
48323,992
48324,992
48325,992
48326,992
48327,992
48328,992
48329,992
48330,992
48331,992
48332,992
48333,992
48334,992
48335,992
48336,992
48337,992
48338,992
48339,992
48340,992
48341,992
48342,992
48343,992
48344,992
48345,992
48346,992
48347,992
48348,992
48349,992
48350,992
48351,992
48352,992
48353,992
48354,992
48355,992
48356,992
48357,992
48358,992
48359,992
48360,992
48361,992
48362,992
48363,992
48364,992
48365,992
48366,992
48367,992
48368,992
48369,992
48370,992
48371,992
48372,992
48373,992
48374,992
48375,992
48376,992
48377,992
48378,992
48379,992
48380,992
48381,992
48382,992
48383,992
48384,992
48385,992
48386,992
48387,992
48388,992
48389,992
48390,992
48391,992
48392,992
48393,992
48394,992
48395,992
48396,992
48397,992
48398,992
48399,992
48400,992
48401,993
48402,993
48403,993
48404,993
48405,993
48406,993
48407,993
48408,993
48409,993
48410,993
48411,993
48412,993
48413,993
48414,993
48415,993
48416,993
48417,993
48418,993
48419,993
48420,993
48421,993
48422,993
48423,993
48424,993
48425,993
48426,993
48427,993
48428,993
48429,993
48430,993
48431,993
48432,993
48433,993
48434,993
48435,993
48436,993
48437,993
48438,993
48439,993
48440,993
48441,993
48442,993
48443,993
48444,993
48445,993
48446,993
48447,993
48448,993
48449,993
48450,993
48451,993
48452,993
48453,993
48454,993
48455,993
48456,993
48457,993
48458,993
48459,993
48460,993
48461,993
48462,993
48463,993
48464,993
48465,993
48466,993
48467,993
48468,993
48469,993
48470,993
48471,993
48472,993
48473,993
48474,993
48475,993
48476,993
48477,993
48478,993
48479,993
48480,993
48481,993
48482,993
48483,993
48484,993
48485,993
48486,993
48487,993
48488,993
48489,993
48490,993
48491,993
48492,993
48493,993
48494,993
48495,993
48496,993
48497,993
48498,993
48499,993
48500,993
48501,993
48502,993
48503,993
48504,993
48505,993
48506,993
48507,993
48508,993
48509,993
48510,993
48511,993
48512,993
48513,993
48514,993
48515,993
48516,993
48517,993
48518,993
48519,993
48520,993
48521,993
48522,993
48523,993
48524,993
48525,993
48526,993
48527,993
48528,993
48529,993
48530,993
48531,993
48532,993
48533,993
48534,993
48535,993
48536,993
48537,993
48538,993
48539,993
48540,993
48541,993
48542,993
48543,993
48544,993
48545,993
48546,993
48547,993
48548,993
48549,993
48550,993
48551,993
48552,993
48553,993
48554,993
48555,993
48556,993
48557,993
48558,993
48559,993
48560,993
48561,993
48562,993
48563,993
48564,993
48565,993
48566,993
48567,993
48568,993
48569,993
48570,993
48571,993
48572,993
48573,993
48574,993
48575,993
48576,993
48577,993
48578,993
48579,993
48580,993
48581,993
48582,993
48583,993
48584,993
48585,993
48586,993
48587,993
48588,993
48589,993
48590,993
48591,993
48592,993
48593,993
48594,993
48595,993
48596,993
48597,993
48598,993
48599,993
48600,993
48601,994
48602,994
48603,994
48604,994
48605,994
48606,994
48607,994
48608,994
48609,994
48610,994
48611,994
48612,994
48613,994
48614,994
48615,994
48616,994
48617,994
48618,994
48619,994
48620,994
48621,994
48622,994
48623,994
48624,994
48625,994
48626,994
48627,994
48628,994
48629,994
48630,994
48631,994
48632,994
48633,994
48634,994
48635,994
48636,994
48637,994
48638,994
48639,994
48640,994
48641,994
48642,994
48643,994
48644,994
48645,994
48646,994
48647,994
48648,994
48649,994
48650,994
48651,994
48652,994
48653,994
48654,994
48655,994
48656,994
48657,994
48658,994
48659,994
48660,994
48661,994
48662,994
48663,994
48664,994
48665,994
48666,994
48667,994
48668,994
48669,994
48670,994
48671,994
48672,994
48673,994
48674,994
48675,994
48676,994
48677,994
48678,994
48679,994
48680,994
48681,994
48682,994
48683,994
48684,994
48685,994
48686,994
48687,994
48688,994
48689,994
48690,994
48691,994
48692,994
48693,994
48694,994
48695,994
48696,994
48697,994
48698,994
48699,994
48700,994
48701,994
48702,994
48703,994
48704,994
48705,994
48706,994
48707,994
48708,994
48709,994
48710,994
48711,994
48712,994
48713,994
48714,994
48715,994
48716,994
48717,994
48718,994
48719,994
48720,994
48721,994
48722,994
48723,994
48724,994
48725,994
48726,994
48727,994
48728,994
48729,994
48730,994
48731,994
48732,994
48733,994
48734,994
48735,994
48736,994
48737,994
48738,994
48739,994
48740,994
48741,994
48742,994
48743,994
48744,994
48745,994
48746,994
48747,994
48748,994
48749,994
48750,994
48751,994
48752,994
48753,994
48754,994
48755,994
48756,994
48757,994
48758,994
48759,994
48760,994
48761,994
48762,994
48763,994
48764,994
48765,994
48766,994
48767,994
48768,994
48769,994
48770,994
48771,994
48772,994
48773,994
48774,994
48775,994
48776,994
48777,994
48778,994
48779,994
48780,994
48781,994
48782,994
48783,994
48784,994
48785,994
48786,994
48787,994
48788,994
48789,994
48790,994
48791,994
48792,994
48793,994
48794,994
48795,994
48796,994
48797,994
48798,994
48799,994
48800,994
48801,995
48802,995
48803,995
48804,995
48805,995
48806,995
48807,995
48808,995
48809,995
48810,995
48811,995
48812,995
48813,995
48814,995
48815,995
48816,995
48817,995
48818,995
48819,995
48820,995
48821,995
48822,995
48823,995
48824,995
48825,995
48826,995
48827,995
48828,995
48829,995
48830,995
48831,995
48832,995
48833,995
48834,995
48835,995
48836,995
48837,995
48838,995
48839,995
48840,995
48841,995
48842,995
48843,995
48844,995
48845,995
48846,995
48847,995
48848,995
48849,995
48850,995
48851,995
48852,995
48853,995
48854,995
48855,995
48856,995
48857,995
48858,995
48859,995
48860,995
48861,995
48862,995
48863,995
48864,995
48865,995
48866,995
48867,995
48868,995
48869,995
48870,995
48871,995
48872,995
48873,995
48874,995
48875,995
48876,995
48877,995
48878,995
48879,995
48880,995
48881,995
48882,995
48883,995
48884,995
48885,995
48886,995
48887,995
48888,995
48889,995
48890,995
48891,995
48892,995
48893,995
48894,995
48895,995
48896,995
48897,995
48898,995
48899,995
48900,995
48901,995
48902,995
48903,995
48904,995
48905,995
48906,995
48907,995
48908,995
48909,995
48910,995
48911,995
48912,995
48913,995
48914,995
48915,995
48916,995
48917,995
48918,995
48919,995
48920,995
48921,995
48922,995
48923,995
48924,995
48925,995
48926,995
48927,995
48928,995
48929,995
48930,995
48931,995
48932,995
48933,995
48934,995
48935,995
48936,995
48937,995
48938,995
48939,995
48940,995
48941,995
48942,995
48943,995
48944,995
48945,995
48946,995
48947,995
48948,995
48949,995
48950,995
48951,995
48952,995
48953,995
48954,995
48955,995
48956,995
48957,995
48958,995
48959,995
48960,995
48961,995
48962,995
48963,995
48964,995
48965,995
48966,995
48967,995
48968,995
48969,995
48970,995
48971,995
48972,995
48973,995
48974,995
48975,995
48976,995
48977,995
48978,995
48979,995
48980,995
48981,995
48982,995
48983,995
48984,995
48985,995
48986,995
48987,995
48988,995
48989,995
48990,995
48991,995
48992,995
48993,995
48994,995
48995,995
48996,995
48997,995
48998,995
48999,995
49000,995
49001,996
49002,996
49003,996
49004,996
49005,996
49006,996
49007,996
49008,996
49009,996
49010,996
49011,996
49012,996
49013,996
49014,996
49015,996
49016,996
49017,996
49018,996
49019,996
49020,996
49021,996
49022,996
49023,996
49024,996
49025,996
49026,996
49027,996
49028,996
49029,996
49030,996
49031,996
49032,996
49033,996
49034,996
49035,996
49036,996
49037,996
49038,996
49039,996
49040,996
49041,996
49042,996
49043,996
49044,996
49045,996
49046,996
49047,996
49048,996
49049,996
49050,996
49051,996
49052,996
49053,996
49054,996
49055,996
49056,996
49057,996
49058,996
49059,996
49060,996
49061,996
49062,996
49063,996
49064,996
49065,996
49066,996
49067,996
49068,996
49069,996
49070,996
49071,996
49072,996
49073,996
49074,996
49075,996
49076,996
49077,996
49078,996
49079,996
49080,996
49081,996
49082,996
49083,996
49084,996
49085,996
49086,996
49087,996
49088,996
49089,996
49090,996
49091,996
49092,996
49093,996
49094,996
49095,996
49096,996
49097,996
49098,996
49099,996
49100,996
49101,996
49102,996
49103,996
49104,996
49105,996
49106,996
49107,996
49108,996
49109,996
49110,996
49111,996
49112,996
49113,996
49114,996
49115,996
49116,996
49117,996
49118,996
49119,996
49120,996
49121,996
49122,996
49123,996
49124,996
49125,996
49126,996
49127,996
49128,996
49129,996
49130,996
49131,996
49132,996
49133,996
49134,996
49135,996
49136,996
49137,996
49138,996
49139,996
49140,996
49141,996
49142,996
49143,996
49144,996
49145,996
49146,996
49147,996
49148,996
49149,996
49150,996
49151,996
49152,996
49153,996
49154,996
49155,996
49156,996
49157,996
49158,996
49159,996
49160,996
49161,996
49162,996
49163,996
49164,996
49165,996
49166,996
49167,996
49168,996
49169,996
49170,996
49171,996
49172,996
49173,996
49174,996
49175,996
49176,996
49177,996
49178,996
49179,996
49180,996
49181,996
49182,996
49183,996
49184,996
49185,996
49186,996
49187,996
49188,996
49189,996
49190,996
49191,996
49192,996
49193,996
49194,996
49195,996
49196,996
49197,996
49198,996
49199,996
49200,996
49201,997
49202,997
49203,997
49204,997
49205,997
49206,997
49207,997
49208,997
49209,997
49210,997
49211,997
49212,997
49213,997
49214,997
49215,997
49216,997
49217,997
49218,997
49219,997
49220,997
49221,997
49222,997
49223,997
49224,997
49225,997
49226,997
49227,997
49228,997
49229,997
49230,997
49231,997
49232,997
49233,997
49234,997
49235,997
49236,997
49237,997
49238,997
49239,997
49240,997
49241,997
49242,997
49243,997
49244,997
49245,997
49246,997
49247,997
49248,997
49249,997
49250,997
49251,997
49252,997
49253,997
49254,997
49255,997
49256,997
49257,997
49258,997
49259,997
49260,997
49261,997
49262,997
49263,997
49264,997
49265,997
49266,997
49267,997
49268,997
49269,997
49270,997
49271,997
49272,997
49273,997
49274,997
49275,997
49276,997
49277,997
49278,997
49279,997
49280,997
49281,997
49282,997
49283,997
49284,997
49285,997
49286,997
49287,997
49288,997
49289,997
49290,997
49291,997
49292,997
49293,997
49294,997
49295,997
49296,997
49297,997
49298,997
49299,997
49300,997
49301,997
49302,997
49303,997
49304,997
49305,997
49306,997
49307,997
49308,997
49309,997
49310,997
49311,997
49312,997
49313,997
49314,997
49315,997
49316,997
49317,997
49318,997
49319,997
49320,997
49321,997
49322,997
49323,997
49324,997
49325,997
49326,997
49327,997
49328,997
49329,997
49330,997
49331,997
49332,997
49333,997
49334,997
49335,997
49336,997
49337,997
49338,997
49339,997
49340,997
49341,997
49342,997
49343,997
49344,997
49345,997
49346,997
49347,997
49348,997
49349,997
49350,997
49351,997
49352,997
49353,997
49354,997
49355,997
49356,997
49357,997
49358,997
49359,997
49360,997
49361,997
49362,997
49363,997
49364,997
49365,997
49366,997
49367,997
49368,997
49369,997
49370,997
49371,997
49372,997
49373,997
49374,997
49375,997
49376,997
49377,997
49378,997
49379,997
49380,997
49381,997
49382,997
49383,997
49384,997
49385,997
49386,997
49387,997
49388,997
49389,997
49390,997
49391,997
49392,997
49393,997
49394,997
49395,997
49396,997
49397,997
49398,997
49399,997
49400,997
49401,998
49402,998
49403,998
49404,998
49405,998
49406,998
49407,998
49408,998
49409,998
49410,998
49411,998
49412,998
49413,998
49414,998
49415,998
49416,998
49417,998
49418,998
49419,998
49420,998
49421,998
49422,998
49423,998
49424,998
49425,998
49426,998
49427,998
49428,998
49429,998
49430,998
49431,998
49432,998
49433,998
49434,998
49435,998
49436,998
49437,998
49438,998
49439,998
49440,998
49441,998
49442,998
49443,998
49444,998
49445,998
49446,998
49447,998
49448,998
49449,998
49450,998
49451,998
49452,998
49453,998
49454,998
49455,998
49456,998
49457,998
49458,998
49459,998
49460,998
49461,998
49462,998
49463,998
49464,998
49465,998
49466,998
49467,998
49468,998
49469,998
49470,998
49471,998
49472,998
49473,998
49474,998
49475,998
49476,998
49477,998
49478,998
49479,998
49480,998
49481,998
49482,998
49483,998
49484,998
49485,998
49486,998
49487,998
49488,998
49489,998
49490,998
49491,998
49492,998
49493,998
49494,998
49495,998
49496,998
49497,998
49498,998
49499,998
49500,998
49501,998
49502,998
49503,998
49504,998
49505,998
49506,998
49507,998
49508,998
49509,998
49510,998
49511,998
49512,998
49513,998
49514,998
49515,998
49516,998
49517,998
49518,998
49519,998
49520,998
49521,998
49522,998
49523,998
49524,998
49525,998
49526,998
49527,998
49528,998
49529,998
49530,998
49531,998
49532,998
49533,998
49534,998
49535,998
49536,998
49537,998
49538,998
49539,998
49540,998
49541,998
49542,998
49543,998
49544,998
49545,998
49546,998
49547,998
49548,998
49549,998
49550,998
49551,998
49552,998
49553,998
49554,998
49555,998
49556,998
49557,998
49558,998
49559,998
49560,998
49561,998
49562,998
49563,998
49564,998
49565,998
49566,998
49567,998
49568,998
49569,998
49570,998
49571,998
49572,998
49573,998
49574,998
49575,998
49576,998
49577,998
49578,998
49579,998
49580,998
49581,998
49582,998
49583,998
49584,998
49585,998
49586,998
49587,998
49588,998
49589,998
49590,998
49591,998
49592,998
49593,998
49594,998
49595,998
49596,998
49597,998
49598,998
49599,998
49600,998
49601,999
49602,999
49603,999
49604,999
49605,999
49606,999
49607,999
49608,999
49609,999
49610,999
49611,999
49612,999
49613,999
49614,999
49615,999
49616,999
49617,999
49618,999
49619,999
49620,999
49621,999
49622,999
49623,999
49624,999
49625,999
49626,999
49627,999
49628,999
49629,999
49630,999
49631,999
49632,999
49633,999
49634,999
49635,999
49636,999
49637,999
49638,999
49639,999
49640,999
49641,999
49642,999
49643,999
49644,999
49645,999
49646,999
49647,999
49648,999
49649,999
49650,999
49651,999
49652,999
49653,999
49654,999
49655,999
49656,999
49657,999
49658,999
49659,999
49660,999
49661,999
49662,999
49663,999
49664,999
49665,999
49666,999
49667,999
49668,999
49669,999
49670,999
49671,999
49672,999
49673,999
49674,999
49675,999
49676,999
49677,999
49678,999
49679,999
49680,999
49681,999
49682,999
49683,999
49684,999
49685,999
49686,999
49687,999
49688,999
49689,999
49690,999
49691,999
49692,999
49693,999
49694,999
49695,999
49696,999
49697,999
49698,999
49699,999
49700,999
49701,999
49702,999
49703,999
49704,999
49705,999
49706,999
49707,999
49708,999
49709,999
49710,999
49711,999
49712,999
49713,999
49714,999
49715,999
49716,999
49717,999
49718,999
49719,999
49720,999
49721,999
49722,999
49723,999
49724,999
49725,999
49726,999
49727,999
49728,999
49729,999
49730,999
49731,999
49732,999
49733,999
49734,999
49735,999
49736,999
49737,999
49738,999
49739,999
49740,999
49741,999
49742,999
49743,999
49744,999
49745,999
49746,999
49747,999
49748,999
49749,999
49750,999
49751,999
49752,999
49753,999
49754,999
49755,999
49756,999
49757,999
49758,999
49759,999
49760,999
49761,999
49762,999
49763,999
49764,999
49765,999
49766,999
49767,999
49768,999
49769,999
49770,999
49771,999
49772,999
49773,999
49774,999
49775,999
49776,999
49777,999
49778,999
49779,999
49780,999
49781,999
49782,999
49783,999
49784,999
49785,999
49786,999
49787,999
49788,999
49789,999
49790,999
49791,999
49792,999
49793,999
49794,999
49795,999
49796,999
49797,999
49798,999
49799,999
49800,999
49801,1000
49802,1000
49803,1000
49804,1000
49805,1000
49806,1000
49807,1000
49808,1000
49809,1000
49810,1000
49811,1000
49812,1000
49813,1000
49814,1000
49815,1000
49816,1000
49817,1000
49818,1000
49819,1000
49820,1000
49821,1000
49822,1000
49823,1000
49824,1000
49825,1000
49826,1000
49827,1000
49828,1000
49829,1000
49830,1000
49831,1000
49832,1000
49833,1000
49834,1000
49835,1000
49836,1000
49837,1000
49838,1000
49839,1000
49840,1000
49841,1000
49842,1000
49843,1000
49844,1000
49845,1000
49846,1000
49847,1000
49848,1000
49849,1000
49850,1000
49851,1000
49852,1000
49853,1000
49854,1000
49855,1000
49856,1000
49857,1000
49858,1000
49859,1000
49860,1000
49861,1000
49862,1000
49863,1000
49864,1000
49865,1000
49866,1000
49867,1000
49868,1000
49869,1000
49870,1000
49871,1000
49872,1000
49873,1000
49874,1000
49875,1000
49876,1000
49877,1000
49878,1000
49879,1000
49880,1000
49881,1000
49882,1000
49883,1000
49884,1000
49885,1000
49886,1000
49887,1000
49888,1000
49889,1000
49890,1000
49891,1000
49892,1000
49893,1000
49894,1000
49895,1000
49896,1000
49897,1000
49898,1000
49899,1000
49900,1000
49901,1000
49902,1000
49903,1000
49904,1000
49905,1000
49906,1000
49907,1000
49908,1000
49909,1000
49910,1000
49911,1000
49912,1000
49913,1000
49914,1000
49915,1000
49916,1000
49917,1000
49918,1000
49919,1000
49920,1000
49921,1000
49922,1000
49923,1000
49924,1000
49925,1000
49926,1000
49927,1000
49928,1000
49929,1000
49930,1000
49931,1000
49932,1000
49933,1000
49934,1000
49935,1000
49936,1000
49937,1000
49938,1000
49939,1000
49940,1000
49941,1000
49942,1000
49943,1000
49944,1000
49945,1000
49946,1000
49947,1000
49948,1000
49949,1000
49950,1000
49951,1000
49952,1000
49953,1000
49954,1000
49955,1000
49956,1000
49957,1000
49958,1000
49959,1000
49960,1000
49961,1000
49962,1000
49963,1000
49964,1000
49965,1000
49966,1000
49967,1000
49968,1000
49969,1000
49970,1000
49971,1000
49972,1000
49973,1000
49974,1000
49975,1000
49976,1000
49977,1000
49978,1000
49979,1000
49980,1000
49981,1000
49982,1000
49983,1000
49984,1000
49985,1000
49986,1000
49987,1000
49988,1000
49989,1000
49990,1000
49991,1000
49992,1000
49993,1000
49994,1000
49995,1000
49996,1000
49997,1000
49998,1000
49999,1000
50000,1000
