orderId,dishId,quantity
1,33,1
1,30,1
1,31,1
1,32,1
2,31,1
2,33,2
2,29,1
2,28,1
2,30,1
3,32,1
3,44,1
3,30,1
4,33,2
4,28,1
4,30,1
5,31,2
5,32,1
6,3,1
6,32,2
7,29,1
7,28,1
7,31,1
8,32,1
8,28,1
8,27,1
8,46,1
9,42,1
9,33,1
9,31,1
10,33,1
10,30,1
10,28,2
10,29,1
11,32,1
11,30,1
11,28,1
11,33,1
12,26,1
12,30,1
12,32,1
12,31,1
13,28,1
13,29,2
14,29,1
14,31,1
14,30,2
14,28,1
15,29,1
15,32,1
15,33,1
15,30,1
16,28,3
16,29,1
16,30,1
16,43,2
16,48,1
17,49,1
17,31,1
18,29,1
19,30,1
19,17,1
19,33,3
20,29,1
20,33,1
20,28,1
21,3,2
21,8,1
22,7,1
23,1,1
23,12,1
24,4,1
24,1,1
25,7,1
25,1,1
25,36,1
26,19,1
26,4,1
27,1,1
27,4,2
28,9,2
28,6,1
28,29,1
29,9,1
29,6,2
30,2,2
30,6,2
30,27,1
31,5,1
31,3,1
31,26,1
32,9,1
33,5,1
33,7,1
33,28,1
34,3,1
35,1,2
35,2,1
36,2,1
36,8,1
37,33,1
37,37,2
37,7,1
38,7,1
38,2,1
39,5,2
39,1,1
39,6,1
39,3,1
40,17,1
40,32,2
41,18,1
41,19,1
41,29,1
42,19,1
42,5,1
42,10,1
43,34,1
43,29,2
44,18,1
44,19,1
45,18,2
45,34,1
46,18,1
46,59,1
47,29,1
47,34,1
48,27,1
48,19,1
49,18,1
49,31,1
49,34,3
50,29,1
50,19,1
51,34,1
51,25,1
51,18,1
52,34,1
52,29,1
52,19,1
52,54,1
53,18,2
53,29,1
54,18,2
54,29,1
55,29,2
55,19,1
55,48,1
55,18,1
55,34,1
56,29,1
56,5,1
57,29,1
57,32,2
57,19,2
58,34,1
58,18,1
58,29,1
59,37,1
59,44,2
60,19,1
60,29,1
61,22,1
61,24,1
62,23,1
62,24,1
63,41,1
63,23,1
63,25,1
64,23,2
64,25,1
65,24,1
65,33,1
65,25,1
66,23,1
66,24,1
67,59,1
67,23,1
67,24,2
68,22,1
68,24,1
68,25,2
69,25,1
69,23,2
69,22,1
69,26,1
70,3,1
70,23,1
70,22,1
71,2,2
71,22,2
71,46,1
72,23,1
72,24,1
72,22,3
73,22,1
73,24,1
74,22,1
74,28,1
74,23,1
75,23,1
75,39,1
75,22,1
76,8,1
76,58,1
77,22,2
77,23,1
78,22,2
78,46,1
78,23,2
79,25,1
79,22,2
79,24,2
80,24,1
80,23,1
80,22,1
80,25,1
81,46,1
81,25,1
81,24,1
82,24,2
83,6,1
83,25,1
84,22,1
84,25,1
84,23,1
84,10,1
84,24,1
85,22,1
85,25,3
86,25,1
86,55,1
87,22,1
87,25,1
88,24,1
88,23,1
89,24,1
89,23,1
90,44,1
90,22,1
91,23,1
91,37,1
91,24,1
92,37,1
92,24,3
93,25,1
93,24,1
94,25,1
94,23,1
95,24,1
95,23,1
96,23,2
96,25,1
97,23,1
97,21,1
98,24,1
98,25,1
99,23,2
99,9,1
100,22,1
100,25,2
100,24,1
101,25,1
101,24,1
101,23,1
102,22,1
102,20,3
103,75,2
103,11,2
103,24,1
103,20,1
104,23,1
104,74,2
105,26,1
105,74,2
105,35,1
106,22,1
106,74,1
106,21,1
107,2,1
107,23,1
108,20,1
108,75,2
109,22,1
109,75,1
109,25,2
110,24,1
110,25,1
111,25,2
111,24,1
111,22,2
112,25,1
113,22,1
113,20,1
114,48,1
114,23,1
115,21,1
115,24,1
115,25,1
116,22,1
116,23,1
117,37,1
117,24,1
117,74,1
118,75,2
118,22,1
118,35,1
118,57,1
119,15,2
119,21,1
119,75,1
120,25,2
120,23,1
121,36,3
121,11,1
121,15,1
122,13,2
122,15,1
123,48,3
123,14,1
123,17,1
124,11,1
125,10,1
125,15,2
126,10,1
126,13,1
127,11,1
127,15,2
127,14,1
128,13,1
128,15,1
129,56,1
129,11,1
130,16,1
130,14,1
130,11,1
130,13,1
131,10,2
131,11,1
131,13,1
132,12,1
132,15,1
133,14,1
133,12,2
134,15,1
134,16,1
134,10,2
135,15,1
135,11,1
136,16,1
136,7,1
136,12,1
136,14,2
137,12,1
137,16,1
138,12,1
139,14,1
139,10,2
139,16,1
139,39,1
140,15,3
140,12,1
141,70,1
142,64,1
142,66,1
142,62,1
143,60,1
143,57,1
143,65,1
144,5,1
144,62,1
144,70,1
145,69,1
145,64,3
146,68,1
147,57,1
147,12,1
148,70,1
148,60,1
149,54,3
149,62,1
149,45,1
150,69,1
150,65,1
150,56,2
150,58,1
150,53,1
151,60,1
152,70,1
152,64,1
152,57,1
153,60,1
153,70,1
153,57,1
154,10,1
154,64,1
154,65,1
155,68,1
155,59,1
155,66,1
156,64,1
156,51,1
156,56,1
157,60,1
157,65,1
158,62,1
158,58,1
159,57,1
159,38,3
159,65,1
159,7,1
160,61,1
160,57,1
160,70,2
160,68,1
161,57,2
161,58,1
162,18,1
162,57,1
162,60,1
163,60,1
163,57,1
163,58,2
163,59,3
163,41,1
164,60,1
164,59,1
164,57,1
165,59,1
165,60,1
165,10,1
165,57,2
165,20,1
166,3,2
166,59,1
166,40,2
166,58,1
166,57,1
167,58,1
167,56,2
167,28,1
167,22,1
168,59,1
168,49,1
168,58,3
169,5,1
169,58,1
169,59,1
170,57,1
170,58,2
170,44,1
170,56,1
171,60,2
171,59,1
171,57,1
172,18,1
172,58,2
172,59,3
173,4,1
173,57,1
173,56,1
174,32,1
174,28,1
174,59,2
175,57,1
175,56,1
175,11,1
176,56,2
176,60,1
177,59,1
177,4,1
177,56,2
177,60,1
178,34,1
178,4,1
178,56,1
178,8,1
179,9,1
179,60,1
180,36,1
180,8,1
180,58,1
181,51,1
181,78,1
181,79,1
182,77,2
182,78,1
182,51,2
183,34,2
183,74,2
183,31,1
184,72,1
184,80,1
184,56,1
185,79,1
185,80,1
185,58,1
185,77,1
186,72,1
186,80,1
186,75,1
187,80,1
187,18,1
188,44,1
188,73,1
188,78,1
189,71,1
189,20,1
190,76,1
190,77,1
190,4,1
191,72,2
191,12,1
191,76,1
191,43,1
192,75,2
192,15,1
192,78,1
192,77,1
192,49,1
193,71,1
193,74,1
193,9,1
194,74,2
194,80,1
194,72,1
195,79,1
195,75,1
196,75,1
196,58,1
196,19,1
197,79,1
197,58,1
198,72,2
198,75,1
198,74,1
199,79,1
199,71,1
199,13,1
200,80,1
200,76,1
200,74,1
200,78,1
201,24,1
201,20,1
201,75,1
202,74,1
202,20,1
202,25,2
203,24,1
203,21,1
203,23,2
204,15,1
204,75,2
205,74,1
205,24,3
206,11,1
207,75,1
207,23,1
208,75,1
208,25,2
209,23,1
209,22,1
210,25,1
210,21,2
210,75,1
210,22,1
211,23,1
211,25,1
211,22,1
212,53,1
212,24,1
212,23,1
213,23,2
213,25,2
214,23,1
214,22,1
214,24,1
214,25,1
215,20,1
215,23,1
215,74,1
216,75,1
216,24,1
217,60,1
218,24,1
218,20,1
218,46,1
219,75,3
219,25,3
219,11,1
220,23,3
220,53,1
220,74,1
220,21,3
220,22,2
221,4,1
221,7,2
221,2,1
222,5,1
222,9,2
223,9,1
223,52,1
223,53,1
224,7,1
224,6,1
224,4,2
225,7,1
225,3,2
226,5,3
226,9,1
227,1,1
227,45,1
227,9,1
228,20,1
228,8,1
229,2,1
229,43,1
229,47,1
229,6,2
230,9,1
230,5,1
230,2,1
231,60,2
232,6,1
232,50,1
233,1,1
233,13,1
233,3,1
233,2,1
234,9,1
234,6,2
234,8,1
235,2,1
235,4,1
235,7,1
236,3,2
236,4,1
236,2,1
237,14,1
237,7,1
237,48,1
237,8,1
238,6,1
239,55,1
239,9,1
239,44,1
240,2,2
241,9,1
242,20,1
242,4,1
242,9,1
243,7,1
243,5,3
243,6,1
244,2,1
244,4,1
244,1,1
245,4,2
245,6,1
246,3,2
246,2,1
246,4,1
247,9,1
247,2,1
248,1,1
248,4,2
248,9,1
249,2,1
249,5,1
249,49,1
249,8,1
250,4,3
250,6,3
251,5,1
251,7,1
252,28,1
253,1,1
253,9,2
253,5,2
254,5,1
254,8,1
255,42,1
255,25,1
255,7,1
256,2,1
256,1,1
257,6,1
258,2,1
258,4,3
258,3,1
259,1,1
260,6,1
260,2,1
261,66,2
261,43,1
262,67,1
262,62,1
263,53,1
263,52,1
263,9,1
263,68,2
264,53,1
264,55,2
264,58,2
265,1,1
265,68,1
266,53,1
266,56,1
266,8,1
267,66,3
267,24,2
268,67,3
268,55,1
269,59,1
269,31,1
269,51,1
270,70,1
270,63,1
270,62,1
271,46,1
271,18,1
271,59,1
271,66,1
272,68,2
272,57,1
273,59,1
274,57,1
274,63,1
274,51,1
274,60,1
275,65,1
275,61,2
276,4,2
277,69,1
277,62,2
277,14,3
278,66,1
278,64,2
278,12,1
279,52,1
279,53,1
279,59,1
280,61,1
280,54,1
280,63,1
280,67,1
281,37,1
281,23,2
281,55,1
282,23,2
282,12,1
283,23,1
283,25,1
284,24,1
284,10,1
285,12,1
285,23,2
286,24,1
286,23,1
287,24,1
287,23,3
287,22,1
288,22,1
288,3,1
289,24,1
289,23,1
290,23,1
290,25,1
291,24,1
291,25,1
291,49,1
292,25,1
292,6,1
292,27,1
293,10,1
293,24,1
293,25,1
293,8,1
293,22,1
294,23,1
294,25,1
295,25,2
295,43,1
295,24,1
296,40,1
296,46,1
297,22,3
297,24,2
298,22,1
298,23,1
298,24,1
299,25,2
299,21,1
300,27,1
300,1,1
301,60,1
301,35,1
302,10,1
302,57,1
303,59,1
303,45,1
303,60,2
304,58,1
304,38,1
304,56,2
304,60,1
305,34,1
305,57,1
305,59,2
305,60,1
306,59,1
306,55,1
307,58,1
307,26,1
308,59,1
308,56,1
308,60,1
309,60,3
309,58,2
310,57,1
310,56,1
310,59,1
310,60,1
311,32,1
311,59,2
312,58,1
312,60,1
313,60,1
313,56,1
314,17,1
314,26,1
315,59,1
315,56,1
316,55,1
316,58,1
316,40,2
317,23,1
317,56,2
317,58,1
317,59,1
318,56,1
318,57,2
318,59,1
319,60,1
319,58,1
320,57,1
320,59,2
321,67,1
321,68,1
321,69,1
321,29,1
322,35,1
322,36,2
323,67,1
323,69,1
323,68,2
323,70,1
324,69,1
324,70,1
324,67,1
324,36,1
325,69,1
325,36,1
325,67,1
326,70,3
326,36,1
326,46,1
326,21,1
326,69,1
327,35,1
327,68,1
327,69,1
327,36,2
328,14,1
328,70,1
328,36,1
329,35,1
329,68,1
330,36,1
330,70,1
330,67,3
331,70,2
331,18,1
331,67,2
332,67,1
332,36,1
332,35,1
332,70,3
333,68,2
333,2,1
333,35,1
334,70,1
334,6,1
334,69,1
335,18,1
335,67,1
335,69,1
335,70,1
336,68,2
336,36,1
336,70,1
336,69,1
337,69,1
337,67,1
337,35,1
338,35,2
338,69,1
338,36,1
339,70,1
339,68,1
340,70,1
340,69,1
340,67,1
341,37,1
341,34,1
341,19,1
341,18,1
341,50,1
342,18,1
343,29,1
343,19,1
344,29,1
344,5,1
344,23,1
345,19,1
345,34,1
346,29,1
346,42,2
346,19,1
347,19,1
347,29,2
347,18,1
348,34,1
348,29,1
348,18,1
349,38,1
349,19,1
349,29,1
349,34,1
350,18,1
350,34,1
350,19,1
350,29,1
351,34,1
351,18,2
351,19,1
351,12,1
352,19,1
352,29,1
352,18,1
352,23,1
353,18,2
353,29,1
353,47,2
354,19,1
354,18,1
355,29,1
355,19,1
356,19,1
356,18,1
357,29,1
357,50,1
357,18,1
358,17,1
358,19,1
358,29,2
359,4,1
359,18,1
360,11,1
360,34,2
360,18,1
360,19,1
361,67,1
362,67,2
362,69,1
363,69,1
363,68,2
364,68,1
364,69,1
365,21,1
365,67,1
366,69,1
366,67,2
366,36,1
367,68,1
367,69,1
367,35,1
368,35,1
368,67,1
368,69,2
369,36,1
369,67,2
370,35,1
370,68,2
371,48,1
371,36,1
371,70,1
372,67,1
372,26,2
372,68,1
373,69,2
373,36,1
373,56,1
373,68,1
374,36,1
374,35,3
375,68,2
375,36,2
376,68,1
376,35,1
377,68,1
377,35,1
377,14,2
378,69,1
378,70,1
379,70,3
379,68,1
379,67,1
380,35,2
381,41,1
381,38,3
381,42,1
382,37,1
382,42,1
382,41,1
383,39,1
383,37,2
383,40,1
384,58,1
384,41,1
385,39,1
385,42,2
385,37,1
385,41,1
385,38,1
386,37,1
386,38,1
386,30,2
386,59,1
387,41,1
387,38,2
387,12,2
388,41,1
388,39,1
389,34,1
389,39,1
389,46,1
390,40,1
390,42,1
391,41,1
391,37,2
391,34,1
392,42,1
392,41,1
392,40,1
393,57,2
393,40,1
393,39,1
394,40,1
394,39,2
394,15,1
395,38,1
395,40,1
396,56,2
396,37,1
396,39,2
396,42,1
397,39,1
397,50,1
398,42,1
398,41,1
398,38,1
398,37,1
399,40,1
399,41,1
399,39,1
399,43,1
400,6,1
400,38,1
400,39,2
401,29,1
402,13,1
402,32,1
403,31,3
403,29,1
403,28,3
404,31,2
404,33,1
405,33,1
405,31,2
406,28,1
406,31,1
406,56,1
407,28,3
407,33,1
408,31,2
408,29,1
408,30,1
409,28,1
409,30,1
409,29,1
410,32,2
410,30,1
410,31,1
411,29,1
411,28,1
411,32,1
412,32,1
412,54,2
412,31,1
412,30,1
413,30,1
413,32,1
413,31,1
413,43,3
413,28,1
414,28,1
414,47,1
414,32,1
414,50,3
414,30,1
415,29,2
415,31,2
415,24,3
415,33,1
416,31,3
416,21,1
417,31,1
417,39,3
417,34,1
418,33,2
418,28,1
418,31,1
419,28,1
419,31,1
419,29,1
420,30,1
420,32,1
421,77,1
421,79,2
421,72,1
421,80,2
422,25,1
422,78,1
422,79,2
423,50,1
423,79,1
423,13,2
424,40,1
424,76,1
424,72,1
424,59,1
425,72,1
425,74,2
425,77,1
425,71,1
426,77,1
426,78,1
426,73,1
426,74,1
427,74,1
427,6,2
427,29,2
428,73,1
428,46,1
428,75,1
429,75,1
429,77,1
429,72,1
430,80,1
430,21,2
431,79,1
431,74,1
431,80,1
432,77,1
432,78,1
432,72,2
433,9,2
433,74,1
433,75,1
434,7,1
434,72,1
434,2,1
435,78,1
435,31,1
436,71,3
436,72,3
436,76,2
437,78,1
437,74,1
437,53,1
438,76,1
438,56,1
438,78,1
439,73,2
439,27,1
440,38,1
440,74,1
440,71,1
441,50,1
441,18,2
442,55,1
442,19,2
442,29,1
443,18,1
443,34,1
443,29,1
443,5,2
444,19,1
444,29,3
445,34,1
445,19,1
445,29,1
445,18,1
445,26,1
446,29,2
446,34,2
446,38,1
447,34,1
447,19,1
448,18,1
448,53,1
449,18,1
449,19,1
449,21,1
450,19,1
450,18,1
450,35,3
451,19,2
451,29,2
451,54,1
451,34,1
452,19,1
452,29,2
452,34,1
453,18,1
453,29,2
454,19,2
454,8,2
455,34,1
455,29,1
455,19,1
456,47,1
456,29,1
456,55,1
456,18,2
456,19,2
457,29,2
457,34,1
458,29,1
458,19,2
458,18,2
459,17,1
459,34,1
460,19,1
460,29,1
461,22,1
461,13,1
461,43,1
462,16,1
462,39,3
463,12,1
464,12,1
464,11,1
464,16,1
465,16,1
465,29,1
465,10,1
466,15,1
467,13,1
467,10,1
467,12,1
468,15,3
469,15,1
469,12,1
469,31,1
470,15,2
470,10,1
470,14,1
471,12,2
471,11,1
472,16,2
472,13,1
472,11,1
472,10,1
473,15,3
473,10,1
474,14,1
474,12,1
474,15,1
474,10,2
475,11,1
475,12,1
475,15,1
475,16,2
476,14,1
476,10,1
477,10,1
477,14,1
477,53,1
478,14,3
479,14,1
479,12,1
479,59,1
479,15,1
479,43,1
480,13,1
480,14,1
480,15,2
481,18,1
481,29,1
482,18,1
482,19,1
482,29,1
483,27,1
483,10,2
484,29,1
484,19,1
485,34,3
485,60,1
486,29,1
486,19,1
486,37,1
487,19,1
488,55,1
488,34,1
489,34,1
489,29,1
489,19,1
490,34,1
490,51,1
490,18,1
491,19,1
491,40,1
491,29,1
492,29,1
492,19,1
493,34,1
493,19,1
493,29,1
493,27,1
494,29,1
494,25,1
494,34,1
495,3,1
495,34,1
496,29,1
496,34,2
496,31,1
497,16,1
497,29,1
497,19,1
498,19,1
498,34,1
499,19,1
499,18,1
500,19,1
500,18,1
501,4,1
501,2,1
502,59,1
502,9,1
503,1,2
503,7,1
503,4,1
503,9,1
504,8,2
505,28,3
505,1,1
505,6,1
506,40,3
506,59,1
507,5,1
507,7,1
508,2,1
508,5,1
508,9,1
509,8,1
509,1,1
509,2,1
510,1,2
510,5,1
511,59,1
511,4,1
511,24,2
511,30,1
512,3,1
512,9,1
512,4,1
512,1,1
513,7,2
513,9,1
514,57,2
514,4,1
514,31,1
515,2,1
515,45,1
515,3,1
516,5,2
516,4,1
516,7,1
517,3,1
517,4,1
518,3,1
518,20,1
518,7,1
518,9,1
519,7,1
519,6,1
519,4,1
520,29,3
520,8,1
520,4,1
521,23,1
521,20,1
522,25,1
522,24,1
522,20,1
523,75,1
523,52,1
523,23,2
524,74,2
524,22,1
524,21,1
525,20,1
525,24,1
526,75,3
526,57,1
526,41,1
526,42,2
527,25,1
527,74,3
527,23,1
527,53,1
528,24,1
528,22,1
528,20,3
529,75,1
529,21,1
529,74,1
530,24,2
530,21,1
531,22,1
531,24,3
532,20,1
532,21,2
533,75,1
533,14,2
533,74,2
533,45,1
534,22,1
534,75,1
534,21,1
535,21,1
535,22,1
536,22,1
536,74,1
537,75,2
537,24,1
537,74,1
538,74,1
538,55,2
538,21,1
539,55,3
539,2,1
540,49,1
540,31,1
540,20,1
540,34,1
541,63,2
541,66,1
542,66,1
542,65,1
542,62,1
542,59,1
543,59,1
543,14,1
544,66,1
544,24,1
545,66,1
546,11,2
546,65,1
546,61,2
547,65,1
547,30,1
548,63,1
548,8,2
548,62,1
549,17,1
549,61,1
549,65,1
550,64,1
550,61,1
551,63,2
551,62,1
552,62,1
552,63,1
552,35,1
552,27,1
553,61,2
553,63,2
553,33,1
554,8,1
554,3,2
555,62,2
555,63,2
556,61,3
556,63,1
556,65,1
557,65,1
557,18,1
558,60,1
558,59,1
558,63,2
559,63,1
559,57,1
560,65,1
560,23,1
561,1,2
561,6,1
562,58,1
562,23,1
563,4,2
564,7,1
564,2,1
565,3,1
565,8,1
565,4,1
565,5,1
566,1,1
566,6,1
567,17,1
567,3,2
567,2,1
568,58,1
568,6,2
569,2,2
569,7,1
569,5,1
570,9,1
570,8,1
570,14,1
571,6,1
572,7,1
572,4,1
573,8,1
573,5,3
574,9,1
574,14,1
574,57,1
574,8,1
575,6,1
576,8,1
576,5,2
577,9,1
577,2,1
577,29,1
577,12,1
578,55,2
578,6,1
578,7,1
579,4,1
579,6,2
579,3,1
580,24,1
580,2,1
581,76,3
581,75,2
581,38,1
582,11,1
582,80,3
582,76,1
582,77,1
583,14,1
583,73,1
584,76,3
584,78,1
584,41,1
585,80,3
585,71,1
585,77,1
585,75,2
586,74,2
586,36,1
587,72,2
587,71,1
587,77,1
588,74,2
588,75,1
588,80,1
588,71,1
588,79,1
589,71,1
589,73,1
589,51,2
590,76,1
590,77,1
590,51,1
591,76,1
591,74,1
591,78,2
591,24,1
592,75,2
592,80,1
593,71,1
593,23,1
593,74,1
594,74,1
594,28,1
594,76,1
594,73,1
595,71,1
595,37,1
595,74,1
596,75,1
596,19,1
597,74,2
597,72,1
597,18,1
597,73,1
597,80,1
598,38,1
598,73,1
599,25,1
599,72,1
599,75,1
599,80,1
600,8,1
601,31,1
601,75,1
601,79,1
602,74,1
602,75,1
603,76,1
603,50,1
604,57,1
604,74,1
604,78,1
604,20,2
605,45,1
605,80,2
605,73,1
605,78,1
605,46,2
606,72,1
606,37,2
606,78,1
607,71,1
607,77,1
608,80,2
608,74,2
608,79,1
609,41,1
609,73,3
609,71,2
610,80,1
610,71,3
611,72,3
611,71,2
611,80,1
611,75,1
611,79,1
612,72,1
612,80,2
612,44,1
613,71,1
613,77,1
614,73,1
614,79,1
614,71,1
614,72,1
615,78,3
615,74,1
615,80,1
615,79,1
616,75,1
616,39,1
617,50,1
617,80,1
617,20,1
618,74,1
618,76,1
618,21,2
618,77,1
619,72,1
619,55,1
619,75,2
620,30,2
620,80,1
621,60,1
621,59,2
622,58,2
622,15,1
622,57,1
622,59,1
623,15,1
623,56,1
624,56,3
624,60,1
624,57,1
624,41,2
625,60,1
625,23,2
625,58,1
626,56,1
626,53,1
626,57,2
627,58,2
627,59,1
627,53,1
628,24,2
628,6,1
628,30,1
629,26,2
629,59,1
629,56,1
629,34,1
630,58,1
630,57,1
631,58,1
631,59,1
631,34,1
632,46,1
632,57,2
632,58,1
632,21,1
633,58,1
633,59,1
633,56,1
634,57,1
634,60,1
634,56,1
635,56,1
635,59,1
636,58,1
636,56,1
636,59,1
637,56,1
637,58,1
637,60,1
638,58,1
638,57,1
638,3,1
638,52,1
638,56,1
639,60,1
639,56,1
639,59,3
640,56,1
640,50,1
640,60,1
640,46,1
641,13,1
641,12,1
642,13,1
642,15,2
642,30,1
642,10,1
643,11,3
643,44,1
643,12,1
643,13,1
644,15,1
644,13,1
644,10,1
644,58,1
644,27,1
645,12,1
645,14,1
645,11,1
646,10,3
646,24,1
646,12,1
647,21,1
647,11,1
648,58,1
648,16,1
648,11,1
649,11,1
650,13,1
650,15,1
650,19,1
650,16,1
651,13,1
651,39,2
651,11,1
652,16,1
653,17,2
653,14,1
653,10,1
653,13,1
654,10,1
654,12,1
654,11,1
655,12,2
655,21,2
655,13,3
655,10,3
656,11,2
656,36,1
657,11,1
657,13,1
658,11,3
658,14,1
658,10,1
659,11,2
659,12,2
660,8,1
660,12,1
660,15,1
661,74,1
661,80,1
662,78,1
662,75,1
663,9,1
663,71,1
663,74,1
664,78,1
664,79,3
664,12,1
664,71,1
664,45,1
665,75,2
665,74,2
665,77,1
665,73,3
666,75,1
666,71,1
667,74,1
667,24,1
668,71,1
668,76,2
668,78,1
669,78,1
669,27,2
670,75,1
670,76,2
670,59,1
671,8,3
671,60,1
671,80,1
671,71,1
672,75,1
672,73,1
673,77,1
673,78,1
673,79,1
674,73,2
674,80,3
675,73,1
675,17,1
675,76,1
676,80,1
676,73,1
676,78,1
676,74,3
676,52,2
677,79,1
677,75,1
678,80,1
678,75,1
678,74,1
678,78,2
679,71,1
679,80,1
679,77,1
680,75,1
680,72,1
680,33,1
681,14,1
681,7,1
681,4,2
681,3,1
682,2,3
682,44,1
682,6,1
683,2,1
684,7,2
684,41,3
684,1,1
685,2,1
685,6,1
686,8,1
686,60,2
686,6,2
687,9,1
687,5,2
687,8,1
688,8,1
689,2,1
689,10,1
689,41,2
690,4,1
690,8,3
691,8,1
691,2,1
691,9,1
691,4,1
691,3,1
692,4,1
692,2,1
692,1,1
693,2,1
693,1,1
694,18,3
694,38,1
695,2,1
695,5,2
695,14,3
696,9,1
696,8,1
696,4,1
697,3,1
697,28,1
698,2,1
698,3,3
698,6,1
699,8,1
699,3,1
700,4,1
701,71,1
701,79,1
701,73,2
701,80,3
702,72,1
702,74,3
702,34,1
703,5,1
703,78,1
703,71,1
703,75,1
704,71,1
704,73,1
704,74,1
704,78,1
705,8,1
705,72,1
705,77,1
706,72,1
706,54,1
707,71,1
707,78,1
707,74,1
708,72,2
708,78,1
709,79,2
709,77,1
709,78,1
710,14,1
710,72,1
710,75,1
710,80,2
711,71,1
711,73,1
712,80,1
712,73,1
712,77,2
713,78,1
713,73,1
713,56,2
713,74,1
713,59,1
714,71,1
714,22,1
714,73,2
715,7,2
715,72,1
716,75,2
716,15,2
717,73,1
717,75,1
717,72,1
717,71,1
718,23,1
718,71,2
718,8,1
719,80,1
719,76,1
719,38,1
719,79,2
720,58,1
720,79,1
720,52,1
721,23,2
721,22,2
722,22,1
722,75,2
723,25,1
723,24,1
724,20,1
724,48,1
724,75,1
725,43,1
725,20,1
725,22,2
726,23,1
726,26,3
727,21,2
727,24,2
727,22,1
728,20,1
728,21,2
729,52,1
729,25,1
729,20,1
729,2,1
730,25,1
730,40,2
731,21,1
731,36,1
731,17,2
731,74,1
732,23,1
732,21,1
732,24,3
733,23,3
733,22,1
734,23,1
734,22,1
734,24,1
735,22,1
736,74,1
736,22,2
737,28,2
737,53,3
737,74,1
737,24,1
738,25,1
738,75,1
738,20,1
739,20,2
739,25,1
740,75,2
740,60,1
741,3,1
741,39,1
741,7,1
742,2,1
742,5,3
742,22,1
743,2,1
743,8,1
744,3,1
745,4,3
745,2,1
746,2,1
746,58,1
747,16,1
747,1,1
748,5,1
749,9,2
749,5,2
749,7,2
749,1,1
749,36,1
750,7,1
750,8,1
750,1,1
751,5,1
751,1,1
752,12,1
752,5,1
753,1,1
753,2,1
754,2,2
754,12,1
754,16,1
755,7,1
755,2,1
756,6,3
756,9,1
756,8,1
756,1,1
757,58,1
757,9,1
758,34,1
758,2,1
759,29,2
759,2,2
760,8,1
760,58,1
760,31,1
760,11,1
761,21,1
761,15,1
761,24,2
762,21,2
762,23,2
763,74,1
763,40,1
763,25,2
764,20,1
764,25,1
765,20,1
765,25,2
765,51,1
766,75,1
766,24,1
767,22,1
767,75,1
767,54,1
767,21,1
768,21,1
768,75,2
769,23,1
769,5,3
770,9,1
770,21,1
770,25,1
771,25,1
772,28,1
773,25,1
773,20,1
774,25,1
774,23,1
775,25,1
775,21,1
776,75,1
776,23,3
776,25,1
777,11,1
777,24,1
778,74,1
778,22,3
778,21,1
778,10,1
779,53,1
779,21,1
780,2,1
780,21,2
780,22,2
780,43,2
781,56,1
781,59,1
781,60,1
781,57,2
781,58,1
782,35,1
782,57,1
782,60,1
782,19,1
783,56,1
783,59,1
783,57,1
784,57,1
784,56,1
785,57,1
785,54,1
785,58,1
785,59,1
786,50,1
786,60,1
786,31,2
787,56,1
787,60,3
787,59,2
788,58,1
788,60,1
789,57,1
789,60,2
789,7,1
790,59,1
790,58,2
790,60,1
791,57,1
791,60,1
791,6,2
792,5,1
792,58,1
792,56,1
792,57,1
793,60,1
793,57,1
793,16,1
794,58,1
794,57,2
794,59,1
795,58,2
795,56,1
796,60,1
796,59,1
796,56,1
797,59,1
798,56,1
798,59,1
798,26,1
798,60,1
799,56,1
799,60,1
799,27,1
799,57,1
800,56,1
800,59,2
800,1,1
800,32,1
801,45,1
801,15,1
802,15,1
803,11,3
803,10,2
803,9,1
804,12,1
804,14,3
805,15,1
805,12,1
805,13,1
806,15,1
806,13,1
806,10,1
807,13,1
807,14,2
807,23,2
807,11,1
808,10,2
809,16,2
809,10,1
810,11,1
810,16,1
810,15,1
811,11,1
811,13,1
811,15,1
812,10,1
812,14,3
812,11,1
812,12,1
813,11,1
813,14,1
813,15,1
814,10,1
814,11,1
814,16,1
814,13,1
815,16,1
815,11,3
815,33,1
815,54,1
816,11,1
816,29,1
816,56,3
816,13,2
817,15,1
817,14,1
818,39,1
818,13,1
819,13,1
819,54,2
819,12,1
820,56,1
820,11,2
821,65,2
821,63,1
822,63,1
822,64,1
822,61,1
823,61,1
823,66,1
823,37,1
823,45,1
824,61,1
824,64,1
824,66,3
824,63,1
825,44,1
825,62,1
826,61,1
826,65,1
827,61,1
827,62,1
827,64,1
827,63,1
828,62,1
828,63,2
829,62,1
829,64,2
829,65,1
830,46,1
830,61,1
830,64,1
831,62,2
831,27,2
832,66,1
832,64,1
832,62,1
833,61,1
833,56,1
834,65,1
834,63,1
834,64,2
834,62,1
835,64,1
835,35,1
835,65,2
836,63,1
836,64,1
837,61,1
837,57,1
838,65,1
838,64,1
839,65,2
840,65,1
840,34,1
840,62,1
841,27,1
841,19,1
841,29,2
842,29,1
842,53,1
842,34,1
842,18,2
843,29,1
843,34,1
844,19,2
845,29,1
845,19,1
846,18,1
846,19,1
846,34,2
847,47,1
847,50,1
847,34,3
848,18,1
848,29,1
848,19,1
849,18,1
849,25,1
849,29,1
850,19,1
850,29,1
850,18,2
851,18,1
851,37,1
851,34,1
852,29,1
852,34,3
853,29,1
853,18,2
853,19,2
854,34,1
854,19,1
854,47,1
855,45,1
855,18,1
855,23,1
856,58,1
856,19,1
856,29,2
857,34,1
857,29,2
857,15,1
857,19,1
857,11,1
858,19,1
858,18,1
858,29,1
859,19,1
859,37,1
859,18,1
860,18,3
860,34,1
860,19,1
861,64,1
861,62,2
861,9,1
862,42,3
862,55,1
862,33,1
863,14,1
863,20,1
863,63,1
864,70,1
864,66,1
865,61,1
866,6,1
866,60,1
867,58,1
867,56,3
867,59,2
868,67,1
868,59,1
868,69,2
868,53,1
869,53,1
869,63,1
869,70,1
869,69,1
869,25,2
870,68,3
870,60,1
871,60,1
871,2,1
871,67,1
871,63,3
872,67,1
872,52,1
873,70,1
873,61,2
873,68,2
873,30,1
874,53,2
874,62,1
875,66,1
875,51,1
875,52,1
876,33,1
876,23,1
877,61,1
877,59,2
878,50,1
878,69,1
878,55,1
878,59,1
879,10,1
879,55,1
879,63,1
880,65,1
880,33,1
881,13,1
881,15,1
882,13,1
882,15,1
882,11,1
883,10,1
883,55,1
883,13,3
884,15,1
884,12,1
884,48,1
884,10,1
885,10,1
885,13,1
885,40,2
886,60,1
886,10,1
886,12,1
887,14,2
887,12,1
887,13,1
888,14,1
889,12,1
890,23,1
890,10,1
891,16,1
892,51,2
892,12,1
892,14,1
893,11,1
893,13,1
893,12,1
894,12,1
894,48,1
894,10,1
895,15,1
895,14,1
896,13,1
896,10,1
897,11,1
897,15,1
898,15,3
898,11,1
898,43,1
899,13,2
899,12,2
899,36,1
900,47,1
900,12,1
901,18,1
901,19,1
901,46,1
902,19,2
902,34,1
902,18,1
903,34,2
903,18,1
904,18,3
904,34,1
904,45,1
904,19,2
905,29,3
905,6,1
905,18,1
906,19,2
906,29,2
906,34,1
907,19,2
908,29,1
908,34,1
909,18,1
910,29,1
910,18,1
910,19,1
911,19,1
912,29,1
912,20,1
912,19,1
913,19,1
913,18,1
913,34,2
914,29,3
914,18,1
915,18,1
915,34,1
915,29,1
915,32,1
916,34,1
916,18,1
917,50,1
917,29,1
917,44,3
917,19,1
917,18,1
918,18,1
918,34,1
918,29,1
919,34,2
919,23,2
919,19,1
920,19,1
920,12,1
921,57,1
921,39,1
921,59,2
922,58,1
922,48,3
923,57,1
923,56,2
923,60,1
923,58,1
924,57,1
924,52,1
924,59,1
925,57,2
925,58,2
925,60,1
925,59,2
926,60,1
926,57,1
927,20,1
927,56,1
928,58,1
928,18,1
929,37,1
929,35,1
930,56,1
930,59,2
931,60,1
931,56,2
931,58,1
931,59,1
932,60,1
932,56,1
933,58,1
933,59,1
933,60,1
934,59,1
934,58,1
934,60,1
935,24,2
935,58,2
935,57,1
936,60,1
936,23,1
937,57,1
937,60,1
937,44,1
937,1,2
938,58,1
938,60,1
939,57,1
939,59,1
940,56,1
940,60,1
941,70,1
941,68,1
942,5,1
942,69,1
943,36,1
944,67,1
944,56,1
945,57,1
945,70,1
946,26,1
946,69,1
946,68,1
947,67,1
947,56,1
947,35,1
947,13,1
948,68,1
948,36,1
948,69,1
949,69,1
949,3,1
949,70,2
950,69,1
950,70,1
950,37,1
950,68,1
951,26,1
951,68,2
951,2,1
952,40,1
952,68,2
952,36,1
952,35,1
953,7,1
953,36,1
954,68,1
954,35,1
955,35,2
955,25,1
956,68,1
956,70,1
957,68,1
957,67,3
958,68,1
958,36,1
959,35,2
959,67,1
960,67,1
960,35,2
961,61,2
961,35,1
961,65,1
962,62,1
962,61,2
963,65,1
963,63,1
964,3,1
964,62,1
965,66,1
965,36,1
965,63,1
965,61,1
966,36,1
966,64,1
967,63,3
967,66,2
968,20,2
968,64,1
969,65,2
969,63,1
970,64,1
970,8,1
970,62,1
970,30,1
971,22,1
971,64,1
972,62,1
972,65,1
972,54,1
973,64,1
973,11,2
973,65,1
973,66,2
974,66,3
974,64,1
974,32,1
975,45,3
975,65,1
975,63,1
976,11,2
976,65,1
977,64,1
977,63,1
977,5,1
978,66,2
978,61,1
978,22,1
979,64,1
979,66,1
980,62,1
980,63,1
980,61,1
981,34,1
981,29,1
981,19,1
982,57,1
982,29,1
982,34,1
983,29,1
983,19,1
984,50,1
984,18,1
984,34,1
985,34,1
985,29,1
986,18,1
986,29,1
987,29,1
988,15,1
988,35,1
989,18,1
989,19,1
990,19,2
990,54,1
990,34,1
990,18,1
991,34,1
991,18,1
992,29,1
992,18,1
992,14,1
993,19,1
993,34,1
994,34,2
994,19,1
994,29,1
995,34,1
995,31,1
995,29,2
995,57,1
995,18,1
996,34,1
996,29,1
996,19,1
997,34,1
997,29,1
998,19,1
998,14,2
998,29,1
999,26,1
999,34,1
999,29,1
1000,19,1
1000,29,1
1000,11,1
1001,26,1
1001,63,1
1002,64,1
1002,65,1
1002,66,1
1002,63,1
1003,66,1
1003,64,1
1003,65,3
1004,52,1
1004,63,2
1004,41,1
1005,7,1
1005,63,2
1005,61,1
1005,21,2
1006,62,3
1006,61,1
1007,63,1
1007,65,1
1007,66,1
1007,61,2
1008,61,1
1008,49,1
1008,64,1
1009,65,1
1009,61,1
1009,66,1
1010,61,2
1010,26,3
1011,63,1
1011,61,1
1012,65,1
1012,61,1
1012,3,2
1012,6,1
1013,66,3
1013,62,2
1013,64,2
1014,63,1
1014,61,1
1015,63,1
1015,62,1
1015,64,1
1016,62,1
1016,32,3
1017,66,1
1017,62,2
1017,17,1
1018,41,2
1018,63,2
1018,62,1
1019,61,1
1019,65,1
1019,34,1
1020,66,1
1020,65,1
1020,51,1
1020,61,2
1021,66,1
1021,63,2
1021,65,1
1022,51,1
1022,59,1
1023,59,1
1023,57,1
1023,60,1
1024,32,1
1024,55,1
1024,52,2
1025,67,2
1025,52,2
1026,52,2
1026,51,1
1027,51,1
1027,63,1
1028,52,2
1028,70,1
1028,11,1
1028,64,1
1028,58,2
1029,69,1
1029,63,1
1029,58,1
1030,62,2
1030,69,1
1030,25,1
1030,32,2
1031,66,1
1031,67,3
1032,61,1
1032,51,1
1032,56,1
1032,55,1
1033,12,3
1033,53,2
1033,51,1
1033,55,2
1034,53,1
1034,60,1
1034,63,1
1035,42,2
1035,3,3
1035,62,2
1036,68,1
1036,65,1
1037,55,1
1037,57,1
1037,52,3
1038,57,2
1038,58,1
1038,53,1
1038,70,3
1038,34,1
1039,59,2
1040,68,1
1040,57,1
1040,53,1
1041,7,1
1041,4,1
1041,9,1
1042,5,1
1042,52,1
1042,8,1
1043,3,3
1043,6,1
1044,1,1
1044,6,2
1045,5,1
1045,37,3
1045,40,1
1046,5,2
1046,6,1
1047,1,1
1047,6,1
1047,2,1
1047,29,1
1048,4,1
1048,2,1
1049,7,1
1049,9,1
1049,6,1
1050,7,3
1050,5,1
1051,5,2
1051,7,1
1052,40,1
1052,5,2
1053,5,1
1053,1,1
1054,8,1
1054,2,1
1054,5,1
1055,13,1
1055,2,1
1056,2,1
1056,8,1
1057,2,2
1057,6,2
1058,8,1
1058,1,1
1059,7,1
1059,5,2
1059,8,1
1060,5,1
1060,2,1
1061,56,1
1061,24,1
1061,22,1
1062,44,1
1062,25,1
1062,21,1
1062,20,1
1063,75,1
1063,23,1
1063,74,1
1063,22,1
1063,8,1
1064,25,1
1064,23,1
1064,75,1
1064,21,1
1065,30,1
1065,52,2
1065,25,1
1066,74,1
1066,75,1
1067,20,1
1067,23,2
1067,74,1
1067,25,1
1068,43,1
1068,25,1
1068,24,1
1068,29,1
1069,20,1
1069,23,1
1069,24,2
1070,75,1
1070,54,2
1071,25,1
1072,23,1
1072,24,1
1073,20,2
1073,24,1
1073,75,2
1073,74,1
1074,23,1
1074,74,2
1074,75,2
1075,21,2
1075,20,1
1075,22,1
1076,20,1
1076,54,1
1077,22,1
1077,39,2
1077,75,1
1078,75,2
1078,23,1
1079,74,1
1079,21,3
1080,20,1
1080,24,1
1080,25,1
1080,21,1
1081,29,1
1081,30,1
1082,33,2
1082,30,1
1083,33,1
1083,31,1
1084,4,2
1084,30,1
1084,32,2
1084,33,3
1084,29,1
1085,29,1
1085,33,1
1085,30,1
1086,31,1
1086,28,2
1087,32,1
1087,28,1
1087,20,1
1088,33,2
1088,15,2
1088,28,3
1089,28,1
1089,33,1
1090,28,1
1090,33,1
1091,30,1
1091,57,3
1091,29,1
1092,30,1
1092,28,1
1092,32,2
1093,29,1
1093,33,1
1093,30,3
1094,28,1
1094,33,1
1094,30,1
1095,30,1
1095,15,1
1095,31,2
1096,33,1
1096,32,1
1096,29,1
1096,6,1
1097,32,1
1097,29,1
1098,33,2
1098,28,1
1098,31,1
1098,29,1
1098,60,1
1099,33,2
1099,30,1
1099,31,1
1099,29,1
1100,30,1
1100,41,1
1100,32,3
1100,19,2
1101,8,1
1102,9,2
1102,3,2
1103,3,2
1104,7,1
1104,3,2
1104,8,2
1105,15,1
1105,7,1
1106,8,1
1106,7,1
1106,6,1
1106,54,2
1106,35,1
1107,5,1
1107,6,1
1107,3,1
1107,1,1
1108,7,1
1108,8,1
1108,6,1
1109,36,1
1109,2,2
1110,9,3
1110,4,1
1110,21,1
1111,7,3
1112,4,1
1112,9,1
1113,21,2
1113,2,1
1114,11,2
1114,2,1
1114,7,2
1115,3,1
1115,2,1
1115,7,1
1116,19,1
1116,16,1
1116,56,1
1116,1,1
1116,2,1
1117,9,1
1117,8,2
1118,2,1
1118,3,1
1118,4,1
1119,3,1
1119,1,1
1120,4,1
1120,8,1
1120,26,3
1121,57,1
1121,56,1
1121,26,1
1122,56,1
1122,60,1
1122,33,1
1123,58,1
1123,57,1
1123,56,1
1124,59,2
1124,58,1
1124,20,1
1124,60,1
1125,56,2
1125,57,1
1126,46,1
1126,59,1
1126,57,1
1127,49,2
1127,58,1
1127,56,1
1127,59,1
1128,57,1
1128,56,1
1129,58,1
1129,56,1
1130,59,1
1130,57,1
1131,33,2
1131,56,1
1131,57,1
1132,56,1
1132,57,1
1133,58,3
1133,57,1
1134,58,2
1134,13,2
1135,57,1
1135,60,2
1136,60,2
1136,57,1
1137,60,1
1137,24,2
1137,59,1
1138,57,2
1138,56,1
1138,58,1
1139,59,1
1139,60,2
1139,56,1
1139,58,1
1140,57,3
1140,58,1
1140,31,1
1140,29,1
1141,44,1
1141,5,1
1142,5,3
1142,27,1
1143,8,1
1143,44,1
1143,1,1
1144,6,1
1144,4,1
1144,5,1
1145,4,2
1145,8,1
1145,46,2
1146,16,1
1146,8,2
1146,3,1
1147,1,1
1147,7,1
1147,3,1
1148,5,2
1148,30,1
1149,3,1
1149,5,1
1149,1,1
1149,37,1
1150,9,1
1150,5,1
1150,2,3
1151,4,1
1151,3,1
1151,6,1
1151,1,1
1152,59,1
1152,10,2
1153,41,1
1153,22,1
1154,5,2
1154,3,1
1155,7,1
1155,1,2
1155,9,3
1156,5,1
1156,6,2
1156,2,1
1157,3,1
1157,53,1
1158,3,1
1158,5,1
1159,33,1
1159,8,1
1160,1,2
1160,45,1
1160,9,1
1160,25,1
1161,65,2
1161,64,1
1161,62,1
1162,66,2
1162,65,3
1163,62,1
1164,21,1
1164,62,1
1165,62,2
1165,66,1
1165,26,1
1166,63,1
1166,62,1
1167,65,3
1167,66,1
1168,66,1
1168,61,2
1168,64,1
1169,13,2
1169,66,1
1169,64,2
1170,61,2
1170,63,1
1171,64,1
1171,65,1
1171,61,1
1172,19,1
1172,63,1
1173,62,1
1173,61,1
1174,65,1
1174,66,1
1174,64,1
1175,66,1
1175,65,1
1175,64,1
1176,66,1
1176,64,1
1177,63,1
1177,62,1
1177,61,1
1178,63,1
1178,47,2
1178,66,2
1179,62,1
1179,66,2
1179,36,1
1180,65,1
1180,63,1
1180,61,1
1181,8,1
1181,30,3
1182,8,1
1182,7,1
1183,51,1
1183,9,1
1184,3,1
1184,7,1
1184,4,1
1185,8,1
1185,3,1
1186,7,2
1186,6,1
1187,27,1
1188,3,1
1188,7,1
1188,8,2
1188,4,1
1189,9,1
1189,5,1
1189,30,1
1190,14,1
1190,8,1
1191,2,1
1191,9,1
1191,4,1
1192,4,1
1192,6,1
1193,9,1
1193,5,1
1193,4,2
1194,2,2
1194,8,1
1194,12,1
1195,17,1
1195,8,1
1196,5,1
1197,5,1
1197,4,1
1197,1,1
1198,3,3
1198,6,1
1198,2,1
1199,9,1
1199,3,1
1199,5,1
1200,8,1
1200,7,1
1201,31,1
1201,28,1
1201,33,2
1202,28,1
1202,40,2
1203,29,1
1203,33,1
1203,31,1
1204,32,1
1204,33,1
1204,20,1
1205,31,1
1205,30,1
1206,28,1
1206,29,2
1206,33,1
1206,44,2
1207,29,1
1207,33,1
1208,33,1
1208,28,1
1209,6,1
1209,5,1
1210,30,1
1210,22,2
1211,59,1
1212,31,1
1212,28,2
1212,33,1
1213,48,2
1213,33,1
1213,57,1
1213,54,1
1214,30,1
1214,21,1
1215,32,1
1215,14,1
1216,31,1
1216,32,1
1217,28,3
1217,33,2
1217,31,1
1218,32,1
1218,30,1
1218,28,1
1219,31,1
1219,28,2
1219,52,1
1220,30,3
1220,29,1
1221,70,2
1221,67,1
1221,69,2
1222,70,2
1222,69,1
1222,67,1
1222,36,1
1223,70,1
1223,69,1
1223,35,1
1224,68,1
1224,36,3
1225,68,2
1225,35,1
1226,36,2
1226,35,1
1227,36,1
1227,21,1
1228,8,1
1228,35,1
1228,36,1
1229,49,1
1229,68,1
1229,35,3
1230,42,1
1230,57,1
1231,69,1
1231,41,1
1231,70,1
1232,40,1
1232,36,1
1232,67,1
1233,35,1
1233,36,1
1234,67,1
1234,36,1
1235,35,2
1235,70,1
1235,67,2
1236,69,1
1236,70,1
1236,67,2
1237,68,1
1237,45,1
1237,46,1
1237,35,1
1237,25,1
1238,69,1
1238,17,1
1239,36,1
1239,3,1
1239,47,2
1240,69,1
1240,36,1
1240,67,2
1241,16,3
1241,13,1
1241,11,2
1242,55,1
1242,25,2
1242,11,2
1242,10,1
1243,13,1
1243,10,1
1244,14,1
1244,11,1
1245,16,2
1245,12,1
1245,15,1
1246,32,1
1246,17,1
1247,15,1
1247,54,1
1247,13,2
1248,15,1
1249,15,1
1249,32,1
1249,14,1
1250,13,2
1250,14,1
1251,14,2
1251,16,1
1251,11,1
1251,10,1
1251,12,1
1252,13,1
1252,12,1
1252,16,1
1253,11,1
1253,39,2
1253,10,1
1254,10,1
1254,14,1
1255,13,1
1255,12,2
1255,14,1
1256,14,1
1256,12,1
1257,10,1
1257,12,1
1258,15,2
1258,11,1
1259,54,1
1259,11,1
1259,13,1
1260,10,1
1260,13,1
1260,41,1
1260,16,1
1260,2,1
1261,37,1
1261,42,1
1261,39,2
1262,38,1
1262,6,1
1263,33,3
1263,40,1
1263,37,1
1263,14,1
1263,38,1
1264,40,1
1264,38,1
1264,50,1
1264,37,1
1265,42,3
1265,41,1
1265,56,1
1266,38,1
1266,41,1
1266,37,2
1266,39,2
1267,40,2
1267,38,1
1267,39,3
1268,42,2
1268,39,1
1268,24,1
1269,37,1
1269,38,1
1269,53,1
1270,40,3
1270,39,1
1270,41,1
1271,39,1
1271,42,1
1271,51,2
1271,44,1
1272,41,2
1272,18,2
1273,41,1
1273,42,1
1273,38,1
1273,40,1
1274,37,1
1274,38,1
1274,42,1
1275,37,1
1275,14,1
1276,41,1
1276,42,1
1276,37,1
1276,38,3
1277,48,1
1277,42,3
1277,38,1
1278,38,1
1278,40,2
1278,37,1
1278,25,1
1279,37,1
1279,40,1
1279,39,1
1280,41,1
1280,42,1
1280,39,1
1280,37,1
1280,16,2
1281,2,1
1281,6,1
1282,29,1
1282,5,1
1282,3,1
1283,9,1
1283,8,1
1283,7,2
1284,8,1
1284,3,1
1285,9,3
1285,7,2
1285,6,1
1285,8,1
1286,4,1
1286,3,1
1286,1,1
1287,11,2
1287,3,1
1287,2,1
1288,9,2
1288,5,1
1289,2,1
1289,28,1
1289,9,1
1290,3,1
1290,9,1
1290,33,3
1291,42,1
1291,3,2
1292,8,1
1293,5,2
1293,7,1
1294,7,1
1294,4,1
1294,19,1
1294,3,2
1295,2,1
1295,1,1
1295,7,1
1295,4,1
1296,3,1
1296,39,2
1296,5,1
1296,7,1
1297,9,1
1297,8,1
1298,8,1
1298,4,1
1299,7,1
1300,8,2
1300,7,1
1300,21,3
1301,3,1
1301,2,1
1301,6,1
1302,4,1
1303,4,1
1303,6,1
1303,5,1
1304,13,1
1305,8,1
1306,2,1
1306,6,2
1306,8,1
1306,1,1
1307,27,1
1307,8,1
1307,32,1
1307,7,1
1308,5,1
1309,9,1
1310,17,1
1310,53,1
1311,8,1
1312,48,1
1312,44,1
1313,6,2
1313,3,3
1313,7,1
1314,5,3
1315,3,1
1315,54,2
1315,6,1
1316,7,1
1316,1,1
1316,8,1
1317,9,1
1317,7,1
1318,1,1
1319,35,1
1319,3,1
1319,6,1
1320,48,1
1320,6,2
1321,19,1
1321,18,1
1321,34,1
1322,29,1
1322,19,1
1322,34,3
1323,18,1
1324,34,1
1324,18,1
1324,55,1
1325,34,1
1325,29,1
1326,34,1
1326,29,1
1326,19,1
1327,19,1
1327,29,1
1327,34,1
1328,29,1
1328,59,1
1328,34,1
1328,19,1
1329,58,1
1329,31,2
1329,34,1
1330,29,1
1330,18,1
1330,19,1
1330,52,1
1331,19,1
1331,34,1
1331,18,1
1332,57,2
1332,36,1
1332,19,1
1332,18,1
1333,19,3
1333,52,2
1334,52,1
1334,29,1
1334,31,2
1335,18,1
1335,19,1
1336,34,3
1336,29,1
1337,19,1
1337,33,1
1337,29,1
1337,34,1
1338,34,1
1338,1,2
1338,19,1
1338,18,1
1338,24,1
1339,18,1
1339,34,1
1340,34,1
1340,18,3
1340,29,1
1340,19,1
1341,3,1
1341,29,1
1341,33,2
1341,28,2
1342,52,1
1342,31,1
1342,33,1
1343,30,1
1343,32,2
1344,33,2
1344,30,3
1345,31,1
1345,29,1
1346,28,1
1346,33,1
1346,29,1
1347,30,1
1348,32,1
1348,31,1
1348,33,2
1348,41,1
1348,29,1
1349,29,1
1349,18,1
1350,3,1
1350,30,1
1351,29,1
1352,31,1
1352,55,1
1353,39,1
1353,31,1
1353,30,1
1354,31,1
1354,26,1
1354,28,1
1355,31,1
1355,33,2
1355,29,2
1356,29,1
1356,41,1
1356,30,2
1357,3,2
1357,33,1
1357,32,1
1357,25,1
1358,44,1
1358,30,1
1358,28,1
1359,30,2
1359,29,1
1360,31,2
1360,53,2
1360,39,1
1360,32,1
1361,56,2
1361,59,1
1362,58,1
1362,57,1
1362,56,1
1362,59,2
1363,60,1
1363,57,1
1363,7,1
1364,59,1
1365,58,1
1365,57,1
1365,56,2
1365,59,1
1366,60,1
1366,57,1
1366,56,1
1367,60,1
1367,56,1
1367,58,1
1367,59,1
1367,30,1
1368,60,1
1368,57,1
1368,59,1
1368,56,1
1369,58,1
1369,59,1
1370,59,1
1370,60,1
1371,56,1
1371,30,1
1371,44,1
1371,58,1
1372,57,1
1372,58,1
1372,60,1
1373,56,1
1373,58,1
1373,13,1
1374,54,1
1374,56,1
1374,57,1
1374,12,1
1375,56,1
1375,59,1
1376,37,2
1376,57,1
1376,56,1
1377,59,2
1377,60,1
1377,50,1
1377,15,1
1378,56,1
1378,60,1
1379,58,1
1379,51,1
1379,57,1
1380,58,1
1380,56,1
1381,19,1
1382,18,3
1382,29,1
1383,29,1
1383,33,1
1383,18,1
1383,19,1
1383,56,1
1384,19,1
1384,18,3
1385,29,1
1385,18,1
1385,19,1
1385,60,1
1386,18,3
1387,34,1
1387,29,1
1387,38,1
1388,29,1
1388,14,2
1388,19,1
1388,18,1
1388,34,1
1389,19,1
1389,18,1
1389,42,1
1390,34,1
1390,18,1
1391,18,1
1391,19,1
1392,34,1
1392,18,1
1392,19,1
1392,29,1
1393,54,1
1393,18,1
1393,19,1
1394,18,1
1394,34,1
1394,25,1
1395,34,1
1395,19,3
1395,29,1
1396,19,1
1396,34,1
1396,33,1
1396,18,1
1397,34,1
1397,3,1
1398,14,1
1399,34,1
1399,19,1
1400,29,1
1400,34,1
1400,35,1
1400,52,2
1400,56,1
1401,51,1
1401,80,1
1401,76,1
1401,73,1
1402,56,3
1402,50,1
1403,73,1
1403,72,3
1403,74,1
1403,78,1
1404,77,1
1404,79,1
1404,71,1
1404,59,2
1405,72,1
1405,77,1
1405,76,1
1405,74,1
1406,74,1
1406,79,1
1406,73,3
1406,72,1
1407,80,1
1407,73,1
1407,59,1
1407,75,1
1408,79,1
1408,76,2
1408,74,2
1409,80,2
1409,78,1
1409,74,3
1410,74,1
1410,77,1
1410,80,1
1411,72,3
1411,78,1
1411,75,2
1412,29,1
1412,76,1
1413,79,1
1413,78,2
1413,76,1
1414,77,1
1414,74,1
1414,76,1
1414,20,1
1415,76,1
1415,77,1
1415,5,1
1416,75,1
1416,80,1
1416,76,3
1416,71,1
1417,77,1
1417,75,2
1417,71,1
1418,78,1
1418,77,1
1419,73,1
1419,78,2
1420,80,1
1420,35,1
1421,63,1
1421,36,1
1422,62,1
1422,63,1
1422,55,1
1422,54,1
1423,61,1
1423,58,3
1423,62,1
1424,66,3
1424,33,1
1424,59,1
1425,64,2
1425,59,1
1426,63,1
1426,62,1
1427,33,1
1427,53,1
1427,66,1
1427,61,1
1427,63,3
1428,62,1
1428,24,1
1428,64,1
1429,65,1
1429,64,2
1429,63,1
1430,43,1
1430,62,1
1430,19,1
1431,64,1
1431,65,2
1432,63,3
1432,31,2
1432,65,1
1433,65,1
1433,66,1
1433,61,1
1433,62,1
1434,11,1
1434,63,1
1435,49,1
1435,63,1
1436,64,1
1436,61,1
1437,64,1
1438,61,1
1438,66,1
1438,23,1
1439,62,1
1439,61,1
1439,63,1
1439,65,2
1440,55,1
1440,62,1
1440,64,1
1440,63,1
1440,65,1
1441,29,3
1441,18,2
1441,19,1
1441,34,1
1442,34,2
1442,29,1
1442,18,1
1442,19,3
1443,33,1
1443,18,1
1443,29,1
1444,29,1
1444,19,1
1445,18,1
1445,19,2
1445,30,2
1445,6,1
1446,29,1
1446,50,1
1447,29,1
1447,7,1
1448,19,1
1448,29,1
1449,34,1
1449,48,1
1449,18,1
1450,29,1
1450,33,1
1450,34,1
1451,19,2
1451,34,1
1451,29,1
1452,18,1
1452,38,1
1452,28,1
1453,59,2
1453,4,2
1453,34,1
1454,34,1
1454,29,1
1455,29,1
1456,19,2
1456,37,1
1456,33,1
1457,34,1
1457,18,1
1457,29,1
1457,19,1
1458,19,1
1458,17,1
1458,34,3
1458,15,1
1459,18,1
1459,34,1
1459,40,3
1459,17,1
1460,18,3
1461,57,1
1461,56,2
1461,58,1
1461,16,2
1462,59,2
1462,57,1
1462,42,2
1463,59,1
1463,56,1
1463,58,1
1463,60,1
1463,57,2
1464,60,1
1464,19,1
1465,10,1
1465,32,2
1466,56,2
1466,59,3
1466,60,1
1466,58,1
1467,56,2
1467,59,1
1468,59,2
1469,60,1
1469,58,1
1469,59,1
1469,56,1
1469,57,2
1470,57,2
1470,60,1
1471,59,1
1472,56,3
1472,18,1
1473,33,1
1473,57,1
1473,43,1
1473,60,1
1474,56,1
1474,59,2
1474,58,1
1474,44,1
1475,11,1
1475,60,1
1475,56,2
1475,59,1
1476,19,1
1476,60,1
1477,54,1
1477,56,2
1477,60,1
1477,58,1
1477,59,1
1478,49,2
1478,56,1
1478,58,1
1479,60,1
1479,57,2
1479,59,1
1479,29,1
1480,60,1
1481,34,1
1481,29,1
1481,18,1
1482,34,1
1482,19,1
1482,18,1
1483,19,1
1483,34,1
1483,29,1
1484,29,1
1484,18,1
1484,55,1
1484,27,1
1485,8,1
1486,18,1
1487,34,1
1487,18,1
1487,29,2
1488,18,1
1488,19,1
1488,29,1
1489,19,1
1489,25,2
1490,19,2
1490,53,1
1490,58,1
1490,34,3
1491,29,1
1491,1,1
1492,18,3
1492,48,1
1492,34,1
1493,34,1
1493,29,1
1494,29,2
1494,43,1
1495,19,2
1495,48,1
1495,29,1
1495,58,2
1496,34,1
1496,18,1
1496,29,1
1497,18,1
1497,59,1
1498,19,2
1498,18,2
1499,29,1
1500,46,1
1500,27,1
1501,4,1
1501,36,1
1502,4,1
1502,3,1
1502,42,1
1503,10,1
1503,5,1
1503,40,1
1504,33,1
1504,34,1
1504,21,1
1504,5,2
1505,7,1
1505,2,1
1506,6,1
1506,7,1
1506,8,2
1507,8,1
1507,5,1
1507,6,1
1508,7,1
1508,8,1
1508,9,1
1509,3,1
1509,9,1
1509,6,1
1510,5,1
1510,9,1
1510,1,1
1511,5,2
1511,7,2
1512,1,1
1512,31,1
1512,2,1
1512,36,1
1513,7,1
1513,8,1
1514,2,1
1514,6,1
1515,3,1
1515,4,1
1516,49,1
1516,3,1
1516,4,1
1516,7,1
1517,9,1
1517,11,2
1517,23,2
1518,5,1
1518,4,2
1518,7,2
1519,1,1
1519,5,3
1519,6,1
1519,7,1
1520,1,1
1520,2,1
1520,6,1
1520,3,1
1521,43,3
1521,30,1
1521,31,1
1522,28,1
1522,33,1
1522,30,1
1522,39,2
1523,32,1
1523,28,1
1523,33,1
1523,30,1
1524,59,1
1524,31,1
1524,29,1
1524,4,1
1524,33,1
1525,30,1
1525,29,1
1525,31,2
1526,28,1
1526,33,1
1526,15,1
1527,29,1
1527,33,1
1527,32,3
1527,30,1
1528,32,1
1528,28,2
1529,30,1
1529,48,1
1529,28,1
1529,25,1
1530,31,1
1530,32,1
1531,31,1
1531,29,2
1531,1,1
1532,30,3
1532,32,2
1532,28,1
1532,29,1
1533,31,2
1533,12,2
1533,33,1
1534,30,2
1534,31,1
1534,58,1
1535,33,1
1535,28,1
1535,2,1
1535,30,3
1536,31,1
1536,29,1
1536,30,1
1537,31,1
1537,29,2
1537,46,1
1538,29,1
1538,33,1
1538,34,1
1539,33,1
1539,21,1
1539,32,1
1540,30,1
1540,32,1
1540,24,1
1541,64,1
1541,62,1
1541,37,1
1541,20,1
1541,66,1
1542,62,1
1542,61,1
1543,16,1
1543,65,1
1543,66,1
1544,64,1
1544,65,1
1545,63,1
1545,66,1
1546,65,2
1546,61,1
1547,65,2
1547,66,1
1548,64,1
1548,65,1
1548,62,1
1549,61,1
1549,25,1
1549,8,3
1550,63,1
1550,54,3
1551,66,2
1551,63,1
1552,63,1
1552,66,1
1552,61,1
1553,66,1
1553,65,1
1553,50,1
1554,61,1
1554,64,2
1555,52,1
1555,45,1
1556,7,1
1556,63,1
1556,64,1
1557,31,2
1557,62,1
1557,66,1
1558,61,1
1558,64,3
1558,62,1
1559,61,1
1559,63,1
1560,66,1
1560,65,1
1560,63,1
1561,29,1
1561,28,1
1561,30,1
1561,32,2
1562,33,1
1562,28,1
1563,30,1
1563,56,1
1563,28,1
1564,5,1
1564,30,1
1564,31,1
1565,33,1
1565,23,1
1565,31,1
1566,32,1
1566,30,2
1566,31,1
1567,30,1
1567,31,1
1567,33,1
1567,28,1
1568,32,1
1568,31,1
1568,30,1
1568,27,1
1568,22,1
1569,31,1
1569,28,1
1569,29,3
1569,26,1
1570,21,1
1570,30,1
1570,28,1
1571,31,1
1571,32,1
1571,36,2
1572,20,1
1573,29,3
1573,28,1
1573,13,1
1574,32,1
1574,28,2
1574,33,3
1574,29,1
1575,28,1
1575,33,1
1575,32,1
1575,29,1
1576,28,1
1576,30,1
1576,31,1
1576,45,1
1577,28,1
1577,2,1
1578,33,1
1578,32,2
1578,29,1
1579,49,1
1579,28,1
1579,29,1
1580,30,1
1580,33,1
1580,4,2
1581,16,1
1581,10,1
1581,12,1
1582,32,1
1582,13,1
1583,13,1
1583,14,1
1583,15,1
1583,16,1
1584,16,1
1585,52,2
1585,12,1
1585,11,1
1586,15,1
1586,10,1
1587,13,1
1587,14,1
1587,1,1
1587,49,2
1588,15,1
1589,14,1
1589,16,1
1589,39,1
1589,55,2
1590,10,1
1590,15,1
1590,30,1
1591,13,1
1591,16,1
1591,10,1
1592,10,1
1592,37,1
1592,11,1
1593,10,1
1593,15,1
1593,25,1
1594,11,1
1594,13,1
1595,13,1
1595,32,1
1595,15,3
1596,6,1
1597,10,1
1597,13,2
1598,14,1
1598,16,3
1598,10,1
1598,15,1
1599,14,1
1599,49,1
1599,16,2
1600,14,1
1600,31,1
1600,16,1
1600,12,1
1601,14,1
1601,11,1
1602,13,1
1602,12,1
1602,11,1
1602,14,1
1603,10,1
1603,15,2
1603,33,3
1603,22,1
1604,11,1
1604,16,2
1604,10,2
1604,26,1
1605,11,1
1605,16,1
1606,11,3
1607,60,1
1607,27,1
1607,10,1
1608,1,1
1608,14,1
1608,13,1
1609,13,1
1609,10,1
1610,10,2
1610,14,1
1611,15,1
1611,11,1
1612,15,1
1612,12,1
1612,11,2
1612,10,1
1613,11,1
1613,44,2
1613,38,1
1614,12,1
1614,14,2
1615,13,1
1615,15,1
1616,13,1
1616,12,1
1617,13,1
1617,14,1
1618,30,1
1618,13,1
1618,12,1
1619,11,1
1620,13,1
1620,11,1
1621,10,1
1621,12,1
1621,16,1
1622,16,1
1622,13,1
1622,10,1
1622,14,1
1623,12,1
1624,12,2
1624,13,1
1624,16,1
1625,11,1
1625,16,1
1625,13,2
1626,13,3
1626,15,2
1627,10,1
1627,16,1
1627,28,1
1628,16,1
1628,15,1
1629,15,2
1629,12,1
1630,13,1
1630,16,1
1631,10,1
1631,11,1
1632,11,1
1632,14,1
1633,10,1
1633,12,1
1633,55,1
1634,22,1
1634,16,1
1635,25,1
1635,14,1
1635,12,1
1636,13,1
1636,14,3
1636,11,1
1637,13,1
1637,12,1
1638,16,1
1638,12,1
1638,10,1
1639,11,2
1639,13,1
1640,10,2
1640,16,1
1640,12,1
1641,25,1
1641,23,2
1641,22,1
1641,37,1
1642,25,3
1642,1,1
1643,20,1
1643,55,1
1644,24,1
1644,22,1
1644,23,1
1645,24,1
1646,23,1
1646,24,1
1647,25,1
1647,50,1
1647,24,1
1648,23,1
1648,22,1
1649,22,1
1649,23,2
1650,12,2
1650,22,1
1650,25,1
1650,38,1
1651,23,1
1651,25,1
1652,22,1
1652,25,1
1653,23,1
1653,24,1
1654,25,1
1654,22,1
1654,24,1
1655,23,1
1655,22,2
1656,25,1
1656,22,1
1656,23,1
1657,8,1
1657,22,1
1657,23,1
1657,45,1
1658,22,1
1659,22,2
1659,25,1
1659,24,1
1660,25,1
1660,24,1
1660,23,2
1661,22,1
1661,35,1
1662,22,1
1663,23,1
1663,22,2
1664,25,2
1665,25,1
1665,22,1
1665,24,1
1666,22,1
1666,24,3
1667,22,1
1667,23,2
1667,24,1
1668,23,1
1668,53,1
1668,25,1
1669,25,1
1669,24,1
1670,24,2
1670,25,1
1670,27,1
1671,24,1
1671,23,1
1672,24,1
1672,22,1
1673,24,2
1673,59,2
1674,25,1
1674,24,3
1674,22,1
1675,33,1
1675,22,1
1675,24,1
1675,23,1
1676,60,1
1676,25,1
1677,25,3
1677,31,1
1678,23,2
1679,25,1
1679,22,2
1679,24,1
1679,23,1
1680,23,2
1680,22,1
1680,24,1
1681,9,1
1681,49,1
1681,1,1
1681,6,1
1681,4,2
1682,5,1
1682,41,1
1682,7,1
1683,2,3
1684,6,3
1684,7,1
1684,1,2
1684,5,1
1685,1,1
1685,5,1
1685,6,1
1686,3,3
1686,2,1
1686,9,1
1686,29,1
1687,19,1
1687,1,1
1688,3,1
1688,4,1
1688,53,1
1689,5,1
1689,6,2
1690,3,1
1690,52,1
1690,2,1
1690,4,1
1691,1,1
1691,6,2
1691,41,1
1692,8,1
1692,29,1
1693,5,3
1693,6,1
1694,9,1
1695,6,2
1695,1,1
1695,4,1
1696,6,3
1696,7,1
1696,2,1
1697,7,1
1697,1,2
1698,18,2
1698,4,1
1698,48,2
1699,2,2
1699,7,1
1700,8,1
1700,3,1
1700,1,1
1701,5,1
1701,3,3
1701,24,1
1702,3,1
1702,5,2
1703,7,2
1703,21,1
1704,5,1
1704,18,1
1705,2,1
1705,4,1
1705,55,1
1706,6,1
1706,7,1
1707,4,2
1707,45,1
1708,7,1
1709,9,1
1709,3,1
1710,1,1
1710,8,1
1710,30,2
1711,6,1
1711,8,1
1711,3,1
1711,5,2
1711,7,1
1712,4,1
1712,30,1
1713,5,2
1713,3,2
1714,6,1
1714,4,1
1715,8,1
1715,5,1
1715,11,1
1715,32,1
1716,6,1
1717,10,1
1717,7,1
1717,8,1
1717,2,1
1718,55,1
1718,9,1
1719,1,1
1719,7,1
1719,35,1
1720,55,2
1720,8,1
1721,18,3
1721,19,3
1721,26,1
1722,34,2
1722,18,1
1723,34,1
1723,18,1
1723,29,3
1724,34,1
1724,19,1
1724,18,2
1725,29,1
1725,34,2
1726,59,1
1726,34,1
1726,18,1
1726,51,1
1727,44,1
1727,18,1
1727,39,1
1728,18,1
1728,26,2
1729,34,1
1729,19,2
1729,18,1
1730,19,1
1730,30,1
1731,34,1
1731,19,1
1731,18,1
1731,25,1
1732,29,1
1732,18,1
1733,29,1
1733,34,1
1733,48,2
1733,18,1
1734,19,3
1734,23,1
1735,29,1
1735,19,1
1736,19,1
1736,34,1
1736,18,1
1737,34,1
1737,18,2
1737,19,2
1738,18,1
1738,19,1
1738,23,2
1739,19,2
1739,34,1
1739,18,2
1740,34,1
1740,18,1
1740,29,1
1741,17,1
1741,33,1
1741,19,1
1741,24,1
1742,23,1
1743,54,3
1743,23,1
1744,24,1
1744,48,1
1744,25,1
1745,22,2
1745,35,1
1746,20,1
1746,25,1
1746,56,1
1747,47,1
1747,23,1
1748,24,2
1748,23,1
1748,22,1
1748,35,1
1749,22,2
1749,26,2
1750,24,1
1750,25,2
1750,46,2
1750,23,1
1751,25,1
1751,23,1
1751,24,1
1752,25,2
1752,24,1
1753,53,1
1753,25,1
1753,30,1
1754,24,1
1754,22,1
1754,6,2
1755,13,1
1755,25,1
1756,58,1
1756,25,1
1756,24,1
1757,36,1
1757,24,1
1758,36,1
1758,12,1
1758,25,1
1759,25,3
1759,24,3
1760,25,2
1760,24,1
1760,31,2
1761,25,1
1761,38,1
1762,24,1
1762,27,1
1762,18,2
1763,52,1
1763,75,2
1763,24,2
1764,22,2
1764,24,1
1764,25,1
1764,17,1
1765,25,1
1765,22,1
1765,74,1
1766,2,1
1766,22,1
1766,20,1
1767,74,1
1767,75,1
1767,20,2
1767,23,1
1768,75,2
1768,22,1
1768,24,1
1769,24,1
1769,75,1
1769,20,1
1770,74,1
1770,75,1
1770,25,1
1770,2,1
1771,24,2
1771,9,1
1771,23,1
1772,31,3
1772,21,1
1772,58,1
1772,23,1
1773,24,1
1773,20,1
1774,23,1
1774,21,1
1775,1,1
1775,20,1
1776,75,1
1776,20,1
1776,1,1
1777,21,3
1777,75,1
1778,24,1
1778,25,1
1779,24,1
1779,74,2
1779,23,1
1779,25,1
1780,75,1
1780,3,1
1780,21,1
1781,64,1
1781,62,1
1781,65,1
1782,64,1
1782,61,1
1782,65,1
1782,62,1
1782,66,1
1783,44,1
1783,65,3
1783,61,2
1784,66,1
1784,64,2
1785,66,1
1785,40,1
1785,61,1
1785,27,1
1786,61,1
1786,63,2
1786,66,1
1786,7,1
1787,19,1
1787,66,1
1787,10,1
1788,62,1
1789,63,1
1789,64,1
1790,60,1
1790,51,1
1790,19,1
1790,64,1
1791,66,3
1791,63,1
1792,64,1
1793,63,1
1793,65,1
1794,61,2
1795,61,1
1795,62,3
1795,66,1
1795,31,1
1796,52,1
1796,38,1
1796,63,2
1797,63,1
1797,66,2
1797,64,1
1798,64,1
1798,66,1
1798,65,1
1799,62,2
1799,63,3
1799,35,1
1799,64,1
1800,30,2
1800,62,1
1800,48,1
1801,53,1
1801,22,2
1801,28,1
1801,31,1
1802,24,1
1802,22,1
1803,24,2
1803,51,1
1804,22,1
1805,25,1
1805,24,3
1806,25,1
1807,24,3
1807,10,1
1808,22,1
1808,49,1
1808,54,1
1808,23,1
1809,22,1
1809,25,1
1809,23,1
1809,55,1
1810,23,1
1810,25,1
1810,24,1
1811,23,1
1812,22,1
1812,25,1
1812,23,1
1813,30,3
1813,24,1
1813,25,3
1814,22,1
1814,25,1
1814,24,1
1814,47,1
1815,25,1
1815,22,1
1815,24,1
1816,24,1
1816,23,1
1816,25,1
1817,23,1
1817,53,1
1818,22,1
1819,52,1
1819,25,2
1820,22,1
1820,17,1
1820,38,1
1821,58,1
1821,60,1
1822,60,1
1822,57,1
1822,56,1
1823,5,1
1823,60,1
1824,57,1
1824,45,1
1824,60,1
1825,56,1
1825,59,1
1826,9,1
1826,56,2
1826,58,1
1826,34,1
1826,59,1
1827,24,1
1827,57,1
1828,59,1
1828,19,1
1829,57,1
1829,58,1
1829,56,3
1829,54,1
1830,9,1
1831,60,3
1831,56,1
1832,59,1
1832,56,1
1832,44,1
1833,59,2
1834,59,1
1834,58,1
1834,39,1
1834,56,1
1834,60,1
1835,56,1
1835,59,2
1836,58,1
1836,59,1
1836,32,1
1836,33,1
1837,37,2
1837,57,1
1837,59,1
1837,60,1
1838,60,1
1838,29,1
1838,58,1
1839,57,1
1839,44,1
1839,58,1
1840,58,1
1840,59,2
1841,9,1
1842,8,1
1842,7,1
1842,16,1
1843,2,1
1844,7,2
1844,59,1
1844,3,2
1845,3,1
1845,7,1
1846,3,1
1846,7,1
1846,4,1
1847,2,1
1847,6,2
1848,8,1
1848,7,1
1848,3,1
1849,4,1
1849,6,1
1850,4,1
1850,5,1
1850,1,1
1851,1,1
1851,5,1
1851,28,1
1852,21,2
1852,1,1
1853,7,1
1854,9,1
1854,10,1
1855,33,1
1855,8,1
1855,7,1
1856,9,1
1856,8,3
1857,7,1
1857,47,1
1857,11,1
1857,4,1
1858,60,3
1858,5,1
1859,1,1
1860,7,1
1860,4,1
1860,9,1
1861,79,1
1861,71,2
1862,76,1
1862,77,1
1862,80,1
1863,78,1
1863,80,3
1863,79,1
1863,10,1
1864,71,1
1864,76,1
1864,73,1
1864,59,1
1864,80,2
1865,45,1
1865,17,1
1865,72,1
1866,76,1
1866,75,1
1866,74,1
1867,76,1
1867,72,1
1867,74,1
1867,48,1
1867,80,1
1868,78,1
1868,76,3
1869,73,1
1869,2,1
1869,8,1
1869,72,1
1870,6,1
1870,80,3
1870,73,1
1870,75,1
1870,30,2
1871,8,1
1871,31,2
1871,71,1
1872,78,2
1872,76,1
1872,72,1
1873,71,2
1873,75,1
1874,77,1
1874,27,2
1875,71,1
1875,77,1
1875,80,1
1875,29,1
1876,56,1
1876,11,1
1876,22,3
1877,73,3
1877,78,1
1878,79,1
1878,76,1
1879,75,1
1879,76,1
1879,71,1
1879,55,1
1880,72,2
1880,73,1
1880,79,2
1881,67,1
1881,36,1
1882,70,1
1882,7,1
1883,36,1
1884,68,1
1885,55,1
1885,68,1
1885,69,2
1886,35,1
1886,68,2
1887,68,1
1887,35,1
1887,69,1
1888,69,1
1888,58,2
1889,1,1
1889,68,1
1890,70,1
1891,68,1
1891,52,1
1891,41,1
1891,19,1
1892,69,3
1892,35,1
1892,68,1
1893,67,1
1893,36,2
1893,43,1
1893,69,2
1894,35,1
1894,55,2
1894,69,1
1895,35,1
1895,67,1
1896,67,3
1896,70,2
1896,36,1
1897,70,1
1897,68,3
1898,35,1
1898,68,1
1899,35,1
1900,36,1
1900,70,1
1901,13,1
1901,9,2
1901,14,1
1902,16,1
1902,19,1
1902,13,1
1903,54,1
1903,12,1
1903,15,1
1904,54,1
1904,14,1
1905,14,1
1905,12,1
1906,16,2
1906,11,1
1907,12,1
1908,10,1
1908,13,3
1909,31,1
1909,27,1
1909,12,1
1910,14,1
1910,16,1
1911,11,2
1911,14,1
1911,15,1
1911,35,1
1912,13,1
1912,14,1
1912,10,1
1912,11,3
1913,11,2
1913,15,2
1914,16,1
1914,13,1
1915,46,2
1915,16,1
1915,13,1
1916,15,2
1916,14,2
1916,13,1
1916,11,1
1917,12,1
1917,16,1
1918,15,2
1918,13,1
1918,14,1
1919,14,1
1919,11,1
1920,13,1
1920,15,1
1921,3,1
1921,1,1
1922,5,1
1922,9,1
1923,1,1
1923,9,2
1924,9,1
1924,4,2
1925,9,1
1925,27,1
1925,5,1
1925,57,1
1926,6,1
1926,9,1
1926,2,1
1927,7,1
1927,6,1
1927,1,1
1927,57,3
1928,9,1
1928,6,1
1928,4,2
1929,5,1
1929,3,3
1930,35,2
1930,7,1
1931,8,3
1931,9,1
1931,3,1
1932,5,1
1933,5,2
1933,9,1
1933,3,1
1934,3,2
1934,4,1
1934,8,1
1935,1,1
1935,2,1
1936,7,1
1936,6,1
1937,3,1
1937,1,1
1937,5,1
1937,51,1
1938,8,3
1938,4,1
1939,6,2
1939,53,1
1939,1,1
1940,11,1
1941,29,2
1941,10,2
1942,12,1
1942,10,1
1942,5,1
1942,53,1
1943,17,1
1943,15,1
1943,10,1
1944,10,1
1944,12,1
1945,16,2
1945,15,1
1945,12,1
1945,14,1
1946,11,2
1946,16,1
1946,14,2
1947,16,2
1947,11,2
1948,14,1
1948,21,1
1948,12,1
1949,11,2
1950,46,1
1951,14,1
1951,38,1
1951,13,1
1952,16,1
1952,15,1
1952,10,1
1953,13,3
1953,10,1
1953,37,3
1954,12,3
1954,51,1
1954,16,1
1955,13,1
1955,10,1
1955,24,2
1956,12,1
1956,6,3
1956,16,1
1956,15,1
1957,12,1
1957,15,2
1957,16,1
1958,15,1
1958,12,1
1958,16,1
1959,11,1
1959,42,1
1959,16,1
1960,16,1
1960,11,1
1960,15,1
1960,25,3
1961,63,1
1961,65,2
1961,22,1
1962,64,1
1962,61,1
1962,33,1
1963,64,1
1963,66,1
1963,22,1
1964,65,1
1965,63,2
1965,62,1
1966,61,3
1966,62,1
1967,64,2
1967,61,1
1967,65,1
1968,62,1
1968,65,2
1969,66,1
1969,65,1
1970,4,1
1970,62,1
1971,64,1
1971,66,1
1972,63,1
1972,64,2
1973,65,1
1974,66,1
1974,61,1
1974,63,1
1974,65,1
1974,52,2
1975,61,2
1975,14,1
1976,65,2
1976,4,1
1976,64,2
1977,64,1
1977,33,1
1977,61,1
1978,63,1
1978,66,1
1978,59,1
1979,63,1
1979,62,1
1979,61,1
1980,26,1
1980,52,1
1980,51,1
1980,62,2
1981,13,1
1981,32,1
1981,15,1
1981,10,1
1982,40,1
1982,34,1
1983,11,3
1983,13,3
1983,10,1
1984,10,1
1984,13,1
1985,9,1
1986,10,1
1986,50,1
1986,15,1
1986,14,2
1986,41,1
1987,14,1
1987,43,1
1988,12,1
1988,16,2
1988,10,1
1989,1,1
1989,14,2
1990,14,2
1990,12,1
1991,10,2
1991,11,1
1991,42,1
1992,14,1
1992,34,1
1992,10,1
1993,14,1
1993,57,1
1993,33,1
1994,11,1
1994,15,1
1995,11,1
1995,15,3
1995,9,2
1996,13,2
1996,15,1
1996,10,3
1997,14,1
1997,12,1
1997,13,1
1998,10,1
1998,11,1
1998,43,1
1999,28,1
1999,12,1
1999,10,1
1999,19,2
2000,13,1
2000,10,2
2001,70,1
2001,51,1
2001,69,2
2002,62,1
2002,67,1
2003,70,2
2003,59,1
2003,64,2
2004,60,1
2004,64,1
2004,63,1
2004,56,1
2005,56,1
2005,53,2
2005,66,1
2006,47,1
2006,51,1
2006,12,2
2007,62,1
2007,55,1
2007,44,1
2008,70,2
2009,60,1
2009,64,2
2009,69,1
2010,59,1
2011,56,1
2011,55,1
2011,34,1
2011,65,1
2011,64,1
2012,49,1
2012,58,2
2012,60,1
2013,65,1
2013,63,2
2013,27,1
2014,60,1
2014,9,1
2014,22,1
2015,65,1
2015,63,2
2016,51,1
2016,54,3
2016,70,1
2017,54,1
2017,60,1
2018,52,1
2018,62,2
2018,65,1
2019,67,2
2019,69,1
2020,51,1
2020,63,1
2021,12,1
2021,1,1
2022,35,1
2022,16,1
2022,47,1
2023,12,1
2023,13,2
2024,16,2
2024,13,1
2024,10,1
2025,19,1
2025,11,1
2025,16,1
2026,15,1
2026,14,2
2026,46,1
2027,15,2
2027,11,1
2028,20,1
2029,14,1
2029,16,1
2029,15,1
2030,52,1
2030,10,1
2030,13,1
2030,23,1
2031,16,1
2031,12,1
2031,35,1
2032,14,2
2032,12,2
2032,11,1
2033,10,2
2033,16,1
2034,15,1
2034,10,1
2034,13,1
2035,8,1
2035,16,3
2036,15,2
2036,13,1
2037,13,1
2038,14,1
2039,20,1
2039,13,1
2039,15,1
2039,23,1
2040,12,1
2040,16,1
2040,11,2
2041,18,1
2041,34,1
2041,19,1
2042,29,1
2042,34,1
2042,32,3
2043,29,1
2043,18,1
2044,29,1
2044,34,1
2044,18,1
2044,33,2
2045,34,3
2045,18,1
2045,51,1
2046,19,1
2046,31,1
2046,18,1
2047,19,1
2047,44,1
2047,29,1
2048,18,2
2048,1,1
2049,19,1
2049,26,2
2050,34,1
2050,29,1
2051,4,1
2051,18,1
2051,41,1
2052,48,1
2052,6,1
2052,34,1
2052,29,2
2053,34,1
2053,53,2
2053,29,2
2053,19,1
2054,29,1
2054,34,1
2055,18,2
2055,28,1
2056,33,1
2056,34,1
2056,2,1
2056,12,1
2057,34,1
2057,29,1
2058,19,1
2058,18,1
2058,34,1
2059,41,1
2059,11,1
2059,19,1
2059,34,1
2059,18,1
2060,28,1
2061,4,1
2061,32,1
2061,29,1
2062,31,1
2062,32,1
2062,30,1
2062,17,2
2063,30,1
2063,32,2
2063,28,1
2064,28,1
2064,42,1
2064,31,1
2064,32,1
2065,30,1
2065,29,1
2065,28,1
2066,23,1
2067,30,1
2067,31,1
2067,29,3
2068,15,1
2068,28,1
2069,28,1
2069,30,2
2069,29,1
2070,32,1
2070,33,1
2070,29,1
2070,5,1
2071,11,1
2071,30,1
2071,31,1
2071,21,1
2072,31,1
2072,29,1
2072,28,1
2072,15,1
2073,33,1
2073,31,1
2074,31,1
2074,32,2
2074,30,1
2075,29,1
2075,33,2
2075,27,2
2076,29,1
2077,8,1
2077,28,1
2078,34,2
2078,29,2
2079,29,1
2080,33,1
2080,29,2
2080,28,1
2081,11,1
2081,13,1
2082,31,1
2082,11,1
2082,15,1
2083,58,1
2083,14,1
2084,11,1
2084,12,1
2085,11,1
2085,10,1
2086,12,1
2086,57,1
2086,16,1
2086,13,2
2087,10,1
2087,16,1
2088,16,1
2089,15,1
2089,12,1
2090,13,1
2090,15,1
2090,7,3
2091,10,1
2091,15,1
2092,12,1
2092,14,1
2093,11,1
2093,13,1
2094,13,2
2094,59,2
2094,9,1
2095,12,1
2095,15,1
2095,11,1
2095,13,1
2096,16,1
2096,44,2
2096,10,1
2097,24,1
2097,13,1
2098,13,1
2098,16,1
2099,12,1
2099,11,1
2099,13,1
2100,12,1
2101,11,1
2101,13,1
2102,45,2
2102,6,1
2102,13,1
2102,10,1
2102,14,1
2103,16,1
2103,11,1
2104,16,1
2104,15,2
2105,13,1
2105,12,1
2106,9,1
2106,16,1
2106,14,1
2107,16,2
2107,14,1
2107,13,1
2108,16,3
2108,11,1
2108,13,1
2109,53,1
2109,14,1
2110,11,1
2110,10,1
2110,16,1
2111,15,2
2111,14,1
2111,12,2
2112,11,1
2112,12,1
2113,14,1
2114,8,1
2114,13,2
2115,11,1
2115,13,1
2116,16,1
2116,10,2
2117,12,2
2117,14,1
2118,14,1
2118,10,1
2118,16,1
2118,11,1
2119,14,1
2119,16,2
2119,11,1
2119,13,1
2119,15,2
2120,13,1
2120,12,1
2121,58,1
2121,59,1
2121,57,1
2121,60,3
2122,57,1
2122,60,1
2123,60,1
2124,56,1
2124,45,1
2125,59,3
2125,60,1
2126,25,1
2126,56,1
2126,27,1
2127,59,2
2127,60,1
2127,57,1
2127,17,1
2128,58,2
2128,56,1
2128,59,1
2129,59,2
2129,8,1
2129,56,1
2129,58,1
2130,58,1
2130,22,1
2131,10,1
2132,58,1
2132,59,1
2132,57,1
2133,58,1
2133,19,1
2134,60,1
2134,11,1
2135,60,1
2135,56,1
2135,59,2
2135,58,1
2136,57,3
2136,60,2
2136,58,1
2137,52,1
2137,29,2
2137,56,2
2138,56,1
2138,57,1
2139,60,1
2139,57,1
2139,56,1
2139,15,1
2140,59,1
2141,20,1
2142,6,1
2142,7,1
2143,8,3
2144,36,2
2144,2,1
2145,4,1
2145,1,1
2146,9,3
2146,6,1
2146,23,1
2147,6,1
2147,3,1
2147,34,2
2148,6,1
2149,15,2
2149,6,1
2150,2,2
2150,6,1
2151,4,1
2151,6,3
2151,9,1
2152,41,1
2152,3,1
2153,6,1
2153,5,1
2153,1,2
2154,7,2
2154,8,1
2154,4,1
2155,22,1
2155,6,1
2155,2,3
2155,4,1
2155,9,1
2156,2,1
2156,3,1
2156,60,1
2156,6,2
2157,3,3
2157,1,1
2157,4,1
2158,9,1
2158,6,1
2159,3,1
2159,2,2
2159,29,3
2160,4,2
2160,1,1
2160,9,1
2161,66,2
2161,64,1
2161,2,1
2162,62,1
2162,23,2
2163,4,2
2163,65,1
2164,29,1
2164,61,2
2165,65,1
2165,61,1
2166,64,1
2166,66,1
2166,65,1
2167,61,1
2167,65,3
2167,35,1
2168,61,1
2168,65,1
2169,65,1
2169,61,1
2169,66,1
2170,62,1
2170,66,1
2171,31,1
2171,61,1
2171,62,1
2171,65,2
2172,64,1
2172,63,2
2173,66,1
2173,64,1
2174,62,1
2174,63,2
2175,64,2
2175,61,2
2175,63,1
2176,61,1
2176,63,1
2177,66,1
2177,64,1
2177,31,1
2177,39,1
2178,61,1
2178,44,1
2178,64,1
2178,63,1
2179,66,1
2179,65,2
2179,63,1
2179,8,1
2180,62,2
2180,14,1
2180,37,1
2181,19,1
2181,29,1
2181,18,1
2182,18,1
2182,29,1
2182,34,1
2182,22,1
2183,29,1
2183,19,1
2183,10,2
2183,18,1
2184,31,1
2184,18,1
2184,28,1
2185,19,1
2185,29,1
2186,3,1
2186,29,1
2187,18,1
2188,54,2
2188,19,2
2188,34,1
2189,19,1
2189,18,1
2190,18,2
2190,34,1
2190,29,1
2191,19,1
2192,19,1
2192,34,1
2193,18,1
2193,21,1
2193,29,1
2194,19,1
2194,34,3
2194,18,1
2194,29,1
2195,34,1
2195,5,1
2195,35,1
2196,19,1
2196,34,1
2196,29,3
2197,19,2
2197,29,1
2198,18,1
2198,10,2
2198,29,1
2199,34,1
2199,18,1
2199,52,1
2199,19,1
2200,19,1
2200,34,1
2201,20,1
2201,22,1
2202,75,1
2202,23,1
2202,14,1
2203,21,1
2203,24,2
2203,51,1
2203,20,1
2203,75,1
2204,20,3
2204,23,1
2204,25,1
2205,75,1
2205,23,1
2205,74,2
2206,22,1
2206,24,1
2206,21,1
2206,75,1
2207,23,1
2207,12,1
2207,24,1
2208,27,1
2208,74,1
2209,25,1
2209,24,2
2209,21,2
2210,32,1
2210,20,1
2211,23,1
2211,7,2
2211,74,1
2212,24,1
2212,58,1
2213,25,3
2213,9,1
2213,75,1
2213,23,1
2214,75,1
2214,25,1
2214,24,1
2215,21,1
2215,22,1
2216,22,1
2216,52,2
2217,48,1
2217,24,2
2218,25,1
2218,24,2
2218,32,1
2218,23,1
2219,23,1
2219,24,1
2220,12,1
2220,75,1
2220,21,1
2221,7,1
2221,4,2
2221,1,1
2222,7,1
2222,1,1
2222,2,1
2223,2,3
2223,8,1
2223,5,1
2224,3,1
2224,60,2
2224,59,1
2225,3,1
2225,4,1
2226,8,1
2226,5,3
2226,3,1
2227,3,1
2227,4,1
2227,6,1
2228,1,1
2228,4,1
2228,3,1
2229,4,1
2229,1,1
2230,4,1
2230,8,1
2230,60,1
2230,9,1
2231,7,1
2231,8,3
2231,4,1
2231,29,1
2232,6,1
2232,8,1
2233,1,1
2233,4,2
2233,6,1
2234,2,1
2234,4,1
2234,3,1
2234,44,1
2235,6,1
2235,1,1
2235,5,1
2236,3,1
2236,9,1
2237,1,1
2237,2,1
2238,3,1
2238,23,1
2238,45,1
2239,1,3
2239,6,1
2240,6,2
2240,7,1
2241,23,2
2242,42,1
2242,24,1
2243,24,1
2243,42,1
2244,24,1
2245,25,3
2245,24,1
2245,23,1
2245,22,1
2246,24,3
2246,16,1
2246,25,1
2247,23,1
2247,2,1
2248,24,2
2248,57,1
2248,23,1
2249,42,1
2249,24,3
2249,25,1
2250,24,2
2250,25,1
2251,23,2
2251,25,1
2251,22,1
2252,23,1
2252,22,2
2253,24,1
2253,48,1
2253,32,1
2254,23,1
2254,25,1
2254,24,2
2255,22,1
2256,53,1
2256,24,1
2256,25,1
2256,4,1
2257,30,1
2257,23,1
2258,25,1
2258,22,2
2259,24,1
2259,23,3
2260,25,1
2260,22,1
2260,24,1
2260,9,1
2261,36,1
2261,68,1
2261,34,1
2261,35,1
2262,68,1
2262,22,1
2263,69,1
2263,5,1
2264,35,1
2264,1,2
2264,67,1
2265,35,1
2265,70,1
2265,69,1
2266,68,1
2266,32,1
2267,25,2
2267,68,1
2268,36,1
2269,69,1
2269,68,1
2270,22,2
2270,70,1
2270,69,1
2271,36,1
2271,45,2
2272,69,1
2272,67,1
2273,69,1
2273,68,1
2274,70,1
2274,35,3
2274,68,1
2275,69,2
2275,68,1
2276,68,1
2276,67,1
2277,70,1
2277,68,1
2278,68,2
2278,69,1
2278,14,2
2279,67,1
2279,70,1
2280,67,1
2280,68,1
2280,69,1
2280,2,1
2280,48,1
2281,14,1
2281,15,2
2282,10,2
2282,45,1
2282,14,1
2283,10,3
2283,11,1
2283,58,2
2284,13,1
2284,45,1
2285,16,1
2285,13,1
2285,15,1
2286,10,1
2286,13,1
2286,9,2
2287,36,2
2288,10,1
2288,15,1
2288,12,1
2289,14,1
2289,55,2
2290,11,1
2290,16,1
2291,10,1
2291,11,2
2292,14,1
2292,11,2
2292,10,1
2292,15,2
2293,1,1
2293,12,2
2294,10,2
2294,15,1
2295,30,1
2295,14,1
2296,10,1
2296,55,1
2296,12,1
2297,14,1
2297,11,1
2297,8,1
2297,13,3
2297,15,1
2298,5,1
2298,15,1
2299,48,1
2299,15,1
2299,12,2
2300,13,1
2300,11,1
2301,33,3
2301,48,1
2301,28,2
2302,18,1
2302,30,1
2303,32,1
2303,16,2
2303,24,1
2304,30,1
2304,29,2
2304,33,1
2305,28,1
2305,31,1
2305,25,1
2306,30,1
2306,33,1
2306,28,1
2307,29,2
2307,58,1
2308,32,1
2308,33,1
2308,29,1
2309,30,1
2309,51,2
2310,32,1
2310,28,1
2311,55,1
2311,26,1
2311,30,1
2311,29,1
2312,31,1
2312,18,1
2312,23,1
2312,30,1
2312,33,2
2313,31,1
2313,28,1
2313,32,3
2314,28,2
2314,33,3
2314,32,1
2314,30,1
2315,31,1
2315,33,1
2316,30,1
2316,29,1
2317,32,1
2317,33,1
2317,31,1
2318,32,1
2318,30,1
2318,29,1
2319,32,2
2319,30,1
2319,28,1
2320,28,1
2320,32,2
2320,29,1
2320,30,1
2321,14,1
2321,15,1
2322,11,2
2322,16,1
2323,11,2
2323,10,1
2323,16,1
2324,12,1
2324,11,1
2325,11,1
2325,4,1
2326,15,1
2326,13,1
2326,11,3
2326,56,1
2327,16,1
2327,15,1
2327,11,1
2328,15,1
2328,12,3
2328,10,1
2328,1,1
2328,14,1
2329,15,1
2330,12,1
2330,13,1
2330,11,2
2331,16,1
2331,31,1
2331,15,2
2331,5,2
2332,12,1
2332,33,1
2332,14,1
2332,10,1
2333,11,1
2333,15,1
2333,16,2
2334,10,1
2334,33,1
2334,15,1
2335,16,1
2335,11,1
2336,14,1
2336,11,1
2336,12,1
2336,10,1
2337,14,1
2337,12,1
2337,13,1
2337,40,1
2338,10,1
2338,15,1
2338,11,1
2338,32,1
2338,16,1
2339,11,2
2339,14,2
2340,12,2
2340,15,1
2340,16,3
2341,75,1
2341,33,1
2342,10,1
2342,34,1
2343,15,1
2343,23,2
2344,18,2
2344,24,1
2344,20,1
2345,24,1
2345,25,1
2346,21,3
2347,46,2
2347,25,1
2347,23,1
2348,24,1
2348,75,1
2348,74,1
2348,22,1
2349,24,3
2349,22,2
2349,55,1
2349,23,1
2350,23,1
2350,24,1
2350,20,1
2351,22,1
2351,23,2
2352,27,2
2352,24,1
2352,75,1
2353,22,2
2353,25,1
2354,20,2
2355,74,1
2355,24,1
2356,22,1
2356,24,1
2357,14,1
2357,74,1
2357,24,1
2358,21,1
2358,22,3
2359,26,1
2359,20,2
2360,75,1
2360,74,2
2360,22,1
2361,53,1
2361,1,1
2361,23,1
2361,24,1
2362,25,1
2362,14,1
2363,51,2
2363,25,1
2363,22,1
2364,25,1
2364,24,3
2364,22,1
2365,20,3
2365,22,1
2365,25,1
2366,24,1
2366,25,1
2366,23,1
2366,22,1
2367,22,1
2367,23,1
2367,24,3
2367,9,1
2368,25,1
2369,42,1
2369,23,1
2369,22,1
2370,39,1
2370,24,1
2370,25,2
2371,25,3
2372,18,1
2372,24,1
2372,8,1
2373,22,1
2373,23,1
2374,24,1
2374,22,1
2374,25,1
2374,23,1
2374,45,2
2375,22,2
2375,23,1
2375,35,1
2376,24,1
2376,22,1
2377,22,1
2377,25,1
2378,24,1
2378,22,1
2379,23,2
2379,25,2
2379,34,1
2379,22,1
2380,25,1
2380,16,1
2380,23,1
2381,9,2
2381,8,1
2381,2,1
2382,1,1
2382,9,1
2382,4,1
2383,3,1
2383,2,2
2384,5,1
2384,2,1
2385,6,1
2385,7,1
2385,37,1
2386,7,1
2386,2,1
2386,1,1
2387,1,1
2387,9,2
2388,1,1
2388,2,1
2388,4,1
2388,6,1
2389,8,1
2389,2,2
2389,9,1
2389,7,1
2390,40,1
2390,3,2
2390,53,1
2391,1,1
2391,37,1
2392,2,3
2392,1,1
2392,8,1
2392,6,1
2393,6,1
2393,9,3
2394,7,1
2394,13,1
2395,9,1
2395,2,2
2396,8,1
2396,6,1
2397,9,2
2397,2,1
2397,8,2
2397,4,1
2398,3,2
2398,6,1
2399,4,1
2399,1,2
2400,27,1
2400,21,1
2401,43,1
2401,9,1
2401,5,1
2402,1,1
2402,9,1
2403,5,2
2403,9,3
2403,1,1
2404,6,1
2405,9,1
2405,1,1
2405,7,1
2406,5,1
2406,7,1
2406,47,1
2407,1,2
2407,6,1
2408,8,2
2408,51,1
2408,49,1
2409,2,2
2409,5,1
2409,48,1
2410,9,1
2410,8,2
2411,4,1
2411,1,2
2411,9,1
2412,25,2
2412,8,1
2413,2,1
2413,1,2
2414,6,1
2415,6,2
2415,5,1
2415,3,3
2416,5,1
2416,1,1
2417,6,1
2417,3,1
2417,8,1
2418,5,1
2418,8,1
2418,9,1
2418,55,1
2419,5,1
2419,8,1
2419,3,1
2419,2,3
2420,52,2
2420,42,1
2421,29,1
2421,33,2
2422,40,1
2422,30,2
2422,28,1
2423,29,2
2423,33,1
2423,32,2
2423,30,1
2424,28,1
2424,32,1
2424,34,1
2425,29,1
2425,59,1
2425,30,1
2426,32,2
2426,28,1
2426,29,1
2426,33,1
2427,30,1
2427,6,1
2427,28,1
2427,33,1
2427,44,1
2428,33,3
2428,31,1
2428,43,2
2429,29,2
2429,30,1
2430,30,2
2430,31,1
2430,32,1
2430,53,1
2430,33,1
2431,29,2
2431,33,1
2431,25,1
2431,31,1
2432,29,1
2432,30,1
2432,15,1
2433,30,1
2433,28,1
2434,33,1
2434,29,1
2434,28,1
2434,32,1
2435,33,1
2435,32,1
2435,24,1
2436,33,1
2436,31,1
2436,14,2
2437,28,1
2437,31,1
2437,32,1
2438,54,1
2438,32,1
2439,33,1
2439,32,3
2440,16,1
2440,28,1
2440,33,1
2441,57,1
2441,58,1
2442,58,1
2442,57,1
2443,60,2
2443,58,1
2443,6,1
2444,60,1
2444,57,1
2444,59,1
2445,56,1
2445,60,1
2445,25,1
2446,59,2
2446,58,1
2446,56,1
2447,59,1
2447,5,1
2447,58,1
2447,56,1
2447,60,1
2448,60,1
2448,58,1
2448,7,1
2449,18,1
2449,58,1
2449,60,1
2450,51,3
2450,59,1
2450,56,1
2450,12,1
2451,56,1
2451,58,3
2451,57,2
2452,56,1
2452,60,1
2453,58,1
2453,2,1
2454,20,1
2454,60,1
2455,56,1
2455,57,1
2455,58,1
2455,59,1
2456,56,1
2456,59,1
2456,57,2
2457,59,1
2457,46,2
2457,56,2
2458,58,1
2458,12,1
2459,59,2
2459,60,1
2460,56,1
2460,58,1
2461,54,1
2461,16,1
2461,13,2
2462,16,3
2462,15,1
2462,10,1
2463,29,1
2463,11,1
2464,15,1
2465,12,1
2465,53,3
2465,10,3
2466,12,1
2466,14,2
2466,20,2
2467,15,1
2467,10,2
2467,12,1
2468,11,1
2468,12,2
2469,10,1
2469,11,1
2470,14,1
2471,16,3
2471,11,1
2472,10,1
2472,11,2
2472,16,1
2472,46,1
2472,13,1
2473,11,1
2473,16,2
2473,13,1
2474,14,2
2474,16,1
2475,12,1
2475,14,1
2475,45,1
2476,15,1
2476,14,1
2476,11,1
2477,12,1
2477,10,1
2477,13,2
2478,14,2
2478,15,3
2478,11,1
2478,13,1
2479,15,1
2479,12,1
2480,12,1
2480,33,1
2481,18,1
2481,29,1
2482,34,1
2482,29,2
2483,34,1
2483,29,1
2483,19,1
2484,34,3
2484,18,1
2484,29,1
2484,19,2
2485,34,1
2485,18,1
2485,31,1
2486,18,1
2487,29,1
2487,18,1
2488,19,3
2488,29,1
2489,11,1
2489,47,1
2489,19,1
2490,34,1
2490,18,3
2490,19,1
2490,47,2
2490,46,1
2491,26,1
2491,55,1
2491,18,1
2492,49,1
2492,34,2
2492,18,1
2493,18,1
2493,19,1
2494,19,2
2494,3,1
2495,29,1
2495,19,1
2495,55,1
2496,34,2
2496,18,1
2496,19,1
2497,29,1
2497,19,2
2497,34,1
2498,19,1
2498,57,1
2498,18,1
2498,29,1
2499,34,1
2499,18,1
2499,33,1
2499,19,1
2500,29,1
2500,34,1
2500,18,1
2501,36,2
2501,70,1
2502,36,2
2502,68,1
2503,67,1
2503,68,3
2503,36,1
2504,70,1
2504,36,1
2504,69,1
2505,68,2
2505,35,1
2506,35,1
2506,36,1
2507,35,1
2507,70,1
2508,68,2
2508,60,1
2508,69,1
2509,70,2
2509,44,1
2510,36,2
2510,17,1
2510,55,1
2510,7,1
2511,68,1
2511,35,1
2512,67,1
2512,70,1
2513,67,1
2513,68,1
2513,36,1
2513,70,2
2514,70,1
2514,67,1
2515,70,1
2516,6,1
2516,70,3
2516,68,1
2516,35,2
2517,50,1
2517,69,1
2517,36,1
2517,37,1
2517,1,1
2518,45,1
2518,69,1
2518,26,3
2519,69,2
2520,36,2
2520,7,1
2521,6,2
2522,49,1
2522,6,1
2523,59,1
2523,6,1
2524,9,1
2524,27,1
2525,4,1
2525,46,1
2526,59,2
2526,7,2
2526,6,1
2527,4,1
2527,3,1
2527,6,1
2528,1,1
2528,5,2
2529,8,1
2529,53,1
2529,55,1
2530,38,1
2530,2,1
2531,3,1
2531,7,1
2532,2,1
2533,9,1
2533,3,1
2534,2,1
2534,6,3
2534,3,1
2535,9,2
2535,2,1
2535,8,1
2535,7,2
2536,3,2
2536,44,1
2537,8,2
2537,9,1
2538,8,2
2538,3,1
2539,16,1
2539,2,1
2540,3,2
2540,2,1
2541,6,1
2541,56,1
2541,7,2
2541,3,1
2542,4,1
2542,3,3
2543,22,1
2543,8,1
2543,5,1
2543,2,1
2544,6,1
2544,8,1
2544,1,1
2545,24,2
2545,2,1
2546,1,1
2546,6,3
2546,8,1
2547,55,1
2547,4,1
2548,55,1
2548,4,1
2549,1,1
2549,4,1
2550,9,1
2550,20,3
2550,1,2
2551,9,1
2551,2,1
2551,4,1
2552,9,1
2552,2,3
2552,8,1
2553,5,2
2553,3,1
2553,6,1
2554,9,1
2554,4,1
2555,8,1
2555,1,2
2556,6,1
2557,7,1
2557,9,2
2558,24,1
2558,5,3
2558,7,1
2559,4,1
2559,6,1
2559,31,1
2559,9,1
2560,8,1
2560,12,1
2561,46,1
2561,37,1
2561,25,1
2561,9,1
2562,30,1
2562,31,1
2562,28,1
2563,29,1
2563,33,1
2563,32,2
2563,30,1
2564,8,1
2565,28,1
2565,31,1
2565,33,1
2565,30,1
2566,31,1
2566,18,1
2566,29,1
2566,28,1
2567,29,1
2567,28,1
2567,33,1
2567,30,3
2567,8,1
2568,28,1
2568,33,2
2568,30,1
2568,29,1
2569,51,1
2569,32,1
2569,30,1
2570,29,1
2570,7,1
2571,40,1
2571,32,1
2572,33,1
2572,31,1
2572,30,2
2572,55,2
2573,31,1
2573,19,1
2573,28,1
2574,31,1
2574,33,1
2574,28,1
2575,28,2
2575,29,1
2575,33,1
2576,28,1
2576,29,1
2576,46,2
2577,53,1
2577,29,1
2577,31,1
2578,31,1
2578,33,1
2578,32,1
2578,34,3
2579,33,1
2579,30,1
2580,31,1
2580,28,1
2580,29,2
2581,74,1
2581,25,1
2582,24,1
2582,25,3
2582,34,1
2583,24,1
2583,44,3
2584,44,1
2584,74,2
2584,22,1
2584,21,2
2585,22,1
2585,52,1
2585,40,1
2586,20,1
2586,23,1
2586,21,2
2587,21,1
2587,20,1
2587,25,1
2588,25,1
2588,43,3
2589,75,1
2589,21,1
2589,24,2
2589,20,1
2590,20,1
2590,23,2
2590,24,1
2591,18,1
2591,20,1
2591,24,2
2592,74,1
2592,75,3
2592,25,1
2593,21,2
2593,74,2
2593,25,1
2593,23,1
2593,24,2
2594,20,3
2594,24,1
2594,35,1
2594,22,1
2595,75,1
2595,21,1
2595,23,1
2596,23,1
2596,24,1
2596,22,1
2596,20,1
2597,25,2
2598,75,1
2598,10,2
2599,23,1
2599,11,1
2600,21,1
2600,24,1
2600,22,3
2601,41,1
2601,37,2
2601,60,1
2601,42,1
2602,41,1
2602,39,2
2602,42,1
2602,38,1
2603,39,2
2603,42,2
2603,41,1
2604,42,2
2604,58,3
2604,28,1
2604,3,1
2605,40,1
2605,37,1
2605,39,2
2606,39,2
2606,40,3
2606,17,1
2607,39,2
2607,37,1
2607,10,1
2608,40,1
2608,38,1
2608,37,1
2609,41,1
2609,37,2
2609,42,1
2610,39,1
2610,40,1
2610,42,3
2611,37,1
2611,41,1
2612,16,1
2612,39,1
2612,37,1
2612,41,1
2613,40,1
2613,39,1
2613,41,1
2614,42,1
2614,37,3
2615,42,1
2615,49,1
2615,38,1
2615,40,2
2616,4,1
2616,38,1
2616,40,1
2617,8,1
2617,39,3
2618,40,1
2618,38,1
2618,37,1
2618,39,2
2619,48,1
2619,39,2
2619,37,1
2619,23,1
2619,41,1
2620,37,1
2620,41,2
2621,9,1
2621,2,1
2622,3,2
2622,5,2
2623,8,1
2623,5,1
2624,1,1
2624,57,1
2625,2,1
2625,7,1
2626,9,1
2626,10,2
2626,1,1
2627,55,1
2627,9,1
2627,26,1
2627,7,1
2628,7,1
2628,48,1
2629,6,1
2629,7,1
2630,2,1
2630,9,1
2631,9,1
2631,6,1
2631,1,1
2632,19,1
2632,6,2
2633,37,1
2633,3,1
2633,8,1
2634,3,1
2634,6,1
2635,38,1
2635,8,1
2636,1,1
2637,8,3
2637,9,1
2637,7,2
2638,43,1
2638,2,1
2638,6,1
2638,3,1
2639,42,1
2639,5,1
2639,2,2
2639,9,1
2640,9,1
2640,6,1
2640,7,1
2640,3,1
2641,22,2
2641,23,2
2642,22,1
2642,74,1
2643,74,3
2643,20,1
2644,25,1
2644,24,1
2645,75,1
2645,24,1
2645,22,1
2645,25,1
2646,21,1
2646,43,1
2646,75,1
2647,21,1
2647,20,1
2647,24,1
2647,75,1
2648,23,1
2648,25,1
2649,25,2
2649,20,1
2649,74,2
2650,25,1
2650,21,1
2651,15,1
2651,74,1
2651,29,1
2652,41,1
2652,21,2
2652,74,1
2652,22,2
2653,20,1
2653,25,1
2654,25,1
2655,22,1
2655,8,1
2655,21,1
2656,22,1
2656,25,3
2656,20,1
2657,25,1
2657,24,1
2657,23,1
2658,53,1
2658,23,2
2658,20,1
2659,75,1
2659,24,1
2660,47,1
2660,22,1
2661,24,2
2661,23,1
2662,22,1
2662,1,3
2663,46,1
2663,22,1
2664,23,1
2664,25,1
2664,22,1
2665,25,1
2665,23,1
2665,22,1
2666,26,1
2666,46,1
2667,24,1
2667,25,1
2668,23,1
2668,22,1
2669,23,1
2669,48,1
2669,43,1
2669,24,1
2670,58,1
2670,24,1
2670,22,2
2670,25,1
2671,22,1
2671,24,2
2672,24,2
2672,3,1
2672,23,1
2672,22,3
2673,24,1
2673,51,1
2674,22,1
2674,35,1
2674,25,2
2675,21,1
2675,22,1
2675,24,1
2675,48,1
2676,23,1
2677,25,1
2677,22,1
2677,24,1
2677,23,1
2678,22,1
2678,17,1
2678,35,2
2679,27,1
2679,22,1
2680,24,1
2680,25,1
2681,59,3
2681,13,1
2681,16,1
2682,12,1
2682,9,1
2683,4,1
2683,12,1
2683,10,2
2684,12,1
2684,13,1
2684,15,1
2685,10,1
2685,15,1
2685,11,1
2685,12,1
2686,29,1
2686,13,3
2687,11,1
2687,28,1
2687,10,1
2688,16,1
2688,23,1
2689,10,1
2689,30,1
2690,15,1
2690,13,2
2690,12,1
2690,16,1
2690,10,1
2691,16,2
2691,27,1
2691,19,1
2692,14,1
2693,12,1
2693,16,1
2693,13,3
2693,11,1
2694,12,1
2694,16,1
2694,13,1
2694,14,2
2695,13,1
2695,15,1
2695,12,1
2695,16,1
2695,49,1
2696,59,1
2696,15,1
2696,16,1
2697,10,1
2697,11,1
2698,16,2
2699,14,3
2699,23,1
2699,45,1
2700,14,1
2700,10,1
2701,10,1
2701,4,1
2701,11,1
2702,14,1
2702,15,1
2702,7,1
2703,12,1
2703,10,1
2704,16,1
2705,11,1
2705,12,1
2705,13,1
2706,10,1
2706,15,1
2707,11,1
2707,14,1
2708,45,1
2708,13,2
2709,14,1
2709,35,1
2710,13,3
2710,10,1
2710,48,3
2711,12,1
2711,25,1
2712,13,1
2713,11,1
2713,58,2
2713,13,1
2714,12,1
2714,11,1
2715,14,1
2715,22,1
2715,10,1
2715,13,2
2716,12,1
2716,22,1
2717,16,1
2718,16,2
2718,11,1
2718,55,3
2719,11,1
2719,33,3
2720,11,1
2720,38,3
2720,13,1
2721,31,1
2721,69,1
2721,35,1
2722,69,1
2722,67,1
2722,70,1
2723,36,1
2723,67,1
2724,35,1
2724,69,2
2724,68,3
2725,68,1
2725,35,1
2725,70,2
2726,68,1
2726,20,3
2727,69,2
2727,16,1
2727,70,1
2728,69,1
2728,35,1
2728,1,1
2729,60,3
2729,67,1
2729,69,1
2730,67,1
2730,68,2
2731,3,1
2731,68,1
2732,68,2
2732,39,1
2733,68,1
2733,70,1
2734,69,1
2734,68,1
2734,70,1
2734,36,1
2735,35,1
2735,67,1
2735,69,1
2736,68,1
2736,67,1
2737,12,3
2737,40,1
2737,67,1
2737,35,1
2738,69,1
2738,70,2
2739,35,1
2739,69,1
2739,67,1
2740,59,1
2740,68,1
2740,69,2
2741,63,2
2741,4,1
2741,64,1
2741,65,1
2742,66,1
2742,65,1
2742,63,1
2743,62,1
2743,64,3
2743,65,1
2744,61,2
2745,64,1
2745,66,1
2745,44,2
2745,48,1
2746,63,2
2746,46,1
2747,61,1
2747,64,1
2747,58,1
2748,6,1
2748,62,1
2749,38,1
2749,63,1
2750,65,1
2750,26,1
2751,61,1
2751,62,1
2751,64,3
2752,64,1
2752,66,1
2752,63,1
2752,61,1
2753,63,1
2753,45,1
2753,62,1
2754,66,1
2754,62,1
2755,62,1
2755,65,2
2755,61,1
2756,66,1
2756,65,1
2757,64,1
2757,66,1
2757,21,1
2758,61,1
2758,65,2
2759,66,1
2759,57,1
2759,42,1
2759,62,1
2760,62,1
2760,2,1
2761,7,3
2761,14,1
2761,59,1
2762,56,2
2762,60,3
2762,58,1
2763,6,2
2763,59,1
2763,18,1
2764,60,1
2764,56,1
2765,59,1
2766,56,1
2766,57,1
2766,52,1
2766,58,1
2767,58,1
2767,56,1
2767,4,1
2768,59,2
2768,56,2
2768,36,3
2769,7,1
2769,57,2
2770,58,2
2770,56,1
2770,57,1
2770,60,1
2771,58,1
2771,57,1
2772,60,2
2772,59,1
2773,59,1
2773,60,3
2774,58,1
2774,59,1
2774,27,3
2775,11,1
2775,58,1
2775,26,2
2776,59,3
2776,58,1
2776,56,2
2776,57,1
2777,59,1
2777,53,1
2777,56,1
2778,58,2
2778,3,1
2779,58,1
2779,56,1
2779,60,1
2779,35,1
2780,58,1
2780,2,1
2781,36,1
2781,19,1
2782,13,1
2782,18,1
2783,34,1
2783,38,1
2783,18,2
2784,18,2
2784,19,1
2784,29,1
2784,34,1
2785,29,1
2786,18,1
2786,14,1
2787,3,1
2787,18,1
2787,19,1
2788,29,1
2788,19,2
2789,18,3
2789,29,1
2789,34,1
2790,34,1
2790,17,1
2790,8,3
2791,19,1
2791,29,2
2791,34,1
2791,18,1
2792,29,1
2792,18,1
2792,34,1
2792,5,1
2793,4,1
2793,34,1
2793,29,1
2793,19,1
2794,19,1
2795,29,1
2795,24,1
2796,34,2
2796,18,1
2796,19,1
2797,19,2
2797,56,1
2798,22,2
2798,34,1
2798,9,1
2799,54,2
2799,34,1
2799,29,2
2800,19,2
2800,53,2
2801,28,3
2801,56,2
2801,57,1
2802,60,1
2802,32,1
2802,57,2
2803,59,1
2803,57,1
2803,58,2
2804,57,1
2804,14,1
2805,60,1
2805,59,1
2805,51,3
2805,58,1
2806,56,1
2806,59,1
2806,60,3
2806,57,3
2806,58,1
2807,60,2
2807,57,1
2808,44,1
2808,60,2
2809,57,1
2809,56,1
2810,59,3
2810,16,1
2811,59,1
2811,20,1
2811,57,1
2811,37,3
2811,58,1
2812,56,1
2812,60,1
2812,47,1
2813,3,1
2814,56,1
2814,59,2
2814,60,2
2815,59,1
2815,56,1
2815,58,1
2816,60,1
2816,56,1
2817,60,2
2817,10,1
2817,18,2
2818,58,1
2818,60,2
2818,50,1
2819,58,2
2819,36,1
2820,57,1
2820,23,1
2821,74,1
2821,75,1
2822,75,1
2822,22,1
2823,23,1
2823,8,1
2823,25,1
2823,75,1
2823,38,1
2824,24,1
2824,21,1
2824,75,1
2825,25,2
2825,23,1
2825,20,1
2826,74,1
2826,23,1
2826,22,1
2827,20,1
2827,23,1
2827,22,1
2828,22,1
2828,19,1
2828,21,1
2828,46,1
2829,22,1
2829,23,2
2829,21,2
2830,12,1
2830,25,1
2831,20,1
2831,23,1
2831,34,2
2832,20,1
2832,75,1
2832,32,3
2833,6,1
2833,29,1
2833,23,1
2834,22,1
2834,25,1
2834,23,2
2835,74,1
2835,24,1
2836,31,1
2836,21,1
2836,20,1
2837,48,1
2837,25,1
2837,24,3
2838,24,1
2838,74,3
2838,22,1
2838,18,1
2839,13,1
2839,22,1
2840,75,1
2840,74,1
2841,7,1
2841,49,1
2841,4,2
2842,3,1
2842,5,1
2842,4,2
2843,38,1
2843,8,1
2844,4,1
2844,8,1
2845,4,1
2845,6,1
2845,5,2
2846,3,1
2846,37,1
2846,2,1
2846,4,1
2847,3,1
2847,2,1
2848,4,1
2848,6,1
2849,2,2
2849,5,1
2850,1,1
2850,9,1
2850,5,1
2851,8,2
2851,3,1
2851,1,1
2852,2,2
2852,13,1
2853,7,1
2853,3,2
2853,5,1
2854,45,1
2854,1,1
2855,9,3
2855,3,3
2856,7,1
2856,6,1
2856,38,3
2857,6,1
2857,30,1
2857,2,2
2858,4,1
2858,3,2
2858,9,1
2858,2,1
2858,37,1
2859,4,1
2859,1,1
2860,28,1
2861,11,1
2861,3,1
2862,2,1
2863,4,1
2863,3,1
2863,1,3
2864,2,1
2864,60,1
2864,8,1
2865,6,1
2865,9,1
2865,4,2
2866,2,1
2866,8,2
2867,6,1
2867,9,1
2867,5,1
2868,32,1
2868,41,3
2868,8,1
2869,4,3
2869,30,1
2869,9,1
2869,6,1
2870,1,1
2870,8,1
2870,6,3
2870,3,1
2871,6,1
2871,1,1
2872,4,1
2873,9,1
2873,43,1
2874,6,1
2874,18,2
2875,25,1
2875,4,1
2876,6,3
2876,25,1
2876,3,1
2877,4,1
2877,8,1
2877,7,2
2878,8,1
2878,6,1
2878,3,1
2878,1,1
2879,7,1
2879,9,1
2879,8,1
2880,7,1
2880,8,1
2881,75,2
2881,74,2
2882,80,2
2882,77,1
2882,72,1
2883,78,1
2883,79,2
2883,59,1
2884,76,1
2884,77,1
2884,73,1
2885,73,2
2885,79,1
2885,76,1
2886,80,1
2886,76,1
2886,35,1
2887,75,1
2887,79,1
2887,74,1
2888,29,1
2888,78,2
2888,79,1
2889,3,1
2889,73,1
2889,77,2
2889,72,2
2890,49,2
2890,72,3
2891,77,1
2891,76,2
2891,45,1
2892,72,1
2892,75,1
2892,32,1
2893,73,3
2893,74,1
2893,71,3
2893,76,1
2894,72,1
2894,78,1
2895,79,1
2895,14,2
2895,36,1
2896,72,1
2896,14,1
2896,78,1
2897,71,1
2897,75,3
2897,79,1
2897,72,1
2898,75,1
2898,79,1
2898,72,3
2898,73,1
2899,72,1
2899,75,1
2899,77,1
2900,71,1
2900,76,3
2900,75,1
2901,4,1
2901,26,1
2901,1,1
2902,5,1
2903,2,2
2903,5,1
2904,4,1
2904,9,1
2905,4,1
2905,5,1
2905,6,1
2906,6,1
2906,4,1
2906,3,2
2906,45,1
2907,6,1
2907,3,1
2908,9,1
2908,2,1
2909,3,1
2909,2,1
2910,2,1
2910,4,1
2910,10,1
2911,6,1
2911,7,1
2911,9,1
2912,8,1
2912,6,1
2912,2,1
2913,5,1
2913,14,3
2914,17,1
2914,3,1
2915,41,1
2915,3,1
2915,4,1
2916,7,1
2916,48,1
2917,2,3
2917,48,1
2917,6,1
2918,6,3
2918,21,1
2918,58,1
2919,6,1
2919,2,1
2920,6,1
2920,5,2
2921,62,2
2921,63,1
2922,61,1
2922,66,1
2922,63,1
2923,62,1
2923,64,1
2923,65,1
2924,2,1
2924,64,1
2924,63,1
2925,65,1
2925,25,1
2925,61,1
2926,62,1
2926,61,1
2926,64,1
2927,53,2
2927,65,1
2928,66,1
2928,6,1
2928,62,1
2929,19,1
2929,65,3
2930,64,1
2930,66,1
2931,66,1
2931,61,1
2932,64,1
2932,62,1
2933,61,2
2933,66,1
2934,65,1
2934,66,1
2934,40,2
2935,63,1
2935,66,1
2935,62,1
2936,63,1
2936,18,1
2937,41,1
2937,65,1
2938,66,2
2938,62,1
2939,64,1
2939,61,1
2940,64,1
2940,61,1
2940,66,1
2941,37,1
2941,19,2
2941,18,1
2942,19,1
2942,34,1
2942,25,1
2943,34,1
2943,18,1
2944,19,1
2944,33,1
2944,18,1
2945,34,1
2945,18,1
2945,12,1
2946,19,3
2946,37,1
2946,34,1
2946,29,1
2947,42,1
2947,19,1
2948,40,1
2948,34,1
2948,32,1
2948,18,1
2949,18,1
2949,34,3
2950,19,1
2950,18,1
2951,34,1
2951,60,1
2951,49,1
2951,23,1
2951,36,1
2952,29,2
2952,49,1
2952,19,1
2953,29,1
2953,54,1
2953,19,1
2953,18,2
2954,18,1
2954,19,1
2954,11,1
2955,18,1
2955,29,1
2955,22,1
2956,34,1
2956,19,1
2957,19,1
2957,44,2
2958,19,1
2958,29,1
2958,18,3
2959,35,1
2959,34,1
2960,29,1
2960,34,1
2960,18,1
2961,1,1
2961,7,2
2961,3,2
2962,2,1
2962,5,1
2962,55,1
2963,8,1
2963,30,1
2963,6,1
2964,9,1
2964,52,1
2964,8,1
2965,4,1
2965,8,1
2966,38,1
2966,6,1
2967,6,1
2968,10,2
2968,9,1
2969,2,1
2970,6,1
2970,48,2
2970,8,1
2970,20,1
2970,5,2
2971,1,1
2971,7,1
2972,5,1
2973,3,1
2973,42,1
2974,27,1
2974,26,3
2975,3,1
2975,7,1
2976,3,1
2976,6,1
2976,7,1
2976,5,1
2977,8,1
2977,7,1
2978,5,1
2978,6,1
2979,9,1
2979,6,1
2979,1,1
2980,33,1
2980,7,1
2981,13,1
2981,15,1
2982,15,3
2982,39,1
2982,14,2
2982,12,1
2983,15,2
2983,25,1
2983,10,1
2984,15,1
2984,53,1
2984,11,1
2985,12,2
2985,11,1
2985,16,2
2986,14,2
2986,47,1
2986,12,1
2986,16,1
2987,14,1
2987,13,2
2988,11,1
2989,59,1
2989,14,1
2990,14,2
2990,16,1
2991,15,1
2991,14,1
2991,28,1
2992,11,1
2992,16,1
2992,12,1
2993,16,1
2993,10,1
2994,12,2
2994,13,1
2995,36,1
2995,12,1
2996,11,1
2996,10,1
2996,16,1
2997,12,1
2997,16,1
2997,1,1
2998,15,1
2999,10,1
2999,16,1
3000,15,1
3000,12,2
3001,59,2
3001,58,1
3002,38,1
3002,60,1
3002,59,1
3003,60,1
3003,57,1
3004,59,1
3004,58,1
3004,56,1
3005,6,1
3005,60,1
3005,58,1
3006,34,1
3006,58,1
3006,59,2
3007,56,1
3007,57,1
3007,42,1
3008,57,1
3008,58,1
3008,27,3
3009,47,2
3009,56,1
3009,28,2
3010,28,1
3010,58,1
3010,57,2
3010,60,1
3011,59,2
3011,13,1
3011,56,1
3012,56,1
3012,51,1
3012,58,1
3013,58,1
3013,56,1
3013,57,1
3013,60,1
3013,3,1
3014,56,1
3014,59,1
3014,50,1
3015,56,1
3015,58,2
3015,60,2
3016,58,1
3016,59,1
3016,24,1
3017,59,1
3017,56,1
3018,37,2
3018,58,2
3018,56,1
3018,59,1
3018,55,1
3019,60,1
3019,57,1
3019,58,1
3019,6,1
3019,59,1
3020,20,1
3020,57,1
3020,32,1
3021,15,2
3021,23,2
3022,22,1
3022,8,1
3023,59,1
3023,74,1
3023,25,1
3024,74,1
3024,25,1
3024,40,1
3024,23,1
3025,75,1
3025,28,1
3025,24,1
3026,23,1
3026,21,1
3026,20,1
3026,74,2
3026,75,1
3027,75,1
3027,38,1
3027,23,1
3027,74,2
3027,21,3
3028,75,1
3028,20,1
3029,75,1
3029,60,3
3030,24,1
3030,75,1
3031,20,1
3031,75,1
3031,74,2
3032,74,1
3032,20,1
3032,21,1
3032,75,1
3033,56,2
3033,24,2
3034,75,1
3034,20,1
3034,21,1
3035,74,1
3035,56,1
3035,20,1
3035,23,1
3036,49,1
3036,23,1
3037,59,1
3037,20,2
3037,35,1
3038,23,1
3038,75,2
3038,22,1
3039,75,1
3039,48,1
3039,20,1
3040,13,1
3041,75,1
3041,23,1
3041,25,1
3041,74,1
3042,21,3
3042,74,1
3042,42,2
3042,24,1
3043,25,1
3043,41,1
3043,21,1
3043,74,1
3044,22,1
3044,24,2
3044,10,2
3045,74,1
3045,25,1
3045,22,1
3046,24,1
3046,22,1
3047,38,1
3047,25,1
3048,21,3
3048,24,2
3048,75,1
3049,24,1
3049,75,1
3049,21,1
3050,11,3
3050,46,1
3050,40,2
3051,21,2
3051,23,1
3051,75,1
3051,5,1
3051,25,1
3052,25,1
3052,23,2
3053,10,3
3053,75,1
3053,21,1
3053,23,1
3054,75,1
3054,25,1
3055,20,1
3055,22,1
3056,75,1
3056,36,1
3056,21,1
3056,20,1
3056,39,1
3057,24,1
3057,21,1
3058,21,1
3058,74,1
3058,75,1
3058,6,1
3059,25,1
3059,23,1
3059,13,1
3060,30,1
3060,24,1
3060,49,1
3061,31,1
3061,30,1
3061,29,1
3062,30,1
3062,31,1
3062,33,1
3062,29,1
3063,30,1
3064,30,1
3064,32,1
3064,14,1
3065,5,1
3065,58,1
3065,31,1
3066,31,3
3066,57,1
3067,28,3
3067,29,1
3068,33,1
3068,19,1
3069,30,1
3069,32,1
3070,23,1
3070,30,1
3070,28,1
3070,8,1
3071,32,1
3071,29,1
3072,32,1
3072,31,1
3072,28,1
3073,33,1
3073,31,1
3073,29,1
3073,17,2
3074,33,1
3074,29,1
3074,30,1
3075,5,1
3075,28,3
3076,29,1
3076,32,1
3076,44,1
3077,33,1
3077,31,1
3077,15,3
3078,32,2
3078,53,1
3078,33,1
3078,29,1
3079,33,1
3079,31,2
3080,33,1
3080,10,1
3081,7,1
3081,3,1
3081,2,1
3082,10,1
3082,1,2
3083,8,2
3084,2,3
3084,31,1
3084,42,1
3085,17,1
3085,8,1
3085,6,1
3086,3,1
3086,8,1
3086,49,1
3087,4,1
3087,8,1
3088,4,1
3088,7,2
3089,7,1
3089,55,1
3089,5,1
3090,1,1
3090,30,1
3091,49,1
3091,3,1
3091,8,1
3092,3,2
3093,3,1
3094,7,1
3094,4,1
3095,16,1
3095,8,1
3095,44,1
3095,49,1
3095,3,2
3096,7,1
3096,4,1
3096,6,2
3097,3,1
3097,1,1
3098,8,1
3098,9,2
3099,7,2
3099,4,2
3099,1,1
3100,6,1
3100,4,1
3101,33,1
3101,58,1
3101,30,1
3102,28,1
3102,33,2
3103,31,1
3103,28,1
3104,28,1
3104,33,1
3104,37,1
3105,33,1
3105,30,1
3105,28,1
3106,32,1
3106,14,1
3106,28,2
3106,29,1
3107,32,1
3107,30,1
3107,29,1
3108,33,1
3108,32,1
3109,33,2
3109,30,1
3109,28,1
3110,53,1
3110,33,2
3110,5,1
3110,1,1
3111,28,2
3111,31,1
3111,33,1
3112,32,1
3112,28,1
3112,30,2
3113,33,2
3113,29,1
3113,30,1
3114,29,1
3114,33,1
3115,33,1
3115,49,1
3115,32,1
3115,30,1
3116,28,1
3116,30,2
3116,32,1
3117,28,1
3117,32,1
3117,30,1
3117,33,1
3118,31,2
3118,28,1
3119,31,1
3119,28,1
3119,33,1
3120,33,1
3120,15,1
3121,11,1
3121,12,1
3122,11,2
3122,13,1
3122,30,2
3123,16,1
3123,14,3
3124,16,2
3124,11,1
3125,11,1
3125,15,1
3125,1,1
3126,15,1
3126,11,1
3126,16,2
3127,13,1
3127,12,2
3128,11,1
3128,16,1
3128,12,1
3129,14,1
3129,10,1
3129,59,1
3130,14,1
3130,12,1
3130,13,1
3131,13,1
3131,12,1
3131,15,1
3131,10,1
3132,12,1
3132,13,2
3132,10,1
3133,5,1
3133,12,1
3134,16,1
3134,11,1
3135,46,1
3135,11,2
3136,16,1
3136,10,1
3136,15,1
3137,14,1
3137,12,1
3138,18,1
3138,11,1
3139,10,3
3140,13,1
3140,16,1
3141,9,2
3141,7,1
3141,3,1
3142,3,1
3142,9,1
3143,2,2
3143,4,2
3144,1,1
3145,5,1
3145,8,1
3145,1,1
3146,8,1
3146,1,1
3146,5,1
3147,19,1
3147,4,1
3147,6,1
3148,6,1
3149,3,1
3149,2,2
3149,32,1
3150,29,1
3150,3,1
3151,5,1
3151,3,3
3151,8,1
3152,3,1
3152,1,3
3153,8,1
3153,5,1
3154,4,2
3154,2,1
3154,5,1
3155,8,1
3155,2,1
3156,7,1
3156,9,1
3156,3,1
3157,5,1
3157,4,1
3157,9,1
3158,6,1
3158,3,1
3158,8,2
3159,5,1
3159,2,1
3160,52,1
3160,3,1
3160,9,1
3161,23,1
3161,35,1
3161,22,2
3162,22,1
3162,23,1
3163,24,1
3163,43,1
3163,25,1
3164,25,1
3164,22,1
3165,22,1
3165,53,1
3165,54,1
3166,40,2
3166,23,1
3167,25,1
3167,23,2
3167,24,1
3168,23,1
3168,25,1
3169,22,1
3169,60,1
3169,24,1
3170,23,1
3170,33,1
3170,34,1
3170,25,1
3171,24,2
3171,34,1
3172,48,1
3172,23,1
3172,9,1
3173,25,1
3174,22,1
3174,53,1
3174,23,1
3175,8,1
3175,22,1
3176,17,1
3176,22,2
3177,25,1
3177,32,1
3177,23,1
3177,54,2
3178,23,1
3178,25,2
3178,22,1
3178,24,1
3179,25,1
3179,22,1
3179,57,1
3179,23,1
3180,24,1
3180,22,1
3180,23,1
3180,25,1
3181,4,3
3181,8,1
3182,42,2
3182,43,2
3183,19,1
3183,8,1
3183,5,3
3183,6,1
3184,3,1
3184,7,1
3184,6,1
3185,7,1
3185,1,1
3186,6,1
3186,8,1
3187,4,1
3187,1,3
3187,12,1
3188,48,2
3188,5,2
3188,4,1
3189,1,1
3189,4,1
3190,7,1
3190,5,1
3191,9,1
3191,1,1
3191,2,1
3192,2,1
3192,1,1
3192,6,1
3193,18,1
3193,5,1
3193,9,1
3194,6,3
3195,1,1
3195,45,1
3196,8,1
3196,47,1
3197,9,1
3197,2,1
3198,3,1
3198,7,2
3199,2,1
3199,4,2
3199,3,1
3199,9,1
3200,7,2
3200,36,1
3200,8,1
3200,4,1
3201,28,1
3201,33,1
3201,31,1
3202,28,1
3202,22,1
3202,31,1
3202,29,1
3203,32,1
3203,30,1
3204,31,1
3204,29,1
3205,33,1
3205,29,2
3206,30,1
3206,32,1
3207,32,3
3207,31,1
3208,9,1
3208,31,1
3208,32,1
3208,11,1
3208,27,1
3209,57,1
3209,28,1
3209,31,3
3209,25,3
3210,33,2
3210,8,1
3210,31,1
3210,32,2
3211,30,1
3211,29,2
3212,28,2
3212,30,1
3212,33,3
3213,28,1
3213,30,1
3213,42,1
3214,45,1
3214,30,1
3214,32,2
3214,28,1
3215,32,2
3215,31,3
3215,33,1
3216,28,2
3216,30,1
3216,33,1
3217,29,2
3218,30,1
3218,60,1
3218,33,1
3219,29,1
3219,33,1
3219,31,1
3219,30,1
3220,32,1
3220,28,1
3220,30,1
3221,11,1
3221,12,3
3221,16,1
3222,10,1
3222,12,2
3223,11,1
3223,12,1
3223,16,1
3224,12,1
3224,28,1
3225,11,1
3225,9,2
3226,13,1
3227,43,1
3227,11,1
3228,15,1
3228,32,1
3228,10,1
3229,22,1
3230,8,1
3230,10,1
3231,15,1
3231,11,1
3232,10,1
3232,12,1
3232,11,2
3233,16,1
3233,10,1
3233,12,1
3234,15,1
3235,27,2
3235,10,1
3236,13,3
3236,12,1
3237,13,1
3237,16,1
3237,11,1
3238,12,1
3238,14,1
3239,16,1
3239,13,1
3240,51,1
3240,10,2
3240,36,1
3241,35,1
3241,67,1
3242,70,1
3242,69,1
3243,36,2
3244,67,1
3244,68,3
3245,68,1
3245,35,1
3246,70,1
3246,39,2
3246,45,1
3247,70,3
3247,36,2
3247,69,1
3247,27,2
3248,67,1
3248,35,1
3249,38,1
3249,21,1
3250,68,1
3250,35,1
3251,12,2
3252,12,1
3252,35,2
3252,2,3
3253,57,1
3253,68,1
3254,70,1
3254,69,1
3254,67,1
3254,36,1
3255,69,2
3255,68,1
3256,4,2
3256,70,1
3256,35,2
3257,56,1
3257,69,1
3257,36,2
3258,68,1
3258,70,1
3259,36,1
3259,70,1
3259,67,1
3259,69,1
3260,36,1
3260,70,2
3260,69,1
3260,67,1
3261,21,1
3261,52,2
3262,46,1
3262,68,1
3262,69,1
3263,67,1
3263,69,1
3263,34,1
3263,36,1
3264,68,2
3264,69,3
3265,70,1
3265,35,2
3266,68,1
3266,67,3
3267,69,1
3267,70,1
3267,68,1
3268,36,2
3268,68,1
3269,68,1
3269,35,1
3270,29,1
3270,70,1
3271,68,1
3271,70,1
3272,69,2
3272,26,1
3273,69,1
3273,35,1
3273,70,1
3274,70,1
3274,35,1
3274,23,2
3275,70,1
3275,36,1
3276,35,2
3276,67,1
3276,33,1
3277,36,1
3277,69,1
3278,35,1
3278,69,3
3278,68,1
3279,70,1
3279,14,3
3280,69,1
3280,68,1
3280,36,1
3281,43,1
3281,32,2
3282,32,1
3282,31,1
3283,14,1
3283,13,1
3283,22,1
3284,50,3
3284,28,1
3285,30,1
3285,33,1
3286,30,1
3286,11,1
3287,30,2
3287,29,1
3288,30,1
3289,5,1
3290,30,2
3290,28,1
3290,53,1
3290,29,1
3291,28,1
3291,30,2
3291,29,1
3292,28,1
3292,33,3
3293,31,1
3293,29,2
3294,33,1
3294,14,1
3295,29,1
3295,31,1
3295,51,1
3296,33,1
3296,43,1
3296,28,1
3297,28,1
3297,33,3
3297,30,2
3298,28,1
3298,36,1
3299,31,1
3299,33,1
3299,28,1
3300,29,1
3300,30,1
3300,58,1
3300,32,1
3300,33,1
3301,36,1
3301,56,2
3301,67,1
3302,35,1
3302,68,1
3303,29,1
3303,45,1
3303,68,1
3304,41,1
3304,69,3
3305,68,1
3305,57,2
3305,29,1
3306,70,1
3306,51,2
3306,54,1
3306,67,1
3306,36,1
3307,36,1
3307,18,1
3308,36,2
3308,67,1
3308,70,2
3308,69,1
3309,68,2
3310,67,1
3310,11,2
3311,68,1
3311,36,1
3311,35,1
3312,68,1
3312,70,1
3313,35,1
3313,42,1
3313,68,2
3313,20,1
3313,69,2
3314,69,2
3314,4,1
3315,68,1
3315,70,1
3316,35,1
3316,70,3
3317,36,1
3317,2,1
3317,67,1
3318,36,1
3318,70,2
3318,68,1
3319,36,1
3319,35,1
3319,68,2
3320,4,2
3320,70,1
3321,64,2
3321,57,1
3321,66,1
3322,26,1
3322,63,1
3322,49,1
3322,64,1
3323,64,1
3323,61,1
3323,16,1
3323,66,2
3324,65,1
3324,30,1
3324,66,1
3325,64,1
3325,65,1
3326,64,1
3326,9,1
3327,61,1
3328,62,1
3328,63,1
3328,61,1
3329,66,1
3330,62,1
3330,2,1
3330,65,1
3331,13,3
3331,62,1
3332,63,1
3332,15,1
3333,62,2
3333,1,2
3334,62,1
3334,63,1
3334,65,1
3335,8,1
3335,64,1
3335,63,2
3336,65,1
3336,62,2
3336,64,1
3337,63,1
3337,62,1
3337,65,1
3337,16,3
3338,20,1
3339,62,1
3339,65,1
3339,66,1
3340,27,1
3340,1,1
3341,3,1
3341,8,1
3342,6,1
3342,4,1
3342,2,1
3343,33,1
3343,17,1
3343,8,1
3344,24,2
3344,3,1
3344,1,1
3344,2,1
3345,3,1
3345,25,1
3345,4,1
3346,8,1
3346,4,1
3346,1,1
3347,9,2
3347,4,1
3347,8,1
3348,45,3
3349,1,1
3349,5,3
3349,3,1
3350,4,1
3350,8,1
3350,23,1
3350,6,1
3351,5,1
3351,1,1
3351,4,1
3352,5,1
3352,9,1
3353,9,1
3353,29,2
3353,47,2
3354,3,1
3354,7,1
3354,6,1
3355,31,2
3355,9,1
3356,2,1
3356,9,3
3357,3,1
3357,4,2
3358,2,1
3358,48,3
3358,5,2
3359,7,1
3359,21,1
3359,3,1
3360,31,1
3360,5,2
3360,25,1
3361,28,1
3361,30,1
3361,33,1
3362,44,1
3362,16,1
3363,33,1
3363,15,2
3363,32,1
3364,28,1
3364,33,2
3365,31,1
3365,32,2
3365,30,1
3365,50,1
3365,8,1
3366,28,1
3366,48,1
3366,33,1
3366,32,1
3367,12,1
3367,60,1
3367,29,2
3368,30,1
3368,32,1
3368,29,2
3369,33,1
3369,31,3
3370,28,1
3370,30,1
3370,32,1
3371,14,1
3371,29,2
3371,32,1
3372,48,1
3372,31,1
3373,30,1
3373,31,1
3373,32,1
3374,30,1
3374,32,1
3374,33,2
3375,28,3
3375,30,1
3375,29,1
3376,31,2
3376,30,3
3377,31,2
3377,28,2
3377,34,1
3377,33,2
3377,32,2
3378,7,1
3378,12,1
3378,32,2
3379,31,2
3379,13,1
3379,29,2
3380,28,1
3380,33,1
3380,32,1
3381,24,1
3381,23,1
3381,22,1
3382,51,1
3382,23,1
3383,22,1
3383,45,1
3384,23,1
3384,40,1
3384,25,1
3384,24,2
3385,46,1
3385,23,1
3385,24,1
3386,25,1
3386,22,2
3387,25,2
3387,22,1
3388,22,2
3388,24,1
3388,32,3
3388,25,1
3389,22,1
3389,24,1
3390,22,2
3390,25,1
3390,23,1
3391,25,1
3391,50,1
3391,22,1
3392,23,1
3393,25,2
3393,29,1
3393,22,1
3394,43,1
3394,25,2
3395,25,1
3395,22,2
3395,24,1
3396,24,1
3396,22,1
3396,23,1
3397,23,1
3397,22,1
3398,22,1
3398,25,1
3398,23,2
3399,23,1
3399,24,1
3400,22,3
3401,5,1
3401,1,1
3402,3,1
3402,5,2
3402,7,1
3403,8,1
3403,9,1
3403,3,3
3403,25,1
3404,7,1
3404,8,1
3405,4,3
3405,2,1
3405,6,1
3406,8,1
3407,8,1
3407,5,1
3407,4,1
3408,4,1
3408,9,2
3408,7,1
3409,3,1
3409,29,3
3410,1,1
3410,3,3
3410,5,1
3410,9,3
3411,4,1
3412,6,1
3412,1,1
3413,5,2
3413,4,1
3414,1,1
3414,7,1
3415,4,1
3415,3,1
3415,23,1
3416,6,1
3416,3,1
3416,8,1
3416,4,1
3417,8,3
3417,1,1
3417,6,1
3417,2,1
3418,16,1
3418,3,3
3418,1,1
3419,2,1
3419,40,1
3419,8,1
3420,2,1
3420,4,1
3420,8,2
3421,30,1
3421,31,1
3421,32,1
3421,22,1
3422,31,1
3422,28,1
3422,29,1
3423,31,1
3423,28,1
3423,1,1
3424,28,1
3424,12,1
3424,29,1
3425,31,1
3425,32,1
3425,29,2
3425,58,1
3426,29,1
3426,44,1
3426,18,1
3426,32,2
3427,32,1
3427,55,1
3427,33,1
3428,28,1
3428,21,1
3428,29,1
3429,30,2
3429,32,1
3430,29,2
3430,50,1
3430,31,1
3431,28,1
3431,33,1
3432,34,3
3432,32,1
3432,31,1
3432,26,1
3433,33,1
3433,30,1
3433,49,3
3434,39,1
3434,33,1
3434,30,1
3435,28,1
3435,30,1
3435,29,1
3436,20,1
3436,22,1
3436,29,1
3436,51,1
3437,31,1
3437,32,1
3438,28,2
3438,30,1
3438,44,2
3438,29,1
3439,31,1
3439,30,1
3439,33,1
3440,33,1
3440,30,1
3440,32,1
3440,28,1
3441,79,1
3441,71,1
3441,78,1
3442,31,1
3442,72,1
3442,78,1
3443,72,2
3443,77,1
3443,45,1
3443,80,3
3444,78,1
3444,9,1
3445,37,1
3445,78,1
3445,72,2
3445,73,1
3445,75,1
3446,78,3
3446,79,1
3446,80,1
3446,77,1
3446,73,1
3447,9,2
3447,72,1
3447,17,1
3448,80,1
3448,50,1
3449,80,2
3449,71,3
3449,60,1
3450,76,1
3450,73,1
3450,78,1
3450,80,2
3450,71,2
3451,78,1
3451,77,2
3451,75,1
3451,71,1
3452,71,1
3452,1,1
3452,32,1
3452,16,1
3453,79,2
3453,74,1
3453,75,1
3454,75,1
3454,76,1
3454,36,1
3454,77,1
3455,76,1
3455,78,1
3455,74,1
3456,73,3
3456,72,2
3457,77,1
3457,74,1
3457,80,1
3458,76,3
3458,73,2
3458,12,1
3459,72,1
3459,79,1
3459,78,2
3460,73,1
3460,77,1
3460,52,2
3461,62,2
3461,33,2
3461,64,2
3462,23,1
3462,4,3
3462,21,1
3462,61,1
3463,65,1
3463,64,1
3463,63,1
3464,62,1
3464,63,1
3465,65,1
3465,64,1
3465,61,1
3466,61,1
3466,64,3
3466,56,1
3467,24,2
3467,55,2
3467,63,2
3467,66,1
3468,7,1
3468,63,1
3469,26,1
3469,65,1
3469,63,1
3470,64,1
3470,63,1
3470,65,1
3471,61,1
3471,66,1
3471,53,1
3471,29,1
3472,64,1
3472,61,1
3472,63,1
3473,65,2
3473,63,2
3474,65,1
3474,66,1
3474,64,1
3475,66,1
3475,64,1
3475,60,2
3476,65,1
3476,64,1
3476,38,1
3477,65,1
3477,62,1
3478,63,1
3478,66,1
3479,63,1
3479,61,2
3480,64,2
3481,9,1
3481,4,1
3481,3,1
3482,1,1
3482,4,1
3482,2,1
3483,2,1
3483,5,1
3484,57,1
3484,5,1
3484,9,1
3485,32,1
3485,4,1
3486,3,1
3486,5,3
3486,6,2
3486,7,1
3487,3,1
3487,2,1
3487,1,3
3487,7,1
3488,1,1
3488,2,1
3488,9,2
3489,7,1
3490,2,1
3490,7,1
3491,5,1
3491,3,1
3491,59,1
3491,8,2
3492,9,1
3492,4,1
3493,21,1
3493,8,1
3493,4,2
3494,6,2
3494,3,1
3494,9,1
3495,7,1
3495,38,1
3496,38,1
3496,31,1
3497,2,1
3497,52,1
3497,8,1
3498,7,1
3498,2,3
3499,2,1
3499,7,1
3499,1,1
3500,6,1
3500,7,1
3500,5,1
3501,61,1
3502,64,1
3502,62,3
3502,18,3
3503,3,1
3503,65,2
3503,61,2
3504,7,2
3504,62,1
3504,64,1
3504,37,1
3504,63,1
3505,62,1
3505,66,1
3506,21,2
3506,62,1
3507,47,1
3507,63,1
3507,66,1
3508,63,1
3508,62,1
3508,65,1
3509,65,1
3509,64,1
3510,66,2
3510,62,2
3511,62,1
3512,63,1
3512,44,1
3513,61,1
3513,66,1
3514,66,1
3514,49,1
3514,64,1
3514,65,1
3515,66,1
3515,63,1
3516,61,1
3516,43,3
3516,63,1
3516,65,1
3517,66,1
3517,65,1
3517,61,1
3518,63,1
3518,64,1
3518,65,1
3519,63,1
3519,62,2
3520,61,1
3520,33,1
3520,63,1
3521,72,1
3521,76,2
3522,80,1
3522,36,1
3523,72,1
3523,33,2
3523,77,1
3524,79,1
3524,73,2
3524,7,1
3524,76,1
3525,77,1
3525,76,2
3525,73,1
3525,78,3
3526,73,1
3526,75,1
3526,74,2
3527,74,1
3527,79,2
3527,18,1
3528,80,1
3528,78,1
3529,10,2
3529,30,1
3530,79,1
3530,75,1
3530,80,1
3531,78,1
3531,79,2
3531,73,3
3531,19,1
3531,80,2
3532,73,1
3532,77,1
3532,78,1
3533,29,1
3533,41,1
3533,76,1
3534,76,1
3534,73,2
3534,74,1
3535,39,1
3535,75,1
3535,72,1
3535,78,1
3536,77,1
3536,74,1
3536,78,1
3537,80,2
3537,43,1
3537,78,1
3538,79,1
3538,80,1
3539,73,1
3539,75,1
3540,76,3
3540,79,1
3541,18,3
3541,19,3
3541,26,1
3542,34,1
3542,18,1
3543,18,1
3543,34,2
3543,19,3
3544,18,1
3545,34,1
3545,18,1
3545,29,2
3546,18,1
3546,52,3
3546,34,1
3546,30,2
3547,29,1
3547,34,1
3547,18,1
3548,52,1
3548,29,1
3548,19,1
3549,34,1
3549,29,1
3550,19,1
3550,29,1
3551,58,1
3551,34,2
3552,29,1
3552,18,1
3553,34,1
3553,18,2
3554,29,1
3554,19,2
3554,18,1
3555,39,1
3555,34,1
3555,18,1
3555,29,1
3556,34,1
3556,29,1
3557,34,1
3557,52,1
3557,29,1
3558,29,1
3558,18,1
3559,19,2
3559,29,1
3559,1,1
3560,34,2
3560,52,1
3560,12,2
3561,56,1
3561,59,1
3562,60,1
3562,56,1
3562,20,1
3563,59,1
3563,60,1
3564,57,1
3564,59,1
3565,35,1
3565,57,1
3566,58,1
3566,56,1
3566,60,1
3567,58,1
3567,59,1
3567,57,2
3567,60,1
3567,24,1
3568,57,1
3568,13,1
3568,56,1
3568,58,2
3568,55,1
3569,14,1
3569,57,1
3569,56,2
3569,58,2
3570,57,1
3570,60,1
3571,57,1
3571,11,1
3572,6,1
3572,57,1
3572,56,1
3572,59,1
3573,59,1
3573,58,1
3574,57,2
3574,59,1
3574,56,1
3575,57,1
3575,59,1
3575,58,1
3576,57,1
3576,59,1
3576,56,1
3576,8,2
3577,58,1
3577,12,1
3578,57,1
3578,60,1
3578,56,1
3579,60,2
3579,59,2
3579,1,1
3580,60,1
3580,57,2
3580,59,3
3581,12,1
3581,13,1
3581,50,1
3582,13,1
3582,16,1
3583,15,1
3583,16,2
3583,13,1
3583,12,1
3584,12,1
3584,11,1
3584,35,1
3584,51,1
3585,11,1
3585,12,1
3585,16,1
3586,15,1
3586,14,1
3586,10,2
3587,16,1
3587,11,2
3587,15,1
3588,10,1
3588,14,1
3588,23,1
3588,13,1
3589,11,2
3589,16,1
3590,12,2
3590,36,2
3590,16,1
3591,15,1
3591,12,1
3591,16,1
3592,57,1
3592,11,1
3593,14,1
3593,11,1
3593,12,1
3594,12,2
3594,15,1
3594,21,1
3594,13,1
3595,17,1
3595,10,1
3596,5,1
3596,12,2
3596,14,1
3596,11,1
3596,16,1
3597,11,2
3597,20,1
3597,12,1
3598,12,1
3598,14,1
3598,56,2
3599,16,1
3599,17,1
3599,10,1
3600,31,3
3600,11,1
3600,14,1
3601,57,1
3601,56,1
3602,60,1
3602,59,1
3603,56,1
3603,59,1
3603,31,2
3604,57,1
3604,16,1
3604,10,2
3605,59,2
3605,60,1
3605,56,1
3606,59,1
3606,57,1
3606,2,1
3607,59,1
3607,56,2
3607,7,2
3608,59,3
3608,56,1
3608,42,2
3609,57,1
3609,60,1
3610,60,1
3610,58,1
3610,57,1
3610,56,1
3611,57,1
3611,58,1
3611,59,1
3611,56,3
3611,60,1
3612,58,3
3612,57,2
3613,59,1
3613,58,2
3613,60,2
3613,57,1
3613,56,1
3614,58,1
3614,4,1
3615,58,2
3615,60,1
3616,60,2
3616,44,1
3617,60,1
3617,56,2
3617,11,1
3618,58,1
3618,57,1
3619,37,1
3619,58,1
3619,60,1
3619,59,1
3620,56,1
3620,59,1
3621,4,1
3622,66,1
3622,64,1
3622,60,1
3623,62,1
3623,65,1
3623,61,1
3624,50,1
3624,65,1
3624,66,1
3624,63,1
3624,62,1
3625,64,2
3625,15,2
3625,2,2
3626,61,3
3626,63,1
3626,65,2
3627,65,1
3627,34,1
3628,66,1
3628,61,1
3629,64,1
3629,62,1
3629,65,1
3630,66,1
3630,61,1
3630,65,2
3631,63,1
3631,62,1
3632,64,1
3633,61,1
3633,65,1
3633,64,1
3633,66,1
3634,63,1
3634,66,1
3634,62,2
3635,64,1
3635,63,1
3636,63,1
3636,64,1
3636,40,1
3637,66,1
3637,3,1
3638,62,1
3638,65,1
3638,66,1
3638,16,1
3639,66,2
3640,47,1
3640,50,1
3641,2,2
3641,3,1
3641,41,1
3642,9,1
3642,7,1
3643,40,1
3643,7,1
3643,1,1
3644,9,1
3644,44,1
3644,4,1
3645,7,1
3645,4,1
3645,8,1
3646,3,1
3646,1,1
3646,32,1
3647,35,2
3647,44,1
3647,6,3
3647,4,1
3648,9,1
3648,1,1
3648,7,1
3649,23,1
3649,2,2
3650,2,1
3650,7,1
3650,39,1
3651,6,1
3651,39,1
3651,4,1
3652,3,1
3652,7,1
3653,5,1
3653,60,1
3654,6,1
3654,12,1
3655,17,2
3655,4,1
3655,6,1
3656,3,1
3656,9,2
3656,4,3
3657,8,2
3657,3,1
3657,6,1
3657,25,1
3657,2,1
3658,4,2
3658,9,3
3658,6,1
3659,2,1
3659,5,1
3660,3,1
3660,8,1
3660,6,1
3661,2,1
3661,6,1
3662,6,2
3662,8,1
3662,7,1
3663,4,1
3663,9,2
3663,8,2
3664,2,1
3664,12,1
3664,16,2
3665,6,1
3665,8,2
3666,4,2
3666,19,1
3667,6,1
3667,5,1
3668,6,1
3668,4,1
3668,9,1
3668,1,1
3669,7,1
3669,9,1
3670,3,1
3670,4,2
3671,44,1
3671,6,1
3671,7,1
3672,3,1
3672,26,1
3672,1,1
3673,9,1
3673,17,1
3673,44,1
3674,6,1
3674,3,1
3675,5,1
3676,6,1
3676,3,1
3676,9,1
3677,30,1
3677,5,1
3677,4,1
3678,2,1
3678,3,2
3679,38,2
3679,4,1
3679,8,1
3680,9,1
3680,8,1
3681,23,1
3681,25,1
3681,22,1
3681,24,2
3682,37,1
3682,24,1
3683,22,1
3683,23,2
3684,23,3
3684,25,1
3684,22,1
3685,24,1
3685,25,1
3686,24,1
3686,23,1
3687,23,1
3687,28,1
3687,25,1
3688,25,1
3688,30,2
3688,45,3
3689,24,1
3689,23,1
3689,25,1
3690,23,1
3690,22,2
3690,25,1
3691,24,1
3691,14,1
3692,23,1
3692,54,2
3692,25,1
3693,22,1
3694,25,1
3694,23,2
3694,24,1
3695,50,1
3695,39,1
3695,24,1
3696,23,1
3696,25,1
3697,8,2
3697,23,1
3698,24,1
3698,38,1
3698,57,1
3699,57,1
3699,29,2
3699,24,2
3700,13,1
3700,22,2
3700,24,1
3701,4,1
3701,2,1
3701,5,1
3702,9,1
3702,1,1
3703,32,1
3703,2,1
3703,8,1
3704,4,1
3704,20,1
3704,7,1
3705,9,1
3705,4,1
3706,3,1
3706,2,1
3706,4,1
3707,4,1
3707,2,1
3707,5,1
3708,3,1
3708,2,1
3708,8,1
3709,39,1
3709,9,1
3710,13,1
3710,6,2
3710,9,1
3711,28,1
3711,3,1
3712,5,2
3712,8,1
3713,2,1
3713,8,1
3713,1,1
3714,55,1
3714,33,1
3714,8,2
3715,2,1
3716,4,1
3716,2,1
3717,8,1
3717,33,1
3717,4,1
3718,7,1
3718,3,2
3719,9,1
3719,46,1
3719,48,1
3720,8,1
3720,5,1
3720,3,1
3721,8,2
3721,51,1
3721,2,2
3722,2,1
3722,9,1
3723,50,1
3723,2,1
3723,51,1
3723,7,2
3723,6,1
3724,40,1
3724,3,1
3724,2,1
3725,8,2
3725,4,1
3726,3,2
3726,9,1
3727,6,1
3727,7,3
3728,22,1
3728,7,2
3729,5,1
3729,22,1
3730,4,1
3730,5,2
3730,40,1
3731,3,1
3731,26,3
3731,1,1
3732,4,1
3732,7,1
3733,3,1
3733,1,2
3734,9,2
3734,7,1
3735,57,1
3735,5,2
3735,1,1
3736,3,1
3736,1,1
3736,8,1
3736,50,1
3737,6,2
3737,4,1
3737,8,3
3738,6,2
3738,8,1
3738,50,1
3739,8,2
3739,4,2
3740,7,1
3740,4,1
3740,6,2
3740,5,1
3740,41,1
3741,51,1
3741,5,1
3741,8,2
3742,7,1
3742,36,2
3743,6,1
3743,3,1
3744,7,1
3744,8,1
3745,3,2
3745,6,1
3745,21,1
3746,9,1
3747,6,1
3747,5,1
3748,6,1
3748,1,1
3748,5,3
3749,4,1
3749,5,2
3750,4,1
3750,7,3
3750,60,1
3750,6,3
3751,6,1
3751,3,1
3752,3,1
3752,4,1
3752,7,2
3753,4,1
3753,22,1
3754,4,1
3754,2,1
3754,1,1
3755,5,1
3755,4,1
3755,3,1
3755,1,1
3756,7,1
3756,9,1
3756,5,1
3757,5,1
3757,2,1
3757,4,1
3758,1,1
3758,8,1
3759,5,3
3759,8,1
3760,52,2
3760,7,2
3760,1,2
3761,12,1
3761,62,1
3761,64,1
3761,14,2
3762,66,1
3762,61,1
3762,64,1
3762,65,2
3763,66,1
3763,65,1
3763,63,2
3763,62,2
3764,63,1
3764,65,1
3764,61,2
3764,64,2
3765,43,1
3765,65,1
3766,66,1
3766,63,2
3767,61,1
3767,64,1
3767,66,2
3767,63,1
3768,64,2
3768,66,1
3769,65,1
3769,63,2
3770,56,1
3770,5,1
3771,63,2
3771,65,1
3771,34,1
3772,62,1
3772,64,2
3772,66,1
3773,61,1
3773,62,1
3773,6,3
3774,29,1
3775,48,1
3775,65,1
3776,64,1
3776,61,1
3776,65,1
3777,36,1
3777,65,1
3777,66,2
3778,62,1
3778,64,1
3778,61,1
3779,64,1
3779,62,1
3779,57,1
3779,61,1
3780,63,1
3780,64,1
3781,21,1
3781,74,2
3782,22,1
3782,54,1
3782,20,1
3783,38,1
3783,20,1
3784,74,1
3784,25,1
3784,20,1
3784,23,1
3785,75,1
3785,24,2
3785,30,1
3785,23,1
3785,25,1
3786,21,1
3786,5,1
3786,24,1
3787,74,1
3787,23,2
3787,21,1
3788,22,1
3788,74,1
3788,20,1
3789,20,1
3789,22,2
3790,17,2
3790,21,1
3791,25,2
3791,74,1
3791,22,1
3791,24,2
3792,24,1
3792,22,1
3792,74,1
3793,38,3
3793,25,1
3793,22,1
3794,74,1
3794,21,1
3794,23,1
3795,24,2
3796,22,2
3796,21,1
3797,20,2
3797,24,1
3797,36,1
3798,23,1
3798,22,1
3798,21,1
3798,25,1
3799,20,1
3799,7,1
3799,29,2
3800,24,1
3800,25,1
3800,20,2
3800,74,1
3801,12,1
3801,42,1
3801,15,1
3801,40,1
3802,37,1
3802,38,1
3803,37,1
3803,42,1
3803,57,1
3803,13,1
3804,37,1
3804,42,1
3805,38,1
3805,37,1
3805,41,1
3806,40,1
3806,38,2
3806,37,1
3806,58,2
3807,42,1
3807,41,2
3807,37,1
3807,24,1
3807,14,1
3808,40,1
3808,37,1
3808,42,1
3809,48,1
3809,37,1
3809,40,1
3810,37,2
3810,40,1
3810,42,1
3810,38,1
3811,41,1
3811,37,1
3811,38,1
3812,41,1
3812,42,1
3812,39,1
3813,38,2
3813,43,2
3814,53,1
3814,40,1
3814,41,1
3814,28,1
3815,42,1
3815,45,1
3816,38,1
3816,42,1
3816,41,1
3817,42,1
3817,40,1
3817,37,1
3818,35,1
3818,42,1
3819,38,1
3819,37,1
3819,41,2
3820,42,1
3820,16,1
3821,12,1
3822,16,2
3822,13,2
3823,11,1
3823,12,2
3824,16,1
3824,12,1
3825,14,1
3825,12,1
3825,30,1
3826,12,1
3826,57,1
3826,14,1
3827,15,1
3827,14,1
3828,12,1
3829,13,1
3829,15,1
3830,12,3
3830,16,1
3830,13,1
3831,10,1
3831,15,1
3831,13,1
3832,13,1
3832,60,1
3833,11,1
3833,14,1
3833,16,1
3834,16,2
3834,58,2
3834,57,1
3835,11,1
3835,53,2
3836,16,1
3836,14,2
3837,14,1
3837,18,1
3837,15,2
3838,48,1
3838,13,1
3838,54,2
3839,17,2
3839,35,1
3840,15,1
3840,50,1
3840,26,1
3841,19,1
3841,5,1
3842,29,1
3842,34,1
3842,31,1
3842,20,1
3843,39,1
3843,34,1
3843,4,1
3844,34,1
3844,29,1
3844,18,1
3844,19,1
3845,34,1
3845,18,1
3845,29,1
3846,18,2
3846,19,1
3846,29,3
3847,18,1
3847,29,2
3847,19,1
3848,34,1
3848,19,1
3848,18,2
3849,46,1
3849,60,1
3849,34,1
3850,29,1
3850,19,1
3851,19,1
3851,35,1
3851,29,1
3852,29,1
3852,2,2
3853,34,1
3853,9,1
3853,18,1
3854,34,1
3854,18,2
3854,29,2
3854,19,1
3855,19,1
3855,4,1
3855,18,1
3856,18,2
3857,34,1
3857,29,1
3858,34,1
3858,17,1
3858,19,1
3859,18,1
3859,34,1
3859,29,1
3859,50,1
3860,34,1
3860,29,1
3860,48,1
3860,18,1
3860,22,1
3861,16,1
3861,10,2
3861,11,1
3862,11,1
3862,23,2
3862,10,1
3863,29,1
3863,38,1
3864,34,1
3864,15,1
3864,8,2
3865,58,1
3865,11,1
3865,8,2
3866,12,1
3866,13,1
3866,15,1
3867,16,1
3867,41,1
3867,15,2
3867,14,1
3868,16,1
3868,14,3
3869,14,1
3869,12,1
3869,3,2
3870,41,1
3870,12,1
3870,11,1
3870,26,1
3871,15,2
3871,11,1
3872,10,2
3873,14,2
3873,11,1
3873,12,1
3873,15,1
3874,15,1
3874,49,1
3875,16,1
3875,15,1
3875,14,3
3875,13,1
3876,12,3
3876,11,1
3876,14,1
3877,14,1
3877,11,1
3877,59,1
3878,12,1
3878,11,2
3879,12,1
3879,10,2
3880,16,1
3880,14,1
3880,13,1
3881,13,1
3881,21,1
3882,21,1
3882,25,1
3883,25,1
3883,41,1
3884,17,2
3884,3,1
3885,75,1
3885,24,1
3886,21,1
3887,31,1
3887,24,1
3887,21,1
3888,20,2
3888,22,1
3888,23,1
3889,74,1
3889,19,1
3890,32,2
3890,44,1
3890,51,1
3891,23,1
3892,22,1
3893,74,1
3893,21,1
3894,25,1
3895,24,1
3896,21,1
3896,22,1
3897,20,1
3897,23,1
3897,47,1
3898,20,1
3898,24,1
3898,19,1
3899,21,1
3899,74,1
3899,60,1
3900,74,2
3900,75,1
3901,7,1
3901,6,1
3902,4,1
3902,8,2
3902,5,2
3902,29,1
3903,38,2
3903,2,1
3903,9,1
3904,9,2
3904,4,1
3904,7,1
3904,2,2
3905,15,1
3905,7,1
3905,5,1
3906,1,2
3906,2,1
3907,3,2
3907,5,1
3907,2,1
3908,1,1
3908,2,2
3908,31,1
3909,6,3
3909,4,1
3909,3,1
3910,51,1
3910,41,1
3910,6,2
3911,1,2
3911,3,1
3911,2,1
3912,7,1
3912,8,2
3912,45,1
3913,6,1
3913,59,3
3914,13,1
3914,2,1
3915,2,1
3915,8,1
3916,5,1
3916,44,1
3916,4,2
3916,3,3
3916,9,2
3917,6,1
3917,8,1
3917,2,3
3918,2,1
3918,3,1
3918,9,1
3918,8,1
3919,20,2
3919,8,1
3919,3,1
3920,2,1
3920,8,1
3920,6,1
3920,4,1
3921,9,1
3921,32,1
3921,15,1
3921,5,3
3922,4,1
3922,8,1
3922,9,2
3923,39,1
3923,5,1
3923,9,1
3924,4,2
3924,8,1
3925,1,1
3926,17,2
3926,1,1
3927,32,1
3927,3,3
3927,7,1
3927,9,2
3928,9,1
3928,3,3
3929,4,1
3929,8,1
3929,2,2
3930,52,1
3930,8,2
3930,5,1
3930,7,2
3931,3,1
3931,4,1
3931,2,1
3932,8,2
3932,45,1
3932,3,1
3933,41,1
3933,11,1
3933,7,1
3934,2,1
3935,5,1
3935,6,1
3935,7,2
3936,5,1
3936,1,1
3937,1,1
3937,4,1
3937,10,1
3937,3,1
3938,9,1
3938,5,1
3938,8,1
3938,10,1
3938,4,1
3939,4,3
3939,36,1
3940,8,1
3940,6,1
3941,75,1
3941,73,1
3941,22,1
3942,41,1
3942,23,1
3942,43,2
3943,79,3
3943,37,2
3944,79,2
3944,55,1
3944,76,2
3944,74,1
3945,76,1
3945,80,1
3946,49,1
3946,76,1
3946,16,1
3947,71,1
3947,75,2
3947,77,1
3948,79,2
3948,78,1
3948,74,2
3948,25,1
3949,75,2
3949,72,1
3950,73,1
3950,15,1
3950,74,1
3950,80,1
3951,74,2
3951,75,1
3952,73,2
3952,72,1
3952,76,1
3953,78,1
3953,75,1
3953,59,1
3954,72,1
3954,45,1
3954,76,1
3955,31,1
3955,79,1
3955,77,1
3956,77,2
3956,21,3
3957,51,1
3957,72,2
3957,79,1
3958,73,1
3958,80,1
3958,72,1
3958,26,1
3958,76,1
3959,74,2
3959,55,1
3959,78,1
3960,59,1
3960,79,3
3961,29,2
3961,18,1
3961,10,1
3962,18,1
3962,19,1
3962,40,2
3963,29,1
3963,19,1
3963,1,2
3964,18,1
3964,29,1
3964,19,1
3965,5,1
3965,29,2
3965,19,2
3966,42,3
3966,19,2
3967,18,1
3967,34,2
3967,29,1
3967,19,1
3968,18,2
3968,34,1
3969,19,1
3970,29,1
3970,19,1
3971,34,1
3971,44,1
3972,16,1
3972,25,1
3972,29,1
3972,34,1
3973,53,2
3973,19,3
3973,18,1
3974,19,1
3974,8,1
3975,37,1
3975,18,1
3975,29,1
3976,34,1
3976,19,1
3976,29,2
3976,11,1
3977,30,1
3977,19,1
3977,34,1
3977,29,2
3977,18,1
3978,19,1
3978,18,1
3978,29,1
3978,60,1
3979,34,3
3979,19,1
3980,29,2
3980,34,2
3981,3,1
3981,9,1
3981,26,1
3982,3,1
3982,5,1
3982,4,1
3982,2,3
3983,21,1
3983,41,1
3983,8,1
3984,7,1
3984,4,1
3985,9,1
3985,7,1
3985,6,1
3986,8,1
3986,9,1
3987,3,1
3987,55,1
3988,2,2
3989,23,1
3989,2,1
3989,1,1
3990,3,1
3990,9,1
3990,8,1
3990,2,1
3991,7,1
3991,5,3
3992,46,1
3992,7,3
3992,24,1
3993,10,2
3994,1,1
3994,2,3
3994,4,3
3995,5,1
3995,3,1
3996,9,1
3996,6,1
3996,7,1
3997,4,1
3997,1,1
3998,56,2
3998,5,1
3999,56,2
3999,5,1
3999,4,1
4000,2,1
4000,8,1
4000,4,2
4001,25,1
4001,36,1
4002,23,3
4002,43,1
4003,74,1
4003,20,2
4004,22,1
4004,25,1
4004,20,1
4005,24,1
4005,74,2
4006,15,1
4006,75,3
4006,21,1
4007,74,1
4007,22,1
4008,74,1
4008,25,1
4008,75,1
4009,23,1
4009,17,1
4010,51,1
4010,25,2
4010,24,2
4011,23,1
4011,25,1
4012,23,1
4012,22,1
4012,75,1
4013,24,1
4013,75,1
4013,23,1
4014,20,1
4014,17,1
4015,5,1
4015,24,1
4016,24,1
4016,25,1
4017,20,1
4017,22,1
4018,74,1
4018,20,1
4019,74,2
4019,25,1
4019,22,1
4020,75,1
4020,25,1
4020,23,1
4020,74,1
4021,18,1
4021,19,1
4021,29,1
4022,18,1
4022,23,1
4023,18,2
4023,34,2
4023,49,2
4023,59,1
4024,8,1
4024,19,2
4025,34,1
4025,19,3
4026,57,1
4026,12,2
4026,21,1
4026,34,1
4027,3,1
4027,18,1
4028,29,1
4028,19,1
4029,29,1
4029,18,1
4029,1,1
4030,19,1
4030,29,2
4030,18,1
4030,34,1
4031,37,1
4031,18,1
4031,34,1
4031,29,1
4032,19,1
4032,29,1
4033,18,1
4033,29,2
4033,19,1
4033,34,1
4034,18,1
4035,50,1
4035,34,1
4035,19,3
4036,34,1
4036,29,1
4036,24,1
4036,18,1
4036,19,1
4037,29,1
4037,1,1
4038,29,1
4038,34,1
4038,18,1
4039,18,1
4039,30,1
4040,34,2
4040,26,1
4040,43,1
4041,8,1
4041,6,1
4041,9,1
4042,1,1
4042,2,2
4043,1,1
4043,3,1
4043,6,1
4044,5,1
4044,19,1
4044,8,1
4045,7,1
4045,3,1
4045,18,1
4046,2,1
4046,6,1
4047,4,1
4047,2,1
4048,3,1
4048,9,1
4049,27,1
4049,2,1
4049,5,1
4049,1,1
4050,6,1
4050,7,1
4051,8,1
4051,14,1
4052,42,1
4052,6,1
4052,9,1
4053,16,1
4053,3,1
4054,52,1
4054,1,1
4054,4,1
4055,1,1
4055,9,1
4055,3,1
4056,5,2
4057,17,1
4057,6,1
4057,3,1
4057,33,1
4058,9,1
4058,8,2
4059,1,1
4059,15,2
4060,9,3
4060,59,1
4060,6,1
4061,65,1
4061,66,2
4062,63,1
4062,64,1
4062,66,2
4062,62,2
4063,37,1
4063,66,1
4064,63,1
4064,61,1
4065,63,1
4065,44,1
4065,64,1
4065,62,1
4066,66,1
4066,47,2
4066,61,1
4066,64,1
4067,63,1
4067,11,1
4067,64,2
4068,62,2
4068,61,2
4069,66,1
4069,64,1
4069,65,1
4069,63,1
4070,62,1
4070,66,1
4070,65,2
4070,49,1
4070,63,1
4071,63,1
4071,62,1
4071,64,1
4072,65,1
4072,64,1
4072,63,2
4072,62,1
4072,19,1
4073,61,1
4073,40,1
4073,63,1
4074,65,1
4074,62,1
4075,64,2
4075,63,2
4075,65,1
4076,64,1
4076,53,1
4076,62,1
4076,61,2
4076,63,1
4077,65,2
4077,56,1
4078,63,1
4078,64,1
4078,61,2
4079,66,1
4079,39,1
4079,62,1
4080,65,1
4080,50,1
4080,61,2
4081,29,1
4081,18,2
4081,34,1
4082,49,2
4082,34,1
4083,29,1
4083,50,1
4083,34,1
4083,19,1
4084,34,1
4084,19,2
4085,29,1
4085,34,2
4085,18,1
4085,59,1
4086,34,1
4086,29,1
4086,19,1
4087,19,1
4087,18,1
4087,29,2
4088,18,2
4088,21,1
4089,18,1
4089,29,1
4090,19,1
4090,34,1
4090,29,1
4090,35,1
4091,29,1
4091,19,1
4092,18,2
4092,14,1
4093,29,2
4093,34,1
4093,18,2
4094,29,1
4094,33,1
4094,18,1
4095,29,1
4095,19,2
4095,34,1
4095,18,1
4096,34,1
4096,55,3
4096,19,1
4096,29,1
4096,18,1
4097,19,1
4097,41,1
4098,18,1
4099,19,1
4099,18,1
4100,26,1
4100,29,1
4100,34,1
4101,12,3
4101,16,1
4101,15,2
4102,12,1
4102,29,1
4103,33,1
4103,10,1
4104,10,1
4104,32,1
4105,12,1
4105,15,1
4106,16,1
4106,12,1
4106,40,1
4106,57,1
4107,12,1
4107,11,1
4108,10,1
4108,16,2
4108,15,1
4108,21,1
4108,13,1
4109,10,1
4109,12,1
4110,13,1
4110,11,1
4110,14,1
4111,12,1
4111,16,1
4111,14,1
4111,13,2
4112,10,2
4112,13,2
4113,20,1
4113,12,1
4113,15,3
4114,11,1
4114,10,1
4115,11,1
4115,14,1
4116,12,1
4116,14,1
4116,15,1
4117,11,3
4117,12,1
4118,12,1
4118,14,1
4119,14,1
4119,15,1
4120,21,1
4121,42,1
4121,34,1
4122,12,1
4122,35,1
4122,68,2
4123,67,1
4123,70,1
4123,36,1
4123,51,1
4124,70,1
4124,27,1
4125,67,1
4125,35,1
4126,67,1
4126,20,1
4126,69,1
4126,70,3
4127,36,1
4127,35,1
4127,69,1
4128,69,1
4128,4,1
4128,35,1
4129,36,2
4129,70,1
4130,36,1
4130,69,1
4131,68,1
4131,70,1
4131,69,1
4131,36,2
4132,17,1
4132,36,1
4133,69,2
4133,68,1
4134,68,1
4134,35,1
4135,68,1
4135,36,1
4135,69,1
4136,42,2
4136,36,1
4137,67,3
4137,68,2
4137,69,1
4138,69,2
4138,67,2
4138,68,1
4139,69,1
4139,42,1
4139,51,1
4139,68,2
4139,36,1
4140,67,1
4140,69,1
4141,12,1
4141,11,1
4141,31,2
4141,10,1
4142,15,1
4142,13,1
4142,51,1
4143,15,1
4143,10,1
4143,12,1
4144,16,1
4144,57,1
4144,12,1
4145,16,1
4145,12,2
4145,15,1
4146,15,3
4146,13,1
4146,11,1
4147,11,1
4147,13,1
4147,14,2
4148,11,1
4148,10,1
4148,13,1
4149,15,1
4149,11,3
4150,13,1
4150,17,2
4150,11,1
4151,15,3
4151,12,2
4152,10,1
4153,10,1
4153,31,1
4153,13,1
4154,11,2
4154,12,1
4155,13,2
4155,9,3
4155,12,1
4156,14,3
4156,10,1
4156,32,2
4157,16,2
4157,12,1
4158,11,2
4158,16,1
4158,12,1
4159,14,1
4159,11,1
4160,14,1
4160,12,1
4161,22,1
4162,23,3
4162,20,1
4162,74,1
4162,21,1
4163,22,1
4163,21,1
4163,23,1
4164,23,1
4164,24,1
4165,24,1
4165,25,1
4165,26,1
4166,24,1
4166,37,1
4166,25,1
4167,25,1
4167,22,3
4167,6,2
4168,25,1
4168,21,1
4169,23,1
4169,75,1
4169,22,1
4170,35,1
4170,23,1
4171,75,1
4171,74,3
4171,20,2
4172,22,1
4172,50,1
4173,74,1
4173,21,1
4173,23,1
4174,22,3
4174,20,2
4175,23,1
4176,25,1
4176,75,1
4176,23,1
4177,74,1
4177,60,2
4178,20,1
4178,24,1
4178,25,1
4179,22,1
4179,21,2
4180,21,1
4180,22,1
4180,20,1
4181,52,1
4181,10,2
4182,53,1
4182,10,2
4182,16,1
4183,38,1
4183,13,1
4183,12,1
4183,11,1
4184,52,1
4184,10,1
4185,13,2
4185,11,1
4185,12,1
4186,10,1
4186,14,1
4186,13,1
4186,18,1
4187,47,1
4187,10,2
4187,11,1
4188,13,1
4188,10,1
4188,16,1
4189,13,3
4189,12,1
4190,48,1
4190,10,1
4191,53,1
4191,14,1
4192,35,2
4193,16,1
4193,13,2
4193,7,1
4194,12,1
4194,27,1
4195,52,1
4195,10,2
4195,12,3
4196,16,1
4196,12,1
4196,11,1
4196,15,1
4197,14,1
4197,12,1
4198,30,2
4198,21,1
4199,11,3
4199,14,1
4199,16,1
4200,13,1
4200,10,1
4201,23,1
4201,24,1
4201,55,1
4201,40,1
4202,22,1
4202,50,1
4202,23,2
4202,25,3
4203,25,1
4203,23,1
4203,31,1
4203,22,1
4204,23,1
4204,22,2
4204,14,1
4205,25,1
4205,22,1
4205,24,2
4205,23,1
4206,25,1
4206,7,1
4207,25,1
4207,21,3
4208,24,1
4208,22,1
4208,23,2
4209,23,1
4210,24,1
4210,25,1
4210,22,1
4211,24,1
4211,23,1
4211,22,1
4212,25,1
4212,22,1
4213,25,1
4213,23,2
4214,25,1
4214,22,1
4215,25,3
4215,24,1
4215,43,1
4215,23,1
4216,39,2
4216,22,2
4216,23,1
4216,24,1
4217,25,2
4217,23,1
4218,25,1
4218,23,1
4219,25,1
4219,22,1
4219,24,1
4220,25,1
4220,22,2
4220,23,2
4221,45,1
4221,24,1
4221,22,1
4221,23,2
4221,25,1
4222,58,1
4222,23,1
4222,22,1
4222,24,1
4223,51,1
4223,23,1
4223,25,2
4224,12,1
4224,24,1
4224,29,2
4225,23,1
4225,3,1
4225,27,1
4226,34,1
4226,25,1
4226,22,1
4227,23,1
4227,24,1
4227,13,1
4228,24,1
4228,25,2
4229,22,1
4229,20,1
4230,16,1
4231,22,1
4231,23,1
4232,23,3
4232,51,1
4233,25,1
4233,41,1
4233,22,1
4234,22,2
4235,23,1
4235,24,1
4235,22,1
4236,24,1
4236,25,1
4237,22,1
4237,25,2
4237,24,1
4237,2,1
4238,23,1
4238,24,1
4239,25,3
4239,38,1
4240,22,1
4240,7,1
4240,25,2
4241,2,1
4241,9,1
4241,7,1
4242,4,2
4242,2,1
4243,9,1
4243,39,1
4243,16,1
4244,2,1
4244,7,1
4245,2,3
4246,4,1
4246,9,2
4247,5,1
4247,8,1
4248,7,1
4248,2,3
4249,4,1
4249,3,1
4249,20,1
4249,7,1
4250,8,1
4250,7,2
4250,18,1
4251,1,1
4252,12,1
4252,7,1
4253,5,2
4253,1,2
4254,9,1
4254,7,1
4254,1,1
4255,1,1
4255,9,1
4256,4,1
4256,1,3
4256,7,2
4257,6,1
4258,5,1
4258,7,1
4259,36,1
4260,5,1
4261,65,3
4261,70,1
4261,59,2
4261,29,1
4262,61,1
4262,64,1
4262,58,1
4263,68,1
4263,33,2
4264,59,1
4264,53,1
4264,64,1
4265,70,1
4265,51,1
4265,31,1
4265,54,1
4266,2,2
4266,58,2
4266,37,1
4267,63,2
4267,46,1
4268,53,1
4268,60,1
4269,70,1
4269,68,1
4270,54,2
4270,60,1
4270,63,2
4271,65,1
4271,52,1
4272,62,2
4272,2,1
4272,37,1
4273,55,2
4273,64,1
4273,53,1
4274,58,1
4274,50,1
4274,59,3
4275,16,1
4275,61,1
4275,20,1
4275,59,2
4276,59,1
4276,55,1
4276,56,1
4277,58,2
4277,69,1
4277,61,1
4277,59,3
4278,55,1
4278,69,1
4278,65,1
4279,62,1
4279,58,1
4279,51,1
4280,62,1
4281,7,1
4281,4,1
4281,9,1
4282,3,1
4282,7,1
4283,8,1
4283,5,1
4283,9,3
4284,8,1
4284,7,2
4285,14,1
4286,5,1
4286,9,1
4286,24,1
4287,1,1
4287,8,1
4287,5,2
4288,3,1
4288,4,1
4288,6,2
4288,7,1
4289,2,1
4289,4,1
4290,7,2
4290,8,1
4291,5,1
4292,6,1
4293,53,3
4293,4,1
4293,21,1
4294,8,1
4294,60,1
4295,1,1
4295,5,1
4296,7,1
4296,55,1
4296,3,1
4296,6,1
4297,1,1
4297,3,1
4297,4,1
4298,6,1
4298,8,2
4298,3,1
4298,21,1
4298,53,1
4299,8,1
4299,7,1
4299,4,1
4300,7,1
4300,6,1
4300,47,1
4301,68,1
4301,69,1
4301,67,1
4302,70,1
4302,35,1
4303,36,1
4303,67,1
4304,69,1
4304,25,1
4305,37,1
4305,69,1
4305,70,1
4306,36,1
4307,35,2
4307,68,1
4307,44,1
4308,68,1
4308,69,2
4309,68,3
4309,57,1
4309,70,3
4309,69,1
4310,69,1
4310,36,2
4311,70,1
4311,69,1
4311,68,1
4311,35,1
4312,36,1
4312,24,1
4313,3,1
4313,68,1
4314,68,1
4314,36,1
4315,32,1
4315,5,1
4316,30,1
4316,68,1
4317,35,3
4317,36,1
4317,70,1
4318,70,3
4318,67,1
4318,69,1
4319,70,1
4319,35,1
4319,36,1
4320,67,1
4320,70,1
4321,33,1
4321,28,1
4321,32,1
4322,31,1
4322,30,1
4323,28,1
4323,32,1
4324,29,1
4324,30,3
4324,28,1
4324,25,1
4325,18,2
4325,30,2
4325,31,1
4326,30,1
4327,30,1
4327,32,1
4327,60,1
4328,33,3
4328,28,3
4329,30,2
4330,33,1
4330,29,1
4330,32,1
4330,28,1
4331,33,1
4331,30,1
4332,31,3
4332,33,1
4332,30,1
4333,30,1
4333,38,1
4334,33,1
4334,28,1
4334,31,1
4335,32,1
4335,28,1
4335,33,2
4336,29,1
4337,30,2
4337,43,1
4338,30,1
4338,32,1
4338,33,1
4338,31,1
4339,40,1
4339,28,1
4340,28,1
4340,4,1
4341,10,1
4341,70,1
4341,68,1
4342,36,2
4342,38,1
4342,35,1
4343,47,1
4343,35,1
4343,68,1
4344,69,1
4344,36,2
4345,2,1
4345,35,1
4346,67,1
4346,35,2
4346,70,1
4347,25,1
4347,39,1
4347,67,1
4348,68,1
4348,69,1
4348,67,1
4349,35,2
4349,68,1
4349,69,2
4350,68,1
4350,55,1
4351,68,1
4351,70,1
4351,67,1
4352,70,2
4352,36,1
4353,35,1
4353,36,1
4353,68,1
4354,52,1
4354,70,3
4354,27,1
4355,70,1
4355,35,1
4355,68,1
4356,35,1
4356,70,2
4356,14,2
4357,35,1
4357,70,1
4358,35,3
4358,36,1
4359,36,1
4359,35,1
4360,3,1
4360,35,1
4361,7,1
4361,4,1
4362,8,1
4362,30,1
4362,6,1
4363,19,1
4363,10,1
4364,1,1
4364,2,1
4364,5,1
4365,1,1
4365,7,1
4365,9,1
4366,2,2
4366,41,2
4366,5,2
4367,2,1
4367,9,1
4368,3,1
4368,4,1
4369,5,1
4370,8,1
4370,6,1
4370,42,1
4371,59,2
4371,7,1
4372,8,2
4372,27,1
4372,2,1
4372,6,1
4372,23,1
4373,2,1
4373,24,3
4373,3,1
4374,2,1
4374,7,1
4374,9,1
4375,2,2
4375,3,1
4376,4,2
4376,8,3
4376,1,1
4377,2,2
4377,4,1
4377,5,2
4378,2,1
4378,35,1
4379,3,1
4379,4,1
4380,42,3
4380,7,2
4380,3,1
4380,5,1
4381,59,2
4381,57,1
4381,14,1
4382,23,2
4383,59,1
4383,60,1
4384,59,2
4384,57,1
4384,58,1
4385,57,1
4385,19,1
4386,10,1
4386,59,1
4386,58,1
4386,28,1
4386,4,2
4387,54,1
4387,59,1
4387,28,1
4388,56,1
4388,57,1
4388,2,1
4389,59,1
4389,57,1
4389,56,1
4389,60,1
4390,57,2
4390,48,1
4391,57,1
4391,60,1
4391,59,1
4392,26,3
4392,56,2
4392,57,1
4392,33,2
4392,60,1
4393,60,1
4393,56,1
4393,8,1
4393,57,1
4394,15,1
4394,56,1
4394,60,1
4394,58,1
4395,59,1
4395,44,1
4395,56,1
4396,57,1
4396,58,1
4397,20,2
4397,60,1
4397,57,3
4398,58,1
4398,57,2
4398,56,1
4399,57,1
4399,56,1
4400,58,2
4400,60,1
4400,56,1
4401,33,1
4401,10,1
4402,30,1
4402,28,1
4402,29,2
4403,7,2
4403,29,1
4404,29,1
4404,37,1
4404,31,1
4405,40,1
4405,22,1
4405,33,1
4406,32,1
4406,28,2
4406,29,1
4407,30,2
4407,28,1
4408,30,1
4408,29,3
4409,30,2
4409,33,1
4410,28,1
4410,31,2
4410,32,1
4411,41,2
4411,33,1
4411,19,1
4412,31,1
4412,32,1
4412,19,1
4413,27,2
4413,30,1
4414,29,1
4414,30,2
4414,28,1
4415,29,1
4415,47,1
4415,31,1
4416,32,1
4416,29,1
4416,31,1
4416,33,1
4416,30,1
4417,30,2
4417,31,1
4417,29,1
4417,16,1
4418,34,1
4418,32,1
4418,30,1
4418,44,1
4419,47,1
4419,28,2
4420,30,1
4420,29,1
4420,33,1
4421,22,1
4421,25,1
4422,24,1
4422,22,2
4423,25,1
4423,22,2
4423,23,3
4423,24,1
4424,56,1
4424,25,2
4424,23,1
4425,22,1
4425,25,1
4426,24,1
4426,25,1
4426,23,3
4426,22,1
4427,24,1
4427,22,1
4427,25,3
4427,23,1
4428,25,1
4428,56,1
4429,25,1
4430,16,1
4430,23,2
4431,23,1
4431,24,1
4431,22,1
4432,25,1
4433,25,1
4434,25,2
4434,45,1
4434,22,1
4434,23,2
4435,24,2
4435,25,1
4436,23,1
4436,24,1
4437,23,1
4437,22,1
4437,25,3
4438,24,1
4438,22,2
4439,24,1
4439,22,1
4439,23,2
4439,25,1
4440,22,1
4441,68,2
4441,69,1
4442,68,2
4442,44,1
4443,36,1
4443,70,2
4444,70,1
4445,4,1
4445,35,2
4446,70,2
4446,36,1
4447,35,3
4447,68,1
4447,70,1
4447,38,1
4448,68,1
4448,35,1
4449,69,1
4449,68,2
4449,60,1
4449,35,1
4450,22,3
4450,68,1
4450,36,1
4451,68,1
4451,36,2
4451,16,1
4451,70,1
4452,70,1
4452,35,1
4453,36,2
4453,69,1
4454,68,2
4454,36,1
4455,10,1
4455,69,1
4455,70,1
4455,26,1
4456,1,1
4456,35,1
4456,68,1
4457,69,1
4457,68,1
4457,36,2
4458,39,1
4458,55,2
4458,35,1
4459,67,1
4459,35,1
4460,70,1
4460,36,1
4461,19,2
4461,34,1
4461,18,1
4462,18,3
4462,14,1
4462,22,1
4463,42,1
4463,34,2
4463,38,1
4464,19,1
4465,19,1
4466,19,1
4466,40,1
4467,29,1
4467,18,1
4468,18,1
4468,29,1
4468,19,1
4468,42,3
4469,29,1
4469,10,2
4469,34,1
4470,18,1
4470,2,3
4471,34,1
4471,29,1
4472,51,1
4472,19,2
4473,29,2
4473,18,3
4474,29,3
4474,19,1
4474,18,1
4475,34,1
4475,18,1
4475,19,1
4476,9,1
4476,34,1
4477,18,1
4477,19,1
4477,29,1
4478,18,1
4478,29,1
4479,29,1
4479,19,1
4479,14,3
4480,19,1
4480,34,1
4481,56,2
4481,58,1
4482,60,2
4482,56,3
4483,60,1
4483,57,2
4484,56,1
4484,37,1
4485,50,1
4485,60,1
4485,59,1
4485,56,1
4486,60,3
4486,56,1
4487,58,1
4487,57,1
4487,60,1
4488,59,1
4488,58,1
4488,56,1
4489,60,2
4489,58,1
4490,5,1
4490,57,1
4491,59,2
4492,59,1
4492,3,1
4492,54,1
4493,57,3
4493,59,1
4493,60,1
4494,56,1
4494,60,3
4495,59,1
4495,10,1
4496,23,2
4497,56,1
4497,21,1
4497,59,1
4498,58,1
4498,60,1
4499,60,1
4499,48,1
4499,30,1
4500,57,3
4500,58,1
4501,58,1
4501,1,1
4501,60,1
4501,11,3
4502,57,1
4502,59,1
4503,59,1
4503,58,1
4503,56,1
4504,60,1
4504,59,1
4504,52,1
4505,60,1
4505,56,1
4506,57,1
4506,58,1
4506,6,1
4506,60,2
4507,57,3
4507,45,1
4508,58,3
4508,51,1
4508,56,1
4509,59,2
4509,30,1
4509,24,3
4510,58,1
4510,59,1
4510,49,1
4510,57,1
4511,23,1
4511,59,1
4512,60,1
4512,59,1
4512,57,1
4512,58,1
4513,57,1
4513,54,1
4514,60,2
4514,58,1
4515,56,2
4515,58,1
4515,59,1
4516,57,1
4516,60,2
4516,59,1
4516,5,1
4517,60,1
4517,56,1
4517,57,3
4517,59,3
4518,43,2
4518,22,1
4518,58,1
4518,56,1
4518,57,1
4519,51,1
4519,60,2
4520,19,1
4520,59,1
4520,57,1
4520,60,1
4521,68,1
4521,12,1
4521,35,1
4522,68,1
4522,69,3
4523,25,3
4523,36,1
4524,45,1
4524,70,1
4525,35,1
4525,36,1
4526,55,1
4526,68,1
4526,69,1
4527,70,1
4527,69,1
4527,67,2
4528,69,1
4528,35,1
4529,69,1
4529,42,1
4529,53,1
4529,19,1
4530,69,1
4530,36,1
4531,51,3
4531,11,1
4531,67,1
4532,69,1
4533,69,1
4534,44,1
4534,36,1
4534,54,1
4534,39,1
4535,67,1
4535,36,1
4535,69,1
4536,36,1
4536,68,1
4536,42,1
4536,69,1
4537,36,3
4537,35,1
4537,70,2
4537,67,1
4538,70,1
4538,36,1
4538,68,1
4539,70,1
4539,67,2
4539,36,1
4539,35,1
4540,35,1
4540,69,1
4541,69,1
4541,35,1
4541,70,1
4542,69,1
4542,70,1
4542,1,1
4542,35,1
4543,35,1
4543,68,1
4543,36,1
4543,28,1
4544,14,1
4545,70,1
4545,48,2
4546,36,1
4546,69,1
4547,67,1
4547,20,1
4547,68,1
4548,69,1
4548,68,1
4549,67,1
4549,35,1
4549,20,1
4550,70,1
4550,16,1
4550,35,1
4550,69,1
4551,67,1
4551,35,1
4551,70,1
4552,67,1
4552,70,1
4552,42,2
4553,68,1
4553,67,2
4553,69,1
4554,28,1
4555,68,1
4555,60,1
4556,70,1
4556,35,1
4556,67,1
4557,35,1
4557,70,3
4558,67,1
4558,36,1
4558,35,2
4558,68,2
4559,35,2
4559,36,2
4560,12,1
4560,69,1
4561,15,1
4561,10,1
4562,12,1
4562,39,1
4563,11,1
4563,13,1
4563,14,1
4564,16,1
4564,11,1
4565,45,1
4565,12,1
4565,30,3
4565,16,1
4566,14,1
4566,13,1
4566,15,1
4567,11,1
4567,13,1
4567,47,2
4568,15,1
4568,36,2
4568,13,1
4569,11,2
4569,10,2
4569,6,2
4570,11,1
4570,16,1
4571,10,1
4571,14,1
4571,16,1
4572,13,1
4572,11,1
4572,14,1
4573,16,1
4573,11,1
4573,12,1
4574,16,2
4574,13,1
4575,14,1
4576,14,1
4576,13,1
4577,9,2
4577,10,1
4577,11,1
4578,11,1
4578,12,1
4578,14,2
4579,13,2
4580,14,2
4580,31,1
4580,15,2
4581,53,1
4581,51,2
4581,65,1
4582,66,1
4582,25,1
4582,56,1
4582,69,1
4583,39,1
4583,63,1
4583,58,1
4584,67,2
4584,69,1
4585,55,1
4585,31,1
4585,61,1
4585,64,1
4586,56,1
4586,64,1
4586,59,1
4587,53,1
4587,64,1
4588,59,1
4588,70,2
4588,62,2
4589,67,1
4589,54,1
4589,26,1
4590,54,2
4590,56,1
4591,59,1
4591,54,1
4591,58,1
4591,65,1
4592,66,3
4592,40,1
4592,61,1
4593,59,1
4593,61,1
4593,65,1
4594,36,1
4594,58,1
4595,66,1
4595,13,1
4595,40,1
4596,63,3
4596,35,1
4596,59,1
4597,61,1
4597,69,2
4598,60,2
4598,57,1
4599,61,1
4599,57,1
4599,70,2
4600,63,3
4600,51,2
4601,14,1
4601,10,1
4601,12,1
4602,27,1
4603,38,2
4603,13,1
4604,10,1
4604,12,1
4605,10,1
4605,17,1
4605,12,1
4606,14,2
4606,13,3
4606,11,1
4606,12,1
4606,20,2
4607,16,1
4607,13,1
4608,16,3
4608,11,1
4608,50,1
4609,10,3
4609,16,1
4610,52,1
4610,11,1
4611,14,1
4612,13,1
4612,25,1
4612,10,1
4612,16,1
4613,14,1
4613,16,1
4613,10,3
4614,23,1
4615,44,1
4615,29,1
4615,13,1
4616,14,2
4616,13,1
4617,15,1
4617,20,1
4617,25,1
4618,12,1
4618,30,1
4619,16,1
4620,13,1
4620,12,1
4620,14,1
4621,7,1
4621,24,1
4622,5,1
4623,7,1
4623,55,1
4624,28,1
4625,6,2
4625,33,1
4625,2,1
4625,4,1
4626,4,1
4626,3,1
4626,29,1
4627,3,1
4627,6,1
4628,9,1
4628,19,1
4628,30,2
4629,6,1
4630,10,1
4630,33,1
4631,3,2
4631,9,1
4631,4,1
4632,5,1
4632,4,3
4632,7,1
4632,30,1
4633,3,1
4633,9,1
4633,5,1
4634,9,1
4635,28,1
4635,9,1
4635,4,1
4636,2,2
4636,55,1
4636,7,1
4636,1,1
4637,8,1
4637,6,1
4638,5,1
4638,1,1
4639,2,1
4639,42,1
4640,6,1
4640,4,1
4640,5,1
4641,24,1
4641,39,1
4641,25,2
4641,49,1
4641,22,1
4642,23,2
4642,43,1
4642,37,1
4643,23,1
4643,24,1
4643,50,1
4644,25,1
4644,23,1
4644,22,1
4645,24,1
4645,23,1
4646,22,3
4647,22,1
4647,24,2
4648,22,1
4648,56,2
4648,23,3
4649,24,1
4649,23,1
4649,22,1
4650,25,1
4650,22,1
4651,23,1
4651,25,2
4652,23,1
4653,22,1
4653,24,1
4653,23,1
4654,16,2
4654,25,2
4655,24,2
4655,10,1
4656,23,1
4656,24,1
4657,24,1
4657,23,1
4657,22,1
4658,24,1
4658,25,1
4658,22,1
4659,22,1
4659,39,1
4659,18,2
4660,6,1
4660,25,1
4660,23,1
4660,22,1
4661,29,2
4662,29,1
4663,29,1
4663,19,1
4664,18,1
4665,18,1
4665,34,3
4665,29,1
4666,19,1
4667,51,1
4667,29,1
4667,34,1
4668,29,1
4668,19,2
4668,18,1
4669,29,1
4669,18,2
4670,29,1
4670,18,1
4670,48,1
4671,18,1
4671,34,2
4671,5,2
4672,35,1
4672,29,1
4672,19,1
4673,29,1
4673,25,1
4674,18,1
4674,10,2
4675,37,1
4675,18,2
4675,34,1
4676,55,1
4676,19,1
4677,19,1
4677,29,1
4678,18,1
4678,34,1
4678,29,1
4678,19,1
4679,29,1
4679,28,1
4679,32,1
4680,8,1
4680,34,1
4680,7,1
4681,15,1
4681,13,1
4681,16,1
4682,19,1
4682,13,1
4682,10,1
4682,14,1
4682,12,3
4683,10,2
4683,13,2
4683,12,2
4684,11,1
4684,13,1
4685,12,2
4686,13,1
4686,15,1
4687,51,1
4687,15,1
4687,12,1
4688,12,1
4688,16,1
4689,13,1
4689,2,1
4689,16,1
4690,11,2
4690,41,1
4691,11,1
4691,15,1
4691,10,1
4692,12,1
4692,11,1
4692,14,1
4692,13,1
4693,12,1
4693,15,1
4694,10,1
4694,11,1
4694,25,1
4695,11,1
4695,10,2
4695,2,1
4696,16,3
4696,30,1
4696,13,1
4697,33,1
4697,13,2
4697,16,2
4698,13,1
4698,10,1
4699,12,1
4700,10,3
4700,15,1
4701,2,1
4701,9,1
4701,35,1
4701,3,1
4702,3,3
4702,4,1
4703,7,1
4703,6,2
4704,50,1
4704,7,1
4704,8,1
4705,9,1
4705,1,1
4706,59,2
4706,3,1
4707,7,1
4707,9,3
4708,8,1
4708,2,1
4709,2,1
4709,22,1
4709,1,1
4709,8,1
4710,5,2
4710,8,1
4711,8,1
4711,4,1
4711,6,1
4712,1,1
4712,2,1
4712,8,3
4712,3,1
4712,7,1
4713,9,1
4713,6,1
4713,21,1
4714,6,1
4714,2,1
4714,7,1
4715,40,3
4715,7,1
4715,1,1
4715,6,2
4716,2,1
4716,7,1
4716,6,2
4717,2,2
4718,7,1
4718,1,1
4718,2,1
4718,3,1
4719,7,1
4719,1,1
4719,6,1
4719,9,1
4720,4,1
4720,9,1
4720,2,2
4721,1,2
4721,2,2
4721,6,1
4721,9,1
4722,6,2
4723,3,1
4723,4,1
4724,6,1
4724,58,1
4724,4,1
4724,2,1
4725,3,1
4725,7,1
4725,9,1
4726,2,1
4726,32,1
4726,52,1
4726,7,2
4727,44,1
4727,5,1
4727,8,2
4727,54,1
4728,7,1
4728,33,1
4729,2,1
4729,9,2
4730,1,1
4730,7,2
4731,2,3
4732,15,1
4732,4,1
4732,2,1
4733,5,3
4733,2,2
4733,10,2
4733,1,1
4733,6,2
4734,16,3
4734,8,1
4735,14,1
4735,8,1
4736,8,1
4736,9,1
4736,3,1
4737,7,2
4738,9,1
4738,39,1
4738,21,1
4739,5,1
4739,7,1
4740,7,1
4740,5,1
4740,6,1
4741,5,1
4741,4,1
4742,20,1
4742,5,2
4742,41,1
4742,9,2
4743,1,1
4743,4,2
4744,2,2
4745,9,1
4745,26,2
4745,6,2
4746,3,2
4747,8,1
4747,1,1
4747,3,1
4747,13,1
4748,53,1
4748,4,1
4749,1,3
4749,2,1
4749,8,1
4750,7,2
4750,9,1
4750,1,1
4750,48,1
4751,1,1
4751,3,1
4751,2,1
4752,45,1
4752,25,1
4752,58,3
4752,19,1
4753,60,1
4753,2,1
4753,49,1
4754,3,1
4754,6,1
4754,44,1
4755,4,1
4755,5,2
4755,8,3
4755,2,2
4756,4,1
4756,7,1
4757,22,1
4757,9,1
4758,7,1
4758,47,1
4759,1,1
4759,9,2
4759,18,1
4760,1,1
4760,3,2
4760,8,1
4761,14,1
4761,15,2
4762,12,1
4763,13,1
4764,14,1
4764,11,1
4765,15,1
4765,19,1
4766,12,3
4766,13,1
4767,12,1
4767,15,1
4767,11,1
4767,13,3
4768,15,1
4768,16,1
4768,11,1
4769,14,1
4769,11,1
4769,12,1
4770,13,1
4770,12,1
4771,26,1
4771,10,1
4772,10,1
4772,12,1
4773,53,1
4773,10,1
4773,11,1
4774,13,1
4774,16,1
4775,11,1
4775,15,2
4775,14,1
4776,11,1
4776,13,1
4777,12,3
4777,34,1
4777,16,1
4778,32,1
4778,11,1
4779,14,1
4779,11,1
4780,11,1
4780,14,1
4780,12,1
4781,24,2
4781,22,1
4781,23,2
4782,22,1
4782,25,1
4783,25,1
4783,23,2
4784,22,1
4784,24,1
4784,25,1
4785,22,1
4785,23,2
4786,25,2
4786,23,1
4786,50,1
4787,25,2
4788,23,1
4788,24,1
4788,22,1
4789,23,1
4790,49,1
4790,22,1
4790,48,1
4791,25,2
4791,23,1
4791,4,1
4792,23,1
4792,24,1
4792,3,1
4793,23,1
4793,24,1
4793,32,2
4793,25,1
4794,24,3
4794,22,1
4795,25,1
4795,22,1
4795,23,3
4796,25,2
4796,23,1
4797,22,1
4797,25,1
4798,24,1
4798,23,1
4798,19,1
4798,22,1
4799,25,1
4799,22,1
4800,24,1
4800,22,1
4801,22,1
4802,25,1
4802,22,1
4803,23,1
4803,25,1
4803,24,1
4804,22,1
4804,23,2
4805,23,1
4806,25,1
4806,26,1
4806,23,1
4806,30,1
4807,25,1
4807,37,1
4807,24,2
4808,23,1
4808,24,1
4808,46,1
4809,24,1
4809,25,1
4810,23,1
4810,24,1
4810,16,1
4811,24,1
4811,25,1
4811,22,1
4811,23,1
4812,24,1
4812,22,1
4812,25,1
4812,60,1
4813,13,1
4813,22,3
4814,25,1
4814,22,1
4815,25,3
4816,23,1
4816,25,1
4816,22,1
4817,23,3
4817,25,1
4817,24,1
4818,25,1
4818,37,1
4818,23,1
4818,22,1
4819,16,1
4819,8,1
4819,24,1
4819,25,1
4820,59,1
4821,43,1
4821,29,2
4821,9,1
4822,60,1
4822,34,1
4822,18,1
4823,49,1
4823,18,1
4823,36,1
4823,29,1
4824,19,1
4824,18,1
4825,29,1
4825,58,2
4825,34,1
4826,34,1
4826,29,1
4826,18,2
4827,34,2
4827,35,1
4827,19,1
4827,29,1
4828,18,1
4828,19,1
4829,34,1
4829,29,2
4830,19,1
4830,18,1
4830,29,1
4831,18,2
4831,29,1
4831,8,1
4832,34,1
4832,29,1
4833,18,1
4834,29,1
4834,18,1
4834,19,1
4835,18,1
4835,19,1
4836,34,1
4836,22,1
4836,29,2
4836,33,1
4837,18,1
4837,19,1
4837,47,1
4838,18,2
4838,19,1
4838,34,1
4839,19,1
4839,29,2
4839,17,1
4840,18,2
4840,19,1
4841,58,1
4841,5,2
4841,56,1
4842,57,1
4842,60,1
4843,60,1
4843,56,2
4843,58,1
4844,59,1
4844,57,1
4845,60,1
4845,59,2
4845,58,1
4845,57,1
4846,57,1
4846,29,1
4846,60,1
4847,58,1
4847,60,3
4848,59,2
4848,56,1
4849,60,1
4849,15,1
4850,58,2
4850,21,1
4851,56,1
4851,59,1
4852,5,1
4852,59,1
4853,57,1
4853,59,1
4853,56,1
4853,58,1
4854,58,1
4854,56,2
4855,56,1
4855,58,1
4856,60,2
4856,37,1
4856,58,1
4857,59,2
4857,55,1
4857,5,1
4857,41,1
4858,59,2
4859,57,1
4859,60,1
4859,56,1
4860,56,1
4860,59,2
4861,4,2
4861,55,1
4861,1,1
4862,8,1
4862,6,1
4862,9,2
4863,29,1
4863,2,1
4863,13,2
4864,9,1
4864,3,1
4864,5,1
4865,3,1
4865,7,2
4866,1,2
4866,4,2
4866,6,1
4867,9,1
4867,1,1
4867,21,1
4868,41,1
4868,7,1
4868,3,2
4868,4,1
4869,7,1
4869,1,1
4870,8,1
4870,4,1
4870,58,1
4871,6,2
4871,7,1
4871,1,1
4872,7,1
4872,4,1
4873,4,1
4873,3,2
4874,8,1
4874,56,1
4874,6,2
4875,3,1
4875,8,1
4876,6,1
4876,7,1
4876,1,1
4877,5,1
4877,3,1
4877,4,1
4878,8,1
4878,3,1
4878,5,1
4879,5,1
4879,6,1
4879,2,2
4880,2,1
4880,8,1
4880,7,3
4881,24,1
4881,25,3
4881,23,1
4882,23,1
4882,52,1
4883,24,1
4883,23,2
4883,22,1
4883,25,1
4884,58,2
4884,23,1
4884,24,1
4884,22,1
4885,24,1
4885,25,2
4885,55,1
4885,23,1
4886,22,1
4886,23,1
4886,25,1
4886,24,1
4886,18,1
4887,25,1
4887,24,1
4888,25,1
4888,23,1
4888,24,1
4889,25,1
4889,22,1
4889,46,1
4890,24,1
4890,23,1
4890,22,1
4890,27,1
4891,9,1
4891,25,3
4892,25,1
4892,22,2
4893,25,1
4893,28,2
4893,24,1
4894,25,3
4894,11,1
4894,22,2
4895,22,2
4895,23,1
4895,9,1
4896,25,1
4896,24,1
4897,22,1
4897,25,1
4898,22,1
4899,13,1
4899,25,1
4899,33,1
4899,40,1
4899,24,1
4900,22,1
4900,24,1
4900,23,1
4900,29,1
4901,70,1
4901,68,1
4902,69,1
4902,67,1
4903,53,1
4903,67,1
4904,68,1
4904,60,1
4904,35,1
4904,70,1
4905,36,1
4905,67,1
4906,69,1
4907,48,1
4907,36,1
4908,67,3
4908,35,1
4908,69,1
4909,67,1
4909,70,1
4909,35,1
4909,36,2
4910,67,1
4910,23,1
4910,70,1
4911,67,1
4911,35,1
4911,30,1
4911,68,1
4912,36,1
4913,35,2
4913,69,1
4913,36,1
4914,69,1
4914,70,1
4914,51,1
4915,41,1
4915,67,1
4915,35,1
4915,4,1
4916,67,3
4916,70,1
4916,49,1
4917,7,1
4917,26,1
4918,45,1
4918,69,1
4919,68,2
4919,67,1
4919,41,1
4920,36,2
4920,23,1
4921,4,2
4922,9,1
4922,8,1
4923,22,1
4923,7,1
4923,3,1
4923,15,1
4924,2,1
4925,1,1
4925,8,1
4925,11,1
4926,7,1
4926,2,1
4926,9,1
4926,51,1
4927,8,1
4927,7,1
4928,2,1
4929,47,1
4929,5,1
4929,40,1
4929,6,2
4930,5,1
4930,7,1
4930,3,1
4931,5,1
4932,9,1
4932,26,1
4932,4,1
4933,5,1
4933,2,1
4933,51,1
4934,43,1
4934,2,1
4935,8,2
4935,22,1
4935,51,2
4936,5,1
4936,1,1
4937,1,1
4937,9,1
4937,3,1
4937,57,1
4938,5,1
4938,4,1
4938,51,1
4939,5,1
4939,3,1
4939,6,1
4940,2,1
4940,46,1
4940,16,1
4941,24,1
4941,23,1
4941,22,1
4941,3,2
4942,24,1
4942,25,1
4943,23,1
4943,41,1
4944,22,1
4944,23,1
4944,35,1
4945,22,1
4946,29,1
4946,22,1
4946,24,1
4946,12,1
4947,23,1
4947,24,1
4948,24,1
4948,25,1
4948,23,1
4948,22,3
4949,24,3
4950,40,1
4950,22,1
4950,23,1
4951,23,1
4952,30,1
4953,23,1
4953,24,1
4954,22,1
4954,24,1
4955,22,2
4955,5,1
4956,25,3
4956,23,1
4956,24,1
4957,22,1
4958,22,1
4958,23,1
4958,24,1
4959,22,1
4959,24,1
4959,25,1
4960,25,1
4961,33,1
4961,35,1
4962,36,1
4962,35,1
4963,35,1
4963,36,1
4963,68,1
4964,36,1
4964,67,1
4964,31,1
4965,67,1
4966,67,1
4966,35,2
4967,69,1
4967,28,1
4967,35,1
4968,35,1
4969,67,1
4969,36,1
4969,42,1
4970,36,1
4970,69,1
4970,67,1
4971,69,1
4971,32,1
4972,44,1
4972,24,1
4972,36,1
4973,68,1
4973,67,1
4973,69,1
4973,35,1
4973,36,1
4974,67,3
4974,35,1
4974,50,3
4975,58,1
4975,70,1
4976,69,1
4976,36,1
4977,19,1
4977,70,1
4977,8,2
4978,35,1
4978,69,1
4979,36,1
4979,70,1
4980,13,1
4980,4,1
4981,21,1
4981,45,1
4981,47,1
4981,20,1
4982,21,1
4982,22,2
4982,75,1
4983,52,2
4983,45,1
4983,22,1
4984,17,2
4984,20,2
4985,74,1
4985,21,1
4985,20,1
4986,25,1
4987,22,1
4987,20,1
4987,74,1
4987,25,1
4987,48,2
4988,58,1
4988,74,3
4989,23,2
4989,75,1
4989,4,1
4990,75,1
4990,74,1
4990,20,1
4990,50,1
4990,21,1
4991,21,1
4991,35,1
4992,20,1
4992,74,1
4992,75,1
4993,12,1
4993,75,1
4994,20,1
4994,51,1
4994,22,1
4995,2,1
4995,34,1
4995,23,2
4996,75,1
4996,22,1
4996,13,1
4997,24,1
4997,20,1
4998,57,1
4998,21,1
4999,23,2
4999,21,1
5000,33,1
5000,20,1
5000,28,1
5000,55,2
5001,69,1
5001,35,1
5001,70,1
5002,67,1
5002,11,1
5002,68,1
5002,35,1
5003,36,1
5003,69,1
5004,70,1
5005,70,1
5005,36,1
5006,70,2
5006,36,1
5007,50,1
5007,69,1
5007,70,1
5008,25,3
5008,68,1
5008,67,1
5009,68,1
5009,4,1
5009,67,1
5010,69,1
5010,70,1
5010,68,1
5011,36,1
5011,67,2
5012,70,3
5013,35,1
5013,68,1
5014,70,1
5014,21,1
5015,35,1
5015,13,2
5015,69,1
5016,67,1
5016,36,1
5017,11,1
5017,68,1
5018,70,1
5018,56,1
5018,68,1
5018,40,1
5019,67,2
5020,68,1
5020,69,1
5021,29,3
5021,27,1
5021,8,1
5021,19,2
5022,34,1
5022,29,3
5023,19,1
5024,19,1
5024,18,1
5024,52,1
5025,34,1
5025,19,1
5025,53,3
5026,29,1
5026,57,1
5026,18,1
5027,34,1
5027,18,1
5027,19,1
5028,19,1
5028,48,2
5028,59,1
5029,29,2
5029,14,1
5030,34,3
5030,18,2
5031,18,1
5031,19,1
5032,34,1
5032,19,1
5032,18,1
5033,34,1
5033,11,1
5033,9,2
5034,19,2
5034,17,2
5034,18,1
5034,29,1
5035,29,2
5035,34,1
5035,19,2
5036,18,1
5036,34,2
5036,19,1
5037,32,1
5037,19,1
5037,18,1
5038,18,1
5039,34,1
5039,19,1
5040,34,1
5040,29,1
5040,46,1
5041,2,1
5041,9,1
5041,1,1
5041,7,1
5042,6,1
5042,2,3
5043,21,1
5043,5,1
5044,3,1
5044,6,1
5045,14,1
5046,7,1
5046,8,1
5046,3,2
5046,4,1
5047,7,2
5047,8,1
5047,4,1
5047,42,1
5048,2,2
5048,5,1
5048,54,1
5048,9,1
5049,7,1
5049,37,1
5049,6,1
5050,9,1
5050,28,1
5051,6,1
5051,9,1
5052,4,1
5052,2,1
5052,18,1
5053,4,1
5053,7,1
5053,2,1
5054,5,1
5054,1,1
5054,3,2
5055,23,1
5055,5,1
5055,4,1
5056,5,1
5057,1,2
5057,7,1
5057,3,1
5057,6,1
5057,4,1
5058,6,1
5058,2,1
5059,8,1
5060,1,1
5060,19,1
5061,1,2
5061,11,1
5062,30,1
5062,1,1
5063,4,1
5063,6,1
5064,9,1
5064,6,3
5065,5,1
5065,9,1
5065,20,1
5065,6,1
5066,6,1
5067,4,1
5067,2,2
5068,4,2
5069,8,1
5069,7,1
5069,2,1
5070,4,1
5070,7,1
5071,5,1
5071,3,1
5071,18,1
5072,56,1
5072,6,1
5073,1,1
5073,8,2
5074,1,1
5074,6,1
5075,4,1
5076,2,1
5076,3,1
5077,29,1
5077,2,1
5078,1,3
5078,4,2
5079,9,3
5079,12,1
5079,2,1
5080,4,1
5080,7,1
5080,1,1
5080,2,1
5081,29,2
5081,34,2
5081,35,3
5081,18,1
5082,30,1
5083,34,1
5083,46,1
5084,18,1
5084,29,1
5085,19,1
5085,34,1
5085,18,1
5085,42,2
5086,34,2
5086,19,1
5086,18,2
5087,17,3
5087,19,1
5087,15,1
5087,18,1
5088,18,2
5088,29,1
5089,34,1
5089,29,1
5089,19,1
5090,10,1
5091,19,1
5091,18,1
5092,19,1
5092,18,1
5093,29,1
5094,18,2
5094,19,2
5094,29,2
5094,34,1
5095,29,1
5095,19,2
5095,18,1
5095,17,2
5096,18,1
5096,34,1
5096,9,1
5097,34,1
5097,19,1
5097,8,1
5098,18,1
5098,23,1
5099,19,1
5099,29,1
5099,18,1
5099,56,1
5100,29,1
5101,18,1
5101,34,1
5101,48,1
5101,19,3
5102,19,3
5102,29,1
5103,29,1
5103,55,1
5104,37,1
5104,19,1
5104,18,1
5105,19,1
5105,43,1
5105,18,1
5105,34,1
5106,34,1
5106,29,1
5106,19,1
5106,40,1
5106,45,1
5107,19,1
5107,42,1
5108,18,1
5108,29,1
5109,19,1
5109,34,2
5109,24,1
5109,29,1
5110,17,1
5110,18,1
5110,29,1
5110,34,1
5110,19,1
5111,29,3
5111,34,1
5111,7,1
5111,26,1
5111,18,1
5112,29,1
5112,19,2
5113,42,2
5113,6,1
5114,19,1
5115,18,1
5115,19,3
5115,29,1
5115,38,1
5116,34,2
5116,29,2
5117,34,2
5117,29,2
5117,18,1
5117,19,1
5118,29,1
5118,34,1
5118,33,1
5119,18,2
5119,24,2
5119,19,1
5120,29,1
5120,18,1
5120,19,1
5121,6,1
5121,8,1
5121,1,1
5122,4,1
5122,9,1
5122,8,1
5123,9,1
5123,1,1
5124,7,2
5124,4,1
5125,8,1
5125,1,1
5125,3,2
5126,6,3
5126,7,2
5126,9,1
5126,1,1
5127,40,2
5127,11,1
5127,18,3
5127,2,1
5128,5,1
5128,4,2
5129,6,1
5129,4,1
5130,20,1
5130,6,2
5130,9,1
5131,2,1
5131,4,1
5132,2,1
5132,5,2
5132,8,1
5132,43,1
5133,6,1
5133,3,1
5133,5,2
5134,4,1
5134,5,2
5134,6,1
5135,6,2
5135,29,1
5135,9,1
5136,8,1
5136,4,2
5137,1,1
5137,7,1
5137,8,1
5137,4,2
5138,9,1
5138,2,3
5138,7,1
5139,1,2
5139,8,1
5139,5,1
5139,4,1
5140,2,1
5140,18,1
5141,19,1
5141,29,2
5141,34,1
5141,18,1
5142,34,1
5142,19,1
5142,16,1
5143,2,1
5143,19,1
5144,58,1
5144,34,1
5145,8,1
5145,18,1
5146,19,1
5146,34,1
5147,6,1
5147,4,1
5147,30,1
5147,29,1
5148,10,1
5148,19,1
5149,18,1
5149,19,1
5150,12,1
5151,12,2
5151,7,1
5151,55,1
5151,19,2
5152,6,1
5153,19,2
5154,34,1
5154,29,1
5154,15,2
5154,19,1
5155,9,1
5155,59,1
5155,18,1
5156,20,1
5156,29,3
5157,34,1
5157,29,1
5157,18,1
5158,29,1
5158,16,1
5158,34,1
5159,34,1
5159,29,1
5159,6,1
5159,11,1
5160,18,1
5160,19,1
5160,29,3
5161,68,1
5161,70,1
5161,28,2
5162,67,1
5162,70,1
5162,68,3
5162,36,3
5163,67,1
5163,60,1
5163,35,1
5164,69,1
5164,50,2
5165,69,1
5165,35,1
5166,68,1
5166,70,1
5166,35,1
5167,67,1
5167,48,1
5168,68,1
5168,35,3
5168,69,2
5168,67,1
5169,67,1
5170,68,1
5170,67,1
5170,36,2
5171,36,2
5171,68,2
5171,51,1
5172,69,1
5172,67,1
5172,15,2
5172,68,1
5173,67,1
5173,31,2
5174,67,1
5174,24,1
5174,49,1
5174,36,1
5175,68,1
5175,70,1
5175,35,1
5175,36,1
5176,67,1
5176,35,2
5176,36,2
5176,70,1
5176,69,1
5177,36,1
5177,70,1
5177,68,1
5178,35,1
5178,69,2
5179,36,1
5179,69,1
5179,67,1
5180,69,1
5181,70,1
5181,47,1
5181,69,2
5181,68,1
5182,67,1
5182,70,3
5182,68,1
5183,69,1
5183,35,1
5183,36,1
5184,68,1
5184,70,1
5184,69,1
5185,36,1
5185,35,1
5185,69,1
5186,35,2
5186,20,1
5186,70,1
5187,68,1
5187,69,1
5188,68,1
5188,69,1
5188,70,1
5189,36,1
5189,70,1
5190,35,1
5190,68,1
5191,67,1
5191,68,1
5191,43,1
5192,67,1
5192,36,1
5193,70,1
5193,35,1
5193,36,1
5194,68,1
5194,1,1
5195,68,1
5195,67,1
5196,68,2
5197,14,1
5197,68,1
5198,35,1
5198,67,1
5198,69,1
5199,69,1
5199,67,1
5200,70,1
5200,36,1
5200,67,1
5201,76,1
5201,78,1
5201,72,2
5202,72,1
5202,52,1
5202,74,1
5202,75,1
5203,34,2
5203,71,1
5204,71,1
5204,76,1
5204,80,1
5204,79,1
5204,72,3
5205,74,1
5205,76,1
5205,72,1
5206,72,1
5206,79,1
5206,78,1
5207,71,1
5207,77,1
5207,80,1
5208,80,3
5208,79,1
5209,79,1
5209,80,1
5209,60,1
5209,23,1
5210,74,1
5210,78,1
5211,80,1
5211,79,1
5211,76,1
5211,77,1
5212,74,2
5212,8,1
5212,76,1
5213,79,1
5213,13,1
5214,80,3
5214,76,1
5215,77,3
5215,80,1
5215,76,1
5216,55,2
5216,73,1
5216,72,1
5216,71,1
5217,6,2
5217,72,1
5217,49,1
5217,24,1
5218,75,1
5218,80,3
5219,77,1
5219,73,1
5219,75,1
5220,41,1
5220,80,1
5221,28,1
5221,4,2
5222,2,1
5222,7,1
5223,5,1
5224,49,1
5224,5,1
5224,9,1
5225,7,1
5225,23,1
5226,6,1
5226,39,1
5226,1,1
5226,5,1
5227,2,1
5228,8,1
5228,1,1
5228,4,1
5229,8,1
5229,16,1
5229,13,1
5229,3,1
5230,36,1
5230,15,1
5231,5,2
5231,1,1
5231,8,1
5232,6,2
5232,37,2
5233,3,1
5233,5,2
5234,6,1
5234,26,1
5234,5,1
5234,7,2
5235,5,3
5236,6,1
5236,1,2
5237,6,3
5238,22,1
5238,1,1
5238,6,1
5239,7,1
5239,42,1
5239,2,1
5240,7,1
5240,2,1
5240,1,1
5241,7,1
5241,10,1
5242,10,1
5242,14,3
5242,12,1
5243,12,1
5243,35,1
5243,15,1
5244,3,2
5244,4,3
5244,5,3
5245,15,1
5245,11,1
5246,11,1
5246,32,1
5246,13,1
5247,10,1
5247,14,1
5247,44,1
5248,31,1
5248,12,1
5248,41,1
5248,38,1
5248,15,1
5249,12,1
5249,15,1
5250,14,1
5250,11,1
5251,16,1
5251,11,2
5251,10,1
5252,10,1
5252,12,2
5253,13,1
5253,12,1
5253,14,1
5253,11,1
5254,16,1
5254,11,1
5255,12,1
5255,13,1
5256,16,2
5256,14,1
5256,12,3
5257,10,1
5257,15,2
5258,11,1
5258,19,1
5258,10,1
5259,15,1
5259,16,1
5259,13,1
5260,11,1
5260,16,1
5261,8,1
5261,7,1
5262,5,1
5262,48,1
5262,6,1
5263,1,2
5263,2,1
5264,45,1
5264,9,2
5264,7,1
5265,2,2
5265,1,1
5265,8,2
5265,6,1
5266,22,1
5266,30,3
5267,7,1
5267,3,1
5268,5,2
5268,8,2
5269,28,1
5269,3,1
5270,5,1
5270,3,1
5271,6,1
5271,4,2
5271,5,1
5271,44,1
5272,7,1
5272,3,1
5273,4,1
5273,50,1
5273,5,1
5274,8,2
5274,1,1
5275,3,1
5276,3,2
5276,1,1
5277,9,1
5277,1,1
5278,8,1
5278,39,1
5279,1,1
5279,3,1
5280,2,1
5280,1,1
5281,18,1
5281,34,1
5281,19,1
5281,29,1
5282,29,2
5282,19,1
5283,29,1
5283,18,3
5283,19,2
5284,34,1
5284,18,1
5284,19,3
5285,34,1
5285,57,1
5285,19,1
5286,19,1
5286,29,1
5286,34,1
5286,47,1
5287,19,1
5287,34,1
5287,17,1
5287,31,2
5288,51,1
5288,18,1
5289,8,3
5289,18,2
5290,29,1
5290,34,1
5290,2,1
5290,36,1
5291,29,1
5291,19,1
5291,34,1
5292,18,1
5292,34,2
5292,54,1
5292,19,1
5293,11,1
5293,19,1
5294,29,1
5294,19,1
5294,18,1
5294,57,1
5295,35,1
5295,34,1
5296,29,1
5296,34,1
5297,34,1
5297,29,1
5297,18,1
5297,19,2
5298,19,2
5299,34,1
5299,29,2
5299,18,2
5300,19,1
5301,35,1
5302,70,1
5302,35,1
5303,31,2
5303,67,1
5303,69,2
5304,69,3
5304,36,2
5305,70,1
5305,68,1
5305,35,1
5306,36,1
5306,69,1
5306,28,1
5307,30,1
5307,70,1
5308,55,1
5308,69,2
5309,70,1
5309,6,1
5310,3,2
5310,48,1
5310,67,1
5311,69,1
5311,68,2
5312,38,1
5312,69,2
5313,35,1
5313,41,1
5313,20,1
5314,59,1
5314,3,1
5315,68,2
5315,67,1
5315,70,1
5316,35,1
5316,9,1
5316,36,1
5317,67,1
5317,3,1
5318,67,2
5318,37,1
5319,36,1
5319,70,1
5320,48,1
5320,67,1
5321,13,1
5321,61,1
5322,61,1
5322,65,1
5322,62,1
5322,2,2
5323,61,1
5324,61,1
5324,66,2
5325,63,1
5325,62,1
5325,64,1
5326,61,1
5326,63,1
5326,66,1
5327,62,1
5327,57,1
5327,66,1
5328,62,2
5328,57,1
5328,41,1
5329,65,1
5329,63,1
5330,62,1
5330,54,2
5331,65,1
5331,66,1
5332,65,1
5332,4,1
5333,64,1
5333,47,1
5333,15,1
5333,65,1
5334,6,2
5334,63,1
5334,66,1
5335,66,1
5335,61,1
5336,62,1
5336,66,1
5336,46,2
5336,63,3
5337,66,1
5337,45,1
5337,10,1
5338,65,1
5338,66,1
5339,65,1
5340,66,1
5340,65,1
5341,11,1
5341,58,1
5342,56,1
5342,59,1
5342,60,1
5343,58,3
5343,60,1
5344,56,1
5344,58,1
5344,35,1
5345,60,1
5345,59,1
5346,58,1
5346,42,2
5346,60,2
5346,27,1
5347,59,1
5347,58,1
5347,56,1
5347,57,2
5348,59,1
5348,24,3
5348,58,1
5349,60,1
5349,58,1
5350,58,1
5350,59,2
5350,34,1
5350,57,1
5350,26,1
5351,59,2
5351,60,1
5351,58,1
5352,58,1
5352,59,1
5352,60,1
5353,59,1
5353,56,1
5354,58,2
5354,57,1
5354,10,2
5355,60,1
5355,57,1
5355,42,1
5356,45,1
5356,59,2
5357,56,1
5357,57,1
5358,60,1
5358,56,1
5358,57,1
5359,59,1
5359,58,2
5360,59,1
5360,57,1
5360,40,2
5360,56,1
5361,61,1
5361,63,1
5361,15,1
5362,64,2
5362,45,1
5362,62,1
5362,63,1
5363,63,1
5363,61,1
5364,64,1
5364,35,1
5364,63,1
5365,61,1
5365,62,1
5365,9,1
5365,18,1
5366,66,1
5366,65,1
5367,62,1
5367,66,2
5368,63,1
5368,65,2
5368,62,1
5369,61,1
5369,36,1
5369,65,1
5369,66,1
5370,61,1
5371,16,1
5371,66,1
5371,55,1
5372,65,1
5372,62,1
5373,62,1
5373,64,1
5374,17,1
5374,61,1
5374,63,2
5374,62,1
5375,61,1
5375,66,1
5375,64,1
5375,63,1
5376,62,2
5377,19,1
5377,62,1
5377,66,1
5378,54,1
5378,66,1
5378,65,3
5378,61,1
5379,65,1
5379,38,1
5379,66,1
5379,30,1
5380,64,1
5380,62,1
5381,32,1
5381,31,1
5381,29,1
5382,33,1
5382,31,1
5382,39,1
5382,28,1
5383,28,1
5383,33,3
5383,32,2
5384,29,1
5384,28,2
5384,35,1
5385,4,2
5385,7,1
5385,3,1
5385,59,1
5385,31,1
5386,30,1
5386,33,2
5387,31,2
5387,30,1
5387,60,2
5388,30,1
5388,33,1
5388,52,1
5389,32,1
5389,29,1
5390,29,1
5390,32,1
5390,30,3
5391,30,1
5392,21,1
5392,29,3
5393,32,1
5393,31,3
5394,30,2
5394,29,1
5395,28,1
5395,2,1
5395,30,1
5396,9,2
5396,33,2
5396,28,1
5397,5,2
5397,28,1
5398,30,1
5399,29,1
5399,31,2
5399,28,2
5399,30,2
5400,16,1
5400,19,1
5401,6,1
5401,13,1
5402,43,2
5402,32,3
5403,4,1
5403,5,1
5404,5,1
5404,3,1
5405,52,2
5405,4,1
5405,3,1
5406,1,1
5407,4,1
5407,8,1
5407,1,1
5408,9,1
5408,5,1
5408,2,1
5409,4,1
5409,2,1
5410,1,1
5410,31,1
5410,8,1
5411,4,1
5411,6,1
5411,1,2
5412,7,1
5412,1,2
5413,6,1
5413,4,1
5414,5,1
5414,4,3
5415,3,3
5416,50,1
5416,6,1
5416,31,3
5416,7,2
5417,6,1
5417,2,1
5417,8,1
5418,5,1
5418,6,1
5419,2,1
5419,6,1
5420,7,2
5420,5,1
5420,2,1
5421,2,3
5421,48,1
5421,33,1
5421,1,1
5422,4,2
5422,8,1
5423,6,2
5423,32,1
5423,1,1
5423,5,1
5424,1,1
5424,5,1
5424,2,1
5424,3,1
5425,8,1
5426,51,1
5426,3,1
5426,7,3
5427,5,1
5427,13,3
5427,40,1
5427,2,1
5428,7,1
5428,5,1
5428,59,3
5429,5,1
5429,7,1
5430,6,1
5430,51,3
5430,3,1
5431,1,2
5431,15,1
5432,8,1
5432,4,1
5433,2,2
5434,34,2
5434,11,1
5434,3,1
5434,1,1
5435,7,3
5435,59,2
5436,7,1
5436,4,1
5437,26,1
5437,23,3
5438,4,1
5438,2,1
5439,5,1
5439,23,1
5440,30,1
5440,9,3
5441,35,1
5441,67,1
5441,68,2
5442,70,1
5442,67,1
5442,35,1
5443,68,1
5443,29,1
5443,67,1
5444,54,1
5444,53,1
5444,67,1
5444,26,2
5445,35,1
5445,43,1
5446,70,1
5446,68,1
5447,31,1
5447,67,1
5448,50,1
5448,36,1
5449,69,2
5449,16,3
5449,67,1
5450,69,1
5450,4,1
5450,67,1
5450,36,1
5451,7,1
5451,67,3
5452,35,1
5452,58,2
5452,70,1
5453,69,2
5454,35,1
5454,36,1
5454,70,1
5454,44,1
5455,67,1
5455,35,1
5455,70,1
5455,68,1
5456,70,2
5456,68,1
5456,35,1
5457,68,1
5457,11,1
5457,67,2
5457,70,1
5458,11,1
5458,36,1
5458,35,2
5459,29,1
5459,68,1
5460,68,2
5460,35,1
5461,34,1
5461,25,1
5461,24,1
5462,9,1
5463,20,1
5463,23,1
5463,21,1
5463,75,1
5464,75,1
5464,74,1
5464,22,1
5465,75,1
5465,23,1
5466,20,1
5466,21,1
5467,25,1
5467,24,1
5468,25,2
5468,20,1
5469,22,1
5469,24,2
5470,23,2
5470,25,1
5470,75,1
5471,22,1
5471,75,1
5471,39,1
5472,75,1
5472,22,1
5472,21,1
5473,21,1
5473,74,1
5474,74,1
5474,20,2
5474,23,1
5474,22,1
5475,75,1
5475,74,1
5476,4,1
5477,21,1
5477,74,1
5478,25,1
5478,20,1
5479,20,1
5479,23,1
5480,23,3
5480,22,2
5480,74,1
5481,34,2
5481,29,1
5481,18,1
5481,19,1
5482,50,1
5482,19,1
5482,29,2
5482,18,2
5483,18,1
5483,9,2
5483,29,1
5483,19,1
5484,18,1
5484,37,1
5484,54,1
5484,19,1
5485,19,1
5485,18,3
5486,18,1
5486,24,1
5486,29,1
5487,29,1
5487,28,1
5487,19,1
5488,29,1
5488,18,1
5489,34,1
5489,29,1
5490,30,3
5490,19,1
5490,34,1
5491,35,1
5491,29,1
5492,18,1
5493,19,1
5493,34,1
5493,18,1
5493,45,1
5494,34,1
5494,29,1
5494,13,1
5495,18,1
5495,29,2
5495,34,1
5495,19,2
5496,18,1
5496,29,1
5496,2,2
5496,19,1
5497,18,1
5497,19,1
5498,18,1
5498,34,2
5498,29,1
5498,19,1
5499,18,1
5499,19,1
5499,29,1
5499,34,1
5499,60,2
5500,34,1
5500,9,2
5500,19,1
5501,57,1
5501,59,1
5501,56,1
5501,60,1
5502,57,1
5502,59,2
5502,56,1
5503,59,1
5503,34,2
5503,58,1
5503,57,1
5504,28,1
5504,12,1
5504,57,2
5505,57,2
5505,59,1
5505,56,1
5505,3,1
5506,2,1
5506,20,2
5507,56,2
5507,11,1
5507,58,1
5508,56,3
5508,60,1
5508,28,1
5508,58,2
5509,59,1
5509,58,2
5509,56,3
5509,57,1
5510,32,2
5510,57,1
5510,58,2
5510,56,3
5511,57,1
5511,56,1
5511,58,1
5511,15,2
5511,59,1
5512,58,2
5512,59,2
5512,25,1
5513,56,1
5513,58,1
5513,57,1
5513,60,2
5514,57,1
5514,56,1
5514,59,2
5515,59,1
5515,58,1
5516,33,2
5516,60,1
5516,58,1
5516,59,1
5517,59,1
5517,60,1
5518,40,1
5518,21,1
5518,59,1
5519,56,1
5519,60,1
5519,59,2
5519,57,1
5520,8,1
5520,56,1
5520,60,1
5520,58,1
5521,29,1
5521,32,1
5521,45,1
5521,31,1
5521,51,2
5522,33,1
5522,30,2
5523,28,2
5524,31,1
5524,29,1
5524,58,1
5525,29,1
5525,35,1
5526,25,2
5526,52,3
5526,32,1
5526,30,1
5527,30,1
5527,28,1
5528,31,1
5528,9,1
5528,30,2
5529,19,1
5529,3,1
5529,30,1
5530,33,1
5530,31,2
5530,29,1
5531,32,1
5531,33,1
5531,58,1
5531,37,1
5532,35,1
5532,29,2
5532,28,3
5533,29,1
5533,33,2
5534,30,1
5534,31,1
5534,29,1
5535,29,2
5535,28,2
5535,30,1
5535,2,1
5536,30,1
5536,32,2
5536,28,1
5537,52,1
5537,31,1
5538,33,2
5538,28,1
5538,31,1
5538,29,2
5539,46,1
5539,58,1
5539,32,1
5539,19,3
5540,30,1
5540,29,1
5541,40,1
5541,2,1
5541,46,1
5542,39,1
5542,26,1
5542,41,1
5542,42,1
5543,38,1
5543,40,2
5543,41,1
5543,39,1
5544,37,1
5544,42,1
5544,41,2
5545,37,1
5545,38,1
5546,42,1
5546,38,1
5546,2,3
5547,42,1
5547,38,1
5547,37,2
5547,40,1
5547,41,1
5548,29,3
5548,38,1
5548,53,1
5549,42,1
5549,20,1
5550,42,1
5550,40,1
5550,41,1
5550,49,1
5551,41,1
5551,38,1
5551,42,1
5552,10,1
5552,39,1
5552,42,3
5553,37,1
5553,38,1
5553,42,1
5553,41,2
5554,38,2
5554,41,2
5554,56,1
5554,40,1
5555,38,2
5555,39,1
5555,37,3
5556,39,1
5556,40,2
5556,41,1
5557,37,2
5557,40,2
5557,39,1
5557,41,1
5557,42,1
5558,39,1
5558,42,1
5558,47,1
5559,40,1
5559,45,1
5559,47,1
5559,29,1
5560,39,1
5560,37,3
5560,40,2
5560,50,1
5560,41,1
5561,67,1
5561,55,1
5562,54,1
5562,62,2
5563,14,1
5563,32,1
5563,59,1
5564,26,1
5564,56,1
5564,52,1
5565,45,1
5565,66,1
5566,55,1
5566,32,1
5567,33,1
5567,64,1
5568,62,1
5568,6,1
5568,58,2
5569,61,1
5569,42,2
5570,22,1
5570,9,1
5571,63,1
5571,53,1
5571,65,3
5572,70,1
5572,56,2
5573,51,1
5573,10,1
5573,19,1
5574,52,1
5574,63,1
5574,2,1
5575,60,1
5575,55,1
5575,53,1
5575,66,1
5576,70,1
5576,56,1
5576,58,1
5577,25,1
5578,60,1
5578,69,1
5579,60,2
5579,55,1
5579,63,1
5580,64,1
5580,56,1
5580,61,1
5580,69,1
5581,18,1
5581,29,1
5582,18,1
5582,19,3
5582,6,1
5583,19,1
5583,5,1
5584,18,1
5584,19,1
5584,29,1
5584,16,1
5584,35,3
5585,34,1
5585,19,2
5586,19,1
5586,3,1
5587,20,1
5587,34,2
5587,18,1
5588,29,1
5588,19,3
5589,34,1
5589,29,1
5590,32,1
5590,34,1
5590,44,1
5591,34,1
5591,19,2
5592,19,1
5592,34,1
5593,29,1
5593,19,2
5593,34,1
5594,34,1
5594,18,2
5595,18,2
5595,42,1
5595,29,2
5596,53,1
5596,29,3
5596,34,1
5596,19,1
5597,18,1
5597,29,1
5598,29,3
5598,30,1
5599,18,1
5599,27,1
5600,29,1
5600,34,1
5600,19,2
5600,18,1
5601,19,1
5601,18,2
5601,34,2
5601,29,1
5602,19,1
5602,41,1
5602,34,1
5602,29,1
5603,19,1
5603,18,1
5603,3,2
5604,29,1
5604,19,2
5604,34,2
5605,29,1
5605,34,3
5606,57,3
5606,19,1
5607,34,1
5607,29,1
5607,19,1
5608,29,1
5608,43,3
5608,18,1
5609,29,1
5609,34,1
5609,19,1
5609,35,1
5610,19,1
5610,50,1
5610,29,1
5611,34,1
5611,19,1
5611,29,1
5611,8,1
5612,29,1
5612,18,1
5612,19,1
5613,29,1
5613,19,1
5613,34,1
5614,18,1
5614,19,2
5615,19,1
5615,18,1
5615,34,1
5616,29,1
5616,19,2
5616,34,2
5616,18,1
5616,35,1
5617,19,1
5617,18,1
5618,24,1
5618,34,1
5618,19,1
5619,29,1
5619,18,1
5619,11,3
5619,16,1
5620,18,1
5620,29,1
5620,49,2
5621,16,1
5621,13,2
5621,12,1
5622,13,1
5622,16,1
5622,14,1
5622,10,2
5623,12,1
5623,13,1
5624,13,1
5624,12,1
5624,15,1
5625,14,2
5625,33,1
5625,15,2
5626,15,1
5626,14,1
5626,13,1
5627,10,1
5627,11,1
5628,11,1
5628,25,1
5628,13,1
5628,10,2
5629,11,1
5629,14,1
5630,15,1
5630,11,1
5630,14,2
5631,10,1
5631,20,1
5631,16,1
5632,10,2
5632,16,1
5632,42,2
5632,12,1
5632,11,1
5633,10,1
5633,12,1
5633,59,1
5634,16,2
5634,13,1
5635,15,3
5635,14,2
5636,42,1
5636,15,2
5636,12,2
5637,11,2
5637,10,1
5637,15,1
5638,12,2
5638,15,2
5638,5,1
5639,30,1
5639,13,3
5639,15,1
5640,13,2
5640,15,1
5640,7,1
5641,35,1
5642,67,2
5642,35,1
5642,36,1
5643,39,1
5643,69,1
5643,24,1
5644,70,1
5644,68,1
5644,35,1
5645,36,1
5645,5,1
5645,35,1
5646,70,1
5646,69,1
5646,35,1
5647,17,1
5647,36,1
5648,69,2
5648,36,1
5648,68,1
5649,43,2
5649,54,1
5649,67,2
5650,70,1
5650,67,2
5651,36,1
5651,69,1
5652,70,2
5652,35,1
5652,69,1
5653,42,3
5653,68,1
5653,36,1
5654,31,2
5654,70,1
5655,32,1
5655,35,1
5655,68,1
5656,21,1
5657,68,1
5657,35,1
5658,68,1
5658,36,3
5658,70,1
5658,69,2
5659,47,1
5659,35,1
5660,36,1
5660,17,1
5660,35,1
5660,69,1
5661,5,1
5662,1,1
5662,9,1
5663,5,1
5663,7,1
5663,1,1
5664,4,1
5664,1,1
5664,3,1
5665,3,2
5665,4,1
5665,8,2
5665,26,2
5666,4,1
5666,8,1
5667,18,2
5668,7,1
5668,3,1
5668,4,3
5669,51,1
5669,9,2
5669,4,1
5670,2,2
5670,6,1
5670,7,1
5670,51,1
5671,2,1
5672,36,1
5672,8,1
5673,6,2
5673,8,2
5674,8,1
5674,7,1
5674,9,1
5675,7,1
5675,8,1
5675,6,1
5676,8,2
5676,2,1
5676,12,1
5677,9,1
5678,9,1
5678,5,1
5678,2,1
5679,8,1
5679,6,1
5679,7,1
5680,11,1
5680,9,1
5680,7,2
5680,3,2
5681,10,1
5681,36,1
5682,67,1
5682,46,3
5683,36,2
5683,56,1
5683,5,1
5684,31,1
5684,69,1
5685,35,1
5686,69,1
5686,70,1
5687,69,1
5687,35,1
5688,13,1
5688,69,3
5689,69,1
5689,36,2
5690,36,1
5690,70,1
5691,35,1
5691,69,1
5691,58,1
5692,35,1
5692,70,2
5693,36,1
5693,70,1
5694,36,1
5694,35,1
5695,54,1
5695,68,3
5695,36,3
5696,67,1
5696,37,1
5696,36,2
5697,26,1
5697,70,1
5697,68,1
5698,70,1
5699,67,1
5699,68,1
5699,35,1
5700,69,1
5701,16,1
5701,19,1
5702,19,2
5702,10,1
5703,22,1
5703,18,1
5703,13,1
5704,18,1
5704,29,3
5705,18,1
5705,19,1
5706,29,1
5706,34,1
5706,18,3
5707,18,1
5707,19,1
5707,59,1
5708,34,1
5708,4,1
5708,18,1
5708,19,1
5708,29,1
5709,20,1
5709,19,2
5710,39,1
5710,34,1
5711,34,1
5711,19,1
5711,29,1
5712,18,1
5712,29,1
5713,38,1
5713,19,1
5713,29,1
5713,34,1
5713,52,1
5714,19,2
5714,34,1
5715,18,1
5715,19,1
5715,34,2
5716,34,1
5716,29,1
5716,41,1
5717,29,3
5717,19,1
5717,18,1
5717,45,3
5718,18,1
5718,19,1
5718,30,3
5719,34,1
5719,29,1
5719,19,1
5719,55,1
5720,29,2
5720,19,1
5720,18,1
5720,55,2
5721,19,1
5721,48,1
5722,19,1
5722,29,1
5722,34,1
5723,29,1
5723,37,1
5723,34,2
5724,29,2
5724,18,1
5724,34,3
5725,35,1
5725,18,1
5725,29,2
5726,18,1
5727,29,1
5727,35,1
5727,30,1
5728,18,1
5728,26,1
5729,19,1
5729,18,1
5729,29,3
5729,34,1
5730,18,1
5730,34,1
5730,40,1
5731,19,1
5731,30,1
5732,19,1
5732,29,2
5732,34,2
5732,18,1
5732,3,1
5733,18,3
5733,34,2
5733,29,1
5734,36,1
5734,18,1
5735,29,1
5735,34,2
5735,43,1
5735,19,1
5736,19,1
5736,29,1
5736,18,1
5737,29,1
5737,59,1
5738,6,1
5738,33,1
5739,30,1
5739,29,1
5739,18,2
5739,34,1
5740,18,1
5740,58,1
5741,12,1
5741,14,1
5741,24,1
5741,13,1
5742,16,1
5742,10,1
5743,16,1
5744,10,1
5745,12,1
5745,14,1
5746,16,2
5746,17,1
5747,52,1
5747,15,1
5747,13,2
5748,12,1
5748,27,2
5749,50,1
5749,10,1
5750,13,1
5750,12,1
5750,11,1
5751,14,1
5751,16,1
5751,10,3
5751,52,3
5751,13,2
5752,16,3
5752,15,1
5752,12,1
5753,60,2
5753,16,1
5753,10,3
5754,15,1
5755,15,1
5755,12,1
5756,11,1
5756,13,2
5757,54,2
5757,11,1
5757,13,1
5758,14,1
5758,11,1
5759,13,1
5760,10,1
5760,11,1
5760,54,1
5761,63,2
5761,24,1
5761,64,1
5762,29,1
5762,61,2
5762,65,2
5763,61,1
5763,63,1
5764,6,1
5764,62,1
5765,35,1
5765,4,1
5765,37,1
5766,61,1
5766,29,1
5766,66,1
5766,62,1
5766,56,1
5767,64,2
5768,63,1
5769,49,1
5769,66,1
5769,61,1
5770,63,1
5770,45,2
5771,66,1
5771,63,3
5771,65,1
5771,64,1
5772,66,1
5772,61,1
5773,61,1
5773,66,1
5774,63,1
5774,66,1
5775,44,1
5775,65,1
5776,61,1
5776,65,1
5776,63,1
5777,65,1
5777,15,1
5778,64,1
5778,65,1
5779,64,1
5779,66,1
5779,61,1
5780,61,1
5780,66,1
5780,64,1
5780,62,1
5781,12,1
5781,15,1
5781,39,1
5782,12,1
5782,15,1
5783,12,1
5783,16,1
5784,54,1
5784,14,1
5784,13,1
5785,13,1
5785,14,1
5785,15,1
5786,10,1
5786,59,1
5787,48,2
5787,14,1
5788,17,1
5788,10,1
5788,9,1
5789,10,1
5789,16,2
5789,47,1
5790,11,1
5790,15,1
5790,12,1
5791,13,2
5791,11,1
5791,12,3
5791,15,1
5791,54,1
5792,16,3
5792,15,1
5793,16,1
5793,26,1
5794,29,1
5794,14,2
5794,16,1
5795,13,1
5796,15,1
5796,13,1
5797,16,1
5797,13,1
5797,14,1
5798,14,1
5798,12,1
5798,31,1
5799,13,1
5799,15,1
5799,10,1
5800,13,1
5800,16,1
5801,13,1
5801,16,1
5801,15,1
5802,16,1
5802,14,3
5803,10,1
5804,15,1
5804,14,1
5804,49,1
5805,13,1
5805,37,1
5806,14,1
5806,10,1
5806,13,1
5807,15,2
5808,13,1
5809,16,1
5809,2,3
5810,16,1
5810,13,1
5810,12,1
5811,16,1
5811,15,1
5812,10,1
5812,14,1
5812,13,1
5813,15,3
5813,12,1
5813,11,1
5813,14,1
5814,13,1
5814,16,1
5814,14,1
5814,15,2
5814,51,2
5815,16,1
5815,11,1
5816,10,1
5816,11,2
5817,14,2
5818,16,3
5818,12,1
5818,13,2
5819,16,1
5819,10,1
5820,11,3
5820,16,1
5821,78,1
5821,80,1
5821,76,1
5821,59,1
5822,76,2
5822,79,1
5822,75,1
5823,72,3
5823,77,1
5823,41,2
5824,71,2
5824,77,2
5824,73,1
5824,78,1
5825,28,2
5825,71,2
5825,58,1
5825,79,1
5826,75,1
5826,76,1
5827,25,1
5827,77,2
5827,72,1
5828,75,1
5828,76,1
5828,77,1
5828,74,2
5829,36,1
5829,77,1
5830,78,1
5830,73,2
5830,74,1
5830,21,1
5831,27,3
5831,78,1
5832,10,2
5832,80,1
5832,75,2
5833,73,1
5833,74,1
5833,71,1
5834,56,2
5834,10,2
5834,73,1
5834,71,1
5834,72,1
5835,72,1
5835,71,2
5835,77,1
5836,71,1
5836,77,1
5837,78,2
5837,73,1
5837,75,1
5837,71,1
5838,80,2
5838,78,1
5838,79,1
5838,75,1
5838,71,1
5839,78,1
5839,79,1
5839,80,2
5840,73,1
5840,72,1
5841,60,1
5841,6,1
5842,13,1
5842,12,3
5842,16,3
5843,13,1
5843,12,2
5844,42,1
5844,10,1
5844,13,1
5845,14,1
5845,11,1
5845,13,1
5846,15,1
5847,11,1
5847,58,1
5847,32,1
5848,12,1
5848,59,1
5848,15,1
5848,7,1
5849,16,2
5849,46,1
5849,14,1
5850,14,1
5850,13,1
5851,11,1
5851,46,1
5852,16,1
5852,12,1
5852,14,1
5853,16,1
5853,10,2
5854,11,1
5854,14,1
5854,16,1
5854,15,1
5854,12,1
5855,14,2
5855,10,1
5856,15,1
5856,14,1
5856,11,1
5857,11,1
5857,16,3
5858,56,1
5858,13,1
5858,16,1
5859,13,1
5859,51,1
5859,16,1
5860,11,3
5860,10,1
5860,14,3
5861,29,1
5861,18,1
5861,53,1
5861,19,1
5862,18,1
5862,19,1
5863,19,1
5863,18,1
5864,30,1
5864,29,1
5865,34,1
5865,29,1
5865,19,1
5865,27,1
5866,18,1
5866,34,1
5866,29,1
5867,19,2
5867,36,1
5868,18,1
5868,34,1
5869,29,2
5869,34,1
5869,19,1
5869,18,1
5870,31,1
5870,34,1
5870,29,1
5871,34,1
5871,56,1
5871,29,1
5872,29,1
5872,18,1
5873,29,1
5873,18,1
5874,19,1
5874,27,1
5875,29,1
5875,37,1
5876,29,1
5877,19,1
5877,59,1
5878,18,1
5878,26,1
5879,34,1
5879,19,1
5879,14,3
5879,18,1
5880,10,1
5880,28,1
5881,34,3
5881,39,1
5881,19,1
5882,34,1
5882,27,1
5882,18,1
5883,34,1
5883,18,1
5884,19,1
5884,18,1
5884,34,1
5884,29,1
5885,19,2
5885,29,2
5885,18,1
5886,34,1
5886,19,1
5887,29,1
5887,35,2
5887,38,3
5888,35,1
5888,22,1
5888,18,1
5889,29,1
5889,34,1
5889,19,1
5889,21,1
5890,19,1
5890,18,1
5890,41,1
5891,37,1
5891,34,1
5891,19,1
5892,29,1
5892,34,1
5892,51,1
5893,34,1
5893,57,1
5894,34,1
5894,19,2
5895,34,1
5895,19,1
5895,13,1
5896,18,1
5896,40,1
5897,35,1
5897,39,1
5898,34,1
5898,29,1
5898,14,1
5898,3,1
5899,9,1
5899,6,1
5900,18,1
5900,29,1
5900,32,1
5901,74,1
5901,6,1
5901,21,1
5902,10,1
5902,24,1
5902,23,1
5902,20,1
5903,25,1
5903,75,3
5903,21,1
5904,24,2
5904,21,2
5904,18,1
5905,32,1
5905,75,1
5906,24,1
5906,74,1
5907,22,1
5907,57,1
5907,20,1
5908,38,2
5908,74,1
5908,26,1
5909,75,3
5909,24,1
5909,22,3
5910,24,1
5910,20,1
5911,23,1
5911,75,1
5911,46,1
5912,75,1
5912,24,2
5912,22,1
5912,25,1
5913,21,1
5913,22,1
5914,24,1
5914,74,1
5914,20,2
5914,23,2
5915,21,2
5915,20,1
5915,74,1
5915,35,1
5916,22,2
5916,21,1
5916,20,1
5917,20,3
5917,24,1
5917,23,1
5918,20,2
5918,50,1
5918,75,1
5919,22,1
5919,21,1
5920,20,1
5921,6,1
5921,9,2
5922,2,1
5922,3,1
5923,20,1
5923,3,1
5924,5,2
5924,3,1
5925,9,2
5925,2,1
5925,1,1
5925,15,2
5926,49,3
5926,5,1
5926,8,1
5926,9,1
5927,1,1
5927,7,1
5927,4,1
5928,2,1
5928,4,1
5928,1,1
5929,3,1
5929,1,1
5929,9,3
5930,6,1
5930,25,2
5930,3,1
5931,7,1
5931,11,1
5931,1,1
5932,9,1
5932,6,1
5933,2,1
5933,1,1
5934,9,2
5934,4,1
5934,7,1
5935,6,1
5935,5,1
5936,1,2
5936,8,1
5936,3,1
5937,42,1
5937,3,1
5937,4,1
5937,6,1
5938,1,2
5938,15,1
5939,3,1
5940,8,1
5940,57,1
5940,7,1
5940,1,1
5941,43,1
5941,6,1
5941,2,1
5942,1,2
5942,5,1
5943,46,1
5943,2,1
5943,3,1
5944,9,1
5944,3,3
5945,5,1
5945,30,1
5946,6,2
5946,3,2
5947,6,1
5947,1,3
5948,26,1
5949,6,1
5949,7,1
5949,5,1
5950,6,2
5950,4,2
5950,1,1
5950,21,1
5951,13,1
5951,6,1
5952,8,1
5953,7,2
5953,5,1
5953,9,1
5954,6,1
5954,2,1
5954,7,2
5955,7,1
5955,2,2
5956,2,1
5956,5,1
5957,49,3
5957,2,1
5958,7,1
5958,9,1
5958,1,1
5959,9,1
5959,8,1
5960,8,1
5960,49,1
5960,6,1
5961,19,1
5961,8,1
5962,30,1
5962,5,1
5963,17,1
5963,19,1
5963,43,1
5963,38,1
5964,7,2
5964,5,1
5965,4,3
5965,3,1
5965,1,1
5966,6,1
5966,40,1
5966,46,1
5967,2,1
5967,5,1
5968,5,2
5968,59,1
5968,9,2
5969,3,1
5969,8,3
5969,4,1
5970,24,2
5970,1,1
5971,4,3
5971,7,1
5972,2,2
5972,6,1
5973,1,1
5973,2,1
5973,9,1
5974,3,3
5974,8,1
5975,9,1
5975,2,1
5976,42,1
5976,33,1
5976,4,1
5977,1,1
5977,7,1
5978,9,1
5978,4,1
5978,6,1
5979,4,2
5979,5,1
5979,24,3
5980,4,1
5980,6,2
5981,29,2
5981,18,1
5981,34,1
5981,17,1
5982,34,1
5982,18,1
5982,5,1
5983,29,1
5984,19,1
5984,18,1
5984,58,1
5985,19,2
5985,34,1
5986,18,1
5986,24,1
5987,34,1
5987,18,2
5988,29,1
5988,19,1
5988,18,1
5988,34,1
5989,53,1
5989,34,2
5989,29,3
5990,34,1
5990,18,1
5990,19,1
5991,19,1
5991,57,1
5991,30,1
5991,18,2
5991,16,1
5992,34,2
5992,15,1
5992,19,1
5992,18,1
5992,29,1
5993,18,1
5993,29,2
5993,22,1
5994,29,3
5994,15,1
5994,53,1
5995,19,1
5995,18,1
5995,38,1
5996,34,1
5996,18,1
5996,37,1
5997,29,2
5997,34,1
5997,27,1
5997,19,1
5997,18,3
5998,41,1
5998,19,1
5998,29,1
5998,47,1
5998,18,1
5999,19,2
5999,18,1
6000,19,1
6000,18,1
6000,17,1
6001,1,1
6001,9,2
6002,55,1
6002,29,1
6002,5,1
6003,4,1
6003,6,1
6004,8,1
6004,3,1
6005,6,1
6005,41,1
6005,43,1
6005,8,2
6006,6,1
6006,5,1
6006,1,1
6007,5,1
6007,25,1
6007,1,1
6007,4,1
6008,13,1
6008,3,3
6008,2,1
6009,1,3
6010,3,1
6010,4,3
6011,9,1
6011,4,1
6012,2,1
6012,6,1
6013,8,2
6013,13,1
6013,21,1
6014,19,1
6014,8,1
6014,5,1
6015,6,1
6015,4,1
6015,1,2
6016,8,1
6016,3,3
6016,46,1
6016,6,1
6017,7,1
6017,4,1
6018,1,1
6018,2,1
6019,1,2
6019,6,1
6020,4,1
6020,6,1
6021,12,1
6021,14,1
6021,11,3
6022,16,1
6022,12,1
6022,2,1
6023,16,1
6023,11,1
6024,16,1
6024,14,1
6024,10,1
6025,12,1
6025,11,1
6025,10,1
6026,11,2
6027,15,1
6027,13,1
6027,12,1
6027,8,1
6028,14,1
6028,12,1
6029,14,2
6029,15,1
6030,14,1
6030,52,1
6031,16,1
6031,13,1
6031,46,1
6031,23,1
6032,25,1
6032,51,1
6032,10,1
6033,16,1
6034,15,1
6034,11,2
6035,12,1
6035,14,1
6036,13,1
6036,11,3
6037,42,2
6037,50,1
6037,13,1
6038,47,2
6038,7,1
6039,14,1
6039,40,1
6040,13,1
6040,11,1
6041,70,1
6041,68,1
6041,19,1
6041,67,1
6042,30,2
6042,35,2
6043,35,1
6043,68,1
6044,67,1
6044,25,2
6045,11,2
6045,70,1
6045,69,1
6045,68,1
6045,36,1
6046,68,2
6046,70,1
6047,70,2
6047,69,3
6048,68,1
6048,67,1
6049,70,1
6049,35,1
6049,67,1
6050,69,1
6050,36,1
6051,5,1
6051,67,1
6052,67,1
6053,18,1
6053,70,2
6053,68,1
6054,67,2
6054,69,1
6055,70,1
6055,35,1
6056,67,1
6056,30,1
6056,36,2
6057,67,1
6057,38,1
6058,68,1
6058,36,1
6058,35,1
6059,35,1
6059,68,2
6059,36,1
6059,43,1
6060,69,1
6060,67,1
6060,35,1
6061,14,2
6062,11,1
6062,15,1
6062,12,1
6063,22,1
6063,13,1
6064,15,2
6065,13,1
6065,15,1
6065,16,1
6065,12,1
6066,12,2
6066,10,2
6066,24,1
6067,10,1
6067,16,2
6067,17,1
6068,41,1
6068,14,1
6068,16,1
6069,13,2
6069,12,1
6070,11,1
6070,13,1
6070,15,3
6071,41,1
6071,16,1
6072,11,1
6072,10,2
6073,54,1
6073,10,1
6073,15,1
6074,14,1
6075,10,1
6075,31,1
6075,33,1
6075,42,1
6076,16,1
6077,10,1
6077,15,1
6077,6,1
6078,14,1
6078,12,1
6079,12,1
6079,16,2
6080,56,1
6080,13,1
6081,35,1
6081,70,1
6082,36,2
6082,67,3
6082,25,1
6083,35,2
6083,67,2
6084,58,1
6084,69,1
6085,36,2
6085,27,1
6085,35,1
6086,36,1
6086,67,1
6086,35,1
6086,70,2
6087,68,2
6087,70,1
6087,69,1
6088,70,1
6088,36,1
6088,35,2
6089,36,1
6089,69,1
6089,67,1
6090,21,1
6090,67,1
6090,69,1
6091,69,1
6091,68,2
6091,70,1
6092,56,1
6092,70,1
6092,69,1
6093,35,1
6093,67,1
6093,69,2
6094,70,3
6094,35,1
6095,36,1
6095,33,2
6095,43,1
6096,15,2
6096,69,1
6097,68,1
6097,70,1
6098,36,1
6098,70,1
6099,35,1
6099,41,2
6100,35,3
6100,5,1
6100,70,2
6100,44,1
6101,55,1
6101,1,3
6102,6,1
6102,8,1
6103,8,1
6103,4,1
6104,3,1
6104,5,1
6105,2,2
6105,40,3
6105,6,3
6105,58,1
6106,3,1
6106,8,1
6106,2,2
6107,17,1
6107,1,1
6107,2,1
6108,1,1
6108,5,2
6108,3,1
6108,16,1
6109,5,1
6109,53,1
6109,2,2
6110,59,1
6110,1,1
6111,40,2
6111,2,1
6111,19,1
6111,7,1
6112,1,1
6113,4,1
6113,6,1
6114,3,1
6114,1,2
6114,8,2
6115,9,1
6115,5,3
6116,8,1
6116,5,1
6116,9,2
6116,3,1
6117,24,1
6117,3,1
6117,7,1
6117,1,1
6118,22,1
6118,3,2
6119,1,1
6119,37,2
6120,4,1
6120,7,2
6120,9,1
6121,49,1
6121,29,3
6121,18,1
6122,29,1
6122,34,2
6122,7,1
6122,23,1
6123,34,1
6123,19,1
6124,18,1
6124,19,2
6124,29,1
6124,49,1
6125,21,1
6125,29,1
6125,19,1
6126,53,1
6126,19,3
6127,34,1
6127,18,3
6127,29,1
6128,19,1
6128,58,1
6129,19,1
6129,18,1
6129,29,1
6130,19,1
6130,29,1
6131,19,1
6131,18,1
6132,18,2
6132,29,1
6132,51,1
6133,34,1
6133,18,1
6133,29,1
6134,34,1
6134,29,1
6134,41,1
6134,26,1
6135,18,1
6135,29,1
6136,34,1
6136,18,1
6136,29,2
6136,19,1
6136,13,1
6137,29,1
6138,34,1
6138,29,1
6139,18,1
6139,34,1
6140,19,1
6140,29,1
6140,39,1
6141,13,1
6141,3,1
6141,56,2
6141,44,1
6142,18,1
6142,14,3
6143,16,1
6143,11,1
6143,13,1
6144,16,1
6145,13,1
6145,15,1
6146,16,1
6146,14,2
6146,10,1
6147,12,1
6147,11,1
6147,14,1
6148,15,2
6148,16,1
6148,46,1
6149,13,1
6149,59,1
6150,15,3
6150,16,1
6150,12,3
6151,16,1
6151,10,3
6151,15,1
6151,38,1
6152,10,1
6152,12,1
6153,12,1
6153,11,1
6153,50,1
6153,44,2
6153,15,3
6154,36,1
6154,16,1
6154,15,1
6154,10,1
6155,12,1
6155,13,1
6156,15,2
6156,16,2
6156,13,2
6156,11,1
6157,11,1
6157,1,1
6157,13,1
6158,11,2
6158,15,1
6158,41,1
6158,38,1
6159,16,3
6160,9,1
6160,10,1
6160,14,1
6160,16,1
6161,24,1
6161,58,1
6161,57,1
6161,10,1
6162,60,2
6162,24,1
6162,58,1
6163,56,2
6163,58,1
6163,59,1
6164,59,1
6164,58,1
6164,9,1
6165,60,1
6165,58,1
6165,57,1
6165,48,1
6165,59,1
6166,35,1
6166,60,1
6167,59,1
6167,57,1
6167,30,1
6167,35,1
6168,57,3
6168,60,1
6169,60,1
6169,58,1
6170,19,1
6170,40,1
6170,57,1
6171,56,1
6171,57,1
6171,60,1
6171,59,1
6171,20,1
6172,57,1
6172,56,1
6172,58,1
6172,60,3
6173,57,1
6173,56,1
6174,59,1
6174,60,1
6174,46,1
6175,45,1
6175,44,1
6176,28,1
6176,56,1
6176,58,2
6177,59,1
6177,57,1
6177,20,2
6178,39,1
6178,60,1
6178,59,2
6178,58,3
6179,50,1
6179,60,1
6180,60,1
6180,57,1
6180,56,1
6180,59,1
6181,11,2
6181,16,2
6181,15,1
6182,15,1
6182,12,1
6182,14,1
6183,21,1
6183,10,1
6184,46,1
6184,16,1
6185,14,1
6185,49,1
6185,15,1
6186,40,1
6186,24,1
6187,11,2
6188,10,1
6188,16,2
6188,15,1
6189,14,1
6189,15,1
6190,14,2
6190,16,1
6190,12,1
6191,55,1
6191,14,1
6191,11,1
6192,16,1
6192,13,1
6192,14,1
6192,12,2
6193,13,1
6194,13,2
6194,12,1
6194,32,1
6195,14,1
6195,15,3
6195,10,1
6196,16,1
6196,37,1
6197,12,1
6197,15,1
6197,13,1
6198,14,3
6198,41,1
6199,42,1
6199,16,1
6199,54,2
6199,13,2
6200,16,2
6200,14,1
6201,4,1
6201,3,1
6201,7,1
6202,6,1
6202,8,1
6202,5,2
6202,43,2
6203,57,1
6203,5,1
6204,9,1
6205,4,1
6205,6,1
6206,1,3
6206,7,1
6207,2,1
6208,6,1
6208,3,1
6208,5,1
6209,10,1
6209,53,1
6209,9,1
6209,2,1
6210,2,1
6211,8,1
6211,24,1
6212,7,1
6212,3,1
6212,1,1
6213,1,1
6213,3,1
6214,32,1
6214,3,1
6215,2,1
6215,3,1
6215,1,1
6216,9,1
6216,2,1
6216,3,1
6216,7,1
6217,3,1
6217,4,1
6217,2,1
6217,55,1
6218,6,1
6218,5,1
6218,8,1
6219,6,1
6219,9,1
6219,7,1
6220,9,1
6220,6,1
6221,75,1
6221,25,2
6221,22,2
6222,75,1
6222,74,1
6222,24,1
6223,74,2
6223,22,1
6224,20,3
6224,23,2
6225,23,1
6225,22,1
6225,24,1
6226,48,1
6226,75,1
6226,20,1
6227,75,2
6227,22,1
6227,21,3
6228,22,1
6228,24,1
6228,25,2
6229,25,1
6229,22,1
6229,21,2
6230,24,1
6230,20,1
6230,1,1
6230,25,1
6231,74,1
6231,21,1
6231,30,1
6232,24,1
6232,53,1
6232,22,1
6233,22,1
6233,33,1
6233,75,1
6233,15,1
6233,24,1
6234,74,2
6234,22,1
6234,45,3
6235,21,2
6236,24,1
6236,22,1
6236,74,1
6237,23,1
6237,38,2
6237,22,1
6237,25,1
6238,36,2
6239,37,1
6239,24,1
6239,21,1
6240,21,1
6240,22,1
6240,75,1
6241,34,1
6241,19,1
6242,29,2
6242,57,1
6242,60,3
6243,51,1
6243,34,1
6244,32,1
6244,19,1
6244,18,1
6244,34,1
6245,19,1
6245,29,1
6245,18,1
6246,1,1
6246,29,1
6246,21,1
6247,34,1
6247,18,1
6247,29,2
6247,19,1
6248,19,1
6249,19,1
6249,21,2
6249,44,2
6250,28,1
6250,34,1
6251,34,2
6251,18,1
6252,29,1
6252,23,1
6252,34,1
6252,35,1
6252,36,1
6253,29,1
6254,18,1
6254,29,2
6254,19,1
6255,18,1
6255,36,1
6255,30,1
6255,19,1
6256,18,2
6256,34,3
6256,19,1
6257,29,2
6257,19,1
6258,29,1
6258,34,1
6258,39,1
6259,27,1
6259,19,1
6260,53,2
6260,19,1
6260,29,1
6261,29,2
6261,24,1
6262,28,2
6262,33,1
6262,21,1
6263,28,1
6263,33,1
6263,32,1
6263,31,1
6264,33,1
6264,32,2
6264,30,1
6265,31,2
6265,1,3
6266,31,1
6266,32,2
6266,33,1
6266,29,1
6267,30,1
6267,28,1
6268,30,1
6268,32,1
6268,29,2
6268,33,2
6269,33,2
6269,31,1
6269,28,1
6270,28,1
6270,29,1
6271,32,1
6271,30,1
6271,29,3
6272,30,1
6272,55,1
6272,29,1
6272,8,1
6273,33,1
6273,28,1
6273,29,1
6274,28,1
6274,32,1
6274,59,1
6275,32,3
6275,33,1
6275,31,1
6275,28,2
6275,30,1
6276,28,1
6276,32,1
6276,55,1
6277,39,1
6277,31,1
6277,59,1
6277,33,3
6277,29,1
6278,33,3
6278,20,1
6279,33,1
6279,30,1
6280,33,1
6280,29,1
6281,53,1
6281,5,1
6281,7,1
6281,29,1
6282,8,1
6282,58,1
6282,5,1
6282,56,1
6283,4,2
6283,6,1
6284,54,1
6284,4,3
6284,8,1
6285,4,1
6285,6,1
6285,1,1
6286,7,1
6286,6,2
6286,11,1
6286,8,1
6287,8,3
6287,36,1
6287,42,1
6287,1,1
6288,43,1
6288,1,1
6289,10,1
6289,53,1
6290,4,1
6290,6,2
6291,41,2
6291,5,1
6291,4,1
6292,6,1
6292,43,2
6292,2,1
6292,1,1
6293,8,1
6293,3,2
6293,9,1
6294,9,1
6294,4,3
6294,1,1
6295,4,1
6295,7,1
6295,8,3
6296,1,2
6296,6,1
6296,2,1
6297,53,1
6297,4,1
6298,9,1
6298,47,1
6299,2,3
6299,43,1
6299,6,1
6299,3,3
6300,3,2
6300,9,1
6300,4,1
6301,78,1
6301,76,2
6302,79,1
6302,72,1
6302,77,1
6302,74,1
6302,73,1
6303,76,1
6303,72,1
6303,74,1
6303,75,1
6304,15,1
6304,77,1
6305,25,1
6306,39,1
6306,75,1
6307,75,1
6307,52,1
6308,79,1
6308,76,1
6308,74,3
6308,71,1
6309,71,1
6309,77,3
6309,32,1
6309,73,1
6310,75,1
6310,77,1
6310,73,1
6310,72,3
6311,29,1
6311,80,1
6312,78,1
6312,30,1
6313,73,1
6313,74,2
6313,76,1
6314,76,2
6314,80,2
6315,78,2
6315,75,1
6316,45,1
6316,76,1
6317,78,1
6317,76,1
6317,73,1
6318,26,1
6318,71,1
6319,56,2
6319,73,1
6319,78,1
6319,75,1
6320,77,1
6320,75,1
6321,41,1
6321,40,1
6322,38,1
6322,42,1
6322,39,1
6323,4,1
6323,40,1
6323,37,1
6324,41,1
6324,40,1
6324,42,2
6325,39,1
6325,37,1
6326,41,1
6326,51,1
6326,40,2
6326,37,1
6326,42,1
6327,40,1
6327,39,1
6327,18,1
6328,39,1
6328,38,1
6328,41,2
6328,40,2
6328,55,1
6329,42,1
6329,38,1
6330,39,1
6330,41,3
6330,40,1
6331,38,1
6331,42,1
6332,37,3
6332,41,1
6332,40,1
6333,39,1
6333,41,1
6333,42,1
6334,42,1
6334,39,1
6334,37,2
6335,37,1
6335,42,3
6335,39,1
6336,40,1
6336,55,1
6336,38,1
6336,42,1
6337,42,1
6337,44,1
6338,39,2
6338,38,2
6339,40,1
6339,37,3
6339,42,1
6339,12,1
6340,38,1
6340,42,1
6340,39,1
6341,6,2
6341,4,1
6342,7,1
6342,5,1
6343,8,2
6344,59,1
6344,4,1
6344,17,1
6344,1,1
6345,11,3
6345,18,1
6345,9,1
6346,4,1
6346,41,2
6346,1,1
6346,3,1
6347,45,2
6347,6,1
6347,14,1
6348,6,1
6348,5,1
6348,11,1
6349,45,1
6349,5,1
6349,1,2
6350,5,1
6351,6,1
6351,8,1
6351,14,1
6352,7,1
6352,9,1
6352,37,1
6353,60,1
6353,7,1
6354,46,1
6354,4,1
6354,3,1
6354,29,2
6354,16,1
6355,9,1
6355,59,1
6355,6,1
6356,8,1
6356,2,1
6356,15,1
6357,11,1
6357,6,1
6358,3,1
6358,1,1
6359,9,1
6359,7,1
6360,5,1
6361,22,2
6361,5,1
6361,2,3
6362,2,1
6362,17,1
6363,37,1
6363,7,1
6363,6,1
6363,40,2
6364,5,1
6364,7,1
6364,2,1
6365,2,1
6365,6,2
6365,41,1
6366,3,1
6366,1,1
6367,4,1
6367,3,1
6367,34,1
6367,1,1
6368,8,1
6368,5,2
6368,6,1
6369,2,1
6369,4,1
6369,6,1
6370,9,1
6370,3,2
6371,9,1
6371,55,1
6372,6,1
6372,8,1
6373,7,2
6373,5,1
6374,7,1
6374,5,1
6375,7,1
6375,2,1
6376,44,1
6376,4,1
6376,7,1
6377,2,2
6377,8,1
6378,9,1
6378,39,3
6378,23,1
6378,2,1
6379,5,1
6379,11,2
6380,4,2
6380,32,1
6380,5,1
6380,7,1
6380,2,1
6381,33,3
6381,55,1
6381,27,1
6381,28,1
6382,33,1
6382,44,2
6382,41,1
6383,33,1
6383,32,2
6384,29,1
6384,32,1
6384,33,1
6385,31,1
6385,33,1
6386,29,1
6386,25,1
6387,32,1
6387,33,1
6387,28,1
6387,37,1
6388,32,1
6388,29,1
6388,2,2
6389,29,1
6389,32,1
6389,30,1
6389,40,1
6390,44,1
6390,32,1
6390,58,1
6391,17,1
6391,28,1
6392,33,2
6392,26,1
6393,48,1
6393,32,1
6394,33,2
6394,28,1
6394,31,1
6395,28,1
6395,29,2
6396,30,1
6396,32,1
6396,10,2
6397,28,1
6398,22,1
6398,33,1
6399,33,1
6399,30,1
6400,29,1
6401,40,1
6401,69,1
6402,36,1
6402,35,1
6402,33,1
6403,35,1
6403,67,1
6403,56,1
6404,35,1
6404,70,1
6404,36,1
6405,35,2
6405,36,1
6405,10,1
6406,69,1
6406,36,1
6406,68,1
6407,69,1
6407,70,3
6408,67,1
6408,47,1
6408,68,1
6409,20,1
6409,16,1
6410,35,1
6410,68,1
6410,69,1
6411,30,1
6411,35,1
6412,67,3
6412,30,2
6413,38,2
6413,23,2
6414,2,1
6414,69,1
6414,35,1
6415,70,2
6415,68,1
6415,36,1
6415,5,1
6416,68,1
6416,70,1
6417,56,1
6417,35,1
6418,70,1
6418,67,1
6419,25,1
6419,35,1
6419,56,1
6419,37,1
6420,68,1
6420,35,1
6421,37,3
6421,39,1
6421,2,1
6421,40,2
6422,42,1
6422,39,1
6422,40,1
6423,38,1
6423,42,1
6423,16,1
6424,7,1
6424,42,2
6425,39,1
6425,38,1
6426,12,2
6426,2,1
6426,37,1
6427,40,1
6427,5,2
6427,41,1
6427,15,1
6428,37,1
6428,41,1
6428,7,2
6428,40,2
6429,41,1
6429,40,1
6429,42,2
6430,41,1
6430,42,1
6430,39,1
6431,37,1
6431,40,1
6431,38,2
6431,51,1
6432,25,2
6432,42,1
6432,9,1
6432,40,1
6433,9,1
6433,37,1
6434,37,1
6434,42,2
6434,41,1
6435,42,1
6435,38,1
6435,40,1
6436,42,1
6436,22,1
6436,39,2
6436,19,1
6437,39,1
6437,40,3
6437,42,1
6438,37,2
6438,41,1
6438,39,1
6438,47,3
6439,42,1
6439,39,2
6439,32,1
6440,24,1
6440,18,2
6441,62,1
6441,68,1
6441,23,2
6442,66,1
6443,12,1
6444,61,1
6444,52,1
6445,69,1
6445,32,2
6446,60,2
6446,63,2
6446,61,1
6447,53,1
6447,64,1
6447,56,1
6447,59,1
6448,59,1
6448,69,1
6449,60,3
6449,70,1
6450,65,2
6450,30,1
6450,61,1
6451,59,1
6451,62,1
6452,59,1
6452,51,1
6452,68,1
6453,57,1
6453,54,1
6453,58,2
6454,51,1
6454,66,1
6454,67,1
6454,53,1
6455,69,2
6456,54,2
6456,64,1
6456,68,2
6457,55,1
6457,57,2
6458,59,1
6458,66,1
6459,51,1
6459,38,1
6459,6,1
6459,62,1
6460,58,1
6460,59,3
6460,8,1
6460,66,1
6461,23,1
6461,24,1
6462,24,1
6462,23,1
6462,31,1
6462,25,1
6463,23,3
6463,25,2
6464,22,2
6464,23,1
6465,23,1
6465,25,3
6465,22,1
6465,24,1
6466,23,1
6466,24,1
6466,25,1
6467,24,1
6467,25,1
6467,29,1
6468,25,1
6468,22,2
6468,30,1
6468,36,1
6469,24,1
6469,25,3
6470,20,1
6470,22,1
6470,23,2
6471,24,1
6471,25,1
6471,22,1
6471,23,1
6472,50,1
6472,25,1
6472,23,1
6473,25,1
6473,22,1
6473,23,1
6474,22,2
6474,23,1
6475,22,1
6475,23,1
6476,22,1
6476,23,1
6477,23,1
6478,22,2
6478,11,1
6478,24,1
6478,25,1
6479,11,1
6479,22,3
6480,25,1
6480,24,2
6480,28,1
6481,47,1
6481,12,1
6482,14,1
6482,12,1
6482,16,1
6483,11,1
6483,15,2
6484,33,1
6484,16,1
6484,12,1
6485,37,2
6485,16,1
6485,14,1
6485,7,1
6486,60,1
6486,13,1
6486,14,1
6487,12,1
6488,15,1
6488,13,1
6488,16,1
6489,27,1
6489,16,2
6489,15,2
6490,15,2
6490,13,1
6491,16,2
6491,10,1
6491,13,1
6492,13,1
6492,14,1
6493,16,2
6493,10,2
6493,14,1
6493,15,1
6494,13,1
6494,11,2
6495,11,1
6495,40,1
6495,13,1
6495,17,1
6496,14,1
6496,11,1
6496,10,1
6497,14,1
6497,15,1
6497,13,1
6497,10,1
6498,11,1
6498,14,1
6499,13,2
6499,14,1
6500,13,1
6500,12,1
6500,16,2
6500,15,1
6501,31,1
6501,28,1
6501,30,1
6502,31,1
6502,33,2
6503,29,1
6504,32,2
6504,30,1
6504,29,1
6505,32,1
6505,33,2
6506,28,1
6507,12,1
6507,31,1
6507,23,1
6507,26,1
6508,39,1
6508,30,1
6509,30,1
6509,12,1
6509,31,1
6509,33,1
6510,33,1
6510,32,1
6510,31,1
6511,41,1
6511,31,1
6511,48,1
6511,29,1
6512,31,2
6512,30,1
6512,29,1
6512,6,1
6512,32,1
6513,29,1
6513,33,1
6513,32,1
6514,37,1
6514,41,1
6515,30,1
6515,33,1
6516,23,1
6516,38,1
6516,43,1
6517,30,1
6517,28,1
6517,29,1
6518,20,1
6518,29,1
6518,33,1
6518,30,1
6519,29,1
6519,31,1
6520,28,2
6520,30,2
6521,26,1
6522,67,1
6522,69,1
6522,48,1
6523,69,1
6523,35,1
6523,53,3
6523,3,1
6524,67,1
6524,70,1
6525,35,1
6525,67,2
6525,70,1
6526,69,1
6526,70,1
6527,69,2
6527,70,1
6527,68,1
6528,67,1
6528,55,1
6528,35,1
6529,35,1
6529,50,1
6530,35,1
6530,68,1
6530,41,2
6531,59,1
6531,70,2
6532,69,1
6533,70,1
6533,35,1
6533,67,2
6533,8,2
6534,35,1
6534,6,1
6534,68,2
6534,69,1
6535,67,1
6535,36,1
6536,35,1
6536,23,1
6537,68,1
6538,35,1
6538,70,1
6538,68,1
6539,69,1
6539,70,1
6539,67,1
6539,35,1
6540,70,1
6540,67,1
6541,39,1
6541,10,1
6541,15,3
6542,16,2
6542,14,1
6542,15,3
6542,13,1
6543,15,1
6543,10,2
6543,16,1
6544,11,1
6545,15,1
6545,14,1
6546,15,1
6546,16,1
6547,13,1
6547,12,3
6547,33,1
6548,14,2
6548,8,1
6548,50,1
6548,25,1
6549,16,1
6549,10,1
6549,15,1
6550,14,1
6550,13,2
6550,52,3
6550,16,1
6551,16,1
6551,15,1
6552,31,3
6552,14,2
6552,15,1
6553,12,1
6553,14,1
6553,16,1
6554,12,1
6554,27,1
6555,10,1
6555,31,1
6555,16,1
6556,16,1
6556,11,1
6557,12,1
6557,51,1
6557,46,1
6558,35,1
6558,14,1
6559,15,1
6559,12,1
6560,60,1
6560,12,1
6560,13,2
6561,59,3
6561,57,3
6561,60,1
6561,10,1
6562,57,1
6562,56,1
6562,59,1
6562,58,1
6563,57,1
6563,19,1
6563,58,2
6564,56,2
6564,59,1
6565,60,1
6565,56,1
6565,57,1
6566,57,3
6566,58,1
6566,28,1
6567,56,2
6567,59,1
6568,56,1
6568,60,1
6568,59,1
6569,59,1
6569,57,1
6569,1,1
6570,57,1
6570,58,1
6570,56,1
6571,60,1
6571,59,1
6572,56,2
6572,59,2
6573,60,2
6573,58,1
6574,60,3
6574,58,1
6574,57,1
6575,56,1
6575,59,1
6576,60,1
6576,59,1
6576,33,1
6576,55,1
6577,60,1
6577,57,1
6577,24,1
6578,60,2
6579,58,1
6579,60,1
6580,59,3
6580,16,1
6580,57,1
6580,58,1
6581,77,1
6581,80,2
6581,78,1
6581,71,1
6582,23,1
6582,78,1
6583,77,1
6583,72,3
6584,77,1
6584,78,1
6584,2,1
6585,75,1
6585,21,1
6585,71,1
6586,80,1
6586,77,3
6586,10,1
6586,74,1
6587,19,2
6587,78,1
6587,36,1
6588,3,2
6588,73,2
6589,74,1
6589,77,1
6589,75,1
6589,76,1
6590,73,3
6590,19,1
6590,74,2
6591,80,1
6591,79,2
6592,72,3
6592,24,2
6593,80,1
6593,58,1
6593,74,1
6593,75,1
6593,4,1
6594,80,1
6594,76,1
6595,72,1
6595,45,2
6596,71,1
6596,78,1
6597,71,1
6597,78,1
6597,73,1
6597,74,1
6598,76,1
6598,80,1
6598,78,1
6599,71,1
6599,34,2
6599,35,1
6600,80,1
6600,76,1
6600,78,1
6600,73,2
6601,65,2
6602,20,1
6602,66,2
6602,55,1
6603,64,1
6603,62,1
6603,37,1
6604,16,3
6605,65,1
6605,64,1
6606,63,1
6606,62,1
6606,64,1
6607,63,3
6607,64,1
6607,1,1
6608,24,1
6609,61,1
6609,65,1
6609,29,1
6610,20,1
6610,64,1
6610,66,1
6611,4,1
6611,65,2
6612,63,1
6612,22,1
6613,14,1
6613,64,1
6613,9,1
6613,50,1
6613,63,3
6614,66,1
6614,54,1
6615,64,1
6616,17,1
6616,63,1
6616,56,1
6617,66,2
6617,65,1
6618,61,1
6618,18,2
6619,45,3
6619,61,1
6620,62,1
6620,66,1
6620,63,2
6621,56,1
6621,30,2
6621,62,1
6621,68,1
6622,54,2
6622,66,2
6622,65,1
6623,61,1
6623,59,1
6623,54,1
6624,68,1
6625,55,1
6625,68,1
6626,62,1
6626,57,1
6626,70,1
6627,70,1
6627,59,1
6627,52,1
6627,64,1
6628,53,1
6628,5,2
6629,57,2
6629,69,1
6629,59,2
6630,54,1
6630,58,2
6630,7,1
6631,65,2
6631,54,2
6631,66,2
6632,60,1
6632,57,1
6632,70,1
6632,62,1
6633,56,1
6633,58,1
6634,51,2
6634,68,1
6635,56,1
6635,54,1
6635,8,2
6635,60,1
6636,59,1
6636,58,1
6637,57,3
6637,59,1
6637,62,1
6638,69,1
6638,39,1
6638,65,1
6638,57,1
6639,66,1
6639,59,1
6639,8,2
6640,65,2
6640,55,1
6640,35,3
6641,12,1
6641,8,1
6642,7,1
6642,14,1
6642,1,1
6643,2,1
6644,5,2
6645,3,1
6645,9,1
6646,6,1
6646,51,3
6646,5,1
6647,4,1
6647,3,1
6648,9,1
6648,4,1
6648,2,1
6649,56,1
6649,16,3
6650,7,1
6650,3,2
6650,9,1
6650,4,1
6651,15,1
6651,3,1
6652,51,1
6652,3,1
6653,11,1
6653,5,2
6653,1,1
6654,4,1
6654,2,1
6655,7,1
6656,8,3
6656,1,1
6656,41,1
6657,2,1
6657,6,1
6657,9,1
6657,5,1
6657,13,2
6658,6,1
6658,3,1
6658,4,1
6658,9,2
6659,3,1
6659,18,1
6659,9,1
6660,9,1
6660,8,1
6661,67,3
6661,70,1
6662,35,3
6662,68,1
6662,36,2
6663,36,1
6663,70,1
6664,36,1
6664,14,2
6665,36,1
6666,17,1
6666,68,1
6666,45,1
6666,35,1
6667,67,2
6667,18,1
6667,20,3
6668,67,1
6668,16,1
6669,10,1
6669,43,1
6669,67,1
6670,36,1
6670,67,2
6670,8,1
6670,69,1
6671,69,1
6671,68,1
6672,35,2
6672,27,1
6673,69,1
6673,36,1
6673,67,1
6673,34,1
6674,36,1
6674,52,1
6674,67,1
6675,68,1
6675,49,1
6675,34,1
6675,69,1
6676,36,2
6676,67,1
6677,68,1
6677,70,1
6677,69,1
6678,68,1
6678,67,1
6678,36,1
6679,35,1
6679,60,1
6680,29,2
6680,44,3
6680,59,1
6680,35,1
6681,25,1
6681,23,1
6681,45,1
6681,22,1
6682,21,1
6683,24,1
6683,25,1
6684,24,1
6684,22,1
6684,25,1
6685,22,1
6685,23,1
6685,25,1
6685,24,1
6686,24,1
6686,22,1
6686,23,1
6687,51,1
6687,24,1
6687,23,1
6687,22,1
6687,25,1
6688,25,1
6688,22,3
6689,24,1
6689,22,2
6690,24,1
6690,22,1
6691,25,2
6691,24,1
6691,23,3
6692,22,2
6692,23,2
6692,24,1
6693,25,2
6693,22,2
6694,24,1
6694,23,1
6695,23,1
6695,22,1
6695,24,1
6696,24,1
6696,22,1
6697,52,1
6697,24,1
6697,25,1
6697,48,1
6698,37,1
6698,25,1
6699,24,2
6699,25,1
6699,22,1
6700,22,1
6701,65,1
6701,66,3
6702,65,2
6702,56,2
6702,10,2
6703,61,2
6703,65,1
6704,65,1
6704,61,1
6704,62,1
6704,66,1
6705,65,1
6705,61,1
6706,57,2
6706,65,1
6707,66,3
6707,65,1
6708,26,1
6708,30,1
6709,66,1
6709,61,3
6710,64,1
6710,61,1
6710,21,1
6711,64,1
6711,63,1
6711,65,2
6711,61,2
6712,58,1
6712,64,1
6713,61,2
6713,64,2
6714,62,1
6714,63,1
6714,65,1
6715,62,1
6715,64,1
6715,63,1
6716,65,2
6716,10,2
6716,66,1
6716,48,2
6717,65,2
6717,61,1
6717,63,1
6718,62,1
6718,63,1
6719,63,1
6719,66,1
6720,63,1
6720,61,1
6721,18,1
6722,18,1
6722,29,3
6722,34,1
6723,29,1
6723,34,1
6723,19,1
6723,18,1
6724,17,1
6724,19,1
6724,5,1
6725,34,2
6725,36,1
6726,19,1
6726,29,1
6726,18,1
6727,34,1
6727,29,1
6727,21,1
6728,34,3
6728,26,1
6729,18,1
6729,29,1
6729,19,1
6730,14,2
6730,34,1
6731,19,1
6731,18,1
6731,29,1
6732,34,2
6732,18,1
6732,9,1
6732,29,1
6733,34,1
6733,18,1
6733,29,1
6734,34,1
6734,19,1
6734,10,1
6735,29,1
6735,19,1
6735,31,1
6736,34,1
6736,19,2
6737,37,2
6737,29,1
6737,25,1
6738,18,1
6739,29,2
6739,18,2
6740,18,1
6740,19,1
6740,34,1
6741,75,2
6741,74,1
6741,12,1
6742,79,1
6742,77,1
6742,34,1
6742,73,1
6743,80,1
6743,73,1
6743,74,1
6743,77,1
6744,78,1
6744,79,1
6744,72,1
6744,74,1
6744,80,1
6745,77,2
6745,80,1
6745,72,1
6745,24,1
6746,73,1
6746,80,1
6747,71,1
6747,31,1
6747,77,1
6748,13,1
6748,72,2
6748,78,1
6748,43,1
6749,79,2
6749,45,1
6750,72,1
6750,74,2
6751,74,1
6751,80,1
6751,75,1
6751,78,1
6752,78,1
6752,79,1
6752,75,1
6752,72,1
6753,79,1
6753,74,2
6753,76,1
6753,40,1
6754,76,1
6754,75,1
6754,74,1
6754,71,1
6754,1,2
6755,4,1
6755,75,2
6756,41,1
6756,60,1
6756,77,1
6756,73,3
6757,80,1
6757,77,1
6757,72,1
6758,79,1
6758,77,1
6758,72,1
6759,20,1
6760,77,1
6760,44,1
6761,8,1
6761,6,1
6762,7,1
6762,37,2
6762,3,1
6763,8,1
6763,5,1
6764,1,1
6764,5,1
6764,4,1
6765,5,2
6765,4,1
6765,2,2
6765,3,1
6766,4,1
6766,7,3
6767,2,1
6767,3,1
6768,5,1
6768,8,1
6769,6,1
6769,9,1
6769,8,1
6770,9,1
6770,23,1
6771,1,1
6771,6,1
6771,4,1
6771,40,2
6772,7,1
6772,8,1
6773,42,1
6773,7,2
6773,5,2
6774,4,1
6775,4,3
6775,1,1
6775,39,1
6775,8,1
6776,8,1
6776,34,1
6777,6,1
6778,5,1
6778,33,2
6778,32,1
6778,1,1
6779,2,1
6779,6,1
6779,44,3
6780,4,2
6780,6,1
6780,23,1
6781,10,1
6781,13,3
6781,11,1
6782,13,1
6782,10,1
6782,16,1
6783,10,1
6783,14,1
6783,12,1
6784,56,1
6784,16,1
6785,14,1
6785,15,1
6785,10,2
6785,13,1
6785,11,1
6786,11,1
6787,16,1
6787,11,1
6788,14,1
6788,11,1
6789,12,1
6789,11,1
6789,15,1
6790,54,1
6790,14,1
6790,10,2
6791,14,1
6791,10,1
6792,10,1
6792,14,1
6792,16,1
6793,12,2
6794,14,1
6794,36,2
6794,10,1
6795,12,1
6795,36,1
6795,14,2
6796,11,1
6796,13,1
6797,10,1
6797,18,1
6798,27,1
6798,14,1
6798,16,2
6799,15,1
6799,16,2
6799,34,1
6799,11,1
6800,10,1
6800,15,1
6801,4,1
6801,8,1
6801,2,2
6801,5,1
6802,57,1
6802,6,1
6802,1,1
6803,27,2
6803,2,1
6803,6,1
6803,7,1
6804,3,1
6804,4,2
6805,53,1
6805,7,3
6806,6,1
6806,2,2
6807,6,1
6807,4,1
6808,2,1
6808,56,1
6808,5,3
6809,4,1
6809,3,1
6810,7,1
6810,6,1
6810,4,1
6811,5,1
6811,4,1
6812,4,2
6812,1,1
6812,7,1
6812,9,1
6813,9,2
6813,55,2
6814,8,1
6814,5,1
6814,30,1
6814,3,2
6815,6,1
6815,9,1
6816,46,1
6816,3,1
6816,4,1
6816,5,1
6817,19,1
6817,9,1
6817,7,1
6818,7,1
6818,6,1
6818,9,2
6819,3,2
6819,1,3
6819,9,1
6820,1,1
6821,57,1
6821,19,1
6822,54,1
6822,18,3
6822,19,1
6823,18,1
6823,34,1
6824,34,1
6824,19,1
6824,29,1
6824,18,1
6824,30,1
6825,43,1
6825,18,1
6825,19,1
6825,34,1
6826,18,1
6827,19,1
6827,29,1
6828,19,1
6828,18,1
6828,34,1
6829,19,1
6830,19,1
6830,18,1
6831,34,1
6831,19,1
6831,29,1
6831,18,1
6831,59,1
6832,29,1
6832,34,1
6832,19,1
6833,31,2
6833,29,1
6833,18,1
6834,34,1
6834,19,1
6834,33,1
6835,34,2
6835,57,1
6836,34,1
6836,29,1
6837,34,1
6837,19,1
6837,29,2
6838,8,2
6838,29,2
6839,34,1
6839,29,1
6840,19,1
6840,29,1
6840,31,1
6840,18,2
6841,28,1
6841,14,1
6841,9,2
6841,21,1
6842,1,1
6842,2,1
6842,5,3
6843,5,1
6843,30,1
6844,9,1
6844,8,1
6845,3,1
6845,9,1
6846,8,1
6846,6,1
6847,1,1
6847,2,1
6848,38,1
6848,6,1
6848,39,2
6849,1,3
6849,5,1
6850,8,1
6850,48,1
6850,36,2
6851,1,1
6851,9,1
6852,7,1
6852,1,1
6852,8,1
6852,28,1
6852,4,1
6853,4,1
6853,8,1
6854,9,1
6854,7,1
6854,2,1
6855,5,1
6855,1,1
6856,8,1
6856,28,2
6857,5,1
6857,56,1
6857,9,1
6857,4,2
6858,9,1
6858,5,1
6858,4,1
6859,3,1
6859,6,1
6860,8,1
6860,40,1
6860,3,1
6861,74,1
6861,23,1
6861,20,1
6862,74,1
6862,18,1
6863,23,1
6863,25,1
6863,21,1
6863,75,1
6864,75,1
6864,44,3
6864,54,2
6865,22,1
6865,20,1
6866,43,2
6866,25,1
6866,20,1
6866,22,1
6867,44,1
6867,51,3
6868,24,1
6868,13,1
6869,23,1
6869,47,1
6870,75,2
6870,21,1
6870,20,1
6871,74,1
6871,22,1
6871,25,1
6871,20,1
6872,24,1
6872,21,1
6872,53,1
6873,21,1
6873,20,1
6873,23,1
6874,4,1
6875,21,1
6875,59,1
6876,75,2
6876,24,1
6876,23,2
6876,74,1
6876,20,1
6877,74,1
6877,75,1
6878,23,1
6878,20,1
6878,34,1
6879,75,1
6879,23,1
6880,23,1
6880,22,1
6880,74,1
6880,28,1
6881,3,1
6881,9,2
6882,7,1
6882,2,1
6883,6,1
6883,2,1
6883,7,1
6883,5,2
6884,5,1
6884,50,1
6884,2,1
6884,1,1
6885,1,1
6885,2,2
6885,6,1
6886,5,1
6886,8,1
6886,9,1
6887,4,1
6887,5,1
6888,5,1
6888,6,1
6889,36,1
6889,1,1
6890,1,1
6890,8,1
6891,7,1
6891,6,3
6892,1,1
6892,5,1
6892,3,1
6892,4,1
6893,5,1
6893,54,1
6893,9,1
6893,8,1
6894,9,1
6895,1,3
6895,7,1
6895,19,1
6895,9,2
6896,8,2
6896,4,1
6897,9,1
6897,1,1
6898,9,2
6898,3,3
6899,8,3
6899,6,1
6900,9,1
6900,4,1
6901,64,1
6901,34,1
6901,61,3
6902,63,1
6902,66,1
6903,66,1
6903,61,1
6903,64,1
6903,43,2
6904,63,2
6904,61,3
6904,42,1
6904,5,1
6905,62,1
6905,61,1
6906,66,1
6906,62,1
6906,63,1
6907,19,1
6907,65,1
6907,64,3
6908,61,1
6908,62,1
6909,63,2
6909,61,1
6909,65,1
6909,62,1
6910,64,1
6910,65,1
6910,66,3
6910,62,1
6911,63,1
6911,66,1
6911,64,1
6911,62,1
6912,66,1
6912,65,1
6912,61,1
6913,63,1
6913,65,1
6914,64,1
6914,65,1
6915,50,1
6915,63,1
6916,64,1
6916,50,1
6916,49,1
6917,63,1
6917,52,3
6917,65,1
6918,62,1
6918,37,1
6918,12,1
6919,66,3
6919,61,1
6919,65,1
6920,61,1
6920,64,3
6921,13,2
6921,12,1
6922,16,3
6922,13,1
6922,15,1
6923,12,1
6923,10,3
6923,16,1
6924,11,1
6924,10,1
6924,12,1
6925,13,1
6925,16,3
6925,14,1
6925,41,1
6926,11,1
6927,46,1
6927,14,2
6927,16,1
6927,15,1
6928,12,1
6928,13,1
6929,10,1
6930,11,1
6930,10,1
6931,57,1
6931,4,1
6931,16,2
6931,13,1
6932,52,1
6932,6,1
6932,21,1
6933,15,1
6933,14,3
6933,13,2
6933,16,3
6934,31,1
6934,12,1
6934,16,1
6935,14,1
6935,13,1
6935,11,1
6935,10,1
6936,14,1
6936,10,1
6937,16,1
6937,11,1
6937,15,1
6938,13,2
6938,16,1
6938,12,1
6938,10,1
6939,38,1
6939,11,1
6940,10,2
6940,12,1
6940,15,1
6941,28,1
6941,20,1
6942,46,1
6942,25,1
6942,74,1
6943,75,1
6943,10,1
6943,25,1
6944,22,1
6945,21,1
6945,25,2
6945,74,1
6946,74,1
6946,20,1
6946,24,3
6947,48,1
6947,25,1
6947,22,1
6947,75,1
6948,20,3
6948,15,1
6948,47,1
6949,22,1
6949,27,1
6949,24,2
6950,21,1
6951,23,1
6951,22,2
6952,20,1
6952,58,1
6952,28,2
6952,75,1
6953,21,1
6953,24,1
6954,25,1
6954,75,1
6954,22,1
6955,75,1
6955,74,2
6955,22,1
6956,22,2
6956,75,2
6957,21,1
6957,20,1
6957,74,1
6957,75,1
6958,44,1
6958,75,1
6958,21,1
6958,74,1
6959,74,1
6959,21,1
6960,75,1
6960,20,2
6960,21,1
6961,63,1
6961,22,1
6962,64,3
6962,66,1
6963,62,1
6963,65,1
6964,64,2
6964,63,1
6964,25,1
6965,61,1
6965,64,1
6965,65,1
6966,66,1
6966,42,1
6966,44,1
6967,63,1
6967,62,1
6967,42,1
6967,66,1
6967,3,3
6968,65,2
6968,66,1
6968,61,1
6968,33,1
6968,62,1
6969,66,1
6970,61,1
6970,64,1
6970,63,2
6970,8,1
6971,62,1
6971,3,1
6972,53,1
6972,65,1
6972,62,1
6973,53,1
6973,62,1
6973,65,1
6974,62,3
6974,64,1
6975,63,1
6975,64,1
6976,44,2
6976,65,1
6977,65,2
6977,63,1
6977,61,1
6977,64,1
6977,18,1
6978,66,1
6978,53,1
6978,65,2
6979,61,1
6979,66,1
6980,60,1
6981,23,2
6982,30,2
6982,23,2
6983,22,1
6983,75,1
6983,25,1
6984,20,1
6984,22,1
6984,21,2
6985,20,1
6985,74,1
6985,22,1
6985,75,1
6986,21,1
6986,24,1
6986,75,1
6987,22,1
6987,25,1
6987,23,1
6988,20,1
6988,23,1
6988,25,2
6989,25,2
6989,75,2
6989,21,1
6989,24,1
6989,20,1
6990,24,1
6991,22,1
6991,75,1
6992,21,1
6992,24,1
6992,75,1
6992,59,1
6993,24,1
6994,25,2
6994,24,1
6995,20,1
6995,22,1
6996,23,1
6996,74,1
6996,25,1
6996,24,1
6997,22,2
6997,23,1
6997,21,1
6998,25,2
6998,21,1
6999,4,2
6999,5,1
6999,36,2
7000,25,1
7000,22,1
7001,74,1
7001,25,1
7002,20,1
7002,31,1
7002,75,1
7003,25,1
7003,24,1
7003,22,2
7004,21,3
7004,24,2
7005,23,1
7005,75,1
7005,8,1
7006,75,1
7006,20,2
7006,37,3
7006,22,3
7006,23,1
7007,21,3
7007,10,1
7007,75,1
7008,75,1
7008,20,2
7009,23,2
7009,25,1
7010,20,1
7010,21,1
7011,20,3
7011,23,1
7012,21,1
7012,25,3
7012,34,1
7012,23,1
7013,75,1
7013,20,2
7013,21,1
7014,13,1
7014,75,1
7014,22,1
7014,20,1
7015,21,1
7015,24,1
7015,23,1
7016,75,2
7016,20,1
7017,22,2
7017,20,3
7017,24,1
7018,24,1
7018,21,1
7019,20,1
7019,1,1
7019,22,1
7020,22,2
7020,74,1
7021,25,2
7021,58,1
7021,22,1
7021,54,1
7022,23,2
7022,24,1
7023,24,1
7024,49,1
7024,23,2
7024,58,1
7024,25,1
7024,22,1
7025,24,1
7025,25,2
7026,24,2
7026,22,2
7026,13,1
7027,22,1
7027,24,1
7028,22,1
7028,21,1
7029,24,1
7029,23,1
7029,9,1
7029,4,1
7029,22,1
7030,23,1
7030,22,1
7031,24,1
7031,41,2
7032,42,1
7032,25,1
7032,22,3
7032,24,1
7033,24,1
7033,25,2
7033,22,1
7033,23,1
7034,25,1
7034,22,2
7035,24,1
7035,22,1
7036,25,1
7036,24,1
7036,36,1
7037,22,1
7037,23,1
7038,24,1
7038,22,2
7039,24,2
7039,22,1
7039,23,2
7040,23,1
7040,22,1
7040,25,1
7040,29,1
7041,6,1
7041,8,1
7041,1,1
7041,50,1
7042,5,2
7043,9,1
7043,29,1
7043,4,1
7044,20,2
7044,8,1
7045,1,2
7045,22,1
7045,2,1
7046,5,1
7046,53,2
7046,3,1
7047,5,1
7048,30,1
7048,3,1
7048,15,3
7049,5,1
7049,4,1
7049,7,2
7050,2,1
7050,5,1
7050,6,2
7051,3,1
7052,4,1
7052,3,2
7053,4,1
7053,56,1
7054,7,1
7054,17,1
7055,1,1
7055,3,1
7055,7,1
7056,7,1
7056,9,2
7056,2,1
7056,8,1
7057,1,1
7057,7,1
7057,3,1
7057,5,1
7058,4,2
7058,7,1
7058,2,1
7058,6,1
7059,2,1
7059,3,1
7060,4,3
7060,7,1
7060,30,1
7061,64,1
7061,67,2
7062,15,1
7062,55,1
7062,46,1
7063,4,1
7063,65,1
7064,54,1
7064,63,1
7064,51,1
7065,70,1
7065,64,1
7066,18,1
7066,57,1
7067,70,1
7067,30,1
7068,70,1
7068,66,1
7069,64,2
7069,70,1
7070,54,1
7070,66,1
7070,57,1
7071,43,1
7071,70,1
7071,61,1
7072,53,1
7072,45,2
7072,61,2
7072,1,1
7073,60,1
7073,55,1
7074,55,1
7074,67,1
7074,58,1
7075,60,1
7075,45,1
7075,68,1
7075,5,2
7076,60,2
7076,70,1
7077,60,1
7077,61,1
7077,42,1
7078,31,2
7078,60,2
7078,23,2
7078,69,1
7079,65,1
7079,54,1
7080,60,1
7080,62,2
7081,9,1
7081,8,1
7081,50,1
7081,2,1
7082,6,3
7082,15,1
7082,3,1
7083,7,1
7083,9,1
7084,47,1
7084,7,1
7085,2,1
7085,9,2
7085,8,1
7085,39,1
7086,1,1
7087,1,2
7087,5,1
7088,8,1
7088,3,2
7088,9,1
7089,1,1
7089,6,1
7090,5,1
7090,7,1
7090,8,1
7091,42,1
7091,7,1
7091,8,1
7092,4,1
7092,7,1
7092,6,1
7093,6,1
7094,5,1
7095,12,1
7095,3,1
7095,8,1
7096,6,1
7096,4,1
7097,14,1
7097,4,1
7097,5,1
7098,8,2
7098,7,1
7098,9,2
7099,51,1
7099,1,1
7099,5,1
7100,5,2
7100,6,1
7101,34,1
7101,18,1
7101,19,1
7102,19,1
7102,18,1
7103,34,1
7103,30,1
7104,18,1
7104,11,1
7105,18,1
7105,24,1
7106,6,1
7106,34,1
7106,29,1
7107,18,1
7107,31,1
7108,29,1
7108,19,1
7109,29,1
7109,60,1
7110,29,1
7110,14,2
7111,34,1
7111,18,3
7112,2,1
7112,34,1
7113,29,1
7113,19,1
7113,20,1
7114,18,2
7114,34,1
7114,45,1
7114,29,1
7115,18,1
7115,29,2
7116,29,1
7116,16,1
7116,34,1
7117,26,1
7117,29,2
7117,51,1
7118,29,2
7118,19,1
7118,28,2
7118,34,1
7119,18,1
7119,23,1
7119,1,1
7120,34,1
7120,29,1
7120,47,1
7121,63,1
7121,50,1
7122,38,1
7122,10,3
7122,61,1
7122,35,1
7123,61,1
7123,64,1
7124,20,1
7124,61,1
7124,64,1
7125,13,1
7125,29,1
7126,63,1
7126,62,1
7126,7,1
7126,14,1
7127,64,1
7127,63,1
7127,65,1
7128,61,2
7128,65,1
7129,65,1
7129,66,1
7129,63,1
7130,66,1
7130,62,1
7130,19,1
7131,61,1
7131,30,1
7132,66,1
7132,65,1
7132,62,2
7133,65,2
7134,66,1
7134,40,1
7135,62,1
7135,47,1
7135,51,1
7136,63,2
7136,61,1
7136,65,1
7137,49,1
7137,63,1
7137,62,2
7138,61,1
7138,65,1
7138,56,1
7139,54,1
7139,17,1
7140,4,1
7140,66,3
7140,15,1
7141,18,1
7141,16,1
7142,20,1
7142,2,1
7143,35,1
7143,9,1
7144,7,1
7144,8,1
7145,1,1
7145,50,1
7145,6,2
7146,2,1
7146,6,2
7147,7,1
7147,5,1
7147,2,2
7148,7,1
7149,8,1
7149,9,3
7149,1,1
7150,5,1
7150,4,1
7151,59,1
7151,2,2
7151,6,2
7152,1,1
7152,25,1
7153,1,1
7153,7,1
7153,9,1
7154,7,1
7154,1,2
7155,6,2
7155,4,1
7155,8,1
7155,1,1
7156,1,1
7157,2,1
7157,4,1
7158,59,1
7158,1,1
7159,43,1
7159,8,1
7160,3,1
7160,5,1
7160,44,1
7161,14,1
7161,51,1
7161,16,2
7162,14,1
7162,12,1
7163,11,1
7163,15,1
7163,16,2
7163,18,1
7164,12,1
7164,9,1
7165,26,1
7165,14,1
7165,13,1
7165,10,1
7166,11,2
7166,15,1
7167,13,1
7167,12,1
7168,13,1
7168,16,1
7168,15,3
7168,50,1
7169,10,1
7169,13,1
7169,16,1
7169,23,1
7170,12,1
7170,15,1
7171,23,1
7171,10,1
7171,13,1
7172,15,1
7172,13,1
7172,41,1
7172,11,1
7173,10,1
7173,14,1
7174,10,1
7174,17,1
7174,14,2
7175,11,3
7175,14,1
7175,26,1
7175,13,1
7176,12,1
7176,49,1
7177,14,1
7177,11,1
7178,14,2
7178,12,1
7179,16,1
7179,12,1
7179,24,1
7180,14,1
7180,10,2
7181,79,1
7181,78,1
7181,77,1
7181,74,3
7182,76,1
7182,75,1
7183,75,1
7183,76,1
7184,76,1
7184,79,1
7184,80,1
7184,75,2
7184,78,1
7185,57,1
7185,73,3
7186,79,1
7186,78,1
7186,71,1
7186,76,2
7187,73,3
7187,72,1
7187,78,2
7187,71,1
7187,47,1
7188,76,1
7188,14,1
7189,75,2
7189,74,1
7189,78,1
7189,80,1
7190,71,1
7190,80,1
7191,80,1
7191,71,1
7191,37,1
7192,74,1
7192,76,1
7192,80,1
7192,71,1
7193,23,1
7193,80,1
7193,73,2
7193,77,1
7194,80,2
7194,72,2
7195,74,1
7195,53,1
7196,75,3
7196,72,1
7196,74,1
7196,80,1
7197,71,2
7197,79,1
7197,57,1
7197,74,1
7197,77,1
7198,6,1
7198,72,1
7199,74,1
7199,77,1
7200,76,3
7200,80,1
7201,8,1
7201,46,1
7202,3,1
7202,2,1
7202,4,1
7202,5,2
7203,3,1
7204,2,1
7204,8,1
7204,5,1
7205,47,1
7205,6,2
7206,5,1
7206,3,1
7206,4,1
7207,5,1
7208,30,1
7208,1,1
7208,3,1
7209,5,1
7209,9,1
7210,7,3
7210,1,1
7210,8,2
7210,6,1
7211,8,1
7211,6,2
7212,46,1
7213,1,3
7213,51,1
7214,3,3
7215,4,1
7215,2,2
7216,60,1
7216,1,1
7217,2,1
7217,3,1
7217,8,1
7218,9,1
7218,1,1
7219,2,1
7219,6,1
7219,1,1
7220,6,1
7220,7,1
7221,9,1
7221,3,1
7222,9,1
7222,4,1
7222,2,2
7222,48,1
7223,4,1
7223,9,1
7224,9,1
7224,8,1
7225,1,1
7225,9,1
7226,6,1
7226,5,1
7226,8,1
7227,4,1
7227,9,1
7227,3,1
7228,8,1
7228,2,1
7229,9,2
7229,20,1
7230,4,2
7231,7,1
7232,6,2
7233,4,2
7233,9,1
7233,2,1
7234,56,1
7234,9,3
7234,6,3
7234,8,3
7235,9,1
7236,9,1
7236,7,1
7236,5,1
7237,7,1
7237,59,1
7238,16,1
7238,4,1
7238,2,1
7238,3,1
7239,6,2
7240,8,3
7240,3,1
7240,30,1
7241,7,1
7241,60,1
7241,57,1
7242,11,1
7242,13,2
7242,10,1
7243,13,2
7243,14,1
7244,14,1
7244,16,1
7244,13,2
7245,14,1
7245,16,2
7246,51,1
7246,11,1
7246,16,1
7247,16,1
7247,39,1
7247,37,2
7248,54,1
7248,12,1
7248,15,1
7248,31,1
7249,14,1
7249,13,1
7250,12,1
7250,15,1
7251,12,3
7251,11,1
7251,14,1
7252,16,1
7252,10,1
7252,15,3
7252,12,1
7253,10,1
7253,11,1
7253,16,1
7254,11,1
7254,13,1
7254,14,1
7255,16,1
7255,13,3
7256,39,3
7256,15,2
7257,13,1
7257,16,1
7257,53,1
7258,13,2
7258,22,1
7259,13,3
7259,11,1
7260,26,1
7260,12,2
7260,10,1
7261,9,2
7261,50,1
7261,2,1
7261,31,1
7262,9,1
7262,8,1
7262,53,1
7262,2,1
7263,9,1
7263,8,3
7263,3,1
7264,1,1
7264,7,1
7264,2,1
7264,9,1
7265,5,2
7265,18,1
7265,6,1
7265,2,1
7266,1,1
7266,52,1
7267,8,1
7267,1,2
7267,4,1
7268,8,2
7268,60,2
7268,58,2
7269,9,1
7269,1,1
7270,5,1
7271,58,2
7271,8,1
7271,1,3
7272,4,1
7272,8,1
7273,3,1
7273,7,3
7273,5,3
7274,3,1
7274,6,1
7274,4,3
7274,9,1
7275,2,1
7275,5,1
7275,8,1
7276,9,1
7276,15,1
7276,52,1
7277,27,3
7277,4,1
7278,1,1
7278,6,1
7279,8,1
7279,57,1
7280,8,1
7280,47,1
7281,16,1
7281,13,1
7282,15,1
7282,12,1
7282,16,1
7283,8,1
7283,27,1
7283,14,1
7284,14,1
7284,16,1
7284,11,1
7284,15,1
7285,16,1
7285,12,1
7285,48,2
7286,16,2
7286,13,1
7286,12,1
7287,15,1
7287,13,1
7287,11,1
7288,16,2
7288,14,1
7289,11,1
7289,13,1
7289,12,1
7289,15,2
7289,14,2
7290,10,1
7290,15,1
7291,16,1
7291,10,1
7292,50,1
7292,2,1
7293,47,1
7293,13,1
7294,24,2
7294,16,1
7295,13,1
7295,10,2
7295,14,1
7296,15,1
7296,11,1
7296,12,1
7297,13,1
7297,10,1
7297,18,1
7298,1,1
7298,12,1
7299,10,1
7299,26,1
7299,15,1
7299,22,1
7300,12,1
7300,16,1
7301,16,1
7301,14,1
7301,10,1
7302,11,1
7302,15,1
7303,14,1
7303,51,1
7304,34,1
7304,12,1
7305,15,1
7305,16,1
7306,14,1
7306,12,2
7306,11,1
7307,10,1
7307,37,1
7307,13,1
7308,12,2
7308,24,1
7309,6,1
7309,13,1
7310,16,1
7311,12,2
7311,10,1
7312,16,1
7312,14,1
7313,11,1
7313,13,3
7313,14,1
7314,10,1
7314,15,1
7314,14,3
7315,15,2
7315,12,1
7315,11,1
7315,26,1
7316,10,1
7316,14,1
7317,12,1
7317,19,2
7318,47,1
7318,2,1
7318,10,1
7319,15,1
7319,11,1
7320,45,1
7320,11,1
7320,30,1
7320,16,3
7321,15,1
7321,16,1
7322,15,1
7322,10,2
7323,13,1
7323,11,1
7323,15,1
7324,10,1
7324,11,1
7324,13,1
7325,14,1
7325,16,1
7325,41,1
7326,16,1
7326,26,1
7327,12,1
7327,13,1
7327,11,1
7328,15,1
7329,11,1
7329,13,3
7330,14,1
7330,10,1
7330,15,1
7331,5,2
7332,13,1
7332,4,1
7332,16,1
7333,27,1
7333,53,2
7334,15,1
7334,46,1
7334,12,1
7334,34,1
7335,13,1
7335,24,1
7335,16,1
7336,16,1
7336,15,1
7336,13,1
7336,10,2
7337,11,1
7337,15,2
7338,10,1
7338,11,1
7338,13,1
7339,10,1
7339,12,1
7340,15,1
7340,11,1
7341,8,1
7341,5,1
7342,17,2
7343,6,1
7343,3,2
7343,19,1
7343,2,1
7344,2,1
7344,7,1
7344,4,2
7345,8,1
7345,6,1
7345,5,1
7346,3,1
7346,43,1
7346,2,1
7346,8,1
7347,7,1
7347,8,1
7348,9,1
7348,5,1
7349,1,1
7349,13,2
7350,4,2
7350,6,1
7350,1,1
7351,5,3
7351,6,1
7351,7,1
7352,6,2
7352,1,2
7352,3,1
7353,3,1
7353,8,1
7354,3,1
7354,5,1
7354,4,1
7355,1,1
7355,16,1
7356,2,1
7356,8,1
7357,4,2
7357,8,1
7357,1,1
7358,1,1
7358,3,1
7358,43,1
7358,6,1
7359,6,2
7359,1,1
7359,2,1
7360,36,1
7360,42,1
7360,8,2
7361,35,1
7361,36,2
7362,69,1
7362,68,1
7363,35,1
7363,69,2
7364,68,1
7364,56,1
7364,35,2
7365,68,1
7365,1,2
7365,70,3
7366,68,1
7366,33,1
7366,69,1
7367,69,2
7367,56,1
7367,70,1
7368,35,1
7368,30,1
7368,10,1
7369,67,2
7369,36,1
7369,68,1
7370,24,1
7370,28,1
7371,36,1
7371,27,1
7371,68,1
7372,36,1
7372,67,1
7372,35,1
7372,70,1
7373,19,1
7373,35,1
7374,69,1
7374,70,1
7374,68,1
7375,36,1
7375,35,1
7375,70,1
7376,68,1
7376,67,3
7376,69,3
7377,36,1
7377,67,1
7378,35,3
7378,14,1
7379,67,1
7379,69,1
7379,70,1
7380,68,1
7380,29,2
7381,24,1
7381,23,1
7381,22,1
7382,24,2
7382,23,1
7383,23,1
7383,24,2
7383,22,1
7384,24,1
7384,42,1
7384,10,2
7385,22,1
7386,23,1
7386,25,1
7387,3,1
7387,22,1
7387,24,2
7388,23,3
7389,22,1
7389,28,1
7390,25,1
7390,23,1
7390,22,1
7391,5,1
7391,22,1
7392,22,1
7392,24,3
7392,25,1
7392,2,1
7393,22,1
7393,48,2
7393,25,1
7393,24,2
7394,25,1
7394,23,1
7394,33,1
7395,22,2
7395,24,1
7395,2,2
7395,38,1
7396,50,3
7396,23,1
7396,6,1
7397,46,1
7397,25,1
7398,24,1
7398,22,2
7399,22,1
7399,24,1
7399,23,1
7400,25,1
7400,23,1
7400,22,1
7401,22,1
7401,23,1
7402,23,1
7402,22,3
7402,59,1
7403,25,1
7403,24,1
7404,30,1
7404,22,1
7404,24,1
7404,23,1
7405,24,1
7405,23,1
7406,58,1
7406,24,2
7406,25,1
7406,23,1
7407,24,2
7407,25,1
7408,13,1
7408,22,1
7408,23,1
7409,24,2
7409,22,1
7410,24,1
7410,25,2
7410,22,2
7411,23,1
7411,22,1
7411,37,1
7411,24,1
7412,42,2
7412,24,2
7413,25,1
7413,22,1
7414,24,1
7414,23,1
7415,24,1
7415,23,1
7416,22,1
7416,24,1
7416,10,2
7417,25,1
7417,24,1
7417,22,1
7417,23,2
7418,24,1
7418,7,1
7418,23,3
7419,24,2
7419,23,1
7419,30,2
7419,22,2
7420,22,1
7420,23,2
7420,56,1
7420,25,1
7421,32,1
7421,33,1
7421,7,1
7422,28,1
7422,33,2
7422,29,1
7423,28,1
7423,22,1
7424,19,2
7424,31,1
7425,33,1
7425,32,1
7425,31,1
7425,30,1
7425,29,1
7426,29,1
7426,1,1
7427,33,3
7427,40,1
7427,31,1
7427,32,1
7428,29,1
7428,32,1
7429,32,1
7429,31,1
7429,30,1
7430,29,1
7430,33,1
7430,32,1
7431,30,1
7431,32,1
7431,31,1
7432,29,1
7432,28,2
7432,32,1
7432,33,1
7433,30,3
7433,31,1
7433,29,1
7434,32,3
7434,28,1
7435,33,1
7435,32,1
7435,39,1
7436,30,1
7436,32,1
7436,29,1
7437,28,1
7437,46,1
7438,54,1
7438,28,2
7438,31,1
7439,30,1
7439,29,1
7440,31,2
7440,33,2
7440,29,1
7441,53,1
7441,69,1
7441,5,1
7442,70,3
7442,67,2
7443,56,1
7443,61,1
7443,63,2
7443,55,1
7444,68,1
7444,59,1
7445,59,1
7446,30,1
7446,52,1
7446,64,1
7446,59,1
7447,56,1
7447,51,1
7447,55,1
7447,58,1
7448,10,2
7448,53,1
7449,67,1
7449,52,3
7449,62,1
7450,5,1
7450,56,1
7450,68,1
7450,10,1
7451,62,1
7451,67,1
7451,51,1
7451,61,1
7452,5,1
7453,61,1
7453,68,1
7453,47,1
7453,52,1
7454,63,1
7454,58,1
7454,68,1
7455,61,1
7455,53,2
7456,62,1
7456,69,1
7456,51,1
7456,54,1
7457,1,3
7457,66,1
7457,52,1
7457,61,1
7458,69,1
7458,67,1
7458,53,1
7459,9,1
7459,16,2
7459,62,1
7459,65,1
7460,46,2
7460,16,1
7460,59,1
7461,21,1
7461,74,1
7462,23,1
7462,21,2
7462,22,1
7463,24,1
7463,20,1
7463,22,2
7464,75,1
7464,2,1
7464,24,1
7465,25,1
7465,11,1
7466,24,1
7466,44,2
7466,53,1
7467,22,1
7467,74,2
7467,34,3
7468,25,2
7468,74,1
7468,20,1
7469,21,3
7469,30,1
7470,25,1
7470,20,1
7470,23,1
7471,75,1
7471,25,1
7471,74,1
7472,24,1
7472,74,2
7472,75,1
7472,20,2
7473,25,3
7473,23,1
7474,20,1
7474,74,1
7474,23,1
7475,75,1
7475,74,1
7475,22,2
7476,24,1
7476,12,1
7476,20,2
7477,5,1
7477,25,1
7477,58,2
7478,23,2
7478,74,3
7478,25,1
7479,24,1
7479,16,2
7480,23,1
7480,74,1
7481,26,1
7481,78,1
7482,74,2
7482,76,1
7482,78,2
7482,51,3
7483,74,1
7483,77,1
7483,73,1
7484,74,3
7484,18,2
7484,75,2
7485,79,2
7485,78,1
7485,77,1
7485,74,1
7486,78,1
7486,80,1
7487,78,3
7487,75,1
7488,80,1
7488,39,1
7488,79,1
7489,75,1
7489,42,1
7490,80,1
7490,75,1
7491,76,3
7491,71,2
7492,8,2
7492,80,1
7492,74,1
7492,72,1
7493,77,1
7493,76,2
7493,8,1
7494,71,1
7494,54,1
7494,79,1
7495,75,1
7495,73,1
7495,60,1
7496,79,2
7496,78,1
7497,74,2
7497,2,1
7497,73,1
7497,12,1
7498,34,1
7498,77,1
7498,79,1
7499,75,1
7499,73,2
7499,79,1
7500,72,1
7500,74,1
7500,73,1
7500,71,2
7501,12,1
7501,14,1
7502,15,1
7502,13,1
7502,16,2
7502,10,1
7503,16,1
7503,5,1
7503,12,1
7504,15,1
7505,15,1
7506,14,1
7506,12,1
7507,11,1
7507,15,1
7507,13,2
7508,17,1
7508,10,3
7508,15,1
7509,10,2
7509,13,1
7509,12,2
7510,15,2
7510,10,1
7511,14,1
7511,15,1
7511,9,3
7512,13,2
7512,15,1
7512,10,1
7513,14,1
7513,16,1
7513,15,1
7514,46,3
7514,15,1
7514,20,1
7514,14,1
7515,12,1
7515,16,1
7516,15,2
7516,14,2
7516,12,1
7517,16,1
7517,11,1
7518,15,1
7518,14,1
7519,28,1
7519,10,1
7520,11,1
7520,15,1
7520,12,1
7521,14,1
7521,12,1
7521,11,2
7522,15,1
7522,12,1
7523,14,2
7523,11,1
7523,10,2
7524,13,1
7524,15,1
7524,11,1
7525,11,1
7525,14,1
7525,15,1
7526,10,1
7526,12,2
7526,13,2
7526,16,1
7527,14,1
7527,16,1
7528,15,1
7528,11,1
7528,16,3
7528,14,1
7529,10,1
7529,12,1
7529,14,2
7530,11,2
7530,12,1
7530,15,1
7531,59,1
7531,12,1
7531,15,1
7532,14,1
7532,21,1
7532,15,2
7533,25,1
7533,14,1
7533,16,1
7534,45,1
7535,14,1
7535,9,1
7535,12,1
7535,13,1
7536,48,1
7536,16,1
7536,46,3
7537,14,1
7537,16,1
7537,12,1
7537,10,1
7538,11,1
7539,49,1
7539,14,1
7539,16,2
7540,13,1
7540,11,1
7541,13,1
7541,10,1
7541,39,1
7541,16,1
7542,26,3
7542,12,1
7543,12,1
7543,16,1
7543,52,2
7544,14,1
7545,12,2
7545,16,1
7545,10,1
7545,14,1
7546,13,1
7546,11,2
7546,10,2
7547,10,1
7547,16,1
7548,12,1
7548,49,1
7548,15,1
7548,13,1
7549,11,1
7549,10,1
7549,16,1
7549,14,1
7550,30,2
7550,6,2
7551,57,1
7551,13,1
7551,12,1
7551,15,1
7551,16,1
7552,11,1
7552,28,1
7553,15,2
7553,11,1
7553,12,2
7554,16,1
7554,11,1
7554,14,1
7555,15,1
7555,10,1
7556,14,2
7556,12,1
7556,24,1
7557,10,1
7557,11,1
7558,16,1
7558,13,1
7558,10,1
7559,11,1
7559,6,1
7560,14,1
7560,12,3
7560,16,1
7561,2,3
7562,32,1
7562,44,1
7562,28,2
7563,24,1
7563,32,1
7563,29,1
7564,2,1
7564,28,1
7564,33,1
7564,30,3
7565,32,2
7565,31,1
7565,29,1
7565,15,1
7566,39,1
7566,53,1
7566,33,1
7567,30,1
7567,31,1
7567,23,2
7568,33,2
7568,31,1
7568,24,1
7569,29,1
7569,17,1
7570,33,1
7570,31,1
7570,30,1
7571,30,1
7571,33,1
7572,33,1
7572,31,1
7572,17,1
7573,30,1
7573,28,1
7573,33,2
7574,32,1
7574,53,2
7574,7,1
7575,28,1
7575,31,1
7575,29,1
7576,31,1
7576,30,1
7576,29,1
7577,29,2
7577,28,1
7577,32,1
7577,31,1
7578,32,1
7578,28,1
7578,33,1
7578,29,1
7579,30,1
7579,28,1
7580,30,1
7580,29,2
7580,36,2
7581,60,1
7581,59,1
7582,59,1
7582,1,1
7582,14,1
7583,57,1
7583,60,2
7583,20,1
7584,58,1
7584,56,1
7584,60,1
7585,57,1
7585,56,1
7585,59,1
7586,37,1
7586,34,1
7586,58,1
7586,60,1
7587,56,1
7587,58,1
7588,58,1
7588,59,1
7588,57,1
7589,60,1
7589,58,1
7589,20,2
7590,50,1
7590,49,1
7590,59,2
7590,58,1
7590,60,1
7591,56,1
7591,60,1
7591,57,1
7591,21,1
7592,56,1
7592,57,2
7592,18,2
7592,58,1
7592,24,1
7593,7,2
7593,60,1
7593,56,3
7594,56,1
7594,59,1
7595,57,1
7595,56,1
7595,58,3
7595,59,1
7596,50,2
7596,58,1
7597,57,1
7597,58,1
7597,7,1
7597,59,1
7598,59,1
7598,56,1
7599,58,1
7599,57,1
7600,57,1
7600,60,1
7600,16,1
7601,79,1
7601,72,1
7602,5,1
7602,60,1
7603,74,2
7603,75,1
7603,80,1
7603,51,1
7604,71,2
7604,72,1
7604,74,1
7605,74,1
7605,71,1
7605,78,1
7605,72,1
7606,40,2
7606,72,1
7607,72,1
7607,58,3
7607,52,1
7607,76,1
7607,79,1
7608,71,2
7608,74,1
7609,73,1
7609,75,1
7609,77,1
7610,74,1
7610,41,1
7611,75,1
7611,71,1
7611,78,1
7612,18,1
7612,80,1
7612,75,1
7612,78,1
7613,71,1
7613,76,2
7613,80,1
7614,72,1
7614,71,1
7614,75,1
7615,78,1
7615,74,2
7615,20,1
7616,73,1
7616,76,1
7616,78,1
7616,40,3
7617,43,1
7617,76,3
7618,42,1
7618,74,2
7618,71,2
7619,77,2
7619,78,1
7619,71,1
7619,75,1
7620,73,1
7620,74,3
7620,75,1
7621,9,1
7621,53,1
7621,1,1
7622,6,1
7622,1,1
7622,5,1
7623,4,1
7623,8,1
7624,8,1
7624,3,1
7625,5,2
7625,1,1
7625,8,1
7626,46,1
7626,8,1
7627,43,1
7627,1,1
7628,51,1
7628,27,2
7629,4,2
7629,1,1
7629,3,1
7629,2,2
7630,5,1
7630,7,1
7630,9,1
7631,4,1
7631,3,1
7632,6,1
7632,3,1
7632,5,1
7632,4,1
7632,9,1
7633,9,1
7634,5,2
7634,14,1
7634,7,1
7635,6,1
7635,7,1
7636,8,2
7636,4,1
7637,7,1
7637,4,1
7638,3,1
7638,9,2
7638,8,2
7638,1,2
7639,9,1
7639,22,3
7640,4,1
7641,16,1
7641,51,2
7642,11,1
7642,53,1
7642,14,3
7643,13,1
7643,15,1
7644,16,1
7644,12,1
7645,16,1
7645,12,1
7645,13,1
7645,29,1
7646,10,2
7646,15,1
7647,13,2
7647,53,1
7647,10,1
7648,16,1
7648,14,2
7648,12,1
7649,13,1
7649,10,1
7649,15,1
7650,35,1
7650,15,1
7650,10,1
7651,14,1
7651,15,1
7652,10,1
7652,16,3
7653,10,1
7653,12,1
7653,9,1
7654,13,1
7654,16,1
7654,24,1
7654,14,1
7655,10,1
7655,6,1
7656,12,1
7656,10,1
7656,22,1
7656,14,1
7657,15,1
7657,20,1
7657,10,1
7658,12,1
7658,55,3
7659,10,3
7659,15,1
7659,11,2
7660,16,1
7660,15,1
7660,14,1
7661,77,1
7661,74,1
7661,73,1
7662,73,1
7662,78,1
7662,75,1
7662,74,1
7663,78,1
7663,71,1
7663,75,2
7664,71,2
7664,76,1
7664,77,2
7664,75,2
7665,80,1
7665,30,1
7665,79,1
7665,12,1
7666,73,2
7666,71,2
7666,42,1
7666,79,1
7667,74,1
7667,17,1
7668,76,1
7668,78,1
7669,72,1
7669,79,1
7669,76,1
7670,80,1
7670,77,2
7670,73,1
7670,71,1
7671,76,1
7671,71,2
7671,75,2
7671,74,1
7671,80,1
7672,77,1
7672,71,1
7672,75,1
7672,76,1
7673,77,1
7673,71,1
7673,74,1
7673,73,1
7674,72,2
7674,71,1
7675,76,1
7675,74,1
7675,80,1
7675,72,1
7676,77,1
7676,79,1
7676,74,1
7676,76,3
7676,75,1
7677,51,2
7677,72,1
7678,74,1
7678,54,1
7678,73,1
7678,71,1
7679,71,2
7679,78,1
7680,73,1
7680,72,1
7680,79,1
7680,74,1
7681,69,2
7681,67,1
7681,68,1
7682,36,1
7682,57,2
7682,69,1
7683,67,1
7683,14,1
7683,56,1
7683,36,3
7684,67,1
7684,36,2
7684,35,3
7685,36,1
7685,6,1
7685,67,3
7685,68,1
7685,28,2
7686,35,1
7686,70,1
7687,58,1
7687,19,1
7688,35,1
7688,36,1
7688,69,1
7689,35,1
7689,70,1
7689,26,2
7690,36,1
7690,68,1
7690,69,1
7690,67,1
7690,35,1
7691,68,1
7691,35,3
7692,36,1
7692,6,1
7692,67,1
7693,69,1
7693,35,1
7694,69,2
7694,70,1
7694,36,1
7694,35,1
7695,70,2
7695,58,1
7695,69,1
7696,36,1
7696,69,1
7697,68,2
7697,35,1
7698,67,3
7698,46,1
7698,36,1
7699,35,1
7699,67,1
7700,70,1
7700,41,1
7700,6,1
7701,6,1
7701,5,2
7701,9,1
7701,36,1
7702,2,1
7702,5,1
7702,9,1
7702,59,1
7703,7,1
7703,4,1
7704,16,1
7704,34,1
7704,5,1
7705,2,1
7705,3,1
7706,2,2
7706,48,1
7706,6,1
7707,1,1
7707,4,1
7708,6,1
7708,1,1
7709,60,1
7710,5,1
7710,7,1
7711,1,1
7711,24,1
7711,4,1
7712,8,1
7712,5,1
7712,3,1
7713,6,2
7713,7,2
7714,8,1
7714,4,2
7715,4,1
7715,32,2
7715,6,1
7716,1,1
7716,8,1
7716,29,1
7717,2,1
7717,1,1
7717,7,1
7718,21,1
7718,2,3
7719,1,3
7719,8,1
7719,32,1
7720,7,1
7720,1,1
7720,6,1
7721,25,1
7721,74,2
7721,24,2
7722,21,1
7723,21,2
7723,20,1
7723,5,3
7723,23,1
7723,74,1
7724,9,1
7724,75,1
7724,23,3
7725,52,1
7725,25,1
7725,6,1
7726,23,2
7726,24,3
7726,75,1
7727,25,2
7727,20,1
7727,24,1
7727,23,1
7728,74,1
7728,23,1
7728,22,1
7729,23,1
7729,22,1
7729,28,1
7730,22,1
7730,25,1
7731,21,2
7731,43,1
7732,20,1
7732,21,1
7732,23,2
7733,24,2
7733,21,1
7733,74,1
7734,24,1
7734,22,1
7734,10,1
7735,44,1
7735,38,2
7735,20,1
7735,75,1
7735,25,1
7736,21,2
7737,74,1
7737,22,1
7738,29,1
7739,74,1
7739,24,1
7739,20,1
7739,25,1
7740,22,1
7740,74,1
7740,23,1
7741,74,1
7741,50,2
7742,21,1
7742,25,1
7743,74,2
7743,23,1
7744,23,1
7744,25,1
7745,50,1
7745,25,2
7745,74,1
7745,23,1
7746,30,1
7746,12,1
7746,74,1
7747,24,1
7747,20,1
7747,21,1
7747,37,1
7748,20,1
7748,35,1
7748,25,1
7749,25,1
7749,38,2
7749,19,1
7750,25,1
7750,22,2
7751,28,1
7751,21,1
7752,23,1
7753,22,1
7753,23,1
7753,24,3
7753,25,1
7753,20,1
7754,20,1
7754,21,1
7755,20,1
7755,74,1
7756,75,1
7756,44,1
7756,57,1
7757,74,1
7757,22,1
7758,25,1
7758,38,1
7758,24,3
7758,9,1
7759,25,1
7759,20,1
7760,36,2
7760,40,1
7760,23,1
7760,3,1
7761,6,1
7761,3,1
7761,43,1
7762,3,1
7762,2,1
7762,52,1
7763,9,1
7764,1,2
7764,8,1
7764,9,1
7765,6,1
7765,7,1
7766,5,2
7766,2,1
7766,8,1
7766,7,2
7767,45,1
7767,7,1
7767,1,1
7767,20,2
7768,3,1
7768,1,1
7769,4,1
7769,6,1
7769,8,1
7770,6,1
7770,2,1
7770,3,1
7771,9,1
7771,5,2
7771,11,1
7772,9,1
7772,7,1
7772,6,1
7773,4,1
7774,9,1
7774,8,1
7774,5,1
7774,6,1
7775,6,1
7775,3,1
7776,9,1
7776,39,2
7776,60,1
7776,8,1
7777,6,1
7777,10,1
7778,26,1
7779,1,2
7779,2,1
7780,2,1
7780,9,3
7781,53,1
7781,7,1
7782,7,1
7783,6,1
7783,29,1
7783,16,1
7784,1,1
7784,7,1
7785,4,1
7785,6,1
7786,3,1
7786,1,1
7786,7,1
7786,9,1
7787,6,1
7787,3,1
7787,7,1
7787,49,1
7788,4,3
7788,1,1
7789,7,1
7790,42,1
7790,4,1
7791,5,1
7791,8,1
7791,9,1
7792,5,1
7793,8,1
7793,7,2
7793,9,1
7794,6,3
7795,5,1
7795,38,1
7796,30,1
7796,50,1
7796,4,1
7796,2,1
7797,7,1
7797,4,1
7798,4,1
7798,2,2
7799,18,1
7799,5,1
7800,8,1
7800,22,1
7801,29,2
7801,30,1
7801,46,1
7802,28,1
7802,33,2
7802,30,2
7802,31,1
7803,33,1
7803,28,1
7803,7,2
7804,23,1
7804,31,1
7804,30,2
7805,28,1
7805,29,1
7805,30,1
7806,30,1
7806,33,3
7806,32,1
7806,45,1
7807,30,1
7807,32,1
7808,31,1
7808,29,1
7809,31,1
7809,30,2
7810,31,1
7810,33,1
7810,32,1
7811,31,1
7811,32,1
7811,28,1
7812,30,1
7812,29,1
7813,28,2
7813,32,1
7813,31,1
7813,40,2
7814,29,1
7814,33,1
7814,31,1
7815,31,1
7815,28,1
7816,29,1
7816,28,1
7817,28,1
7818,33,1
7818,29,1
7819,29,2
7819,30,1
7819,33,1
7820,32,1
7820,47,1
7820,33,1
7820,22,1
7821,7,1
7821,3,2
7822,8,1
7822,16,2
7822,10,1
7823,2,1
7823,8,1
7824,1,1
7824,6,1
7824,49,1
7824,3,1
7825,6,1
7825,2,1
7826,28,1
7826,8,1
7827,2,1
7827,4,1
7827,5,1
7827,1,1
7828,5,1
7829,8,1
7829,38,1
7829,4,2
7830,5,1
7830,2,1
7830,1,1
7831,1,1
7832,53,1
7832,1,1
7832,6,1
7833,9,2
7833,7,2
7834,2,2
7834,45,1
7835,5,1
7835,60,2
7836,2,1
7836,60,1
7837,7,1
7837,2,1
7837,53,1
7837,4,1
7838,7,1
7838,3,1
7838,2,1
7839,4,1
7839,2,1
7840,1,3
7841,13,1
7841,11,2
7841,16,2
7841,26,1
7842,16,1
7842,11,1
7842,10,1
7843,11,1
7843,42,1
7844,12,1
7844,29,1
7844,13,2
7845,16,2
7845,7,1
7846,11,1
7846,14,1
7846,10,1
7847,14,1
7847,12,1
7847,33,1
7848,10,1
7848,12,2
7848,13,1
7849,13,2
7849,11,1
7849,14,1
7850,10,1
7850,16,1
7851,15,1
7851,40,1
7851,16,1
7852,12,1
7852,15,1
7853,36,1
7853,21,2
7853,14,1
7854,14,1
7854,12,1
7855,17,1
7855,12,1
7855,16,1
7856,57,2
7856,14,1
7857,13,2
7858,11,1
7858,16,1
7858,15,1
7859,10,1
7860,16,1
7860,11,2
7861,68,1
7861,23,1
7861,60,1
7862,52,1
7862,57,1
7862,66,1
7863,59,2
7863,69,1
7863,70,1
7864,54,1
7864,9,1
7864,55,1
7864,70,3
7865,59,1
7865,55,1
7866,61,1
7866,70,2
7867,18,1
7867,61,1
7867,66,1
7868,61,1
7868,69,2
7868,67,1
7868,52,2
7869,27,2
7869,59,1
7870,62,3
7870,65,1
7870,61,1
7871,64,1
7871,54,3
7872,67,1
7872,70,1
7872,69,1
7873,54,3
7873,68,2
7874,69,1
7874,70,1
7874,62,1
7875,51,1
7875,69,1
7876,39,1
7876,56,1
7876,63,2
7877,62,1
7877,55,1
7878,70,1
7878,28,1
7879,67,1
7879,66,1
7879,51,1
7880,57,1
7880,65,1
7881,4,2
7881,11,1
7881,10,1
7881,14,1
7882,13,3
7882,15,3
7882,11,1
7883,15,2
7883,13,1
7883,11,3
7884,15,1
7884,16,1
7884,42,1
7884,11,1
7885,60,1
7885,15,1
7885,57,1
7886,11,1
7886,10,3
7887,10,1
7887,14,1
7887,12,1
7888,13,1
7889,14,1
7889,15,1
7889,58,2
7890,15,1
7890,10,1
7891,15,1
7891,10,1
7892,16,1
7892,14,1
7892,4,1
7892,11,1
7893,16,2
7893,15,1
7893,58,1
7893,11,2
7894,13,1
7894,7,1
7895,14,1
7895,13,1
7896,42,2
7896,15,1
7897,12,1
7897,50,2
7898,13,1
7899,15,1
7899,10,1
7900,10,3
7900,2,2
7901,21,2
7901,44,1
7901,27,2
7902,21,1
7902,74,1
7902,25,1
7902,23,1
7903,21,1
7903,23,1
7904,45,1
7904,24,1
7904,26,1
7905,25,1
7905,75,1
7905,23,1
7906,74,2
7906,24,1
7906,25,2
7906,21,1
7907,75,1
7907,20,1
7907,23,1
7908,21,1
7908,75,1
7908,24,1
7909,24,2
7909,23,1
7909,22,2
7910,74,1
7910,23,1
7910,21,1
7910,20,1
7911,25,1
7911,23,1
7911,21,2
7912,74,1
7912,25,1
7913,25,1
7913,55,1
7913,53,2
7913,22,2
7914,75,1
7914,23,1
7915,75,2
7915,74,2
7915,29,1
7916,24,1
7916,74,1
7916,21,1
7916,20,1
7917,25,1
7918,21,1
7918,22,1
7918,24,1
7919,25,2
7919,22,1
7919,58,1
7919,15,1
7920,10,1
7920,22,1
7920,47,1
7920,24,3
7921,74,1
7921,3,2
7922,75,1
7922,54,1
7922,25,1
7923,22,1
7924,20,1
7924,74,1
7924,21,1
7925,21,1
7925,25,1
7925,74,2
7926,22,1
7926,21,2
7926,40,2
7926,25,3
7927,74,2
7927,23,1
7927,20,1
7927,25,1
7928,23,1
7928,75,1
7929,50,1
7929,25,1
7929,74,2
7929,24,1
7930,75,2
7930,1,1
7930,21,2
7931,22,1
7931,75,1
7931,23,1
7931,25,2
7932,24,1
7932,13,1
7932,28,1
7932,75,1
7932,20,1
7933,24,1
7933,74,1
7933,75,1
7934,20,1
7934,24,2
7934,22,1
7935,24,1
7935,74,1
7935,21,1
7936,23,1
7936,24,1
7937,20,1
7937,21,1
7937,74,1
7937,25,1
7938,24,1
7938,75,1
7938,74,1
7938,20,1
7939,24,1
7939,22,1
7940,74,1
7940,60,2
7941,2,1
7941,7,1
7941,6,1
7942,3,1
7942,6,1
7942,1,2
7942,7,1
7943,6,1
7943,9,1
7943,1,1
7944,5,2
7944,6,1
7944,41,2
7945,4,1
7945,1,1
7945,6,1
7946,2,1
7946,9,1
7947,4,1
7947,6,1
7948,9,1
7948,7,1
7949,9,1
7949,4,2
7949,31,1
7950,9,1
7950,3,1
7951,3,2
7951,16,1
7952,9,1
7952,4,1
7952,23,1
7953,4,1
7953,5,1
7953,3,1
7953,19,1
7954,6,1
7954,7,1
7954,4,1
7955,10,1
7955,9,1
7955,1,2
7956,3,1
7956,1,1
7957,10,1
7957,3,1
7957,2,1
7957,6,1
7958,9,1
7958,2,2
7958,3,1
7959,1,1
7959,7,2
7959,5,2
7960,8,1
7960,6,2
7961,1,1
7961,56,2
7961,45,3
7962,48,1
7962,37,1
7962,38,1
7962,42,1
7963,37,1
7963,38,1
7963,14,1
7963,42,1
7964,42,1
7964,34,1
7964,28,3
7964,38,1
7964,31,1
7965,42,1
7965,39,1
7965,38,1
7965,37,1
7966,41,1
7966,38,2
7966,39,1
7966,50,1
7967,8,1
7968,38,1
7968,39,1
7968,37,1
7969,38,1
7969,42,1
7969,37,1
7969,39,2
7969,59,1
7970,38,2
7970,37,1
7970,42,2
7971,38,2
7971,40,1
7971,42,1
7971,37,1
7972,40,1
7972,41,1
7972,55,1
7972,19,1
7973,42,3
7973,40,1
7973,39,2
7973,38,1
7973,41,3
7974,40,1
7974,37,1
7974,41,1
7974,38,1
7975,41,2
7975,50,1
7975,39,1
7975,26,2
7976,49,1
7976,42,1
7976,1,1
7977,42,1
7977,39,1
7977,41,1
7978,37,1
7978,54,2
7979,41,1
7979,40,1
7979,39,2
7980,39,1
7980,38,1
7981,55,1
7981,63,2
7982,66,1
7982,62,1
7982,63,1
7982,57,1
7983,64,1
7983,63,1
7984,62,1
7984,64,1
7984,61,2
7985,61,1
7985,64,2
7985,66,2
7986,61,1
7986,47,1
7986,65,2
7987,63,2
7987,62,3
7988,64,1
7988,66,1
7988,65,1
7988,61,2
7989,63,1
7989,61,1
7989,64,1
7990,19,1
7990,63,1
7990,64,1
7990,65,2
7991,15,1
7991,62,1
7992,65,1
7992,61,2
7993,61,1
7993,66,1
7994,62,1
7994,65,2
7994,64,1
7995,65,1
7995,46,1
7995,66,1
7995,3,1
7996,3,1
7996,63,1
7996,12,2
7997,65,1
7997,58,1
7997,63,2
7998,61,1
7998,66,2
7999,61,1
7999,65,2
8000,63,1
8000,64,3
8000,62,1
8000,66,2
8001,51,1
8001,28,2
8001,31,1
8001,32,1
8001,33,1
8002,29,2
8002,31,1
8002,30,1
8003,33,3
8003,22,2
8004,32,2
8004,29,3
8004,30,2
8004,5,1
8005,33,1
8005,28,2
8006,28,1
8006,11,1
8006,31,1
8006,9,1
8007,29,2
8007,28,1
8007,30,1
8008,33,1
8008,32,1
8009,28,3
8009,30,1
8010,29,1
8010,32,1
8011,33,2
8011,29,1
8011,38,1
8011,31,1
8012,29,1
8012,30,1
8012,26,1
8013,31,1
8013,28,2
8013,29,1
8014,33,1
8014,29,3
8014,32,1
8014,30,1
8015,31,1
8015,28,1
8015,32,2
8016,28,1
8016,29,2
8016,50,1
8017,30,1
8017,8,1
8018,28,1
8018,33,1
8018,32,1
8019,31,1
8019,28,1
8020,31,1
8020,32,3
8021,35,1
8022,38,3
8022,8,3
8023,35,1
8023,70,1
8023,67,2
8023,26,1
8024,67,1
8024,32,1
8024,35,3
8025,68,1
8025,70,1
8026,36,1
8027,51,1
8027,35,1
8027,69,1
8028,70,2
8028,67,1
8028,35,1
8029,68,1
8029,35,1
8030,70,1
8030,67,1
8030,36,2
8031,36,1
8031,32,1
8031,68,2
8032,11,1
8033,1,1
8033,70,3
8033,69,1
8033,68,1
8034,67,2
8034,69,2
8034,68,1
8034,18,1
8035,68,1
8035,29,1
8035,70,1
8036,69,1
8036,70,1
8037,36,1
8037,70,1
8037,69,1
8038,35,2
8038,57,1
8038,68,1
8039,56,1
8039,67,1
8039,35,1
8040,1,2
8040,70,1
8041,73,1
8041,79,1
8041,46,1
8041,33,1
8041,77,1
8042,75,1
8042,80,1
8042,76,1
8042,71,1
8043,79,1
8043,80,1
8044,76,1
8044,78,1
8044,80,1
8045,80,2
8045,71,1
8045,79,1
8046,72,1
8046,74,2
8047,79,1
8047,75,2
8047,71,1
8048,73,1
8048,80,1
8049,71,1
8049,79,1
8049,4,1
8049,75,1
8050,48,1
8050,78,1
8050,23,1
8051,74,2
8051,78,2
8051,71,1
8051,73,3
8052,74,1
8052,73,1
8052,76,3
8052,75,2
8053,77,1
8053,31,1
8054,74,2
8054,75,1
8054,19,3
8055,77,1
8055,76,1
8055,75,1
8056,71,1
8056,9,1
8056,75,1
8056,77,3
8057,75,1
8057,78,2
8058,6,1
8058,73,1
8059,71,3
8059,80,1
8059,41,1
8059,74,3
8060,73,1
8060,71,1
8060,77,2
8060,76,2
8061,22,1
8061,24,2
8061,21,1
8061,74,2
8062,23,1
8062,20,1
8063,20,1
8063,39,1
8063,23,1
8064,23,1
8064,21,1
8065,24,2
8065,23,1
8065,21,1
8065,25,1
8066,21,2
8066,20,1
8066,51,1
8067,24,1
8067,21,2
8067,19,1
8067,41,3
8067,20,1
8068,24,1
8068,25,1
8068,74,1
8068,30,1
8069,22,2
8069,23,1
8070,32,1
8070,20,1
8071,22,2
8071,24,1
8071,21,1
8072,75,1
8072,20,1
8072,23,1
8072,74,2
8073,25,1
8074,74,1
8074,23,2
8074,22,2
8075,24,1
8075,22,1
8075,74,1
8076,23,1
8076,20,1
8076,21,1
8077,20,1
8077,24,2
8077,25,1
8078,75,1
8078,74,1
8079,22,1
8079,33,1
8079,74,1
8080,26,3
8080,49,1
8081,8,1
8081,6,2
8081,2,3
8082,30,1
8082,8,1
8083,51,1
8083,5,2
8083,9,1
8083,3,2
8084,2,1
8084,7,1
8084,35,1
8085,8,1
8085,7,1
8086,37,1
8086,3,2
8087,52,1
8087,2,1
8088,17,1
8088,1,1
8088,9,2
8088,4,1
8088,55,1
8089,7,1
8089,8,2
8089,2,1
8090,6,1
8090,5,1
8091,5,1
8091,4,1
8091,8,1
8092,9,1
8092,2,1
8092,21,1
8093,53,1
8093,2,1
8093,3,1
8093,7,2
8094,4,2
8094,5,1
8095,6,1
8095,3,1
8096,6,1
8096,3,1
8097,7,1
8097,52,1
8098,50,1
8098,4,1
8099,4,1
8099,2,2
8099,3,2
8100,8,1
8100,46,2
8100,9,1
8101,9,1
8101,2,1
8102,6,1
8102,7,1
8103,4,3
8103,45,1
8104,1,1
8104,3,1
8105,33,3
8105,2,1
8105,7,1
8105,29,1
8106,23,1
8106,2,1
8106,3,1
8107,7,2
8107,9,1
8107,5,1
8107,2,2
8108,5,1
8108,8,1
8109,9,1
8109,38,1
8109,4,1
8109,27,2
8109,6,2
8110,7,1
8110,3,2
8110,5,1
8111,9,2
8111,3,2
8111,44,1
8112,2,1
8113,6,1
8113,7,1
8113,1,1
8114,5,1
8114,6,1
8115,1,1
8115,8,2
8116,4,1
8116,16,2
8116,6,1
8117,9,2
8117,1,1
8118,59,1
8118,4,1
8118,6,1
8118,3,1
8119,8,2
8119,4,1
8119,1,1
8119,6,2
8120,1,1
8120,2,1
8120,6,1
8120,4,1
8121,63,2
8121,62,1
8121,9,1
8122,32,2
8122,64,1
8122,53,1
8123,14,1
8123,64,1
8123,66,1
8124,65,1
8124,63,1
8125,46,1
8125,62,3
8125,63,1
8125,66,1
8126,61,1
8126,62,1
8126,64,1
8127,39,1
8127,64,1
8127,65,1
8128,66,1
8128,61,2
8129,54,1
8129,65,1
8129,64,1
8130,64,1
8130,24,1
8130,61,1
8130,62,1
8130,63,1
8131,21,1
8131,64,3
8131,66,1
8132,64,1
8133,23,1
8133,62,1
8134,65,1
8134,17,1
8135,61,1
8135,66,2
8135,64,2
8135,4,1
8136,61,1
8136,63,3
8137,65,1
8137,64,1
8137,63,1
8138,63,1
8138,61,1
8138,62,1
8139,66,3
8139,65,1
8139,11,3
8139,25,2
8140,60,2
8140,37,1
8141,10,1
8141,13,1
8141,11,1
8142,10,1
8142,21,1
8143,13,1
8143,15,3
8143,16,1
8144,16,1
8144,12,1
8144,10,1
8145,10,1
8145,12,1
8146,16,3
8146,11,1
8147,16,1
8147,20,2
8148,15,1
8148,16,1
8148,12,1
8149,15,1
8150,12,1
8150,15,1
8151,13,1
8151,15,1
8151,16,1
8152,10,1
8152,11,3
8152,60,1
8153,12,1
8153,15,1
8154,13,3
8154,5,1
8155,16,2
8155,19,1
8156,16,1
8156,10,1
8156,13,1
8156,38,1
8157,16,1
8157,13,2
8157,12,1
8157,10,1
8158,15,3
8158,16,1
8159,59,1
8160,14,1
8160,15,1
8161,28,1
8161,32,1
8162,30,1
8162,33,2
8163,60,1
8163,30,1
8164,31,1
8164,29,3
8165,31,1
8165,28,1
8166,31,2
8166,17,1
8167,28,1
8167,39,1
8167,30,1
8168,29,2
8169,28,1
8169,31,1
8169,32,1
8170,33,1
8170,43,1
8170,31,3
8171,31,1
8171,28,2
8172,30,1
8172,32,1
8173,29,1
8173,33,2
8173,28,2
8173,24,1
8173,30,2
8174,33,1
8174,29,1
8174,32,1
8174,40,1
8174,31,1
8175,33,1
8175,30,1
8175,28,1
8175,31,2
8176,50,3
8176,30,1
8176,32,1
8177,30,1
8177,33,1
8177,28,1
8178,33,1
8178,29,1
8178,53,1
8179,12,2
8179,29,1
8179,32,1
8180,29,1
8180,35,1
8180,4,1
8181,68,1
8181,36,1
8182,28,1
8182,36,1
8182,70,1
8182,67,1
8183,70,1
8183,35,1
8183,36,1
8184,70,1
8184,69,1
8185,70,1
8185,36,1
8186,70,1
8186,69,3
8186,68,1
8186,36,1
8186,35,1
8187,36,2
8187,68,1
8187,35,1
8187,69,1
8188,70,1
8188,54,1
8189,18,1
8189,35,3
8190,69,1
8190,40,1
8190,67,1
8191,67,1
8191,35,1
8191,23,1
8192,10,1
8192,68,2
8193,68,1
8194,43,2
8194,68,1
8194,36,1
8195,69,2
8195,68,1
8196,69,1
8196,67,1
8196,32,1
8196,36,1
8197,70,1
8197,69,2
8198,69,1
8198,2,1
8198,17,1
8199,69,1
8200,22,1
8200,36,1
8201,36,1
8201,69,1
8202,35,1
8202,18,1
8202,38,1
8203,69,1
8203,67,1
8204,67,1
8205,48,1
8205,68,1
8206,67,1
8206,36,1
8206,69,1
8206,68,2
8207,70,2
8207,67,1
8207,35,1
8208,56,1
8208,49,2
8208,68,1
8208,35,1
8209,36,1
8210,36,1
8210,69,1
8210,70,1
8211,70,2
8212,36,2
8212,70,1
8213,69,1
8213,39,1
8213,70,2
8213,67,1
8214,49,1
8214,36,1
8214,69,1
8214,70,1
8215,30,1
8215,67,1
8215,70,1
8215,36,1
8216,68,1
8216,35,1
8216,70,1
8217,35,1
8217,67,1
8217,51,1
8218,70,1
8218,35,1
8218,59,3
8219,57,1
8219,36,1
8220,70,1
8220,67,1
8221,35,1
8221,67,1
8222,70,1
8223,70,3
8223,52,2
8224,67,3
8224,70,1
8224,11,1
8225,35,1
8225,36,1
8226,67,1
8226,35,1
8226,69,1
8226,68,3
8226,16,1
8227,36,1
8227,2,1
8227,68,1
8227,70,3
8228,68,1
8228,67,1
8228,55,1
8228,69,1
8229,36,1
8230,5,1
8230,36,1
8231,69,2
8231,2,1
8232,29,1
8232,67,1
8233,36,1
8233,67,1
8233,35,1
8233,14,1
8234,68,3
8234,67,3
8234,35,1
8234,70,1
8234,69,1
8235,67,1
8235,55,3
8235,51,1
8235,69,2
8236,36,1
8236,70,2
8236,53,1
8236,67,1
8236,69,1
8237,35,1
8237,68,1
8237,46,2
8238,2,1
8238,35,2
8239,69,1
8239,67,3
8239,70,1
8240,68,2
8240,67,2
8240,36,1
8240,35,1
8240,70,1
8241,1,1
8241,2,2
8241,3,1
8241,6,1
8242,5,1
8242,3,1
8243,9,1
8243,40,1
8243,8,1
8244,34,1
8244,9,3
8244,6,1
8244,8,1
8244,51,1
8245,2,1
8245,4,1
8245,8,2
8246,9,2
8246,7,1
8246,3,1
8247,53,1
8247,3,3
8248,3,1
8248,9,1
8249,8,1
8249,9,1
8249,11,3
8250,1,1
8250,2,1
8250,45,1
8251,49,1
8251,7,1
8251,8,3
8252,2,2
8252,4,1
8253,7,1
8253,1,1
8254,3,1
8254,7,1
8255,35,1
8256,5,1
8256,27,2
8256,7,1
8256,42,1
8257,4,3
8257,3,1
8257,8,1
8258,6,1
8258,57,1
8258,8,1
8259,9,1
8259,5,1
8259,19,2
8260,1,1
8260,53,1
8260,52,1
8261,71,1
8261,72,1
8262,75,1
8262,71,1
8263,80,2
8263,76,1
8263,28,1
8263,6,1
8263,72,3
8264,75,3
8264,79,2
8264,80,1
8264,72,1
8265,80,1
8265,78,1
8265,17,2
8266,79,2
8266,74,1
8266,80,2
8267,32,1
8267,76,1
8267,80,1
8268,74,3
8268,79,1
8268,78,1
8269,72,1
8269,80,1
8269,8,1
8270,76,1
8270,72,1
8270,24,1
8270,8,1
8271,80,1
8271,78,1
8271,31,1
8272,78,1
8272,79,1
8272,80,1
8273,76,1
8273,73,1
8273,79,1
8274,80,1
8274,77,1
8274,79,1
8275,75,1
8275,71,1
8276,71,1
8276,74,1
8276,43,1
8277,71,2
8277,74,1
8277,53,3
8278,19,1
8278,73,2
8278,15,3
8278,43,1
8279,75,1
8279,78,1
8279,77,1
8280,49,2
8280,80,2
8281,57,2
8281,39,2
8282,60,1
8282,58,2
8282,56,2
8283,60,1
8284,59,1
8284,60,1
8284,56,1
8285,60,2
8285,34,2
8285,58,3
8286,56,1
8286,59,2
8287,57,1
8287,59,1
8287,56,1
8288,59,2
8288,56,1
8289,60,1
8289,59,1
8289,58,1
8290,58,1
8290,21,1
8290,38,1
8291,57,1
8291,60,1
8292,5,1
8292,57,1
8293,58,1
8293,56,1
8294,57,1
8294,6,1
8294,59,1
8294,60,1
8295,58,3
8295,56,1
8295,59,1
8296,59,1
8296,56,1
8297,56,3
8297,60,1
8297,57,2
8297,59,3
8298,57,1
8298,58,1
8298,59,1
8299,56,1
8299,58,1
8300,34,1
8300,59,1
8301,2,1
8301,26,1
8302,25,1
8302,3,1
8303,4,1
8303,9,1
8303,3,1
8304,2,1
8304,4,2
8305,4,2
8305,2,1
8305,9,1
8306,1,2
8306,6,1
8306,4,1
8306,9,2
8307,8,1
8307,7,1
8307,4,1
8308,3,1
8308,7,1
8308,14,1
8309,6,3
8309,19,2
8310,3,1
8311,5,1
8311,8,1
8312,5,1
8312,1,1
8313,2,1
8313,1,1
8314,1,1
8314,14,1
8315,6,1
8315,8,1
8315,4,1
8316,3,1
8316,6,1
8316,1,1
8317,5,1
8318,2,1
8318,21,2
8319,57,1
8319,1,2
8319,6,1
8320,19,2
8320,56,1
8320,2,1
8320,23,1
8321,9,1
8321,8,1
8321,4,1
8322,39,1
8322,6,1
8323,2,1
8323,7,1
8323,5,1
8323,50,1
8324,7,2
8324,9,2
8324,5,1
8324,38,1
8325,3,1
8325,6,1
8325,8,2
8325,58,3
8326,2,2
8326,4,1
8327,2,1
8327,9,1
8328,6,1
8328,2,1
8329,7,1
8329,4,1
8330,4,1
8330,8,1
8331,6,2
8331,4,1
8332,42,1
8332,8,1
8332,5,1
8332,6,1
8333,16,1
8333,2,1
8333,6,1
8333,9,1
8334,6,1
8334,7,1
8334,3,1
8334,1,1
8335,6,2
8335,59,1
8335,29,2
8336,9,2
8336,8,2
8336,7,1
8337,1,1
8338,2,1
8338,3,1
8339,8,1
8339,2,1
8339,1,1
8340,4,1
8340,7,1
8341,3,1
8341,48,1
8342,9,1
8342,3,1
8343,22,1
8344,2,1
8344,7,1
8345,1,1
8345,2,2
8346,6,1
8346,7,1
8346,2,2
8346,3,1
8346,9,1
8347,8,1
8347,3,1
8347,5,2
8347,9,1
8348,25,1
8348,23,1
8349,4,1
8349,47,1
8350,9,1
8350,37,1
8350,7,1
8350,1,1
8351,33,1
8351,4,1
8351,7,1
8351,2,2
8352,7,1
8352,30,2
8352,33,2
8353,6,1
8353,18,2
8353,3,1
8354,57,2
8354,6,1
8354,5,3
8354,9,1
8354,3,2
8355,7,1
8355,3,1
8355,2,1
8355,21,1
8355,9,1
8356,8,1
8356,6,2
8357,2,2
8357,5,1
8358,1,1
8358,6,1
8359,44,1
8359,15,1
8360,9,1
8360,6,1
8360,56,1
8361,23,1
8361,13,1
8361,44,2
8362,11,2
8362,46,1
8362,10,1
8363,15,2
8363,13,1
8363,6,1
8364,2,2
8364,32,1
8364,11,1
8365,14,1
8365,11,1
8365,38,1
8365,15,1
8366,12,2
8366,15,1
8367,53,1
8367,11,1
8368,16,2
8368,4,1
8369,45,1
8369,12,2
8369,14,2
8369,10,1
8370,43,1
8370,12,3
8371,10,1
8371,12,1
8372,12,2
8372,10,2
8373,15,1
8373,12,1
8373,14,1
8374,16,1
8374,22,1
8375,15,1
8375,16,1
8375,12,1
8375,14,1
8376,13,2
8376,11,1
8376,14,1
8376,19,1
8377,13,1
8377,14,1
8377,22,1
8378,15,1
8378,14,1
8378,13,1
8379,11,1
8379,10,2
8379,16,1
8380,13,1
8380,12,1
8380,15,1
8381,29,1
8381,19,1
8382,11,1
8382,19,1
8383,18,1
8383,40,1
8383,31,1
8384,18,1
8385,19,1
8385,18,2
8385,55,1
8386,29,1
8386,19,1
8386,18,1
8386,34,2
8387,34,1
8387,5,1
8387,18,1
8388,29,2
8388,18,1
8388,19,1
8389,18,1
8389,19,1
8389,29,1
8390,19,2
8390,29,1
8390,18,1
8391,34,1
8391,10,1
8391,18,1
8391,19,3
8392,55,1
8392,18,1
8392,19,1
8392,29,1
8393,18,1
8393,29,1
8394,34,1
8394,29,1
8395,29,1
8395,19,1
8395,34,1
8396,18,2
8397,19,2
8397,34,1
8397,29,1
8397,18,1
8398,18,1
8398,5,1
8398,34,1
8398,19,2
8399,34,1
8399,24,1
8399,29,2
8399,9,1
8400,18,1
8400,27,1
8401,8,1
8401,37,1
8401,14,1
8402,13,1
8402,16,1
8403,11,2
8403,15,1
8403,13,2
8404,13,1
8405,17,1
8405,14,1
8406,14,1
8406,11,2
8406,15,1
8406,16,1
8407,38,3
8407,16,1
8407,14,1
8408,12,3
8408,15,1
8408,52,1
8409,13,1
8409,12,1
8409,14,1
8410,11,2
8410,10,1
8411,13,1
8411,16,1
8411,10,1
8411,60,1
8411,15,1
8412,16,1
8412,15,1
8412,43,1
8413,10,2
8413,14,1
8413,50,1
8413,12,1
8414,52,1
8414,15,1
8415,13,1
8415,10,1
8415,11,1
8416,10,1
8416,11,1
8416,12,1
8417,15,1
8417,26,1
8418,11,1
8418,45,1
8419,12,1
8420,11,1
8420,15,1
8421,28,1
8421,2,1
8421,9,1
8422,1,1
8422,3,1
8423,6,1
8423,2,2
8423,49,1
8423,4,2
8424,4,3
8424,14,1
8424,8,1
8425,34,1
8425,5,2
8425,6,3
8425,1,3
8426,3,1
8426,14,1
8426,59,2
8426,41,1
8426,8,1
8427,9,1
8427,7,1
8428,7,1
8428,8,2
8429,4,1
8429,7,3
8429,1,1
8429,5,1
8430,46,1
8430,9,1
8430,26,1
8431,1,1
8431,4,1
8431,2,1
8432,1,1
8432,5,2
8432,8,1
8432,9,1
8433,9,2
8433,4,1
8433,7,2
8434,9,1
8434,3,2
8435,6,1
8435,9,1
8436,8,1
8437,15,1
8437,8,1
8437,7,1
8438,3,1
8438,47,1
8439,5,1
8439,1,1
8440,6,3
8440,7,3
8440,9,1
8441,32,1
8441,65,3
8442,33,1
8442,66,1
8442,18,1
8443,64,1
8443,33,3
8443,65,1
8443,21,1
8444,65,1
8444,63,3
8444,58,1
8445,24,1
8445,46,1
8446,62,1
8446,27,1
8446,65,2
8447,66,1
8447,63,1
8447,62,2
8448,63,1
8448,64,1
8449,63,1
8450,63,2
8450,65,1
8451,62,1
8451,64,1
8451,10,1
8451,63,1
8452,64,1
8452,42,1
8453,61,1
8453,63,1
8454,61,1
8454,63,1
8454,66,1
8455,65,1
8455,33,3
8455,63,1
8455,5,1
8456,64,1
8457,61,1
8457,64,1
8458,30,1
8458,63,1
8459,62,1
8460,63,1
8461,13,1
8461,15,1
8462,12,1
8463,12,2
8463,14,2
8463,19,1
8463,16,1
8464,15,2
8464,11,1
8465,25,1
8465,11,1
8465,41,1
8466,14,1
8466,10,1
8467,14,1
8468,12,3
8468,11,1
8468,13,2
8468,10,1
8469,10,1
8469,12,1
8470,10,1
8470,14,2
8470,12,2
8470,15,1
8471,15,1
8471,14,1
8472,11,1
8472,9,1
8473,11,1
8473,16,1
8473,15,1
8473,14,1
8474,11,1
8474,16,1
8474,30,1
8475,16,1
8475,12,1
8475,14,1
8476,10,2
8477,16,1
8478,7,3
8478,13,1
8478,49,2
8479,10,1
8479,16,1
8479,32,1
8480,15,2
8481,63,1
8481,61,1
8481,66,1
8481,65,1
8482,63,1
8483,10,1
8483,65,1
8483,48,1
8484,61,1
8484,65,1
8484,62,1
8485,63,1
8485,64,1
8486,62,1
8486,66,1
8487,54,1
8487,49,2
8488,52,2
8488,61,1
8488,14,1
8489,66,2
8489,61,2
8490,66,1
8491,63,2
8491,66,2
8492,61,1
8492,63,1
8492,64,1
8492,66,2
8493,48,1
8493,62,1
8493,66,1
8493,26,1
8494,64,1
8494,62,1
8495,66,1
8495,61,1
8495,65,1
8495,10,1
8496,63,1
8497,63,3
8497,61,1
8497,66,1
8497,62,3
8498,26,2
8498,65,1
8499,12,1
8499,66,1
8500,64,2
8500,39,1
8500,63,1
8501,11,1
8501,10,1
8501,15,2
8502,12,3
8502,10,1
8503,16,1
8503,13,1
8504,44,1
8504,16,1
8504,23,2
8505,13,1
8505,11,1
8505,16,1
8506,16,1
8507,16,2
8507,10,1
8508,10,2
8508,12,1
8509,11,1
8509,55,1
8509,15,1
8510,14,2
8510,35,1
8511,24,2
8512,14,1
8512,16,1
8512,10,1
8513,13,1
8513,12,1
8513,16,1
8513,15,1
8514,12,1
8514,11,1
8515,12,3
8515,14,1
8516,13,2
8516,10,1
8517,14,1
8517,58,1
8517,23,3
8518,12,1
8518,42,1
8518,16,1
8519,10,1
8519,14,3
8519,11,2
8520,10,2
8520,7,1
8520,13,1
8521,64,1
8521,63,1
8522,5,1
8522,62,1
8522,64,2
8523,61,1
8523,65,1
8523,63,2
8523,42,1
8524,62,1
8525,52,1
8525,66,1
8525,35,1
8525,61,1
8526,65,1
8526,62,1
8527,64,1
8527,62,1
8527,63,2
8528,14,1
8528,63,1
8529,61,1
8529,65,2
8530,65,1
8530,59,1
8531,61,1
8531,66,1
8531,64,1
8532,65,2
8532,61,1
8533,65,1
8534,58,1
8534,65,1
8535,61,1
8536,55,1
8536,64,2
8537,60,1
8537,57,1
8537,65,1
8538,64,1
8538,66,1
8538,20,1
8538,45,1
8539,63,2
8539,65,1
8540,64,1
8541,25,1
8541,12,1
8542,22,1
8542,30,1
8542,24,1
8542,23,1
8543,23,1
8543,24,1
8543,22,1
8544,22,2
8544,25,1
8544,55,3
8545,23,1
8545,54,1
8546,22,1
8546,24,1
8546,23,2
8547,24,1
8547,26,1
8547,25,1
8548,47,1
8548,25,1
8548,23,1
8549,22,2
8549,24,1
8549,25,1
8550,24,1
8550,25,1
8551,24,2
8551,23,1
8551,10,1
8551,34,1
8552,25,1
8552,24,1
8553,60,1
8553,25,1
8553,23,3
8554,25,1
8554,47,1
8554,24,3
8555,23,1
8555,25,2
8556,23,1
8557,24,1
8557,23,1
8557,22,1
8558,24,1
8559,22,1
8559,25,1
8560,25,1
8560,23,1
8560,24,1
8561,29,1
8561,33,1
8561,31,1
8561,28,1
8562,29,1
8562,30,1
8563,28,1
8563,4,1
8563,32,1
8563,52,1
8564,32,2
8564,28,1
8564,30,1
8565,29,3
8565,28,1
8566,33,1
8566,28,1
8566,32,1
8566,29,1
8567,33,2
8567,30,2
8567,29,1
8567,28,2
8568,28,1
8568,20,1
8568,29,1
8569,30,2
8570,31,2
8570,29,1
8570,39,1
8571,32,1
8571,29,1
8571,31,1
8571,28,1
8572,30,1
8573,31,1
8573,16,1
8573,29,1
8574,32,1
8574,29,1
8574,28,2
8574,31,1
8575,33,1
8575,31,1
8576,28,1
8576,29,1
8577,29,1
8578,33,1
8578,29,1
8578,30,1
8579,30,3
8579,32,1
8579,10,1
8580,30,1
8581,27,1
8581,60,1
8581,56,1
8581,57,2
8582,9,2
8582,58,1
8583,56,2
8583,60,1
8584,59,1
8584,57,3
8584,60,1
8585,60,1
8585,59,1
8585,57,1
8586,58,1
8586,53,1
8586,60,1
8586,56,1
8587,49,1
8587,56,1
8587,59,1
8588,59,1
8588,10,1
8588,57,2
8589,56,1
8589,59,2
8589,60,1
8590,57,1
8590,50,1
8590,58,1
8591,56,1
8591,60,1
8592,59,2
8592,46,1
8593,56,1
8593,20,1
8594,58,1
8594,56,1
8595,58,3
8595,60,1
8596,60,1
8597,37,1
8597,59,1
8597,58,1
8597,57,1
8598,60,1
8598,12,1
8598,58,1
8599,60,1
8599,49,1
8599,56,2
8599,58,1
8599,59,1
8600,25,1
8600,58,1
8600,56,1
8601,16,1
8601,14,1
8602,23,1
8602,11,1
8602,15,3
8602,10,1
8603,10,1
8603,11,2
8604,12,1
8604,13,1
8604,16,1
8604,15,2
8605,59,1
8605,13,1
8606,51,3
8606,39,1
8606,15,3
8607,11,1
8607,17,1
8607,15,1
8608,14,1
8608,11,1
8608,39,2
8608,13,1
8609,54,1
8609,10,1
8609,15,3
8609,16,1
8610,14,1
8610,16,1
8610,12,2
8610,4,2
8611,11,3
8611,10,1
8611,12,2
8612,51,1
8612,56,1
8612,12,1
8612,10,1
8613,16,1
8613,15,2
8614,16,2
8614,10,2
8614,12,1
8614,56,1
8615,13,1
8615,16,2
8616,14,1
8616,16,1
8616,11,2
8617,10,1
8617,13,1
8618,13,1
8618,60,1
8618,12,1
8618,16,1
8619,13,2
8619,11,2
8619,12,2
8620,15,1
8620,22,2
8620,11,1
8621,59,1
8621,47,2
8622,60,1
8622,56,1
8623,45,1
8623,60,1
8623,17,1
8624,57,1
8624,60,1
8624,56,1
8625,60,1
8625,59,1
8625,56,1
8626,58,1
8626,57,3
8627,58,1
8627,60,1
8627,30,1
8628,57,1
8628,56,1
8628,34,1
8628,58,1
8629,35,1
8629,59,2
8629,34,1
8630,59,1
8630,60,1
8630,58,2
8631,56,3
8631,59,2
8632,59,1
8632,60,1
8632,57,2
8633,60,1
8633,56,1
8634,60,1
8634,58,1
8634,59,2
8635,56,2
8635,58,1
8636,57,1
8636,58,1
8636,60,1
8636,27,1
8637,57,1
8637,28,1
8637,59,1
8638,59,1
8638,58,1
8638,56,1
8638,5,1
8639,58,1
8639,60,1
8640,58,1
8640,60,2
8640,50,1
8641,64,1
8641,61,1
8642,61,1
8642,63,1
8642,47,2
8642,48,1
8643,65,1
8643,27,1
8644,61,2
8644,65,1
8644,62,1
8644,66,2
8645,66,1
8645,17,2
8645,41,1
8645,62,1
8646,60,1
8647,14,1
8647,64,1
8648,62,1
8649,47,1
8649,62,1
8650,63,1
8650,66,1
8650,65,2
8650,61,1
8651,65,3
8651,46,1
8651,62,1
8652,64,1
8652,61,1
8652,62,2
8653,28,1
8653,62,2
8653,65,1
8653,63,1
8653,32,2
8654,64,1
8654,16,1
8655,61,2
8655,39,1
8655,62,2
8656,66,1
8656,23,1
8657,61,1
8657,64,1
8657,62,1
8658,61,1
8659,66,1
8659,46,1
8659,63,1
8660,66,2
8660,7,1
8660,43,1
8661,71,1
8661,77,1
8662,74,1
8662,72,1
8662,71,1
8662,73,2
8662,77,1
8663,75,1
8663,2,1
8663,74,1
8663,80,1
8664,74,1
8664,75,2
8665,74,1
8665,8,1
8665,77,1
8666,50,3
8666,73,1
8666,74,1
8666,32,1
8667,75,1
8667,13,1
8667,73,1
8668,6,1
8668,5,1
8668,77,1
8668,75,2
8669,78,1
8669,71,2
8669,72,1
8669,77,1
8670,76,1
8670,28,1
8671,74,1
8671,77,3
8671,79,2
8672,78,1
8672,80,1
8672,73,2
8672,75,1
8672,20,3
8673,80,1
8673,72,1
8673,51,1
8674,76,2
8674,80,1
8674,79,1
8675,76,1
8675,74,1
8675,80,2
8675,73,2
8676,7,1
8676,71,2
8676,80,1
8676,9,1
8677,77,1
8677,74,1
8677,75,1
8677,40,1
8677,73,1
8678,72,1
8678,76,1
8678,80,1
8678,74,1
8679,21,1
8679,76,1
8679,6,1
8680,72,1
8680,74,1
8680,76,1
8680,71,3
8680,27,1
8681,4,1
8681,29,2
8681,6,1
8681,7,1
8682,8,1
8682,7,1
8683,1,1
8683,8,1
8683,42,2
8684,7,3
8684,1,1
8684,6,1
8685,8,1
8686,6,2
8686,8,1
8687,2,1
8687,23,1
8687,8,1
8688,2,1
8688,8,1
8689,8,2
8689,2,1
8690,5,1
8690,2,1
8690,7,1
8691,14,2
8692,6,1
8693,2,1
8694,2,1
8694,9,2
8694,7,1
8695,7,2
8695,2,1
8696,42,1
8696,9,1
8696,7,1
8697,5,2
8698,8,1
8698,2,1
8698,7,1
8699,1,3
8699,8,1
8699,9,1
8700,55,1
8700,7,1
8700,6,1
8701,65,1
8701,62,1
8701,6,1
8702,62,1
8702,2,1
8703,69,1
8703,41,1
8703,57,1
8703,53,1
8704,58,1
8704,70,1
8705,61,1
8705,69,1
8706,63,1
8706,52,1
8706,26,1
8706,60,1
8707,52,1
8707,50,1
8707,59,1
8707,70,1
8708,59,1
8708,70,1
8709,16,1
8709,65,1
8710,53,1
8710,64,1
8710,51,2
8710,54,1
8710,39,1
8711,65,1
8711,28,1
8712,48,1
8712,69,1
8713,58,1
8713,65,1
8714,69,1
8714,35,1
8714,61,1
8715,70,1
8715,53,1
8715,39,1
8716,63,1
8716,70,1
8716,34,1
8716,58,1
8717,56,1
8717,55,1
8717,66,1
8718,47,1
8718,28,1
8718,52,1
8719,64,1
8719,51,1
8720,57,1
8720,69,1
8720,54,1
8721,22,1
8721,75,1
8722,75,1
8722,21,1
8722,22,1
8723,22,2
8723,4,1
8723,39,2
8723,58,1
8724,20,1
8724,22,1
8725,75,1
8725,21,1
8726,38,1
8726,23,1
8727,23,1
8727,74,1
8727,24,1
8728,75,1
8728,24,1
8728,20,1
8729,74,1
8729,75,1
8730,75,2
8730,24,1
8730,20,3
8731,22,1
8731,21,1
8732,23,2
8732,38,1
8733,59,1
8733,22,1
8734,26,1
8735,25,2
8735,23,1
8736,74,1
8736,21,1
8736,22,1
8737,24,1
8737,13,1
8738,20,1
8738,25,2
8739,75,1
8739,25,1
8739,20,2
8740,75,2
8740,25,1
8740,22,1
8741,65,1
8741,61,1
8742,66,1
8742,64,2
8743,65,1
8743,62,1
8743,61,1
8743,59,1
8744,36,1
8744,63,1
8744,61,1
8745,64,2
8745,63,1
8745,62,1
8746,62,1
8746,64,1
8747,17,1
8747,63,1
8747,64,1
8748,64,1
8748,23,3
8748,66,3
8749,10,2
8749,62,1
8749,64,1
8750,63,1
8750,62,2
8750,64,1
8751,66,1
8751,63,3
8752,64,2
8752,62,1
8752,21,1
8753,64,1
8753,61,1
8753,63,1
8754,63,1
8754,61,1
8754,16,2
8755,65,1
8755,13,1
8756,39,1
8756,64,1
8756,61,1
8757,64,1
8757,65,1
8757,62,1
8757,19,1
8758,8,1
8758,62,1
8759,64,1
8759,65,1
8760,66,1
8760,62,1
8761,10,1
8761,14,2
8761,16,1
8762,13,1
8762,16,1
8762,10,1
8763,13,1
8763,10,1
8763,15,1
8764,13,2
8764,4,1
8765,12,1
8765,14,3
8766,14,1
8766,16,2
8766,45,2
8767,11,2
8767,15,1
8768,16,1
8768,17,1
8769,11,1
8769,10,1
8769,4,1
8770,15,1
8770,10,1
8770,32,1
8770,1,2
8771,12,1
8771,10,1
8771,16,1
8772,14,1
8772,10,1
8772,16,2
8773,15,1
8773,10,1
8774,16,1
8774,31,1
8774,13,3
8775,33,1
8775,8,1
8775,12,1
8776,14,1
8776,12,1
8776,11,1
8777,15,1
8777,39,1
8777,13,1
8778,11,1
8778,16,3
8778,13,2
8778,10,1
8779,13,1
8779,15,1
8780,15,2
8780,45,1
8781,34,1
8781,16,3
8781,9,2
8782,4,1
8782,29,1
8783,34,1
8783,18,1
8783,20,1
8783,60,1
8784,19,2
8785,34,2
8785,19,1
8785,29,1
8786,18,1
8786,48,3
8786,29,1
8786,19,1
8787,19,2
8787,29,3
8787,18,1
8788,19,2
8788,34,1
8788,29,1
8789,52,1
8789,29,2
8790,19,2
8790,29,1
8790,18,3
8791,18,1
8791,34,1
8791,29,1
8792,29,1
8792,19,3
8792,23,1
8793,3,2
8793,19,1
8794,18,1
8794,19,1
8795,34,1
8795,29,3
8796,29,1
8797,19,1
8797,29,1
8798,19,2
8798,29,1
8798,18,1
8799,19,1
8799,34,1
8799,52,1
8800,18,1
8800,29,1
8800,19,1
8800,36,1
8801,2,1
8801,46,1
8801,4,1
8802,6,1
8802,7,2
8803,4,1
8803,6,1
8804,9,1
8804,44,1
8804,28,1
8804,8,1
8805,5,1
8805,1,1
8805,19,1
8806,1,2
8806,4,1
8807,8,1
8807,7,1
8808,1,2
8808,8,1
8808,4,1
8809,4,1
8809,14,2
8810,4,1
8810,7,2
8811,7,1
8811,9,2
8812,7,2
8812,5,1
8813,5,1
8813,6,1
8814,10,1
8814,6,1
8815,5,1
8815,4,1
8815,9,2
8816,7,1
8816,6,1
8816,8,2
8817,6,1
8817,20,2
8818,3,2
8818,7,1
8819,3,1
8819,7,1
8819,8,1
8819,6,1
8820,6,1
8820,4,1
8820,8,1
8820,9,1
8821,35,2
8821,59,1
8821,56,3
8822,59,1
8822,60,1
8823,60,1
8823,59,1
8824,60,2
8824,59,1
8825,33,1
8825,29,2
8826,2,1
8826,60,3
8826,57,2
8827,56,1
8827,42,1
8828,60,1
8829,56,1
8829,34,1
8829,57,1
8830,56,1
8830,3,3
8831,60,1
8831,58,1
8832,60,1
8832,58,2
8832,21,1
8833,59,1
8833,57,1
8834,58,1
8834,56,1
8835,58,2
8835,56,2
8835,50,1
8836,57,2
8836,60,1
8836,2,1
8836,58,1
8837,58,2
8837,56,1
8838,60,2
8838,59,1
8839,57,1
8839,58,2
8840,41,3
8840,60,1
8841,48,1
8841,62,2
8842,65,2
8842,66,3
8842,32,1
8842,6,1
8843,64,1
8843,65,2
8843,61,1
8844,66,1
8844,61,1
8845,65,1
8846,63,1
8846,65,1
8846,61,1
8846,39,3
8846,43,1
8847,65,1
8847,63,1
8847,61,1
8848,64,2
8848,9,2
8849,66,1
8849,63,1
8850,62,1
8850,64,1
8851,65,1
8851,64,1
8851,62,1
8851,61,1
8852,65,1
8852,64,2
8853,14,1
8853,64,1
8854,66,1
8854,65,1
8855,65,1
8855,62,1
8856,66,1
8856,64,1
8857,63,1
8857,65,1
8857,54,1
8858,37,2
8858,65,1
8858,63,1
8858,62,1
8859,66,1
8859,65,1
8859,62,1
8860,62,1
8860,63,1
8861,18,1
8861,29,1
8862,18,1
8863,41,2
8863,30,1
8864,18,1
8864,19,1
8864,56,1
8864,29,1
8865,29,1
8865,19,1
8866,34,1
8866,29,1
8866,33,1
8867,19,1
8867,29,1
8867,18,1
8867,57,2
8868,18,2
8869,29,1
8869,19,1
8870,19,1
8870,34,1
8870,29,1
8871,18,1
8871,19,1
8871,29,1
8872,19,1
8872,29,1
8872,18,1
8873,4,1
8873,29,1
8873,7,1
8873,19,1
8873,34,1
8874,19,1
8874,53,1
8875,19,1
8875,7,1
8876,29,1
8876,3,1
8876,34,1
8876,19,2
8877,29,1
8877,34,1
8877,19,1
8877,18,1
8877,8,1
8878,34,1
8878,1,2
8878,19,1
8879,34,2
8879,19,1
8880,19,1
8880,18,1
8881,73,1
8881,57,1
8882,73,2
8882,76,1
8882,71,1
8882,53,1
8883,77,1
8883,45,1
8883,72,1
8883,71,1
8884,54,1
8884,71,1
8885,74,1
8885,79,1
8885,46,1
8885,7,2
8886,74,1
8886,75,1
8886,78,2
8887,73,2
8887,71,1
8887,77,2
8887,75,1
8888,78,1
8888,12,1
8889,71,1
8889,80,1
8890,72,1
8890,79,1
8891,6,1
8891,80,2
8892,80,1
8892,72,1
8892,75,3
8892,78,2
8893,80,1
8893,72,3
8893,77,2
8894,10,3
8894,76,1
8894,27,1
8895,74,2
8895,50,1
8896,74,1
8896,72,1
8896,78,1
8896,80,1
8896,77,1
8897,2,1
8897,6,2
8897,73,1
8898,78,1
8898,72,1
8898,71,3
8898,79,2
8899,77,1
8899,80,2
8899,78,1
8900,80,1
8900,71,1
8900,74,1
8901,23,1
8902,69,1
8902,36,1
8903,69,1
8903,36,1
8904,68,1
8904,8,1
8904,44,1
8905,67,1
8906,68,2
8906,70,1
8906,67,2
8907,50,1
8907,68,2
8907,35,1
8908,35,1
8908,47,1
8909,36,1
8910,67,1
8910,68,3
8911,19,1
8912,70,2
8912,16,1
8913,69,1
8913,11,1
8913,36,1
8914,35,1
8914,70,1
8914,36,1
8914,69,2
8914,68,3
8915,69,1
8915,47,1
8916,69,1
8916,36,1
8916,28,1
8917,36,2
8917,69,1
8918,35,1
8918,67,2
8918,68,2
8919,35,1
8919,70,1
8919,18,1
8920,69,1
8920,36,1
8920,68,1
8920,35,2
8921,63,2
8921,64,2
8921,26,1
8922,66,1
8922,65,1
8922,64,3
8923,44,1
8923,64,1
8924,64,1
8924,63,1
8924,38,2
8925,61,1
8926,62,1
8926,65,1
8927,62,1
8927,63,1
8928,61,1
8928,65,1
8928,62,1
8928,64,1
8928,66,1
8929,32,1
8929,64,1
8929,63,1
8930,62,1
8930,61,1
8930,66,1
8931,65,1
8931,63,1
8932,61,1
8932,62,1
8932,66,1
8932,64,2
8932,17,1
8933,36,1
8933,65,1
8934,61,3
8934,62,1
8935,66,1
8935,61,1
8935,64,1
8936,64,1
8936,65,1
8937,61,1
8937,62,1
8938,65,1
8938,37,1
8938,66,1
8939,65,1
8939,64,2
8940,65,1
8940,31,1
8941,13,1
8941,10,1
8942,15,2
8942,14,1
8942,16,1
8943,15,1
8943,11,1
8944,11,2
8944,12,1
8945,13,1
8945,16,1
8945,12,3
8945,14,1
8945,10,1
8946,12,1
8946,43,1
8947,13,2
8947,16,1
8948,14,1
8948,11,3
8949,11,1
8949,10,1
8950,14,1
8950,15,1
8950,12,1
8951,12,1
8951,13,1
8952,16,2
8952,14,1
8953,16,1
8953,28,1
8954,15,1
8954,12,1
8954,14,3
8955,12,1
8955,13,3
8956,16,1
8956,10,2
8956,15,1
8957,13,1
8957,16,1
8958,10,1
8958,14,1
8959,13,1
8959,12,1
8960,12,1
8960,13,1
8961,15,2
8961,18,1
8962,29,2
8962,34,1
8962,3,1
8962,18,2
8963,40,1
8963,34,1
8963,60,1
8964,29,1
8964,19,1
8965,29,1
8965,19,2
8966,19,1
8966,29,1
8966,18,1
8967,57,1
8967,19,1
8967,34,1
8968,34,2
8968,18,1
8968,7,1
8969,18,1
8969,38,1
8969,34,1
8970,29,1
8970,18,2
8971,22,1
8971,34,1
8971,18,1
8972,18,1
8972,19,1
8973,34,1
8973,29,1
8974,29,2
8974,19,1
8975,34,1
8975,19,2
8975,29,2
8976,29,1
8976,42,1
8977,19,1
8977,3,1
8977,18,1
8978,25,1
8978,29,1
8978,35,1
8978,34,2
8979,34,1
8979,19,1
8979,29,1
8980,28,2
8980,36,1
8980,29,1
8981,25,3
8981,23,1
8982,24,1
8982,20,1
8983,74,1
8983,20,1
8984,74,1
8984,21,1
8984,20,1
8984,24,1
8984,38,1
8985,25,1
8985,21,2
8986,21,1
8986,74,1
8986,24,1
8986,75,1
8986,22,1
8987,22,2
8987,24,1
8987,20,1
8988,22,1
8988,74,1
8988,21,3
8989,75,1
8989,24,1
8990,24,1
8990,25,1
8990,75,1
8991,22,1
8991,20,2
8992,56,2
8992,23,1
8993,75,1
8993,22,1
8993,20,2
8994,45,1
8994,14,1
8995,22,1
8995,23,1
8996,25,1
8996,44,2
8997,24,1
8997,74,1
8997,23,1
8997,50,1
8998,16,2
8999,36,1
8999,24,1
9000,24,1
9000,74,1
9001,24,1
9001,22,1
9001,75,1
9001,74,1
9001,47,3
9002,20,1
9002,75,1
9002,74,1
9003,22,3
9004,41,1
9004,25,1
9004,20,2
9005,24,3
9005,10,2
9006,20,1
9006,75,1
9006,25,1
9007,54,1
9007,22,1
9008,21,1
9008,45,2
9008,23,1
9009,14,1
9009,56,1
9010,10,1
9010,22,1
9011,75,1
9011,25,2
9011,20,1
9011,24,1
9011,2,1
9012,20,1
9012,53,2
9012,74,1
9013,14,1
9013,22,1
9013,74,1
9014,7,1
9014,38,1
9014,24,1
9015,21,2
9015,23,1
9016,39,2
9016,10,1
9017,74,1
9017,42,3
9017,75,1
9017,25,1
9018,23,2
9018,25,1
9018,74,1
9019,75,2
9019,17,1
9019,74,1
9020,36,1
9020,46,2
9020,24,1
9020,74,1
9020,20,1
9021,45,2
9021,58,2
9022,57,1
9022,60,1
9022,56,1
9022,59,1
9023,58,1
9023,59,1
9023,60,3
9024,57,1
9024,17,2
9025,59,1
9025,58,1
9025,57,1
9025,56,1
9026,57,1
9026,38,1
9026,30,1
9026,58,1
9027,59,1
9027,58,1
9027,35,1
9027,19,1
9028,38,2
9028,4,1
9029,60,1
9029,59,2
9029,57,1
9029,56,2
9030,56,1
9030,57,1
9030,60,1
9031,60,1
9031,59,1
9032,60,1
9032,53,3
9032,57,1
9032,59,1
9033,58,3
9033,60,1
9034,57,1
9034,59,2
9035,58,1
9035,56,1
9036,57,1
9036,26,2
9036,56,1
9037,56,2
9037,60,1
9038,56,2
9038,58,1
9038,59,3
9039,56,1
9039,60,1
9039,19,3
9039,57,2
9040,56,1
9040,57,1
9040,27,1
9041,14,1
9041,13,1
9041,12,1
9041,39,1
9042,10,1
9042,45,1
9042,14,1
9043,15,1
9043,10,1
9043,12,1
9044,14,1
9044,55,1
9045,13,1
9045,11,1
9046,10,1
9047,47,1
9047,9,1
9048,32,1
9048,10,1
9048,12,1
9049,11,2
9049,12,1
9050,40,1
9050,10,1
9050,16,1
9050,11,2
9051,30,1
9052,21,2
9052,12,1
9052,28,1
9052,15,3
9053,14,1
9053,17,1
9053,12,1
9053,13,1
9054,10,2
9054,14,1
9054,35,1
9055,16,2
9055,11,1
9055,28,2
9056,13,1
9056,15,2
9057,11,1
9057,13,1
9057,7,1
9058,16,1
9058,14,1
9058,13,1
9059,40,1
9059,12,2
9059,16,1
9060,12,1
9060,11,1
9060,56,1
9061,6,1
9061,3,1
9062,7,1
9062,9,2
9062,2,2
9063,27,3
9063,8,1
9064,49,1
9064,5,1
9064,30,1
9065,2,1
9065,21,1
9065,33,1
9065,7,1
9066,1,1
9066,6,1
9067,7,2
9067,8,1
9068,7,1
9068,48,2
9069,3,2
9069,4,1
9070,6,1
9070,9,1
9071,8,2
9071,2,1
9072,4,1
9073,44,1
9073,7,1
9074,7,2
9074,9,2
9074,4,1
9075,1,1
9075,53,1
9075,26,1
9076,2,2
9076,7,1
9076,6,1
9076,9,1
9077,5,1
9077,27,1
9077,21,1
9078,38,1
9078,1,1
9078,4,1
9079,12,1
9080,6,1
9080,8,1
9080,9,1
9080,2,1
9081,69,3
9081,70,2
9082,35,1
9082,67,1
9083,68,2
9083,36,1
9083,35,2
9084,67,1
9084,28,2
9084,36,1
9085,69,1
9085,70,1
9086,36,1
9086,69,2
9087,70,1
9087,67,1
9087,33,1
9088,68,1
9088,36,2
9089,69,1
9089,70,1
9090,36,2
9090,69,1
9091,69,1
9091,35,1
9091,29,1
9092,67,1
9092,70,1
9092,55,1
9093,23,1
9093,36,1
9094,69,2
9094,70,1
9094,35,1
9095,70,2
9095,35,1
9095,36,1
9096,48,1
9096,69,1
9097,69,2
9097,70,1
9098,36,1
9098,7,3
9099,70,1
9099,35,1
9099,69,1
9099,37,1
9100,38,1
9100,68,1
9101,19,1
9101,34,2
9101,28,3
9102,19,2
9102,18,2
9103,29,1
9103,19,1
9103,18,1
9103,34,3
9104,7,1
9104,19,1
9104,18,1
9105,34,1
9105,19,1
9105,29,2
9106,22,1
9106,18,3
9107,29,3
9107,12,1
9107,19,2
9108,19,1
9108,29,1
9109,19,2
9109,29,3
9110,19,2
9110,34,1
9110,18,1
9111,29,1
9111,34,1
9111,19,1
9111,37,1
9112,18,1
9112,19,1
9112,44,1
9113,18,1
9113,34,1
9113,29,1
9114,18,1
9114,47,1
9114,25,1
9114,29,1
9115,19,1
9115,34,1
9115,29,1
9115,25,1
9115,18,2
9116,29,1
9116,19,1
9116,20,1
9117,34,1
9117,19,1
9117,18,2
9117,29,2
9118,18,1
9118,34,2
9118,29,1
9118,19,1
9119,1,1
9119,34,1
9120,18,1
9120,34,1
9120,29,1
9121,3,1
9121,4,3
9122,4,1
9122,30,1
9123,9,1
9123,7,1
9123,33,1
9123,29,1
9124,2,1
9124,6,1
9124,3,1
9125,2,1
9125,4,1
9126,8,1
9126,5,1
9126,7,1
9127,2,1
9127,1,1
9128,4,1
9128,1,1
9128,2,1
9128,9,2
9129,5,1
9129,4,1
9130,2,1
9130,8,2
9130,58,1
9131,11,1
9131,35,1
9131,41,1
9132,9,1
9132,6,1
9132,7,1
9133,6,1
9134,6,1
9134,9,1
9135,7,2
9135,4,1
9135,56,1
9136,59,1
9136,9,1
9136,7,1
9137,3,2
9137,8,1
9137,2,1
9138,2,1
9138,1,1
9138,4,1
9139,4,1
9139,5,1
9139,52,1
9139,8,1
9140,5,1
9140,37,1
9141,69,1
9141,55,1
9141,68,1
9142,67,1
9143,35,1
9143,70,2
9143,68,1
9144,68,1
9145,69,1
9145,40,1
9146,36,1
9146,30,1
9146,37,1
9147,36,1
9148,70,3
9148,26,3
9148,35,1
9149,36,1
9149,70,2
9149,35,2
9150,70,1
9150,35,1
9150,43,1
9150,47,1
9151,35,1
9151,70,1
9152,68,3
9152,70,1
9152,67,1
9153,67,2
9153,36,1
9153,69,1
9153,35,2
9154,35,1
9154,69,1
9154,68,1
9154,67,1
9155,18,2
9155,35,1
9155,69,1
9155,67,1
9156,67,1
9156,70,1
9156,36,2
9156,69,2
9157,59,1
9157,68,1
9158,36,1
9158,67,1
9158,69,3
9158,35,1
9158,70,1
9159,36,1
9159,41,1
9160,70,1
9160,69,1
9160,68,1
9161,40,1
9161,31,1
9162,41,3
9162,38,1
9162,8,1
9162,39,2
9163,37,1
9163,42,2
9163,41,1
9164,15,1
9164,39,1
9165,24,1
9165,41,2
9165,40,1
9165,37,1
9166,39,1
9166,60,1
9167,41,1
9167,38,1
9167,47,1
9167,42,1
9168,22,1
9168,40,1
9169,37,2
9169,38,1
9169,41,1
9169,42,1
9169,40,1
9170,39,1
9170,37,1
9170,42,1
9171,37,1
9171,38,1
9171,16,1
9171,15,1
9172,42,2
9172,37,1
9173,40,1
9173,42,1
9173,41,1
9173,38,1
9174,39,1
9174,42,1
9175,38,1
9175,37,1
9175,41,1
9176,42,2
9176,37,1
9176,40,1
9176,39,1
9177,42,1
9177,49,1
9177,41,1
9177,40,3
9178,37,1
9178,38,1
9179,42,1
9179,41,1
9179,21,1
9179,59,1
9180,26,1
9180,39,1
9181,41,1
9181,3,2
9182,25,1
9183,25,1
9183,22,1
9183,24,2
9183,59,1
9184,24,1
9185,23,2
9185,24,2
9185,22,1
9186,23,3
9186,24,1
9187,23,1
9187,25,1
9187,17,1
9188,23,3
9188,22,1
9189,25,3
9189,22,2
9189,24,1
9190,22,1
9190,23,2
9190,24,1
9191,40,1
9191,22,1
9192,22,1
9192,24,1
9192,32,1
9193,23,1
9193,24,1
9193,25,2
9193,22,1
9194,40,1
9194,25,1
9195,22,1
9196,24,1
9196,50,1
9197,23,1
9197,24,1
9197,22,1
9198,25,1
9198,23,1
9198,24,1
9198,22,1
9199,23,2
9199,24,1
9200,14,1
9200,25,1
9200,29,1
9201,1,1
9202,25,2
9202,24,1
9202,22,1
9203,3,1
9203,25,1
9203,22,1
9204,52,2
9204,11,1
9204,24,1
9205,9,1
9205,23,1
9206,24,1
9206,50,1
9207,22,1
9207,23,1
9207,28,1
9208,22,1
9208,23,1
9208,25,1
9209,14,2
9209,11,1
9209,24,1
9210,25,1
9210,51,2
9210,22,1
9211,23,3
9211,22,1
9212,24,1
9212,23,1
9212,53,1
9213,23,1
9213,24,1
9214,52,1
9214,23,1
9215,25,1
9215,23,1
9216,23,1
9216,25,3
9216,42,1
9217,23,1
9218,23,1
9218,25,1
9219,25,2
9219,23,1
9219,24,2
9219,3,1
9220,24,1
9220,22,1
9221,64,1
9221,65,1
9222,64,1
9222,65,1
9222,62,2
9222,36,1
9223,61,1
9224,61,1
9224,63,1
9224,66,1
9224,64,1
9225,62,1
9225,65,1
9225,61,1
9225,34,1
9225,64,1
9226,62,1
9226,3,1
9226,63,1
9227,61,1
9227,38,1
9227,25,1
9228,65,1
9228,26,2
9228,64,1
9229,64,1
9230,62,1
9230,65,2
9230,66,2
9231,65,1
9231,64,1
9231,62,1
9231,66,1
9232,23,1
9232,61,1
9232,64,1
9232,66,3
9233,66,1
9233,65,1
9234,53,1
9234,13,1
9234,64,1
9234,24,1
9235,66,1
9235,65,2
9236,37,1
9236,66,1
9237,51,3
9237,62,2
9237,63,1
9238,63,1
9238,61,1
9238,66,1
9239,62,1
9239,63,1
9240,66,1
9240,62,2
9240,64,1
9240,11,1
9241,9,1
9241,3,1
9242,3,1
9242,5,1
9242,8,1
9242,47,2
9243,8,1
9243,6,1
9244,5,2
9244,8,1
9245,7,1
9245,1,1
9245,3,1
9246,9,1
9246,3,1
9247,9,3
9247,30,1
9248,28,1
9249,1,2
9249,7,1
9250,1,1
9250,29,1
9250,3,1
9250,2,1
9251,1,1
9251,2,1
9252,46,1
9252,1,1
9253,3,1
9253,41,1
9253,2,1
9254,7,1
9254,3,2
9254,1,1
9255,8,2
9255,7,3
9255,22,1
9255,9,1
9256,7,1
9256,17,1
9257,1,1
9257,8,1
9258,5,1
9258,9,1
9258,1,1
9258,2,1
9259,2,1
9259,3,1
9259,17,1
9260,4,1
9260,8,1
9260,9,2
9261,20,1
9261,31,1
9261,24,1
9262,24,1
9262,23,1
9263,74,1
9263,20,1
9263,75,1
9264,75,1
9264,24,1
9264,23,2
9265,25,1
9265,21,1
9266,25,1
9266,22,1
9266,23,3
9267,21,2
9267,37,1
9267,75,2
9267,24,1
9268,21,1
9268,46,1
9269,74,1
9269,20,1
9269,75,1
9269,22,1
9270,21,1
9270,22,1
9271,75,1
9271,25,1
9271,1,1
9272,21,1
9272,20,1
9272,75,1
9273,25,1
9273,27,1
9274,46,1
9274,25,1
9275,20,2
9275,21,2
9276,21,1
9276,24,1
9277,23,1
9277,37,3
9277,22,1
9278,74,1
9278,25,2
9279,75,1
9279,20,1
9280,60,1
9280,24,1
9280,22,1
9280,75,1
9281,26,1
9281,77,1
9281,80,1
9282,74,3
9282,78,1
9282,23,1
9283,72,2
9283,75,2
9283,79,1
9284,71,1
9284,73,1
9284,76,2
9285,74,1
9285,37,1
9286,71,2
9286,72,1
9286,73,2
9286,75,1
9286,79,1
9287,48,1
9287,75,1
9288,3,1
9288,77,1
9288,78,1
9288,75,1
9289,73,1
9289,71,1
9290,77,1
9290,73,1
9290,80,1
9290,78,1
9291,72,2
9291,29,1
9292,80,1
9292,33,1
9292,73,1
9293,18,1
9293,28,1
9293,79,1
9294,74,1
9294,44,1
9295,72,2
9295,14,2
9295,71,1
9296,79,1
9296,78,1
9297,37,1
9297,76,1
9297,71,2
9298,79,1
9298,28,1
9299,71,2
9299,73,1
9299,75,1
9299,6,1
9300,79,1
9300,4,1
9300,72,2
9300,74,1
9301,11,2
9301,74,1
9302,21,1
9302,25,1
9303,23,1
9303,51,1
9303,25,3
9304,28,1
9304,25,3
9304,74,2
9304,24,1
9305,21,1
9305,23,1
9305,25,1
9306,22,2
9306,23,2
9307,25,1
9307,75,1
9308,14,1
9308,24,1
9309,21,1
9309,57,1
9310,21,1
9310,22,1
9310,25,2
9311,25,1
9312,24,1
9312,75,1
9313,75,1
9313,24,2
9313,3,1
9313,1,2
9313,15,1
9314,23,1
9314,24,2
9314,59,1
9315,39,1
9315,57,1
9315,75,2
9316,23,1
9316,25,1
9316,16,1
9317,4,1
9318,23,1
9319,21,1
9320,22,1
9320,24,1
9320,38,1
9320,36,3
9321,24,1
9321,49,1
9321,8,1
9321,28,1
9321,29,1
9322,37,1
9322,29,3
9323,29,1
9323,33,1
9323,24,3
9323,4,1
9324,29,1
9324,28,1
9324,32,1
9325,30,1
9325,53,1
9326,30,1
9326,29,1
9327,32,1
9327,30,1
9327,58,2
9328,30,1
9328,29,1
9328,33,1
9328,28,1
9328,31,1
9329,30,1
9329,32,1
9329,33,1
9329,28,1
9329,16,1
9330,30,1
9330,41,1
9331,29,1
9332,31,1
9332,28,1
9333,9,1
9333,28,1
9334,33,1
9334,31,1
9334,29,1
9334,28,1
9335,29,3
9335,33,1
9335,30,1
9336,30,1
9336,28,1
9336,31,1
9337,28,1
9337,30,1
9338,51,1
9338,30,1
9338,31,1
9338,22,1
9339,33,1
9339,28,1
9339,30,1
9339,29,1
9340,28,1
9340,24,2
9341,13,1
9342,11,1
9342,13,1
9343,10,1
9343,11,1
9344,15,1
9344,40,1
9344,23,1
9345,10,1
9345,16,1
9345,32,1
9345,14,1
9346,13,2
9346,12,1
9346,16,2
9347,14,2
9347,12,1
9348,15,1
9348,13,1
9349,9,2
9349,13,1
9350,31,2
9350,12,1
9350,13,3
9351,16,1
9351,14,1
9351,13,1
9352,14,1
9352,16,1
9353,10,1
9353,38,1
9353,15,1
9354,15,1
9354,16,1
9354,10,1
9355,16,2
9355,11,1
9355,15,2
9356,11,2
9356,12,1
9357,14,1
9357,22,3
9358,12,1
9358,13,1
9358,16,3
9359,13,1
9359,15,2
9359,12,1
9360,10,1
9360,11,1
9360,31,1
9361,22,1
9361,23,2
9361,25,1
9361,55,1
9362,24,2
9362,25,1
9363,22,1
9363,25,1
9363,20,2
9364,45,1
9364,25,1
9364,4,1
9365,59,1
9366,23,1
9366,24,1
9367,24,1
9367,25,1
9368,44,2
9368,25,1
9368,26,1
9369,22,1
9369,23,1
9369,24,2
9369,25,1
9370,24,1
9370,22,1
9370,25,1
9371,24,1
9371,23,1
9371,15,1
9371,59,1
9372,23,1
9372,25,1
9372,22,2
9373,23,1
9373,25,1
9373,54,1
9374,22,1
9374,25,1
9374,5,1
9374,24,1
9375,15,1
9375,25,1
9376,22,1
9376,23,1
9377,41,1
9377,9,1
9377,53,1
9378,23,1
9378,30,1
9378,24,2
9379,22,1
9379,38,1
9379,23,1
9379,25,1
9380,48,1
9380,22,1
9380,24,2
9381,16,1
9381,15,2
9382,14,1
9382,10,2
9383,10,3
9383,44,1
9383,6,1
9384,49,1
9384,29,3
9385,16,1
9385,10,1
9385,15,1
9386,14,2
9386,15,3
9387,10,1
9387,13,1
9388,11,1
9388,14,2
9388,10,1
9389,11,2
9389,10,1
9390,13,1
9390,10,2
9390,29,1
9391,16,1
9391,13,1
9392,15,3
9392,56,1
9392,10,1
9393,20,1
9393,3,1
9393,11,3
9394,43,1
9394,15,1
9395,10,2
9395,11,1
9396,11,2
9396,15,1
9397,14,1
9398,10,1
9398,13,1
9398,16,1
9398,43,2
9399,16,1
9399,10,1
9400,10,1
9400,11,2
9400,15,2
9401,19,1
9401,51,1
9401,18,1
9402,34,1
9402,19,1
9402,11,1
9402,29,2
9403,59,2
9403,44,1
9404,34,2
9404,18,2
9404,19,1
9405,18,1
9405,29,1
9406,34,1
9406,18,1
9406,32,1
9406,9,2
9407,18,1
9407,34,1
9407,29,1
9408,3,1
9408,34,2
9409,18,3
9409,34,1
9409,29,1
9409,58,3
9410,18,1
9410,22,2
9411,18,1
9412,18,1
9412,19,1
9413,29,1
9413,19,1
9414,18,1
9414,29,2
9414,19,1
9415,34,2
9415,32,1
9415,29,1
9415,19,1
9415,3,3
9416,19,1
9416,29,2
9416,34,3
9417,29,1
9417,19,1
9417,18,1
9418,18,3
9418,19,1
9419,6,3
9419,18,1
9419,40,1
9419,42,1
9420,13,1
9420,18,1
9420,19,1
9421,6,1
9421,3,1
9422,3,1
9422,1,1
9423,8,1
9423,7,1
9423,52,1
9424,8,1
9424,2,1
9424,6,1
9424,7,2
9425,5,1
9425,6,1
9425,9,1
9426,1,2
9426,6,1
9426,7,2
9427,27,2
9427,8,1
9428,6,1
9428,1,1
9428,7,1
9429,37,1
9429,45,3
9429,9,1
9429,8,1
9430,2,1
9430,4,1
9431,8,1
9431,9,1
9431,4,1
9431,3,1
9432,1,2
9432,26,1
9432,50,1
9432,33,1
9433,32,1
9433,7,1
9434,5,1
9434,6,2
9434,55,1
9434,4,1
9435,9,1
9435,7,1
9436,5,1
9436,8,1
9436,7,2
9437,9,1
9437,1,1
9437,7,2
9437,5,1
9438,3,1
9438,7,1
9439,40,1
9439,5,1
9439,6,1
9440,7,1
9440,8,1
9440,2,1
9441,13,1
9441,15,1
9442,16,1
9442,11,1
9442,12,1
9443,16,2
9444,14,1
9444,10,1
9445,11,2
9445,19,1
9445,15,1
9446,13,1
9447,13,1
9447,15,1
9447,41,1
9448,12,1
9448,10,3
9448,14,1
9449,14,2
9449,13,1
9450,51,3
9450,10,1
9450,11,1
9450,13,1
9450,15,1
9451,50,1
9451,14,1
9452,14,1
9452,44,1
9453,12,1
9453,11,1
9453,16,1
9454,13,2
9454,12,1
9455,11,1
9455,15,1
9455,5,1
9455,43,2
9456,16,2
9456,11,1
9456,15,3
9456,20,1
9457,10,2
9457,16,1
9458,11,1
9458,13,2
9458,38,2
9458,16,1
9459,16,1
9459,9,1
9459,11,2
9460,14,1
9460,11,1
9460,10,1
9460,4,2
9461,57,1
9461,59,1
9462,56,1
9462,49,1
9463,56,1
9463,58,1
9464,60,1
9464,57,1
9464,58,1
9465,59,1
9465,56,1
9465,57,1
9465,15,1
9465,60,1
9466,59,1
9467,60,2
9467,58,2
9468,56,1
9468,60,1
9468,53,1
9469,60,1
9469,18,2
9469,57,1
9469,58,1
9469,59,1
9470,58,3
9470,56,1
9470,60,1
9471,57,1
9471,58,2
9471,59,3
9472,60,1
9472,41,1
9473,58,1
9473,31,1
9473,59,1
9474,58,2
9474,60,1
9474,56,1
9475,59,1
9475,56,1
9475,60,2
9475,51,2
9476,58,1
9476,57,1
9476,59,2
9476,12,3
9477,60,1
9477,58,1
9477,57,1
9477,59,1
9478,58,3
9478,60,1
9478,56,1
9478,57,1
9479,56,1
9479,60,1
9480,59,2
9480,60,1
9480,57,2
9481,1,1
9481,6,1
9482,6,1
9482,8,1
9482,5,2
9483,50,1
9483,2,1
9484,9,1
9484,30,1
9484,6,2
9485,1,1
9485,5,1
9486,5,1
9486,17,1
9486,7,1
9487,8,1
9487,3,1
9488,8,1
9488,7,2
9488,4,1
9489,48,1
9489,8,1
9490,1,1
9490,4,1
9491,50,1
9491,3,1
9492,35,1
9492,4,1
9492,22,1
9493,12,1
9494,8,1
9494,6,1
9494,1,3
9495,1,1
9495,5,1
9496,4,1
9496,6,1
9497,6,1
9497,54,1
9497,8,1
9497,33,1
9498,8,1
9498,9,1
9499,9,1
9499,25,2
9499,5,1
9500,4,2
9500,1,1
9500,26,1
9501,62,1
9501,65,1
9502,65,1
9502,61,3
9502,63,1
9502,10,1
9503,61,1
9503,57,1
9503,63,1
9504,63,1
9504,64,1
9504,61,1
9504,62,1
9505,64,1
9505,65,1
9505,62,1
9506,62,1
9507,61,2
9507,62,1
9507,64,1
9508,21,1
9508,66,1
9508,45,1
9509,63,1
9509,66,1
9509,62,2
9509,61,1
9510,32,2
9510,65,1
9510,33,1
9511,44,1
9511,65,1
9512,66,1
9512,3,1
9512,64,3
9513,59,2
9513,61,1
9513,42,1
9514,36,1
9514,66,1
9515,38,1
9515,63,1
9515,20,1
9515,43,1
9516,64,1
9516,66,1
9517,65,1
9517,1,1
9517,7,1
9518,21,1
9518,63,1
9518,61,1
9518,66,1
9518,65,1
9519,65,1
9519,17,1
9520,64,1
9520,63,2
9520,41,2
9521,19,1
9521,29,1
9521,18,1
9522,19,2
9522,29,1
9522,18,2
9523,34,1
9523,18,1
9523,29,2
9524,34,1
9524,27,1
9525,34,1
9525,19,1
9526,34,1
9526,19,1
9526,18,2
9527,9,3
9527,18,1
9527,29,1
9527,19,1
9528,19,1
9528,21,1
9528,34,1
9529,18,1
9529,19,1
9529,55,1
9530,18,1
9530,34,1
9530,29,1
9531,19,1
9531,18,3
9531,29,1
9532,18,3
9532,34,1
9532,19,1
9533,29,2
9533,18,2
9533,34,1
9534,18,1
9534,29,1
9534,19,1
9534,43,2
9535,18,1
9535,29,2
9536,29,1
9536,18,1
9537,29,1
9537,34,1
9538,19,3
9538,18,1
9538,29,1
9538,8,1
9539,18,1
9539,10,1
9540,29,2
9540,18,1
9541,24,1
9541,74,1
9541,20,1
9542,56,1
9542,21,1
9543,13,1
9543,22,1
9544,20,1
9544,23,1
9544,25,1
9545,57,1
9545,53,2
9545,20,1
9546,23,1
9547,22,2
9547,4,1
9547,20,2
9548,75,1
9548,74,2
9548,22,1
9548,43,1
9549,24,1
9549,22,1
9549,9,1
9550,74,1
9550,21,1
9550,15,2
9551,12,1
9551,59,1
9551,11,1
9552,25,1
9552,59,1
9553,20,1
9553,35,1
9554,22,1
9554,75,1
9554,24,1
9555,22,3
9555,74,1
9555,25,1
9556,24,1
9557,22,1
9557,50,1
9558,22,1
9558,75,1
9559,75,1
9559,34,1
9560,24,1
9560,21,1
9561,18,3
9561,37,1
9561,40,1
9562,40,1
9562,38,1
9562,37,1
9563,40,1
9563,10,1
9563,37,1
9564,40,1
9564,38,1
9564,42,2
9564,41,1
9565,11,1
9566,40,1
9566,42,2
9566,38,1
9567,39,1
9567,40,1
9568,41,1
9568,38,1
9568,53,1
9569,3,1
9569,39,1
9570,57,1
9570,37,1
9570,38,1
9571,38,1
9571,37,2
9571,39,1
9571,36,1
9572,41,1
9572,38,1
9572,40,3
9572,39,3
9572,16,2
9573,53,1
9573,42,1
9573,9,1
9573,38,2
9574,37,1
9574,41,1
9574,38,1
9575,40,1
9575,38,2
9575,37,2
9575,42,1
9575,13,2
9576,42,1
9576,41,1
9576,37,1
9576,40,1
9577,40,1
9577,38,3
9577,39,1
9577,24,2
9578,37,2
9578,52,1
9578,38,1
9579,40,1
9579,37,1
9579,4,2
9580,39,1
9580,40,1
9580,1,1
9580,41,1
9581,6,1
9581,5,1
9582,8,1
9583,8,3
9583,3,1
9584,3,1
9584,6,1
9585,1,1
9585,3,1
9586,4,1
9586,9,1
9587,8,1
9587,3,1
9588,4,1
9588,15,1
9589,6,1
9590,8,3
9590,4,1
9590,7,1
9591,59,1
9591,1,2
9592,1,1
9592,58,1
9592,3,2
9593,18,1
9593,59,1
9593,2,1
9594,2,1
9594,7,1
9594,26,1
9594,52,1
9595,8,1
9595,3,1
9595,35,1
9595,60,3
9596,4,3
9596,42,3
9596,7,1
9597,6,1
9597,2,2
9597,1,1
9598,8,1
9598,3,1
9599,3,1
9599,6,1
9600,6,1
9600,3,1
9601,4,1
9601,20,1
9602,25,1
9602,36,1
9603,75,2
9603,23,1
9603,20,1
9604,75,1
9604,74,1
9604,23,1
9605,40,1
9605,24,1
9605,21,3
9605,20,3
9606,25,1
9606,22,1
9606,52,1
9607,3,1
9607,21,1
9608,24,1
9608,1,1
9608,25,2
9608,21,2
9609,21,1
9609,24,3
9610,75,1
9610,23,1
9611,25,1
9611,21,1
9611,44,1
9612,24,1
9613,22,1
9613,20,1
9614,21,1
9614,23,1
9614,25,1
9615,25,1
9615,75,1
9616,22,1
9616,25,1
9616,20,1
9617,23,2
9617,46,1
9618,23,1
9618,18,1
9618,74,1
9619,22,1
9619,24,2
9620,75,1
9620,21,1
9620,74,1
9621,36,1
9621,45,2
9622,67,1
9623,23,1
9623,21,3
9623,69,1
9624,17,1
9624,68,1
9625,50,2
9625,69,1
9626,35,1
9626,68,1
9626,36,1
9627,67,1
9627,35,1
9627,68,1
9628,67,1
9628,70,1
9629,15,1
9629,36,2
9630,70,1
9630,68,2
9630,33,2
9631,67,1
9631,70,1
9631,69,1
9631,36,1
9632,36,1
9632,43,1
9632,70,1
9632,67,1
9633,36,2
9633,69,1
9633,67,1
9634,35,1
9634,50,1
9634,69,1
9635,68,1
9635,36,1
9635,27,2
9636,22,1
9636,70,2
9636,35,1
9637,36,1
9637,12,1
9637,37,1
9637,69,1
9638,68,1
9638,39,1
9638,70,1
9639,15,1
9639,69,1
9639,35,2
9640,36,1
9640,38,1
9640,67,1
9641,59,1
9641,56,1
9641,60,2
9642,57,1
9642,59,3
9643,56,1
9643,59,1
9644,56,1
9644,59,1
9645,58,1
9645,57,2
9645,59,2
9645,22,1
9646,59,1
9646,57,1
9646,60,1
9646,58,2
9646,14,1
9647,58,1
9647,23,1
9648,56,1
9648,51,1
9648,58,1
9648,57,2
9649,29,1
9649,31,1
9650,59,1
9650,58,2
9651,57,1
9651,56,2
9651,60,1
9652,44,2
9652,59,1
9652,37,2
9652,60,1
9653,20,1
9653,60,1
9654,58,3
9654,56,1
9654,60,1
9655,58,2
9655,56,1
9656,58,1
9656,57,1
9656,59,2
9657,59,1
9657,32,1
9657,60,1
9658,59,2
9659,56,1
9659,59,1
9659,60,1
9660,60,2
9660,11,1
9661,31,1
9661,74,1
9662,74,1
9662,34,1
9662,77,1
9662,76,1
9663,74,1
9663,22,1
9663,76,1
9664,72,1
9664,11,2
9665,80,1
9665,76,1
9665,50,1
9665,72,2
9665,78,2
9666,72,1
9666,74,1
9666,78,1
9666,73,1
9667,71,1
9667,80,1
9667,77,1
9668,75,1
9668,73,1
9668,19,1
9668,25,3
9669,79,1
9669,75,1
9669,73,1
9669,71,1
9670,72,1
9670,78,2
9670,39,3
9671,79,1
9671,21,1
9672,72,1
9672,73,1
9672,11,1
9673,24,2
9673,71,3
9673,79,1
9674,79,2
9674,78,1
9674,71,1
9675,78,2
9675,71,1
9675,72,1
9676,18,3
9676,59,1
9677,74,2
9677,80,1
9678,72,2
9678,74,1
9678,77,1
9678,73,1
9679,73,1
9679,76,1
9679,79,3
9680,72,2
9680,78,1
9680,21,1
9681,25,1
9681,24,1
9682,23,1
9682,24,1
9682,25,1
9683,23,1
9683,14,1
9684,22,1
9684,27,1
9685,10,1
9685,25,1
9685,24,1
9686,25,1
9686,53,1
9687,25,2
9688,25,1
9688,23,1
9689,24,1
9689,25,3
9689,1,1
9690,23,1
9690,25,2
9691,25,2
9691,23,2
9692,23,1
9692,24,2
9693,25,2
9693,23,1
9693,22,1
9694,24,1
9694,22,1
9695,9,1
9695,22,1
9695,12,1
9695,23,1
9696,25,1
9696,24,1
9697,25,1
9697,22,2
9697,24,2
9698,23,2
9698,22,1
9699,46,1
9700,22,2
9700,23,1
9700,24,1
9700,25,1
9700,3,1
9701,24,2
9701,37,1
9701,23,1
9702,23,1
9702,22,1
9703,23,1
9703,8,1
9703,22,1
9704,22,1
9704,58,1
9704,25,1
9705,23,1
9705,25,3
9705,22,1
9705,16,1
9706,22,1
9706,24,1
9706,23,1
9707,46,1
9707,22,1
9707,15,1
9708,24,1
9708,22,1
9708,4,2
9708,58,1
9709,55,1
9709,22,1
9709,49,2
9709,23,1
9710,23,1
9710,59,1
9710,22,1
9711,23,1
9711,22,1
9711,24,1
9712,25,1
9712,24,2
9713,22,1
9713,24,1
9713,23,1
9714,22,1
9714,25,1
9715,23,1
9715,4,1
9715,25,2
9716,23,1
9716,24,1
9717,23,1
9717,24,1
9718,25,2
9718,32,1
9718,43,1
9718,19,1
9718,23,1
9719,24,1
9719,23,1
9719,21,1
9719,25,1
9720,28,2
9720,22,1
9720,44,1
9721,59,1
9721,66,1
9721,14,1
9721,55,1
9722,58,1
9722,57,1
9723,38,1
9723,54,1
9724,64,1
9724,58,1
9725,65,3
9725,53,1
9725,61,1
9725,69,1
9726,52,1
9726,57,1
9727,56,3
9727,70,1
9728,51,2
9728,7,1
9728,47,1
9729,57,1
9729,59,1
9730,54,1
9730,58,1
9730,67,1
9731,62,3
9731,56,1
9731,53,2
9732,2,1
9732,54,3
9732,67,1
9732,58,1
9733,55,1
9733,67,1
9733,57,1
9733,66,1
9733,6,1
9734,53,1
9734,51,2
9735,59,1
9735,8,2
9736,31,1
9736,62,1
9736,65,2
9737,53,1
9737,16,1
9738,68,1
9738,53,1
9739,66,1
9740,7,1
9740,67,1
9740,63,1
9741,63,1
9741,37,1
9742,3,1
9742,66,1
9743,63,1
9744,64,1
9744,62,1
9744,65,1
9745,64,1
9745,66,1
9745,6,1
9745,65,1
9746,66,3
9746,65,1
9746,62,2
9746,61,1
9746,50,3
9747,62,1
9747,50,1
9747,65,1
9748,64,1
9748,65,1
9749,45,1
9749,61,1
9750,63,1
9751,64,1
9751,63,1
9752,28,1
9752,66,3
9752,64,1
9753,8,1
9753,65,1
9753,66,1
9754,61,1
9754,65,1
9755,63,2
9755,59,2
9755,65,1
9756,52,1
9756,66,2
9756,64,1
9757,63,3
9757,61,1
9757,62,1
9758,65,1
9758,62,1
9758,63,1
9758,26,1
9759,66,1
9759,65,1
9759,62,1
9760,59,3
9760,63,1
9760,66,1
9761,29,3
9762,29,1
9762,31,2
9763,29,1
9763,31,1
9764,29,1
9764,33,1
9764,30,1
9764,31,1
9765,30,3
9765,31,1
9766,32,2
9766,48,1
9766,55,1
9767,30,3
9767,49,2
9768,55,1
9768,23,1
9768,29,1
9769,29,2
9769,30,1
9769,36,1
9769,33,2
9770,32,2
9770,20,1
9771,31,1
9771,32,1
9771,33,1
9771,28,1
9771,29,1
9772,30,1
9772,37,1
9772,18,1
9772,32,1
9773,32,1
9773,33,1
9774,30,2
9774,28,1
9775,28,1
9776,29,1
9776,28,1
9777,17,1
9777,31,1
9778,28,1
9778,31,1
9778,40,1
9779,31,2
9779,32,1
9780,38,1
9780,37,2
9780,32,2
9780,35,2
9781,15,3
9781,63,1
9781,4,1
9781,64,3
9782,34,2
9782,65,1
9782,63,2
9782,24,3
9783,66,1
9783,12,1
9784,43,2
9784,63,1
9785,66,1
9785,63,1
9786,64,1
9786,66,1
9787,39,1
9787,62,1
9787,64,1
9787,65,1
9788,65,1
9788,61,1
9788,66,1
9788,63,1
9788,24,1
9789,63,1
9789,56,1
9789,66,1
9790,63,1
9790,65,1
9790,62,1
9790,61,1
9791,47,2
9791,42,1
9791,65,1
9791,66,1
9792,6,3
9792,66,1
9792,62,2
9793,62,3
9793,64,1
9793,61,1
9794,61,1
9794,64,1
9794,63,1
9795,66,1
9795,65,1
9796,63,1
9796,24,1
9796,65,1
9797,19,1
9798,63,2
9798,37,1
9798,66,1
9799,63,1
9799,61,1
9800,61,1
9800,63,1
9800,54,2
9800,29,1
9801,14,1
9801,11,1
9801,10,2
9802,36,1
9802,11,1
9803,11,1
9803,10,1
9804,44,1
9804,41,1
9804,13,1
9805,13,1
9805,10,1
9806,11,1
9806,10,1
9807,18,1
9807,20,1
9807,15,1
9808,15,1
9808,14,1
9809,14,1
9809,10,1
9809,16,1
9810,14,1
9810,16,1
9811,16,2
9811,11,1
9812,39,1
9812,13,1
9812,6,1
9813,10,1
9814,12,1
9814,11,1
9815,15,1
9815,10,1
9816,10,1
9816,14,1
9817,13,1
9817,11,2
9818,10,1
9818,16,1
9819,36,1
9819,51,1
9820,14,1
9820,15,1
9820,5,1
9821,53,2
9821,57,1
9821,60,1
9821,20,2
9821,61,1
9822,62,1
9822,59,1
9823,56,1
9823,68,1
9824,69,1
9824,63,1
9824,56,1
9825,68,1
9825,53,1
9825,13,1
9826,55,1
9826,63,1
9826,61,3
9827,28,2
9827,70,1
9827,23,1
9828,58,1
9828,22,1
9829,5,1
9829,60,1
9829,58,1
9830,63,1
9830,57,1
9830,60,2
9831,69,1
9831,5,1
9831,56,1
9832,26,1
9832,69,1
9833,57,1
9833,64,1
9834,63,1
9834,70,1
9834,67,1
9835,62,1
9836,49,1
9836,52,1
9836,58,1
9837,69,1
9837,55,1
9837,41,2
9838,68,2
9838,53,1
9838,62,1
9838,65,1
9839,51,3
9839,56,1
9840,61,1
9840,63,1
9841,32,1
9841,4,1
9842,8,1
9842,9,2
9843,2,1
9843,9,1
9844,7,1
9844,5,2
9844,3,1
9845,8,1
9845,25,1
9845,6,1
9846,6,1
9846,9,3
9847,5,1
9847,30,1
9848,2,1
9848,8,1
9848,47,1
9848,1,1
9849,8,1
9849,18,2
9849,30,1
9849,1,1
9850,2,1
9850,49,1
9850,8,1
9850,1,3
9851,5,1
9851,9,1
9852,3,1
9852,60,1
9853,2,2
9853,1,1
9854,10,1
9854,8,2
9854,3,1
9854,2,1
9855,6,2
9855,9,3
9856,4,1
9856,33,1
9856,9,1
9856,6,1
9857,8,1
9857,5,1
9857,1,1
9858,7,1
9858,2,2
9859,9,1
9859,18,1
9860,4,1
9860,23,1
9860,47,1
9861,13,2
9861,75,1
9861,21,1
9861,23,1
9862,24,1
9862,22,1
9862,23,1
9863,25,1
9863,21,1
9864,10,1
9864,12,1
9865,21,2
9865,24,2
9865,12,2
9866,25,1
9866,74,1
9866,22,1
9867,21,1
9867,14,1
9867,42,1
9867,74,2
9868,16,2
9868,22,1
9869,22,1
9869,25,1
9870,20,1
9870,74,1
9870,24,1
9871,21,2
9871,23,3
9871,24,3
9872,49,1
9872,48,1
9872,21,1
9872,25,1
9873,74,1
9873,22,1
9873,20,1
9873,25,1
9874,25,1
9874,55,1
9874,74,1
9875,22,2
9875,31,1
9875,20,1
9876,74,2
9876,20,1
9876,75,1
9877,45,1
9877,24,1
9877,74,1
9878,20,3
9878,25,2
9878,27,1
9879,24,1
9879,25,1
9879,74,1
9880,37,1
9880,20,1
9880,34,1
9880,75,1
9881,19,1
9881,29,1
9882,18,2
9882,34,1
9883,19,1
9883,34,1
9884,34,1
9884,22,1
9884,19,3
9884,29,1
9885,34,1
9885,18,2
9885,19,1
9885,22,1
9886,29,2
9886,18,2
9887,34,1
9887,29,1
9887,19,2
9888,29,3
9888,18,1
9889,29,1
9889,34,1
9889,52,1
9890,19,1
9891,19,1
9891,29,2
9892,18,3
9892,43,1
9892,10,1
9893,16,1
9893,30,1
9893,34,2
9894,29,2
9894,59,2
9895,18,1
9895,29,3
9896,18,1
9896,34,1
9896,19,1
9896,29,2
9896,17,2
9897,19,1
9897,51,1
9898,29,2
9898,34,1
9899,18,1
9899,19,1
9900,18,1
9900,29,1
9901,78,2
9901,75,2
9901,77,3
9902,78,1
9902,77,1
9902,38,1
9902,79,1
9903,71,3
9903,73,1
9903,48,1
9904,75,1
9904,80,1
9904,51,1
9905,73,2
9905,35,1
9906,79,3
9906,77,2
9906,71,1
9906,80,1
9907,71,1
9907,77,1
9907,49,1
9908,40,2
9908,73,1
9908,79,1
9908,80,1
9909,42,1
9909,73,1
9909,80,3
9910,27,1
9910,43,2
9910,73,1
9910,75,1
9911,77,1
9911,78,1
9911,74,1
9912,29,1
9912,56,1
9912,71,1
9913,76,2
9913,78,1
9914,77,1
9914,74,1
9914,75,1
9915,71,1
9915,78,2
9915,74,1
9915,48,1
9915,72,1
9916,80,1
9916,2,1
9917,14,3
9917,7,1
9917,74,1
9918,77,1
9918,60,1
9919,71,1
9919,78,1
9920,78,2
9920,79,1
9920,6,3
9921,23,1
9921,43,2
9921,22,1
9922,23,2
9922,24,1
9923,23,1
9923,25,1
9924,22,1
9924,18,1
9925,22,2
9925,23,1
9925,25,1
9925,24,1
9926,21,3
9926,22,1
9926,25,1
9926,23,1
9927,25,1
9927,24,1
9927,14,1
9928,24,1
9928,44,2
9928,22,1
9929,22,1
9929,24,1
9929,23,2
9930,36,2
9930,6,1
9931,23,2
9931,22,1
9932,1,1
9932,25,1
9932,48,2
9933,22,2
9933,25,1
9934,30,1
9934,25,3
9935,25,1
9935,22,1
9936,24,1
9936,25,1
9937,25,1
9938,22,1
9938,16,1
9939,23,1
9939,22,1
9939,39,1
9940,24,1
9940,44,1
9940,22,1
9941,23,1
9941,56,1
9941,21,1
9942,75,1
9942,26,1
9943,24,3
9943,23,1
9944,21,1
9944,75,1
9944,23,1
9944,24,1
9945,20,1
9945,57,3
9945,74,1
9946,11,1
9947,21,1
9947,55,1
9947,22,1
9948,24,3
9948,25,1
9948,23,1
9949,22,2
9949,25,1
9950,20,1
9950,21,1
9951,21,1
9951,23,1
9952,25,1
9953,75,1
9953,74,2
9953,23,1
9953,25,1
9954,25,1
9954,22,1
9955,21,1
9955,25,1
9955,75,1
9956,25,1
9956,75,1
9956,74,1
9957,24,1
9957,23,1
9957,53,1
9958,24,1
9958,75,1
9958,74,1
9959,23,2
9959,74,3
9960,23,1
9960,36,1
9960,20,1
9961,9,1
9962,2,1
9962,4,1
9963,9,2
9963,2,1
9963,8,1
9964,34,2
9964,45,1
9965,5,1
9965,7,1
9965,11,1
9966,20,1
9966,3,1
9966,4,1
9967,8,1
9967,2,2
9967,9,1
9968,8,2
9968,2,1
9968,1,1
9968,9,1
9969,9,1
9969,6,1
9970,9,2
9970,5,1
9970,51,1
9971,3,1
9972,46,1
9972,9,2
9972,7,1
9973,3,1
9973,2,1
9973,8,1
9974,5,1
9974,7,1
9975,6,3
9975,1,1
9975,19,1
9976,4,1
9976,5,1
9977,1,1
9977,6,1
9977,5,1
9977,2,3
9978,3,1
9978,5,1
9978,8,1
9979,2,1
9979,7,1
9979,9,1
9980,3,1
9981,35,1
9981,69,1
9981,67,1
9982,30,1
9982,70,1
9982,49,1
9982,17,1
9983,69,1
9983,67,1
9984,70,1
9985,68,1
9985,36,1
9986,67,1
9986,35,1
9986,7,1
9987,39,3
9987,35,1
9987,68,1
9987,52,1
9988,70,1
9988,4,1
9988,35,1
9988,13,1
9989,70,1
9989,36,2
9990,14,1
9991,35,3
9991,36,1
9992,36,2
9992,35,1
9993,35,2
9993,68,1
9993,20,3
9994,70,1
9994,69,2
9995,68,1
9995,36,1
9995,70,1
9996,69,1
9996,36,2
9997,58,1
9997,67,2
9998,36,1
9998,68,1
9999,69,1
9999,67,1
10000,35,1
10000,68,1
10000,70,1
10000,18,1
10001,72,2
10001,75,2
10001,43,2
10002,60,1
10002,78,1
10002,25,3
10003,74,2
10003,28,1
10003,56,1
10003,73,1
10003,59,1
10004,71,2
10004,74,1
10005,80,1
10005,78,1
10005,76,1
10006,72,1
10006,76,2
10006,75,1
10007,22,3
10007,71,1
10008,79,1
10008,76,1
10009,78,1
10009,27,1
10009,54,1
10009,71,2
10010,78,1
10010,79,2
10011,43,1
10011,77,1
10011,73,2
10012,60,1
10012,3,1
10012,5,1
10012,55,1
10013,76,1
10013,48,1
10014,71,2
10014,75,1
10015,75,1
10015,74,1
10015,71,3
10016,77,1
10016,50,1
10016,73,1
10016,80,1
10017,75,1
10017,77,1
10017,28,1
10018,26,1
10018,56,1
10019,77,1
10019,34,1
10020,80,1
10020,11,2
10021,70,1
10021,69,1
10021,16,1
10022,29,1
10022,69,1
10023,67,1
10023,35,1
10023,69,1
10024,36,2
10024,35,2
10025,67,1
10025,70,1
10025,69,1
10025,68,3
10026,52,1
10026,67,3
10027,35,1
10027,67,1
10027,36,1
10028,13,2
10028,6,1
10028,36,1
10029,67,1
10029,43,1
10030,69,1
10030,36,1
10030,21,1
10030,35,1
10031,36,1
10031,68,3
10031,43,1
10032,69,1
10032,30,1
10033,68,1
10033,35,2
10034,42,3
10034,49,1
10034,68,1
10035,68,1
10035,70,1
10036,67,1
10036,57,1
10036,68,1
10037,67,1
10037,36,1
10038,69,1
10038,68,1
10039,67,1
10039,36,2
10040,17,1
10040,36,2
10040,67,1
10041,45,2
10042,69,1
10042,64,1
10042,53,1
10042,21,1
10043,55,1
10043,63,1
10043,10,1
10044,70,1
10044,52,1
10044,61,1
10044,69,2
10045,65,1
10045,51,2
10045,69,1
10045,67,2
10046,61,1
10046,69,1
10047,59,3
10047,3,1
10048,59,2
10048,55,1
10049,20,1
10049,58,1
10049,62,1
10049,53,1
10049,70,3
10050,18,1
10050,52,1
10051,52,2
10051,67,1
10051,51,3
10051,58,1
10052,53,1
10052,66,2
10053,60,1
10053,63,1
10054,68,1
10054,54,1
10054,1,1
10055,7,1
10055,59,1
10055,32,1
10056,68,2
10056,57,1
10057,67,1
10057,63,1
10058,51,1
10058,64,1
10059,70,1
10059,57,3
10060,55,1
10060,57,1
10060,60,1
10061,12,1
10061,13,1
10062,12,1
10062,11,3
10062,58,1
10062,15,1
10062,13,1
10063,14,1
10063,15,1
10064,15,1
10064,12,1
10064,14,1
10065,15,1
10065,17,2
10066,13,2
10066,16,2
10066,15,2
10066,14,1
10067,48,1
10067,14,1
10068,12,1
10068,10,1
10068,13,1
10069,13,1
10070,13,1
10070,12,1
10070,16,2
10070,14,1
10070,34,1
10071,14,1
10072,44,1
10072,11,1
10072,10,1
10073,16,1
10073,12,1
10073,19,1
10074,13,1
10074,12,1
10074,58,1
10074,14,1
10074,10,1
10075,16,2
10075,14,2
10075,13,2
10076,55,1
10076,46,1
10076,16,1
10076,13,1
10077,12,1
10077,16,1
10078,15,1
10078,10,1
10078,42,2
10078,14,1
10079,13,1
10079,10,2
10080,13,1
10080,15,1
10080,16,1
10080,14,1
10081,12,1
10081,15,1
10082,14,1
10082,13,1
10082,11,2
10083,59,1
10083,15,1
10084,10,1
10084,15,1
10085,12,1
10085,13,1
10085,15,1
10086,13,1
10086,10,1
10087,13,1
10087,15,1
10088,11,1
10088,59,1
10088,14,1
10089,11,1
10089,14,1
10090,11,1
10090,12,1
10090,16,3
10090,10,2
10091,16,1
10091,40,1
10092,11,2
10092,10,1
10092,15,1
10093,15,1
10093,14,1
10094,15,1
10094,13,3
10095,16,1
10095,14,1
10096,13,1
10096,14,1
10097,11,1
10097,29,1
10098,20,1
10098,16,1
10098,13,1
10099,4,1
10099,12,1
10099,10,1
10100,11,1
10100,15,1
10101,2,1
10101,5,2
10102,10,1
10102,9,1
10103,4,2
10103,5,1
10104,4,1
10104,5,1
10105,2,2
10105,9,1
10105,3,1
10106,15,2
10106,2,1
10107,3,2
10107,4,2
10107,22,1
10107,1,3
10108,6,1
10108,8,3
10108,9,1
10109,6,3
10109,50,1
10109,52,1
10109,14,1
10109,7,2
10110,4,1
10111,5,1
10111,9,2
10112,4,2
10112,1,2
10112,7,1
10113,19,1
10113,9,1
10113,5,1
10114,44,2
10115,8,1
10116,3,1
10116,9,1
10117,6,1
10117,7,2
10117,1,1
10117,9,3
10118,9,1
10118,8,1
10119,2,1
10119,4,1
10119,9,2
10120,2,1
10120,4,2
10120,6,2
10121,44,1
10121,22,1
10122,24,1
10122,75,1
10122,74,1
10122,10,3
10123,42,1
10123,25,1
10124,25,2
10124,20,3
10124,24,1
10125,22,1
10125,74,1
10125,24,1
10125,42,1
10125,75,3
10126,20,3
10126,74,1
10126,48,3
10127,21,3
10128,32,1
10128,22,2
10129,21,1
10130,25,1
10130,75,1
10130,23,1
10131,24,1
10131,74,1
10131,54,2
10132,20,2
10132,21,1
10133,24,1
10133,50,1
10133,21,1
10133,25,3
10134,21,1
10135,22,2
10135,20,1
10136,39,1
10136,22,1
10137,75,3
10137,28,2
10137,20,1
10138,24,1
10138,20,2
10139,75,1
10139,20,1
10139,74,2
10139,22,1
10140,24,1
10140,25,1
10141,13,2
10141,10,1
10142,29,1
10142,4,2
10142,13,1
10143,55,2
10143,14,2
10143,11,1
10144,11,1
10144,14,1
10145,16,1
10145,15,1
10145,14,2
10146,15,1
10146,14,1
10146,16,3
10146,30,1
10146,12,2
10147,15,1
10147,13,1
10148,10,1
10148,11,1
10149,11,1
10149,10,1
10150,13,2
10150,16,1
10151,11,3
10151,10,1
10151,13,3
10151,14,1
10152,31,1
10152,14,1
10153,14,2
10153,8,1
10153,13,2
10154,10,1
10154,9,1
10154,13,1
10155,16,2
10156,39,1
10156,14,1
10156,48,1
10157,17,1
10157,10,1
10157,28,1
10158,11,3
10158,43,1
10158,12,1
10158,15,1
10159,11,3
10159,13,1
10159,16,1
10160,10,1
10160,16,1
10160,11,1
10161,10,1
10161,37,3
10161,12,1
10162,14,2
10162,11,1
10163,13,1
10163,10,1
10163,16,1
10164,40,1
10164,16,1
10164,12,1
10164,13,1
10165,46,1
10165,12,1
10166,12,1
10167,14,1
10167,13,1
10167,15,1
10168,44,1
10168,12,2
10168,13,1
10168,14,1
10168,10,1
10169,11,1
10170,52,1
10170,12,1
10171,12,1
10171,10,1
10171,14,1
10172,27,1
10173,14,2
10173,10,2
10173,13,1
10173,19,1
10174,16,1
10174,12,1
10174,13,1
10175,53,1
10175,15,2
10175,10,1
10176,12,1
10176,42,2
10177,50,1
10177,45,1
10178,10,1
10178,15,1
10178,11,1
10179,10,1
10179,12,1
10180,36,1
10180,12,3
10180,15,1
10181,78,1
10181,59,1
10181,72,2
10182,24,2
10182,41,1
10182,72,2
10183,72,1
10183,9,1
10183,73,1
10184,80,1
10184,77,1
10185,76,1
10185,73,1
10185,78,1
10185,74,1
10185,80,1
10186,43,1
10186,37,1
10186,72,1
10186,73,1
10186,74,1
10187,73,1
10187,71,1
10187,29,1
10188,80,3
10188,76,1
10188,6,1
10189,76,2
10189,75,1
10190,72,1
10190,75,1
10190,76,2
10191,74,1
10191,80,1
10191,2,1
10192,75,1
10192,5,1
10192,78,1
10192,80,1
10192,79,1
10193,78,1
10193,74,2
10193,73,1
10194,71,1
10194,52,1
10195,74,1
10195,53,1
10195,77,1
10196,79,1
10196,56,1
10197,72,1
10197,75,2
10197,73,1
10198,78,2
10198,76,1
10198,29,1
10199,77,1
10199,76,1
10199,71,1
10200,72,1
10200,22,1
10200,74,1
10201,1,1
10201,9,1
10201,47,1
10202,8,2
10202,4,1
10203,1,1
10203,60,1
10203,9,2
10204,2,2
10204,27,3
10205,4,3
10205,1,1
10205,49,1
10206,3,1
10206,19,1
10207,7,2
10207,16,1
10208,4,1
10208,9,1
10209,9,1
10209,5,2
10210,3,1
10210,1,1
10211,2,1
10211,9,1
10211,1,1
10211,4,1
10212,29,2
10212,54,1
10213,5,2
10213,7,1
10213,6,1
10214,6,1
10214,4,1
10215,9,2
10215,44,1
10215,5,1
10215,1,2
10216,3,1
10216,9,2
10216,36,1
10217,2,2
10217,9,1
10218,3,1
10219,3,1
10219,6,2
10220,4,1
10220,51,1
10221,25,1
10221,22,2
10222,23,1
10222,24,1
10222,25,1
10223,23,2
10223,25,2
10224,51,1
10224,24,1
10224,25,2
10225,22,2
10225,25,1
10225,23,1
10226,24,3
10226,23,2
10227,25,1
10227,30,1
10227,24,2
10228,24,3
10228,23,3
10229,12,1
10229,23,1
10230,24,1
10230,22,1
10231,22,1
10231,24,1
10231,25,1
10231,36,1
10232,24,3
10232,23,2
10233,23,1
10233,10,2
10234,22,1
10234,25,1
10235,24,1
10235,23,2
10235,22,1
10235,25,1
10236,23,2
10236,24,2
10236,22,1
10236,32,2
10237,14,1
10238,22,1
10238,25,2
10239,22,1
10239,47,2
10239,24,1
10240,24,1
10241,33,1
10241,38,1
10241,39,1
10241,37,1
10242,42,1
10242,39,2
10243,13,1
10243,38,1
10243,41,1
10244,38,1
10244,41,1
10244,42,1
10245,37,1
10245,40,1
10245,17,1
10246,29,1
10246,37,2
10246,39,3
10247,37,2
10247,42,1
10248,42,2
10248,39,2
10249,39,1
10249,37,1
10249,40,2
10250,59,1
10251,41,1
10251,42,2
10251,39,1
10252,37,1
10252,9,1
10252,38,1
10252,40,1
10252,41,1
10253,39,1
10253,57,1
10254,3,1
10254,42,1
10255,40,1
10255,32,1
10256,57,1
10256,42,1
10256,45,2
10256,40,1
10256,31,1
10257,38,1
10257,41,1
10257,37,1
10258,38,1
10258,42,1
10259,37,1
10259,42,1
10259,38,1
10260,39,1
10260,40,1
10261,41,1
10261,4,1
10261,2,1
10262,6,1
10262,2,2
10262,8,2
10263,4,2
10263,1,1
10263,37,1
10264,7,1
10265,8,1
10265,7,1
10265,3,1
10265,5,1
10266,7,1
10266,5,1
10266,8,1
10267,2,1
10267,4,1
10268,5,1
10269,3,1
10269,6,2
10269,47,1
10270,9,1
10270,3,1
10270,6,1
10271,33,2
10271,9,1
10271,8,1
10271,4,1
10272,56,1
10272,1,2
10272,2,1
10273,9,1
10273,1,1
10273,5,1
10273,8,1
10273,60,2
10274,1,1
10274,4,1
10274,7,2
10274,17,1
10275,7,1
10275,49,2
10276,5,1
10276,14,1
10277,59,1
10277,1,3
10278,59,2
10278,4,2
10279,7,1
10279,4,1
10280,8,1
10280,25,1
10281,10,3
10281,11,1
10282,15,1
10282,14,3
10283,14,1
10283,12,1
10283,16,1
10283,13,2
10284,13,2
10284,11,1
10284,14,1
10284,15,1
10285,13,1
10285,3,1
10286,12,1
10286,22,2
10287,39,2
10287,16,1
10287,10,1
10287,12,3
10288,12,1
10288,10,1
10288,14,1
10288,59,1
10289,16,1
10289,10,1
10290,13,1
10290,18,1
10291,10,1
10291,15,1
10292,14,1
10292,12,1
10293,11,1
10293,16,1
10294,16,1
10294,15,1
10295,1,1
10295,14,2
10295,23,1
10296,60,3
10296,13,2
10296,16,2
10297,14,1
10297,12,1
10298,4,1
10298,16,1
10299,12,3
10299,13,1
10299,16,1
10299,8,1
10300,12,1
10300,10,1
10301,45,1
10301,10,1
10301,11,3
10301,30,1
10302,11,1
10302,10,2
10302,16,1
10303,12,1
10303,14,1
10304,12,1
10304,13,1
10304,15,1
10305,16,1
10305,15,1
10305,13,1
10306,12,1
10306,14,1
10307,11,1
10307,16,1
10308,14,1
10308,9,2
10309,11,2
10309,10,1
10310,13,1
10310,20,1
10311,10,1
10311,16,3
10311,12,1
10311,14,1
10312,11,1
10312,14,1
10312,15,1
10312,17,1
10313,13,1
10313,12,1
10314,11,1
10314,14,1
10315,45,2
10315,15,1
10316,13,1
10316,10,1
10317,13,3
10318,14,1
10318,10,2
10318,12,2
10319,10,1
10320,12,1
10320,16,2
10321,48,1
10321,32,1
10321,28,1
10322,32,1
10322,33,2
10322,29,1
10323,29,1
10323,14,1
10324,33,1
10324,32,1
10324,34,1
10325,32,1
10325,11,1
10326,30,1
10326,36,2
10327,30,1
10327,32,1
10327,28,1
10327,41,2
10328,29,1
10328,33,1
10329,29,1
10329,30,1
10329,28,1
10329,31,2
10330,33,2
10330,28,3
10330,46,1
10331,32,1
10331,24,1
10331,18,1
10332,33,1
10332,28,1
10333,29,3
10333,19,1
10333,28,1
10334,31,1
10334,33,1
10335,28,1
10335,41,2
10335,31,1
10336,33,1
10336,28,1
10336,5,1
10337,28,1
10337,30,1
10337,31,1
10337,29,1
10338,19,2
10338,38,1
10339,33,1
10339,32,1
10339,31,3
10339,29,1
10340,29,1
10340,33,2
10340,25,2
10340,28,1
10341,29,1
10341,18,1
10341,60,1
10341,34,1
10342,34,1
10342,49,1
10342,29,1
10343,34,1
10343,18,1
10344,29,1
10344,18,2
10344,21,1
10344,34,1
10345,18,1
10345,29,2
10345,19,1
10346,29,1
10346,19,1
10347,37,1
10347,34,1
10347,32,2
10348,18,2
10348,29,1
10348,19,1
10349,18,1
10349,29,1
10349,19,2
10350,18,1
10350,19,1
10351,19,3
10351,18,1
10351,34,1
10352,2,3
10352,19,1
10353,29,2
10353,19,1
10354,29,1
10354,19,1
10354,34,1
10354,18,2
10355,29,2
10355,18,3
10356,38,1
10356,18,1
10357,34,1
10357,29,1
10358,18,1
10359,34,1
10359,18,1
10359,29,2
10359,19,1
10360,18,1
10360,23,1
10360,19,1
10361,51,2
10361,23,1
10361,24,1
10362,25,2
10362,23,1
10363,24,1
10363,22,2
10363,23,1
10363,40,1
10364,12,1
10364,22,3
10364,24,2
10365,4,1
10365,25,1
10366,23,1
10366,25,1
10366,22,1
10367,59,1
10367,22,1
10367,23,1
10368,24,1
10368,25,1
10369,24,1
10369,22,2
10369,25,1
10370,23,1
10370,60,1
10371,24,1
10371,22,1
10371,25,1
10371,44,1
10372,57,2
10372,24,2
10373,25,1
10373,23,1
10373,24,2
10374,22,1
10374,28,1
10374,24,1
10375,24,2
10375,56,1
10376,22,1
10376,25,1
10376,23,3
10377,24,1
10377,25,2
10377,53,1
10378,31,2
10378,33,1
10378,22,3
10379,7,1
10379,25,1
10379,26,1
10380,24,3
10380,25,1
10381,18,1
10381,29,2
10382,12,1
10382,34,1
10383,19,1
10383,29,2
10384,2,1
10384,55,1
10384,29,1
10385,18,1
10385,29,1
10385,34,2
10386,19,1
10386,34,1
10386,49,2
10387,19,1
10387,18,1
10387,12,3
10388,19,1
10388,1,1
10388,29,1
10389,34,1
10389,7,1
10389,52,1
10390,34,1
10390,19,1
10390,41,1
10391,8,2
10391,29,1
10392,19,2
10392,11,1
10392,47,1
10393,41,1
10393,34,1
10393,18,1
10394,18,1
10394,34,1
10394,29,1
10394,59,1
10395,19,1
10395,18,2
10395,46,1
10395,34,1
10395,39,1
10396,29,1
10396,18,1
10396,21,1
10397,19,1
10397,18,1
10398,18,1
10398,29,1
10398,4,2
10399,18,1
10399,19,1
10400,34,1
10400,11,1
10400,19,1
10400,18,1
10401,3,3
10401,2,1
10402,3,1
10402,1,2
10403,7,1
10403,3,1
10404,3,1
10404,8,2
10404,9,1
10405,29,1
10405,8,2
10405,1,1
10406,51,1
10406,38,1
10406,5,1
10407,3,1
10407,7,1
10407,2,2
10408,8,1
10408,9,2
10408,5,1
10409,37,1
10409,3,1
10409,2,1
10410,7,1
10410,3,1
10410,8,1
10411,4,1
10411,6,1
10412,3,2
10412,1,1
10412,9,1
10413,30,1
10413,6,2
10413,1,1
10414,2,1
10415,1,2
10415,5,2
10415,4,1
10415,2,1
10416,38,1
10416,9,1
10417,6,1
10417,1,2
10418,3,1
10418,1,1
10419,4,1
10419,5,1
10419,2,2
10420,8,1
10420,4,2
10420,3,1
10420,32,1
10421,5,3
10421,8,1
10421,13,1
10422,31,1
10422,2,1
10422,3,1
10423,50,1
10423,37,1
10424,9,3
10424,6,1
10425,6,1
10425,3,2
10426,7,1
10426,8,1
10427,5,1
10427,2,1
10427,1,1
10428,1,1
10428,3,1
10429,4,1
10429,8,1
10429,3,1
10430,8,1
10430,4,3
10431,5,1
10431,8,3
10432,7,2
10432,8,1
10432,3,1
10433,5,1
10433,2,1
10433,9,2
10434,50,2
10434,55,1
10434,4,1
10435,1,1
10435,34,1
10435,4,1
10436,1,2
10436,20,1
10436,38,1
10436,19,1
10436,2,1
10437,8,1
10437,5,1
10437,9,1
10438,4,2
10438,7,1
10438,2,1
10439,7,1
10439,8,1
10440,2,1
10440,1,2
10440,8,1
10441,26,1
10442,9,1
10442,2,1
10443,5,1
10443,6,1
10443,2,1
10444,9,2
10444,46,1
10444,8,2
10445,5,2
10445,8,1
10446,1,1
10446,2,3
10446,9,1
10447,58,2
10447,6,1
10447,39,1
10447,9,1
10448,2,1
10448,23,1
10449,2,1
10449,7,1
10450,39,1
10450,1,2
10450,6,1
10451,6,2
10451,49,1
10451,7,1
10452,4,1
10452,9,1
10453,47,1
10453,3,1
10454,9,2
10454,6,1
10455,7,1
10455,6,1
10456,2,2
10456,30,1
10457,9,1
10457,2,1
10458,2,1
10459,1,1
10459,3,2
10460,5,1
10461,58,1
10461,20,1
10461,52,1
10461,30,3
10462,62,1
10462,68,1
10463,70,1
10463,20,1
10463,59,1
10463,51,1
10463,66,1
10464,66,2
10465,25,1
10465,64,1
10466,67,1
10466,60,1
10466,63,2
10467,69,1
10467,55,1
10468,58,1
10468,68,1
10468,65,1
10469,35,1
10469,25,1
10470,68,1
10470,70,1
10470,37,1
10471,58,1
10471,52,1
10472,69,2
10473,53,1
10473,61,1
10474,58,1
10474,68,1
10474,52,1
10475,67,1
10475,68,1
10475,69,1
10476,66,1
10476,68,1
10476,57,1
10477,57,1
10477,59,1
10477,66,1
10477,70,1
10477,24,1
10478,64,1
10478,54,1
10478,66,2
10478,63,1
10479,55,1
10479,56,1
10479,58,1
10479,57,1
10480,57,1
10480,12,1
10480,58,1
10480,53,1
10481,37,1
10481,7,1
10482,41,1
10482,40,1
10482,39,1
10482,38,1
10483,39,1
10483,42,2
10484,37,1
10484,40,1
10484,42,1
10485,27,1
10485,41,1
10485,42,2
10485,38,1
10486,39,1
10486,37,2
10486,21,1
10487,41,2
10487,14,1
10488,41,1
10488,37,1
10488,2,3
10488,42,1
10489,12,1
10489,41,1
10490,40,1
10490,39,1
10490,12,1
10490,41,1
10491,51,2
10491,37,1
10491,42,1
10492,41,1
10492,42,2
10493,56,2
10493,41,2
10493,38,2
10493,42,1
10493,39,1
10494,3,1
10494,39,1
10494,42,1
10494,37,1
10495,41,1
10495,9,2
10496,37,1
10496,58,1
10496,39,1
10497,42,1
10497,40,1
10497,27,1
10498,40,2
10498,37,1
10499,40,1
10499,37,1
10499,56,2
10500,5,1
10500,41,1
10500,40,1
10500,39,2
10501,56,1
10501,6,1
10501,5,2
10501,9,1
10502,4,2
10503,5,2
10503,59,1
10503,9,1
10504,4,1
10504,2,1
10504,18,1
10504,9,1
10505,4,1
10505,3,1
10506,43,1
10506,1,1
10506,46,1
10506,8,1
10507,5,1
10507,8,2
10507,7,1
10508,5,2
10508,1,1
10508,9,2
10509,5,1
10509,3,3
10510,6,1
10510,40,1
10511,8,1
10511,21,2
10512,41,1
10512,2,3
10513,7,1
10513,2,1
10513,30,1
10514,26,1
10514,2,1
10515,3,1
10515,38,1
10515,7,1
10515,4,2
10516,8,1
10517,3,2
10517,1,1
10517,4,1
10518,2,1
10518,3,1
10518,12,1
10519,5,1
10519,1,2
10520,18,1
10520,1,1
10520,5,1
10521,9,1
10521,4,1
10522,42,1
10522,7,2
10522,35,1
10522,3,1
10523,3,1
10523,58,1
10523,7,1
10524,8,1
10524,6,1
10525,3,1
10525,4,1
10525,2,2
10525,24,1
10526,32,2
10526,4,1
10527,3,1
10527,6,1
10528,6,1
10528,11,1
10528,53,1
10529,5,1
10529,2,1
10530,3,1
10530,4,1
10531,2,1
10531,8,1
10532,5,1
10532,42,1
10532,8,1
10532,3,1
10533,44,1
10533,8,1
10533,56,1
10533,6,1
10533,4,1
10534,7,2
10534,53,1
10535,3,1
10535,27,1
10535,9,1
10536,4,1
10536,5,1
10537,9,1
10537,2,2
10537,36,1
10538,30,1
10538,24,3
10538,8,2
10539,1,1
10539,3,1
10540,7,1
10540,8,1
10540,2,1
10540,9,1
10541,7,1
10541,1,1
10541,20,1
10541,6,1
10542,4,1
10542,7,1
10543,48,1
10543,36,1
10544,9,1
10544,3,1
10544,2,1
10545,9,1
10545,6,1
10545,5,1
10545,1,2
10545,2,1
10546,9,1
10546,1,1
10546,2,2
10547,3,1
10547,5,1
10547,1,3
10548,2,1
10548,53,1
10548,1,1
10549,5,1
10549,35,1
10549,6,1
10549,3,1
10550,4,2
10550,6,1
10550,8,1
10551,3,1
10551,1,1
10551,5,1
10551,7,1
10551,4,2
10552,6,1
10553,3,1
10553,2,2
10553,7,1
10554,59,1
10554,9,1
10554,31,1
10554,6,1
10555,9,1
10555,8,2
10556,8,1
10556,21,1
10556,9,2
10557,44,1
10557,9,1
10557,5,1
10557,7,1
10557,48,1
10558,4,1
10558,5,2
10559,60,1
10559,7,1
10559,9,1
10560,46,1
10561,28,2
10561,19,1
10562,15,1
10563,13,1
10563,26,2
10564,10,1
10564,13,1
10564,15,1
10565,13,1
10565,12,1
10565,22,1
10566,14,1
10566,13,2
10567,14,1
10567,16,1
10567,36,1
10568,14,1
10568,10,1
10568,33,1
10569,10,1
10569,14,1
10569,11,1
10570,11,1
10570,3,1
10571,11,1
10571,14,1
10571,10,1
10572,10,1
10572,15,1
10572,16,2
10572,11,1
10573,16,1
10573,15,2
10573,10,1
10573,59,1
10574,20,1
10574,10,1
10575,11,1
10575,16,1
10576,13,2
10576,10,1
10577,15,1
10577,12,2
10578,11,2
10578,12,1
10579,13,1
10579,42,1
10579,11,1
10579,10,1
10580,10,1
10580,11,1
10580,13,1
10581,80,1
10581,77,2
10581,42,1
10581,76,2
10582,80,2
10582,46,1
10582,73,1
10582,74,2
10583,77,1
10583,75,1
10583,32,1
10583,72,1
10584,80,1
10584,1,1
10584,72,1
10584,77,1
10584,79,1
10585,71,2
10585,76,2
10585,80,1
10585,50,1
10585,74,2
10586,75,1
10586,79,2
10586,37,1
10587,56,2
10587,59,1
10587,44,1
10588,74,1
10588,73,1
10588,75,1
10589,79,1
10589,72,2
10589,75,1
10590,73,2
10590,76,1
10590,75,1
10591,72,2
10591,77,1
10591,30,2
10591,78,1
10591,74,1
10592,75,1
10592,71,1
10592,43,1
10593,76,1
10593,74,2
10593,80,1
10593,58,1
10593,73,2
10594,7,1
10594,80,1
10595,79,3
10595,28,2
10595,75,1
10595,76,1
10596,79,1
10596,72,1
10596,43,3
10596,75,1
10597,24,1
10597,71,1
10598,74,1
10598,72,1
10598,80,1
10599,77,1
10599,79,1
10599,20,2
10599,71,1
10599,72,1
10600,10,1
10600,78,1
10600,55,1
10601,8,1
10601,4,1
10602,59,1
10602,1,1
10602,9,1
10603,1,1
10603,27,1
10604,3,1
10604,5,1
10605,23,1
10605,30,1
10605,24,1
10605,7,2
10606,51,1
10606,2,1
10606,1,1
10606,25,1
10606,5,1
10607,9,1
10607,5,1
10607,8,1
10607,40,1
10608,52,1
10608,1,1
10609,1,1
10609,46,2
10609,8,1
10609,35,1
10610,2,1
10610,8,1
10611,3,1
10611,5,2
10611,34,1
10612,4,1
10612,2,1
10612,8,2
10613,2,3
10613,9,3
10613,3,2
10613,37,1
10614,1,1
10614,7,1
10614,9,1
10615,1,1
10615,4,2
10616,45,1
10616,3,1
10616,7,1
10616,11,1
10617,6,1
10617,1,1
10618,22,1
10618,1,1
10618,6,1
10619,3,1
10619,2,1
10619,8,1
10619,6,1
10620,9,1
10620,5,1
10621,7,1
10621,4,2
10621,9,2
10622,6,3
10622,5,1
10622,2,1
10622,49,3
10623,5,1
10623,8,2
10624,9,2
10624,2,1
10625,4,3
10625,8,1
10625,16,2
10626,9,1
10626,2,1
10626,5,1
10626,24,1
10627,7,1
10627,42,2
10627,9,1
10628,4,1
10628,5,1
10628,1,1
10629,9,1
10629,7,1
10629,1,1
10629,2,1
10630,9,1
10630,1,1
10630,34,1
10630,4,1
10630,2,1
10631,3,1
10631,1,1
10631,26,1
10631,9,2
10632,25,1
10632,6,2
10633,24,1
10633,7,1
10633,4,1
10633,9,1
10634,5,1
10634,8,2
10634,2,2
10634,33,1
10635,2,1
10635,4,1
10635,5,1
10635,7,1
10636,2,1
10636,8,1
10636,6,1
10637,29,3
10637,7,1
10637,1,1
10637,6,1
10638,59,1
10638,24,2
10638,5,1
10639,9,1
10639,7,1
10639,3,1
10640,4,1
10640,8,1
10640,7,1
10641,20,1
10641,75,1
10642,53,1
10642,21,1
10643,60,1
10643,23,1
10644,22,1
10644,59,1
10645,29,1
10645,43,1
10646,74,1
10646,23,1
10646,46,1
10647,74,1
10647,16,1
10647,75,1
10647,23,1
10648,23,1
10648,25,1
10649,23,1
10649,24,1
10650,74,1
10650,28,1
10650,22,1
10651,21,1
10651,25,1
10651,20,2
10652,75,1
10652,25,1
10653,5,2
10653,35,1
10653,22,1
10654,23,1
10655,25,1
10655,74,1
10656,74,1
10656,22,2
10656,20,2
10657,25,1
10658,24,1
10658,74,2
10658,20,1
10659,25,2
10659,24,1
10659,27,1
10660,24,1
10660,22,1
10661,5,1
10661,60,1
10662,9,1
10662,57,1
10662,33,1
10663,7,1
10663,2,3
10664,9,1
10664,5,1
10664,60,1
10664,8,1
10665,1,1
10665,3,1
10666,1,1
10666,9,1
10667,9,1
10667,6,1
10667,4,2
10668,8,1
10668,6,1
10668,23,1
10669,37,1
10669,2,1
10669,5,1
10669,3,1
10670,1,2
10670,4,1
10671,6,1
10671,33,1
10671,1,2
10672,5,1
10672,7,1
10672,2,2
10672,9,2
10673,9,1
10673,7,2
10673,4,1
10674,6,1
10674,18,1
10675,6,1
10675,9,3
10676,9,1
10676,38,1
10676,2,3
10677,4,1
10677,29,1
10677,2,1
10677,1,1
10678,2,1
10678,7,1
10679,5,1
10680,2,2
10680,7,1
10680,6,1
10681,78,1
10681,60,1
10681,72,1
10681,77,1
10682,71,1
10682,74,1
10683,76,1
10683,73,1
10683,75,1
10683,79,1
10684,6,1
10684,75,1
10685,76,1
10685,78,1
10685,71,1
10686,72,1
10686,79,1
10687,78,2
10687,80,1
10687,77,1
10687,72,2
10687,46,2
10688,20,1
10688,26,1
10688,73,1
10689,78,2
10689,71,1
10689,74,1
10689,75,1
10690,58,2
10690,79,1
10690,76,1
10690,74,1
10691,71,1
10691,75,1
10691,4,3
10691,79,1
10691,13,1
10692,72,1
10692,77,2
10692,50,1
10693,80,1
10693,71,1
10693,74,2
10694,75,1
10694,77,1
10694,49,1
10694,76,1
10695,73,1
10695,5,1
10696,20,1
10696,71,1
10696,79,1
10696,80,1
10696,29,1
10697,71,2
10697,74,1
10697,79,2
10697,78,1
10698,71,1
10698,79,2
10698,73,3
10698,40,1
10699,32,1
10699,80,2
10700,13,2
10700,52,1
10700,53,1
10701,15,1
10701,4,1
10702,16,1
10702,15,1
10703,51,1
10703,13,1
10704,12,2
10704,23,2
10704,14,1
10704,10,3
10705,12,1
10705,10,1
10706,13,1
10706,14,1
10706,59,1
10707,11,1
10707,14,1
10708,10,3
10709,10,1
10709,11,1
10710,13,3
10710,34,1
10710,4,1
10711,19,1
10712,34,1
10712,35,1
10713,11,1
10713,44,1
10713,10,1
10714,10,1
10714,13,1
10714,7,2
10715,11,1
10715,21,1
10716,10,1
10716,14,1
10716,16,1
10716,13,1
10717,13,1
10717,14,1
10718,34,1
10718,15,1
10719,50,1
10719,13,1
10719,12,2
10720,7,1
10720,54,1
10720,60,1
10720,11,1
10721,7,1
10722,3,2
10723,3,1
10723,1,1
10724,7,2
10724,8,1
10724,5,3
10724,15,1
10725,9,1
10725,5,1
10725,3,3
10726,6,1
10726,7,2
10726,5,1
10727,3,1
10727,9,1
10727,17,1
10728,59,1
10728,1,1
10728,8,1
10729,9,3
10729,4,1
10729,2,2
10730,9,1
10730,1,1
10731,12,1
10731,9,1
10732,2,1
10732,9,2
10732,6,1
10732,42,1
10733,7,1
10733,8,2
10734,1,1
10735,6,1
10735,9,1
10736,2,1
10736,32,1
10736,8,1
10736,1,1
10737,7,1
10737,8,1
10737,9,1
10738,4,1
10738,8,1
10738,3,1
10739,6,1
10739,7,1
10739,9,2
10740,6,1
10740,8,1
10741,19,2
10741,34,1
10741,44,1
10742,18,1
10742,19,1
10743,18,1
10743,19,1
10743,47,3
10744,19,1
10744,40,1
10744,18,2
10745,19,1
10745,29,1
10746,18,1
10747,19,1
10747,29,1
10748,20,2
10749,29,1
10749,19,2
10750,29,2
10750,18,1
10751,19,1
10751,29,2
10752,36,1
10752,29,1
10752,18,1
10753,46,1
10753,19,1
10754,19,1
10754,34,1
10754,13,1
10755,18,1
10756,19,1
10756,52,1
10756,18,1
10756,34,1
10756,29,1
10757,34,1
10757,29,2
10758,18,1
10758,19,1
10759,19,2
10759,34,3
10759,29,2
10760,34,1
10760,29,1
10761,11,1
10761,42,2
10761,14,1
10761,13,1
10762,14,1
10762,15,1
10762,16,1
10763,15,2
10764,12,1
10764,11,1
10764,10,3
10765,13,1
10765,12,1
10765,15,2
10765,16,1
10766,14,1
10766,39,1
10767,21,1
10767,11,1
10767,60,1
10768,11,1
10768,10,2
10769,16,1
10769,13,2
10770,11,1
10771,14,1
10771,38,2
10771,11,3
10772,13,1
10772,10,1
10773,15,1
10773,10,1
10773,11,1
10773,12,1
10773,39,1
10774,14,3
10774,12,1
10775,16,2
10775,14,1
10775,13,2
10775,4,1
10776,15,1
10776,10,1
10777,14,1
10777,15,1
10777,40,1
10777,11,1
10778,10,1
10778,14,1
10779,16,2
10779,14,2
10779,12,1
10780,13,1
10780,10,1
10780,15,1
10780,12,1
10781,7,1
10781,5,1
10781,8,1
10781,9,3
10781,1,2
10782,2,1
10782,31,3
10782,8,1
10783,27,1
10783,5,1
10783,9,1
10784,50,1
10784,8,1
10785,9,1
10785,8,1
10785,7,1
10786,7,1
10786,3,3
10786,4,1
10787,9,1
10787,5,1
10787,3,2
10788,6,1
10788,2,1
10789,51,2
10789,6,1
10790,1,1
10790,5,1
10790,8,1
10790,2,1
10791,5,2
10791,6,2
10792,2,1
10792,9,1
10793,3,1
10793,8,1
10794,9,1
10794,8,1
10794,4,1
10795,9,1
10795,5,1
10795,29,1
10796,5,1
10796,2,1
10796,37,3
10796,49,2
10797,6,1
10798,8,1
10798,3,1
10799,25,1
10799,9,1
10800,3,1
10800,52,2
10800,6,1
10801,62,1
10801,63,2
10801,61,3
10802,48,1
10802,61,1
10802,29,1
10802,63,3
10802,62,1
10803,61,1
10803,31,1
10804,66,1
10804,62,3
10805,66,1
10805,9,1
10805,65,1
10806,64,1
10806,63,2
10806,66,1
10807,63,1
10807,61,1
10807,62,2
10808,63,1
10808,61,1
10808,62,2
10808,4,1
10809,65,1
10809,61,1
10809,3,1
10809,62,1
10810,28,1
10810,16,2
10811,63,2
10811,66,1
10812,63,2
10812,65,1
10813,63,1
10813,65,1
10814,64,1
10814,28,1
10815,66,1
10815,64,1
10816,64,2
10816,66,1
10816,61,1
10817,66,1
10817,61,2
10818,63,1
10818,65,2
10819,57,1
10819,62,2
10820,63,1
10820,64,1
10821,9,1
10821,6,1
10821,45,3
10822,8,1
10822,48,1
10822,1,2
10822,7,2
10822,2,3
10823,25,1
10823,7,1
10823,6,2
10824,2,1
10824,44,1
10825,3,1
10825,5,1
10825,6,1
10825,4,1
10825,54,1
10826,2,2
10826,13,3
10827,8,1
10827,2,1
10827,7,2
10828,3,2
10829,3,1
10829,52,2
10829,4,2
10830,2,2
10830,7,1
10831,6,1
10831,9,1
10831,5,1
10832,1,1
10832,3,1
10832,7,1
10832,6,2
10833,57,1
10833,3,1
10833,9,1
10834,3,1
10834,53,1
10834,9,1
10835,5,1
10835,9,1
10836,7,1
10836,3,1
10837,7,1
10837,6,1
10837,3,1
10838,2,2
10839,8,3
10839,2,1
10840,3,1
10840,39,1
10841,11,1
10841,10,2
10841,16,1
10842,5,1
10842,12,1
10842,15,1
10843,43,2
10843,11,1
10843,14,1
10843,3,1
10843,16,1
10844,58,1
10844,12,1
10845,28,1
10845,16,1
10846,10,1
10846,14,1
10847,12,1
10847,55,1
10847,38,1
10847,11,1
10848,13,1
10848,11,2
10849,11,1
10849,14,1
10849,15,1
10849,32,1
10850,11,3
10850,14,1
10851,2,1
10851,14,1
10851,51,1
10852,11,1
10852,32,3
10853,15,1
10853,12,2
10853,2,1
10853,16,1
10854,15,1
10854,11,1
10854,14,1
10855,10,1
10855,14,1
10856,13,2
10856,15,1
10856,14,1
10856,10,1
10857,59,1
10857,10,1
10857,7,1
10858,11,1
10858,10,1
10858,14,1
10858,31,1
10859,57,1
10859,11,1
10859,13,1
10859,10,1
10860,13,3
10860,43,1
10860,15,1
10860,29,1
10861,10,1
10861,13,1
10861,14,1
10862,12,1
10862,13,1
10863,16,2
10863,11,1
10864,11,3
10864,12,1
10865,16,1
10865,10,1
10866,13,1
10866,15,1
10866,48,3
10867,60,1
10867,10,2
10867,57,1
10868,13,1
10868,14,2
10868,12,1
10868,15,1
10869,14,2
10869,16,1
10870,11,1
10870,13,1
10870,12,1
10871,15,1
10871,11,1
10871,13,1
10872,11,3
10872,10,1
10872,14,2
10872,16,1
10873,16,1
10874,12,1
10874,52,3
10874,15,1
10874,13,3
10875,12,1
10875,13,1
10875,14,1
10876,13,1
10877,11,1
10877,15,1
10878,16,1
10878,12,1
10879,11,1
10879,10,1
10879,14,1
10879,6,1
10880,13,1
10881,10,1
10881,5,1
10882,14,1
10882,12,1
10883,30,1
10883,15,1
10884,10,1
10884,13,1
10885,14,1
10885,10,1
10885,16,1
10886,12,1
10886,10,1
10886,13,1
10887,12,2
10887,22,1
10887,11,2
10888,58,1
10888,16,2
10888,13,1
10889,12,1
10889,14,3
10890,16,1
10890,53,1
10890,15,1
10891,13,1
10891,16,1
10891,8,1
10892,8,2
10892,14,1
10892,10,1
10892,13,1
10893,10,1
10893,14,1
10893,16,1
10894,16,1
10894,13,1
10895,14,1
10895,10,1
10895,32,2
10895,36,1
10896,15,1
10896,13,1
10897,2,1
10897,26,1
10897,16,1
10898,10,1
10898,14,1
10898,12,1
10898,32,1
10899,7,1
10899,13,1
10900,59,2
10900,15,1
10900,10,1
10901,10,3
10901,15,1
10901,13,1
10902,48,1
10902,59,1
10903,10,1
10903,12,1
10904,11,1
10904,13,1
10905,14,1
10905,13,1
10905,12,1
10906,12,1
10906,11,1
10906,10,1
10906,50,1
10907,43,1
10907,13,1
10908,15,1
10908,13,2
10908,11,1
10909,18,1
10909,11,2
10910,12,3
10910,14,1
10910,13,1
10910,15,1
10911,11,2
10912,19,1
10912,16,1
10913,16,3
10913,13,3
10913,10,1
10914,38,1
10914,11,2
10914,16,1
10914,53,1
10915,15,1
10915,55,2
10915,11,2
10916,12,3
10916,15,1
10917,11,1
10917,12,2
10917,13,1
10918,54,1
10918,15,1
10918,14,1
10919,14,1
10919,36,1
10920,46,1
10921,36,3
10921,31,2
10921,28,1
10922,29,1
10922,41,1
10923,31,1
10923,33,1
10923,30,1
10924,31,1
10924,30,1
10924,18,1
10924,2,1
10925,32,1
10925,6,2
10925,30,2
10926,32,1
10926,29,1
10927,33,1
10927,30,1
10927,29,1
10928,44,2
10928,32,1
10928,3,1
10929,16,2
10929,17,1
10929,31,1
10929,34,1
10929,28,1
10930,29,1
10930,31,3
10931,29,3
10931,28,2
10932,37,1
10932,32,1
10932,46,2
10932,30,1
10933,30,1
10933,32,1
10933,31,3
10934,28,1
10934,30,2
10935,33,1
10935,41,1
10935,29,1
10936,28,1
10936,32,2
10936,33,1
10937,31,1
10937,25,1
10937,33,1
10937,30,1
10938,31,1
10938,30,1
10938,28,1
10939,32,1
10939,30,3
10939,28,1
10940,29,1
10940,31,2
10940,30,3
10941,64,1
10941,65,1
10941,61,1
10942,33,1
10942,62,1
10943,65,1
10943,63,1
10943,61,3
10943,66,1
10944,62,1
10944,61,1
10944,65,2
10944,63,3
10945,64,1
10945,63,1
10945,66,1
10945,65,1
10946,63,1
10946,65,1
10947,65,2
10947,62,1
10947,66,1
10947,64,2
10948,45,1
10948,63,1
10949,65,1
10949,64,1
10949,9,1
10950,65,2
10950,66,2
10950,61,1
10951,64,1
10951,61,1
10951,66,1
10952,53,1
10952,63,1
10952,62,1
10953,65,1
10953,64,1
10953,61,1
10954,65,1
10954,61,1
10954,64,1
10955,61,1
10955,63,2
10955,43,1
10956,64,2
10956,61,1
10956,65,3
10957,66,2
10957,62,1
10957,64,1
10958,65,1
10958,61,1
10958,64,1
10959,66,1
10959,22,1
10959,63,1
10959,64,1
10960,64,1
10960,66,1
10961,23,1
10961,22,1
10961,74,1
10961,75,1
10962,23,1
10962,21,1
10963,20,2
10963,30,1
10963,21,1
10964,22,1
10964,28,2
10965,48,1
10965,24,2
10965,20,1
10966,49,3
10966,22,1
10967,40,1
10967,25,1
10967,21,1
10967,74,1
10967,23,1
10968,23,1
10968,22,1
10969,22,1
10969,20,1
10970,35,1
10970,40,1
10970,23,1
10971,22,2
10971,24,1
10971,23,1
10971,75,1
10972,25,2
10972,22,1
10972,23,1
10972,21,2
10973,37,1
10973,22,1
10974,60,1
10974,49,1
10974,31,1
10974,21,1
10975,74,1
10975,24,1
10975,20,2
10976,8,2
10976,42,1
10976,20,1
10977,20,1
10978,23,1
10978,22,1
10978,25,1
10979,21,2
10979,20,1
10980,24,1
10980,22,2
10980,75,3
10980,20,1
10981,15,1
10981,10,1
10982,40,1
10982,14,1
10983,2,1
10983,16,1
10983,13,1
10983,14,1
10984,11,1
10984,16,1
10985,15,1
10985,12,1
10986,36,2
10986,29,1
10986,23,2
10986,15,1
10987,21,1
10987,16,2
10987,9,1
10988,14,1
10988,13,2
10989,16,1
10989,13,1
10990,12,1
10990,14,1
10991,15,2
10991,11,1
10991,12,2
10991,13,2
10992,12,2
10992,11,1
10993,34,1
10993,10,1
10993,14,1
10994,11,1
10994,13,1
10994,15,1
10995,16,3
10995,10,1
10996,26,1
10996,16,2
10997,60,1
10997,12,1
10997,10,1
10997,15,1
10998,15,1
10998,10,1
10999,15,1
10999,14,1
10999,58,2
10999,16,2
11000,13,2
11000,3,1
11001,15,1
11001,10,1
11002,15,1
11002,14,1
11002,39,1
11003,10,1
11003,14,1
11004,14,1
11004,13,1
11004,11,2
11005,13,1
11005,16,1
11005,12,1
11006,10,1
11006,14,1
11007,40,1
11007,47,1
11007,41,1
11008,16,1
11008,15,1
11008,11,1
11008,12,1
11009,14,1
11009,30,1
11009,49,1
11010,12,1
11010,16,2
11010,57,2
11011,2,1
11011,12,1
11012,12,1
11012,14,1
11013,11,1
11013,16,1
11013,15,1
11014,11,1
11014,16,1
11014,12,1
11015,14,3
11015,57,1
11016,11,1
11016,18,1
11017,16,2
11017,44,2
11018,15,1
11018,10,1
11018,14,1
11019,10,1
11019,11,1
11019,12,1
11020,55,1
11020,12,1
11021,2,2
11021,8,1
11021,5,2
11022,3,1
11022,28,1
11023,8,1
11023,3,1
11023,2,1
11023,1,1
11024,39,1
11024,8,1
11025,4,1
11025,3,1
11026,6,3
11026,2,1
11026,1,1
11027,7,1
11027,38,3
11027,6,1
11028,1,1
11028,7,1
11028,60,1
11028,3,1
11029,7,1
11029,4,1
11029,5,2
11030,26,1
11030,1,1
11031,1,1
11031,14,1
11031,5,3
11032,4,1
11032,1,1
11032,5,1
11033,4,3
11033,1,1
11034,7,1
11034,5,1
11034,2,1
11035,4,1
11035,6,1
11036,7,3
11036,6,1
11036,9,1
11037,5,2
11037,8,1
11037,6,1
11038,8,1
11038,4,1
11038,6,2
11038,7,1
11038,3,1
11039,8,1
11039,9,1
11039,4,1
11040,3,1
11040,6,1
11040,8,1
11041,28,2
11041,1,1
11041,4,1
11042,25,1
11042,57,1
11043,5,3
11043,4,1
11043,47,1
11043,13,3
11044,23,1
11044,48,1
11044,2,2
11045,7,1
11045,33,1
11046,1,1
11046,19,1
11047,3,1
11047,9,1
11047,8,1
11048,13,1
11048,6,1
11049,26,1
11049,49,2
11049,6,1
11050,5,1
11050,3,1
11050,2,1
11051,10,1
11051,48,1
11051,34,2
11051,1,1
11052,56,1
11052,8,1
11052,1,1
11053,2,1
11053,50,1
11053,6,2
11054,4,1
11054,3,1
11054,27,1
11055,8,1
11055,6,1
11056,4,1
11056,7,2
11057,3,1
11057,8,1
11057,2,1
11058,2,1
11058,9,2
11058,6,1
11059,5,1
11059,10,1
11059,4,1
11060,35,1
11060,2,1
11060,9,1
11061,12,1
11061,3,1
11062,9,2
11062,4,1
11062,5,1
11062,6,1
11063,9,1
11063,6,1
11064,7,1
11064,40,3
11064,5,1
11064,55,1
11065,4,2
11065,2,1
11066,6,1
11067,4,1
11067,32,1
11067,17,1
11067,5,1
11068,7,2
11068,14,1
11068,8,2
11068,5,1
11069,2,1
11069,5,1
11070,1,1
11070,29,1
11070,6,1
11071,6,1
11071,2,1
11071,8,1
11072,31,2
11072,16,1
11072,1,1
11072,4,1
11073,18,1
11073,5,1
11074,9,1
11074,5,1
11075,1,1
11075,19,1
11075,6,1
11076,5,1
11076,2,1
11076,1,1
11077,4,1
11077,2,2
11077,3,1
11078,9,1
11078,2,1
11079,7,1
11079,3,1
11080,8,1
11080,6,2
11080,3,3
11081,9,1
11081,7,1
11081,6,1
11081,5,1
11082,1,1
11082,50,2
11082,9,2
11082,5,2
11083,43,1
11083,6,1
11083,8,1
11083,4,1
11084,6,2
11084,3,1
11084,29,1
11085,1,3
11085,5,1
11085,4,1
11086,2,1
11086,3,1
11086,7,1
11086,5,1
11087,8,2
11087,42,1
11088,3,1
11088,8,1
11088,9,1
11089,9,1
11089,1,2
11089,2,1
11089,3,2
11089,58,1
11090,8,1
11090,1,1
11090,7,1
11091,2,1
11091,9,2
11092,2,1
11092,4,1
11092,19,1
11093,24,2
11093,8,2
11093,7,2
11093,3,1
11094,2,2
11094,3,3
11095,56,1
11095,9,1
11095,1,1
11096,6,2
11096,4,1
11097,9,1
11097,7,1
11097,55,1
11098,55,1
11098,13,3
11099,4,1
11099,6,1
11099,5,1
11100,4,2
11101,14,2
11101,22,1
11102,22,3
11102,23,1
11102,25,1
11103,25,1
11103,53,2
11103,23,1
11104,19,1
11104,25,1
11105,24,3
11105,25,1
11105,28,1
11106,23,1
11106,24,1
11107,28,2
11107,12,1
11108,23,2
11109,55,1
11109,24,2
11110,25,3
11110,23,1
11110,22,1
11111,55,1
11111,28,1
11111,23,1
11111,25,1
11112,22,1
11112,24,1
11112,25,1
11113,22,1
11113,23,1
11114,25,1
11114,22,3
11115,22,1
11115,44,3
11116,24,1
11116,23,1
11116,25,2
11116,22,1
11117,22,1
11117,24,1
11117,40,1
11117,25,1
11117,23,1
11118,22,1
11118,23,1
11119,15,2
11119,24,1
11120,23,1
11120,9,1
11121,32,1
11121,31,1
11121,33,1
11121,28,2
11122,31,1
11122,51,2
11122,29,1
11122,33,1
11123,28,2
11123,30,1
11123,32,1
11123,29,1
11124,29,2
11124,28,2
11124,33,1
11125,54,1
11125,29,1
11125,32,1
11125,30,1
11126,28,1
11126,29,1
11126,33,1
11126,32,1
11127,28,2
11127,30,1
11127,37,1
11128,30,1
11128,31,2
11128,42,1
11129,32,1
11129,29,3
11129,30,1
11130,59,3
11130,29,1
11130,30,1
11131,29,1
11131,32,2
11131,4,1
11131,30,1
11132,31,1
11132,30,2
11132,32,1
11132,28,1
11132,29,1
11133,31,1
11133,28,1
11133,30,1
11134,33,1
11134,28,1
11134,32,1
11134,30,1
11135,32,1
11135,29,2
11135,30,1
11135,31,1
11136,30,1
11136,28,1
11137,32,1
11137,30,1
11138,52,1
11138,33,1
11139,32,2
11139,33,1
11139,30,1
11140,4,1
11140,32,1
11141,13,1
11141,11,1
11141,16,1
11142,37,1
11142,10,1
11143,13,1
11143,16,1
11144,15,1
11144,25,1
11145,16,1
11145,19,2
11145,11,1
11146,10,1
11147,14,1
11148,10,2
11148,12,1
11148,15,1
11149,15,1
11149,10,1
11150,15,3
11151,45,1
11151,14,1
11152,13,1
11152,14,1
11152,48,1
11152,11,1
11153,11,1
11153,13,1
11153,14,1
11154,14,1
11154,16,1
11154,15,2
11155,14,1
11155,16,1
11155,12,1
11155,13,2
11156,13,1
11156,16,1
11156,11,1
11157,14,1
11158,11,1
11158,14,1
11159,16,2
11159,10,1
11160,15,1
11160,60,1
11160,13,1
11160,14,3
11160,10,1
11161,29,1
11161,38,1
11161,44,1
11162,29,1
11162,18,1
11162,11,2
11163,19,3
11163,34,1
11163,44,1
11163,18,2
11164,29,1
11164,45,1
11165,34,2
11165,18,1
11165,25,1
11165,19,1
11166,19,1
11167,16,1
11167,36,1
11167,19,2
11167,34,1
11168,16,1
11168,19,1
11168,34,3
11169,29,1
11169,18,2
11169,9,1
11169,19,1
11170,34,1
11170,36,1
11171,19,1
11171,29,1
11171,28,1
11171,39,1
11172,19,1
11172,18,1
11172,29,1
11173,43,1
11173,22,1
11173,19,1
11173,18,1
11174,60,1
11174,29,1
11175,19,1
11175,38,1
11175,60,2
11176,34,1
11176,29,3
11176,19,1
11177,18,1
11177,24,1
11178,34,1
11178,29,1
11178,18,1
11178,19,1
11179,18,1
11179,29,1
11179,34,1
11179,45,1
11180,34,1
11180,57,1
11180,18,1
11180,19,3
11181,7,1
11181,36,1
11182,7,1
11182,9,1
11183,8,1
11183,54,1
11183,2,1
11183,38,1
11184,6,1
11184,2,1
11185,1,2
11185,7,1
11185,30,1
11186,12,1
11186,3,1
11186,28,1
11187,1,1
11187,6,1
11188,7,1
11188,1,1
11189,5,1
11189,7,1
11190,1,1
11191,2,1
11191,8,2
11191,3,1
11191,1,1
11192,5,2
11192,1,1
11192,9,2
11193,1,2
11193,8,1
11194,18,1
11194,7,1
11194,16,1
11194,6,3
11195,7,1
11195,9,1
11196,9,1
11196,7,1
11197,3,1
11197,5,1
11197,9,1
11197,4,1
11198,9,1
11198,24,3
11199,5,1
11199,3,1
11199,2,1
11200,1,1
11201,65,1
11201,64,1
11201,62,1
11202,64,1
11202,21,2
11202,62,1
11203,63,1
11203,66,1
11204,62,1
11204,65,1
11205,25,3
11205,62,1
11205,65,1
11206,61,1
11207,65,1
11207,66,1
11207,64,3
11208,64,1
11208,62,1
11208,66,1
11209,65,1
11209,31,2
11209,62,1
11209,10,1
11210,66,2
11210,64,1
11211,63,1
11211,6,1
11211,61,1
11212,61,1
11212,65,2
11213,65,1
11213,59,1
11213,64,1
11214,45,1
11214,11,2
11215,66,1
11216,66,1
11216,62,1
11216,61,1
11217,62,1
11217,7,1
11217,53,3
11217,43,1
11218,64,1
11218,1,1
11219,48,1
11219,65,1
11219,63,1
11220,66,1
11220,64,1
11221,18,1
11221,56,2
11222,29,2
11222,18,1
11223,8,1
11223,34,1
11223,29,1
11224,29,2
11224,34,1
11224,18,1
11224,19,1
11224,24,1
11225,19,3
11225,18,1
11226,44,1
11226,29,2
11227,19,1
11227,18,2
11227,29,1
11228,34,2
11228,29,1
11229,18,1
11229,19,2
11230,18,1
11230,34,2
11230,19,3
11230,29,1
11231,31,1
11231,34,1
11231,29,1
11232,34,1
11232,51,1
11232,19,1
11233,48,1
11233,18,1
11233,19,1
11234,33,1
11234,36,1
11234,29,1
11235,19,1
11235,18,1
11235,3,1
11236,29,1
11236,28,1
11236,34,1
11237,34,1
11237,18,1
11237,19,1
11238,34,1
11238,18,1
11238,19,1
11239,18,1
11239,34,1
11240,34,1
11240,29,1
11240,7,1
11240,19,1
11241,6,1
11241,49,2
11241,2,1
11241,54,2
11242,5,2
11242,6,1
11242,30,1
11243,9,2
11243,2,3
11244,50,1
11244,2,1
11244,20,2
11245,7,2
11246,1,1
11246,5,1
11246,59,2
11246,4,3
11247,9,1
11247,2,1
11247,1,1
11248,6,1
11248,2,1
11248,4,3
11249,1,1
11249,8,1
11250,5,1
11250,6,2
11250,2,1
11251,2,1
11251,4,2
11252,48,1
11252,7,1
11252,4,1
11253,9,1
11253,24,1
11253,49,1
11254,5,1
11254,4,1
11255,7,2
11255,9,1
11256,5,1
11256,7,1
11256,8,2
11256,1,2
11257,7,1
11257,9,1
11258,8,1
11259,4,2
11259,5,2
11260,32,1
11260,7,2
11261,9,1
11261,6,2
11262,8,1
11262,7,1
11262,1,1
11262,9,1
11263,6,1
11263,8,1
11264,3,1
11264,8,1
11265,8,1
11265,6,2
11266,9,1
11266,2,1
11267,19,2
11267,8,1
11268,1,1
11268,54,1
11269,7,1
11269,2,1
11270,38,2
11270,16,2
11270,7,1
11271,9,1
11271,8,1
11271,7,1
11272,7,3
11272,2,1
11273,6,2
11273,3,1
11274,7,1
11274,6,3
11274,2,1
11275,7,1
11275,10,1
11275,3,1
11276,9,2
11276,2,2
11276,28,1
11276,7,2
11277,8,1
11277,2,1
11277,9,1
11278,38,1
11278,9,1
11279,9,1
11279,6,2
11279,5,1
11280,4,1
11281,41,1
11281,9,1
11282,38,1
11282,13,1
11283,41,1
11283,37,1
11283,39,1
11283,32,2
11284,25,2
11284,37,1
11284,45,1
11285,26,1
11285,17,1
11285,4,1
11286,42,1
11286,41,1
11287,41,1
11287,42,2
11287,40,1
11287,39,1
11288,37,1
11288,38,1
11288,42,2
11288,17,1
11289,38,1
11289,41,1
11290,39,2
11290,41,2
11291,41,1
11291,42,2
11291,32,1
11292,38,1
11292,37,2
11292,42,1
11292,40,1
11293,9,1
11293,37,1
11293,42,1
11294,32,1
11294,52,1
11294,42,1
11294,40,2
11294,39,1
11295,39,3
11295,42,1
11295,37,2
11295,40,3
11296,38,1
11296,39,1
11296,42,1
11296,22,1
11297,41,1
11297,54,1
11297,38,1
11298,40,1
11298,38,1
11298,41,1
11298,11,2
11299,37,2
11299,43,1
11299,38,1
11299,36,2
11300,41,1
11300,42,1
11300,39,1
11301,8,1
11301,6,2
11301,7,1
11302,5,1
11303,5,3
11303,47,1
11303,52,1
11303,8,1
11304,3,1
11305,2,1
11305,7,1
11306,9,2
11306,7,2
11307,3,1
11307,5,1
11307,1,1
11308,7,1
11308,9,1
11309,7,1
11309,6,2
11310,34,1
11310,8,1
11311,22,1
11311,3,1
11312,8,1
11312,4,1
11312,2,1
11312,9,2
11313,7,1
11313,1,1
11314,9,2
11314,3,3
11314,6,1
11315,3,1
11315,1,1
11315,9,1
11315,2,1
11316,1,3
11316,57,1
11316,3,1
11316,40,1
11317,2,1
11318,54,1
11318,2,1
11318,7,2
11318,5,1
11319,1,3
11319,9,1
11319,34,1
11320,1,1
11320,6,1
11321,30,1
11321,21,1
11322,20,1
11322,53,1
11323,20,2
11323,24,1
11324,23,1
11324,21,1
11324,22,1
11325,74,1
11325,24,1
11326,75,2
11326,21,1
11326,23,1
11326,20,1
11326,22,1
11327,20,1
11327,37,2
11327,24,1
11328,23,1
11328,74,1
11328,24,1
11329,56,1
11329,22,1
11330,75,1
11330,23,1
11330,21,2
11331,20,1
11331,23,1
11331,24,1
11331,21,1
11332,20,1
11332,35,2
11333,24,1
11334,55,1
11334,22,1
11334,23,1
11334,43,1
11335,74,1
11335,47,1
11335,15,1
11335,22,1
11336,29,2
11336,22,1
11337,21,1
11338,23,1
11338,19,2
11338,25,1
11338,20,1
11339,74,1
11339,75,1
11339,20,1
11340,25,3
11340,22,1
11340,20,1
11341,23,1
11341,20,3
11341,52,1
11341,8,2
11342,25,1
11342,20,3
11343,21,1
11343,74,1
11343,24,1
11344,28,1
11344,25,1
11344,22,1
11345,23,1
11345,24,2
11345,21,1
11345,22,1
11346,21,2
11346,22,1
11347,20,2
11347,75,1
11347,22,1
11348,75,1
11348,16,1
11348,20,1
11348,74,1
11349,23,1
11349,74,1
11349,25,1
11350,23,1
11350,75,1
11351,25,1
11351,24,1
11352,75,2
11352,54,1
11353,49,2
11353,21,1
11353,22,1
11354,23,1
11354,24,1
11355,20,2
11355,44,1
11356,74,1
11356,37,1
11356,24,3
11357,75,1
11357,22,1
11357,23,1
11357,20,1
11358,25,1
11358,24,1
11359,7,1
11359,21,2
11359,50,1
11360,21,1
11360,74,1
11360,24,1
11361,29,1
11361,18,1
11362,29,1
11362,18,1
11362,34,1
11362,19,1
11363,19,1
11363,8,1
11363,32,1
11364,19,1
11364,18,3
11365,16,1
11365,34,1
11365,18,2
11365,19,1
11365,30,1
11366,34,1
11366,18,3
11367,29,1
11367,34,2
11368,60,1
11368,29,1
11369,34,2
11369,29,1
11369,18,1
11370,19,1
11370,18,1
11370,52,1
11371,40,1
11371,34,1
11372,29,2
11372,12,1
11372,19,1
11373,29,1
11373,18,1
11373,4,2
11374,19,1
11374,29,1
11374,18,2
11375,33,1
11375,29,1
11376,19,1
11376,18,1
11376,34,1
11376,8,1
11376,43,1
11377,29,2
11377,19,1
11378,29,1
11378,18,1
11379,12,1
11379,19,1
11379,18,1
11380,19,1
11380,29,1
11380,34,2
11381,13,1
11381,12,1
11381,10,1
11382,31,1
11382,11,1
11383,13,1
11384,13,1
11384,14,1
11384,10,1
11385,13,2
11385,16,1
11386,11,1
11387,12,1
11387,24,1
11387,13,1
11387,10,1
11388,14,3
11388,16,2
11389,13,1
11389,17,1
11389,15,1
11390,14,1
11390,15,1
11391,16,1
11392,12,1
11392,13,2
11393,11,3
11393,10,2
11393,15,1
11393,12,1
11394,16,1
11394,15,1
11395,14,1
11395,12,1
11395,11,1
11396,11,1
11396,10,1
11397,16,2
11397,11,2
11398,14,1
11398,10,1
11399,10,1
11399,25,1
11400,15,1
11400,16,2
11401,60,1
11401,67,2
11402,70,1
11402,54,1
11402,65,1
11402,56,1
11403,53,1
11403,67,1
11403,56,2
11404,63,1
11404,36,1
11404,58,1
11404,59,1
11405,70,3
11405,66,2
11405,52,1
11405,54,1
11406,65,1
11406,53,2
11406,52,1
11406,14,1
11407,66,3
11407,59,1
11407,35,1
11407,68,1
11408,55,1
11408,53,1
11409,69,1
11409,53,1
11409,59,1
11409,56,1
11410,6,1
11410,36,1
11410,53,1
11411,62,2
11411,55,1
11411,65,1
11411,54,1
11412,57,1
11412,68,2
11412,48,1
11413,55,1
11413,57,1
11413,68,1
11414,66,1
11415,32,1
11415,55,1
11415,51,1
11416,57,1
11416,13,1
11416,67,1
11417,58,1
11417,52,1
11417,59,3
11418,67,2
11418,49,1
11418,45,1
11419,52,1
11419,56,1
11419,1,1
11420,53,1
11420,57,1
11420,58,1
11420,34,1
11421,30,1
11421,32,2
11422,33,1
11422,30,1
11423,30,1
11423,32,1
11423,33,1
11423,31,2
11424,8,1
11424,31,1
11425,30,1
11425,28,1
11425,31,1
11425,29,1
11426,32,1
11426,51,1
11426,31,1
11427,31,3
11427,28,1
11427,41,1
11427,30,1
11428,8,1
11428,34,2
11428,29,2
11428,28,1
11429,20,1
11429,33,2
11429,30,1
11430,4,1
11430,32,1
11430,31,1
11431,30,1
11431,32,1
11431,54,1
11432,29,1
11432,32,1
11433,30,1
11433,33,1
11434,32,1
11434,31,1
11435,30,2
11435,28,1
11436,28,1
11436,31,1
11436,29,1
11437,29,1
11437,33,1
11437,28,1
11437,32,1
11438,29,1
11438,31,1
11438,28,1
11438,17,1
11439,32,1
11439,29,1
11439,30,1
11440,28,2
11440,31,2
11441,9,1
11441,12,1
11442,12,1
11442,6,1
11443,14,1
11444,14,2
11444,12,1
11444,11,1
11444,45,1
11445,13,1
11445,15,1
11445,12,2
11446,11,2
11447,12,1
11447,15,1
11448,10,1
11448,12,1
11448,13,1
11449,11,1
11449,16,1
11450,16,1
11450,15,1
11451,15,1
11451,12,1
11451,56,1
11452,12,2
11452,11,1
11452,14,1
11453,11,1
11453,13,1
11454,16,1
11454,2,1
11455,16,1
11455,15,1
11456,14,1
11456,15,1
11456,12,1
11456,16,1
11457,14,1
11457,15,1
11458,12,2
11459,34,1
11459,11,1
11459,15,1
11460,34,2
11460,37,1
11460,13,1
11461,41,1
11461,39,2
11462,39,1
11462,31,1
11462,38,1
11462,40,1
11462,37,3
11463,41,1
11463,38,1
11463,40,1
11463,51,1
11464,41,1
11464,40,2
11464,38,1
11465,47,2
11465,39,3
11465,38,2
11466,56,1
11466,42,1
11466,38,1
11466,39,1
11467,40,1
11467,42,1
11467,26,1
11467,23,1
11468,40,1
11468,38,1
11468,58,1
11469,38,1
11469,37,2
11469,41,1
11470,40,1
11470,37,1
11470,42,1
11470,39,1
11471,42,1
11471,38,2
11471,41,1
11472,42,2
11472,34,1
11472,38,3
11472,40,2
11473,42,1
11473,38,1
11474,38,3
11474,37,1
11475,22,1
11475,42,1
11475,38,1
11475,39,1
11476,38,1
11476,39,3
11476,40,1
11476,37,1
11477,41,1
11477,10,1
11477,9,1
11478,57,2
11478,9,1
11479,41,1
11479,42,1
11480,54,1
11480,42,1
11480,41,2
11481,24,1
11481,23,1
11482,23,2
11482,13,1
11483,22,1
11483,24,1
11484,24,2
11484,22,1
11484,25,1
11485,23,1
11485,22,1
11485,24,1
11486,24,2
11486,22,1
11487,24,1
11487,25,1
11487,23,1
11488,58,1
11488,23,1
11488,25,2
11488,22,1
11489,25,1
11489,24,1
11489,22,3
11489,23,1
11489,3,1
11490,25,1
11490,24,1
11490,22,1
11491,22,1
11491,23,1
11491,24,1
11491,53,1
11492,22,2
11492,23,2
11492,24,1
11493,28,1
11493,23,2
11494,24,1
11494,5,1
11494,23,1
11495,25,2
11495,23,1
11495,22,1
11496,20,1
11496,14,1
11496,24,1
11497,24,1
11497,22,1
11497,58,2
11497,25,2
11498,24,1
11498,23,2
11499,24,1
11499,23,1
11500,25,1
11501,51,2
11501,79,1
11501,71,1
11502,74,1
11502,79,1
11502,75,2
11503,75,1
11503,79,1
11504,43,1
11505,71,2
11505,77,1
11505,76,1
11506,79,1
11506,52,2
11506,77,1
11507,71,1
11507,76,2
11507,80,1
11508,77,1
11508,75,1
11508,72,1
11509,74,1
11509,59,1
11509,78,2
11509,71,1
11510,75,2
11510,18,1
11510,74,1
11510,72,1
11511,80,1
11511,77,1
11511,71,1
11511,28,1
11512,26,1
11512,46,3
11512,20,1
11513,78,1
11513,23,1
11514,78,1
11514,80,2
11514,73,3
11515,76,1
11515,74,1
11516,72,1
11516,78,1
11517,75,1
11517,71,2
11517,15,2
11517,73,1
11518,55,1
11518,72,2
11518,74,1
11519,53,2
11519,77,1
11519,73,1
11519,80,3
11520,71,1
11520,78,1
11521,36,2
11521,70,1
11522,70,2
11522,69,1
11523,69,1
11523,6,2
11523,9,1
11523,70,1
11524,70,2
11524,68,2
11525,45,1
11525,68,3
11525,67,2
11526,36,1
11526,35,1
11526,8,1
11527,57,3
11527,69,2
11527,70,1
11528,67,1
11528,40,1
11528,69,2
11529,67,1
11529,36,1
11529,35,1
11530,68,1
11530,23,1
11531,68,1
11531,67,1
11531,1,1
11532,30,2
11533,67,1
11533,70,1
11534,35,1
11535,67,1
11535,35,1
11535,69,2
11535,18,1
11536,35,1
11536,70,1
11537,70,1
11537,67,1
11537,35,1
11538,33,1
11538,68,1
11539,67,1
11539,70,1
11540,70,1
11540,69,1
11541,28,1
11541,29,1
11542,32,1
11542,30,2
11543,12,1
11543,30,1
11544,30,1
11544,32,1
11545,6,1
11545,30,2
11545,29,1
11546,33,1
11546,30,1
11547,29,1
11547,28,2
11547,30,1
11547,50,1
11548,29,1
11548,31,1
11548,33,1
11549,30,1
11549,11,1
11549,12,1
11550,32,1
11550,27,1
11551,34,1
11551,32,1
11552,15,1
11553,33,1
11553,31,1
11553,28,1
11554,31,1
11554,29,1
11555,28,1
11555,32,1
11555,57,2
11556,29,1
11556,54,1
11556,31,3
11556,30,1
11557,29,1
11558,32,1
11558,30,1
11558,48,1
11559,30,1
11559,50,1
11559,29,1
11560,29,1
11560,15,1
11561,2,2
11561,15,1
11561,13,3
11562,19,1
11562,11,1
11562,16,1
11562,12,2
11563,34,2
11563,16,2
11563,13,1
11564,10,1
11564,20,1
11564,53,1
11564,12,3
11565,15,1
11565,14,1
11566,11,3
11566,10,2
11567,16,1
11567,31,3
11568,10,2
11568,31,1
11569,56,2
11569,14,1
11569,13,1
11570,27,2
11570,13,1
11570,11,1
11570,12,2
11571,12,2
11571,13,1
11571,11,1
11572,11,1
11572,38,1
11573,14,1
11573,57,1
11574,46,1
11574,56,3
11574,14,1
11575,10,2
11575,15,1
11576,10,1
11576,12,2
11577,16,1
11577,47,1
11578,16,2
11578,12,1
11579,16,1
11579,1,1
11579,11,1
11579,12,3
11580,14,2
11580,10,2
11580,13,1
11581,35,2
11581,69,2
11581,70,1
11582,69,2
11582,35,3
11582,36,1
11583,67,1
11583,35,1
11584,68,1
11584,35,1
11585,35,2
11585,42,1
11585,2,1
11586,69,2
11586,35,1
11587,69,1
11587,35,1
11587,70,1
11588,67,1
11588,36,1
11588,68,1
11589,70,1
11589,35,1
11589,69,1
11590,35,1
11590,67,1
11590,36,1
11590,68,2
11591,35,2
11591,70,1
11591,41,1
11592,68,2
11592,69,1
11592,35,2
11592,70,1
11593,68,1
11593,36,2
11594,36,1
11594,18,1
11594,67,1
11595,67,2
11595,36,1
11596,35,1
11596,70,2
11597,67,1
11597,49,1
11598,69,2
11598,67,2
11599,47,2
11599,35,1
11599,69,1
11599,68,1
11600,70,1
11600,69,1
11600,67,1
11601,57,1
11601,43,1
11601,69,1
11601,55,1
11602,60,1
11602,70,1
11602,56,1
11602,59,1
11603,53,3
11603,57,1
11603,51,1
11604,19,2
11604,44,1
11604,54,1
11604,60,1
11605,57,1
11605,67,1
11605,63,1
11605,60,2
11606,56,1
11606,62,1
11606,68,1
11606,1,1
11607,59,2
11607,52,2
11607,69,1
11608,57,1
11608,66,1
11609,62,1
11609,54,1
11609,52,1
11610,67,1
11610,65,1
11610,51,1
11610,53,1
11611,67,1
11611,52,1
11611,59,1
11612,69,3
11613,52,1
11613,64,3
11613,2,1
11613,63,1
11614,60,2
11614,56,1
11615,55,1
11615,52,1
11615,60,1
11615,24,1
11616,67,2
11616,68,1
11617,60,1
11617,58,2
11617,70,2
11618,69,1
11618,53,1
11619,56,1
11619,57,2
11619,55,1
11620,52,1
11620,64,1
11621,60,1
11621,57,1
11621,56,1
11621,2,1
11621,58,1
11622,58,1
11622,59,1
11623,56,1
11623,1,1
11623,58,1
11624,58,1
11624,56,1
11624,59,1
11625,57,1
11625,58,2
11626,60,1
11626,21,1
11627,59,1
11627,57,2
11628,56,1
11628,57,1
11628,58,1
11629,57,3
11629,56,2
11629,58,1
11630,58,3
11630,56,1
11630,59,1
11631,59,1
11631,57,2
11631,60,1
11631,58,2
11631,8,3
11632,59,1
11632,56,1
11633,59,1
11633,57,1
11633,56,2
11633,49,1
11633,12,1
11634,56,1
11634,60,1
11634,32,1
11634,9,2
11635,56,2
11635,60,1
11635,58,2
11636,60,1
11636,32,1
11636,59,1
11637,56,1
11637,33,2
11637,59,1
11637,21,1
11638,5,3
11638,57,1
11638,59,1
11639,2,1
11639,58,2
11639,57,1
11639,28,1
11639,60,1
11640,57,1
11640,21,1
11641,2,1
11641,4,1
11641,3,2
11641,8,1
11641,9,1
11642,9,1
11642,1,1
11643,7,1
11643,2,1
11643,6,1
11644,4,3
11644,3,2
11644,5,1
11644,36,1
11645,5,2
11645,2,3
11646,1,1
11646,7,1
11646,48,1
11646,39,1
11646,4,1
11647,9,1
11647,6,1
11648,4,1
11648,8,1
11649,5,1
11649,33,1
11649,7,1
11650,8,1
11650,6,1
11650,2,1
11651,1,1
11652,6,1
11652,2,1
11652,3,2
11653,6,1
11654,9,1
11655,6,1
11655,9,1
11656,4,1
11656,7,1
11657,8,1
11657,2,1
11658,2,1
11658,5,1
11658,7,3
11659,58,1
11659,3,2
11659,4,1
11659,1,1
11660,5,1
11661,4,1
11661,7,1
11662,41,1
11662,17,1
11662,4,1
11662,44,1
11663,6,3
11663,2,1
11663,9,1
11664,1,2
11664,8,2
11665,2,3
11665,9,2
11665,44,1
11666,7,1
11667,4,2
11667,2,1
11667,51,1
11667,9,2
11668,8,1
11668,49,1
11668,18,1
11669,6,1
11669,2,2
11670,1,1
11670,5,1
11671,4,2
11671,5,1
11671,1,1
11672,6,1
11672,8,1
11673,9,1
11674,5,2
11674,9,2
11674,6,1
11675,9,1
11675,5,2
11675,1,1
11676,5,1
11676,2,2
11677,3,1
11677,2,2
11677,9,1
11677,4,1
11678,7,2
11678,9,1
11679,5,1
11679,8,2
11680,3,1
11680,5,1
11680,8,1
11680,2,1
11681,19,3
11681,60,1
11682,18,1
11682,34,1
11682,19,1
11682,45,2
11683,19,1
11683,34,1
11684,34,1
11684,19,1
11685,29,1
11685,18,3
11685,34,1
11686,11,1
11686,19,1
11686,8,2
11687,34,1
11687,29,1
11687,19,1
11688,29,2
11688,18,1
11688,34,3
11689,29,2
11689,7,1
11689,31,2
11690,23,1
11690,34,1
11690,19,1
11691,29,1
11691,7,1
11692,19,1
11692,34,1
11693,34,1
11693,19,1
11693,4,2
11694,19,1
11695,19,1
11695,3,1
11696,18,1
11696,53,1
11697,29,2
11698,34,1
11698,29,3
11698,19,1
11699,19,1
11699,38,1
11699,12,1
11700,29,1
11700,19,1
11700,18,1
11701,9,1
11701,5,1
11701,3,1
11702,4,1
11702,8,1
11702,3,1
11703,8,1
11703,45,1
11704,6,1
11704,8,1
11704,9,2
11705,3,1
11705,6,1
11706,8,2
11706,3,1
11706,25,1
11707,5,1
11707,1,1
11707,30,1
11708,6,2
11708,2,1
11709,6,1
11709,8,1
11709,5,1
11710,8,1
11710,5,1
11710,4,1
11711,5,1
11711,7,1
11711,21,1
11711,9,1
11712,5,1
11712,6,1
11713,3,2
11713,4,1
11713,5,1
11713,22,1
11714,4,1
11714,3,1
11715,3,1
11715,5,1
11716,6,1
11716,7,1
11717,5,1
11717,9,1
11718,7,1
11719,10,1
11719,8,1
11719,3,1
11720,18,1
11720,2,1
11720,58,3
11720,8,1
11721,75,1
11721,73,2
11721,76,1
11722,73,1
11722,80,1
11722,72,1
11723,76,1
11723,79,1
11723,46,3
11723,78,1
11724,79,1
11724,74,2
11725,80,1
11725,73,1
11725,79,1
11726,73,1
11726,22,1
11727,80,2
11727,50,3
11727,79,1
11728,71,1
11728,17,1
11728,47,1
11729,79,1
11729,29,1
11729,72,1
11729,74,1
11730,18,1
11730,72,1
11730,75,1
11731,79,1
11731,77,3
11731,78,2
11732,49,1
11732,76,1
11733,75,2
11733,76,1
11733,80,1
11734,77,1
11734,74,1
11734,75,1
11735,77,2
11735,80,1
11735,1,1
11735,44,1
11735,74,1
11736,28,1
11737,78,2
11737,73,1
11737,75,2
11738,75,1
11738,76,1
11738,72,1
11738,41,1
11739,79,1
11739,75,1
11740,75,1
11740,20,1
11740,77,1
11740,71,2
11741,20,1
11741,25,1
11742,75,1
11742,20,1
11742,24,1
11743,21,2
11743,24,1
11743,74,1
11744,2,3
11744,20,1
11745,24,1
11745,20,3
11746,75,1
11746,46,1
11746,74,1
11746,22,1
11747,23,1
11748,25,1
11748,20,2
11748,23,1
11749,75,1
11749,20,1
11749,45,1
11749,49,1
11750,74,3
11750,75,1
11751,24,1
11751,20,1
11752,74,1
11752,75,1
11752,21,1
11752,10,2
11752,20,1
11753,21,1
11753,22,1
11754,20,1
11754,31,1
11754,25,1
11755,74,2
11755,22,1
11755,25,2
11755,23,1
11755,16,1
11756,13,1
11756,20,2
11757,7,1
11758,22,2
11758,57,1
11758,18,1
11759,25,1
11759,23,1
11759,43,1
11759,74,1
11760,20,1
11760,23,1
11761,5,2
11761,29,1
11761,6,1
11762,4,1
11762,36,1
11763,24,1
11763,7,1
11763,3,1
11764,1,1
11764,4,1
11765,3,1
11765,31,1
11765,2,1
11766,7,1
11766,2,2
11766,5,1
11766,1,1
11767,4,2
11767,7,1
11768,40,1
11768,3,1
11769,52,1
11769,2,1
11770,3,2
11770,2,1
11770,9,1
11770,4,1
11771,45,2
11771,4,1
11772,9,1
11772,5,1
11772,24,1
11773,7,1
11773,51,1
11774,4,1
11775,8,2
11775,1,1
11775,55,1
11776,50,1
11776,7,3
11776,17,1
11777,3,1
11777,6,3
11777,2,3
11778,8,1
11778,6,1
11779,4,1
11780,8,1
11781,19,1
11781,34,1
11781,48,1
11781,29,1
11781,18,2
11782,19,3
11782,29,1
11783,19,1
11783,18,1
11784,38,1
11784,34,1
11784,19,1
11785,37,1
11785,19,1
11786,34,1
11786,57,1
11787,19,1
11787,34,1
11787,18,2
11788,29,2
11788,18,1
11788,34,1
11789,18,2
11789,34,1
11790,29,2
11790,19,1
11791,19,1
11791,58,1
11791,34,1
11791,18,1
11792,54,1
11792,29,1
11793,19,3
11793,18,1
11793,34,1
11794,19,1
11794,29,1
11794,18,1
11795,29,1
11795,19,1
11796,19,1
11796,60,1
11797,19,1
11798,19,2
11798,18,2
11799,18,1
11799,29,1
11799,19,1
11800,19,1
11800,29,1
11800,27,1
11800,18,1
11801,33,1
11801,62,1
11801,68,1
11801,69,1
11802,51,1
11802,60,1
11802,52,1
11803,66,3
11803,36,1
11803,57,2
11804,52,1
11804,65,1
11804,60,2
11805,63,1
11805,68,1
11805,52,1
11806,27,1
11806,57,1
11806,59,1
11807,52,1
11807,60,1
11807,62,1
11808,62,1
11808,56,1
11808,60,1
11809,66,1
11810,55,1
11810,67,1
11810,70,1
11810,68,1
11811,57,1
11811,56,1
11811,61,1
11812,55,1
11812,64,1
11812,61,3
11812,54,1
11813,55,2
11813,69,1
11813,67,1
11814,51,1
11814,64,1
11814,57,1
11814,55,1
11815,37,1
11815,53,1
11815,63,1
11815,57,1
11816,24,2
11816,52,2
11816,57,1
11816,39,1
11817,58,1
11817,56,1
11817,53,2
11818,57,1
11818,66,1
11819,52,3
11819,59,1
11819,46,1
11820,33,1
11820,56,1
11821,4,1
11822,3,1
11822,9,1
11822,7,1
11822,52,1
11823,8,1
11823,9,1
11823,5,2
11824,1,1
11824,3,1
11824,10,2
11825,27,1
11825,7,2
11826,5,1
11827,4,1
11827,9,1
11827,2,1
11827,1,2
11828,9,1
11828,4,1
11829,4,1
11829,36,2
11829,6,1
11830,7,1
11830,28,1
11831,4,1
11831,7,1
11832,8,2
11833,1,1
11833,2,2
11833,4,2
11834,5,1
11834,6,1
11835,2,2
11835,9,1
11835,8,1
11836,1,3
11836,4,1
11837,14,2
11837,5,1
11837,28,1
11838,36,1
11838,8,2
11839,16,1
11839,1,1
11840,5,1
11840,6,1
11840,1,1
11841,70,1
11841,69,1
11841,36,3
11841,67,1
11842,35,1
11842,27,1
11843,60,2
11843,16,2
11843,36,1
11844,67,1
11844,36,1
11845,70,1
11845,36,1
11846,70,1
11846,36,1
11847,70,1
11847,36,1
11847,67,1
11848,69,1
11848,68,1
11848,70,1
11849,36,2
11849,69,1
11850,36,1
11850,67,2
11851,69,1
11851,35,1
11852,69,1
11852,16,1
11853,35,1
11853,40,1
11854,70,1
11854,36,1
11855,60,1
11856,70,1
11856,69,1
11857,5,1
11857,68,2
11858,6,1
11858,37,1
11858,68,1
11859,68,1
11859,35,1
11859,67,1
11859,52,1
11860,35,3
11860,53,1
11860,36,1
11861,19,1
11861,22,1
11861,29,3
11862,3,1
11862,19,1
11862,18,1
11862,34,1
11862,29,1
11863,29,1
11863,24,3
11864,19,2
11864,29,1
11864,34,1
11865,34,1
11865,18,2
11865,29,1
11866,29,1
11866,10,1
11867,53,1
11867,18,3
11867,7,1
11868,30,1
11868,11,1
11869,18,1
11869,29,1
11869,19,1
11869,34,3
11869,24,2
11870,20,1
11870,34,2
11870,18,1
11871,29,1
11871,22,1
11871,19,1
11872,29,1
11872,34,1
11873,18,1
11873,19,1
11874,18,1
11874,54,1
11875,19,1
11875,29,2
11876,18,2
11876,19,2
11877,29,2
11877,19,1
11878,18,1
11878,20,1
11878,19,1
11879,29,2
11879,19,1
11879,11,1
11880,18,2
11880,29,1
11881,21,3
11881,20,1
11881,74,1
11881,25,2
11882,23,1
11882,33,1
11882,17,1
11883,74,1
11883,57,1
11883,20,3
11884,22,2
11884,25,1
11885,74,1
11885,75,1
11886,21,2
11886,22,1
11887,25,1
11887,22,1
11887,23,1
11887,75,2
11888,24,1
11888,20,2
11888,60,1
11889,75,1
11889,22,1
11890,57,1
11890,75,1
11891,17,1
11891,50,1
11891,20,1
11892,74,1
11892,21,1
11893,23,1
11893,20,3
11893,22,1
11894,22,1
11894,21,1
11894,23,1
11895,23,3
11895,50,1
11896,75,1
11896,20,1
11896,25,1
11897,74,1
11897,20,1
11897,23,1
11898,21,1
11898,60,2
11898,74,3
11898,48,1
11899,25,1
11899,74,1
11899,75,1
11900,20,1
11900,75,1
11901,70,1
11901,68,3
11901,67,3
11902,31,1
11902,26,2
11902,69,1
11903,3,1
11903,68,1
11904,48,2
11904,35,1
11904,41,2
11904,36,1
11905,36,1
11905,35,1
11906,36,1
11906,70,1
11907,13,1
11907,36,1
11907,70,1
11907,35,1
11908,35,1
11908,16,1
11909,67,2
11909,69,1
11910,67,1
11910,36,1
11911,48,1
11911,35,1
11911,9,1
11912,67,1
11912,35,1
11913,35,1
11913,17,1
11914,36,1
11914,30,1
11914,35,3
11915,37,1
11915,36,1
11915,67,1
11915,69,1
11916,68,1
11916,36,1
11916,69,1
11917,69,2
11917,57,1
11917,70,1
11917,67,1
11918,35,1
11918,36,2
11919,35,1
11919,48,1
11919,36,1
11920,35,1
11920,36,1
11920,26,1
11920,70,2
11921,11,1
11921,18,1
11921,12,1
11921,15,1
11922,14,2
11923,10,1
11923,16,1
11923,45,3
11924,10,3
11924,16,1
11924,31,1
11925,13,1
11925,10,2
11926,14,2
11926,12,1
11926,7,1
11927,12,1
11927,39,1
11927,14,2
11928,14,1
11928,11,1
11929,12,1
11929,14,3
11929,13,3
11929,11,1
11930,46,1
11930,11,1
11931,13,1
11931,15,1
11932,14,1
11932,13,2
11933,11,1
11934,16,1
11934,10,1
11934,14,1
11935,16,1
11935,13,1
11935,44,2
11936,14,1
11936,15,1
11936,3,1
11937,13,1
11937,10,1
11937,14,1
11937,5,1
11938,14,1
11939,34,2
11939,12,1
11939,16,1
11940,11,1
11940,13,1
11941,21,1
11941,64,1
11942,61,1
11942,62,3
11943,65,1
11943,9,1
11944,62,2
11944,64,1
11945,65,1
11945,61,1
11945,64,1
11946,64,2
11946,62,1
11946,61,1
11946,40,1
11947,64,1
11948,65,1
11949,61,1
11949,65,1
11949,64,2
11950,58,1
11950,66,1
11950,25,2
11951,64,1
11951,65,1
11951,61,1
11951,63,1
11951,62,1
11952,61,1
11953,64,1
11954,66,1
11954,61,1
11954,64,1
11955,61,2
11955,15,1
11956,63,2
11956,66,1
11956,61,1
11957,38,1
11957,64,1
11957,63,2
11957,66,3
11957,3,2
11958,21,1
11958,66,1
11958,63,3
11959,62,1
11959,29,1
11959,61,2
11960,65,3
11960,42,1
11960,62,1
11960,66,1
11961,37,3
11961,18,1
11961,19,1
11962,19,1
11962,18,1
11962,52,1
11963,53,1
11963,18,3
11964,53,1
11964,19,1
11964,34,1
11964,36,1
11965,40,1
11965,34,1
11965,18,1
11965,29,1
11966,18,1
11966,34,1
11966,23,1
11967,18,1
11967,29,1
11967,19,1
11968,19,2
11968,58,1
11969,21,1
11969,34,1
11970,29,1
11970,48,2
11971,19,1
11971,37,1
11971,29,1
11972,19,1
11972,18,3
11972,3,1
11973,4,1
11973,19,2
11973,34,1
11973,53,1
11974,19,1
11974,18,1
11975,29,1
11975,18,1
11976,55,1
11976,29,2
11976,19,1
11977,13,1
11977,29,1
11977,19,1
11978,18,1
11978,29,1
11978,19,1
11979,23,1
11979,37,2
11979,49,1
11979,18,1
11980,30,1
11981,16,1
11981,14,1
11982,16,1
11982,10,1
11982,19,2
11983,10,1
11983,4,2
11983,14,3
11984,13,1
11984,12,1
11984,16,2
11985,14,1
11985,13,1
11986,16,1
11986,49,2
11986,56,1
11986,11,2
11986,13,1
11987,10,1
11987,15,2
11988,13,1
11988,12,1
11988,15,1
11989,13,1
11989,16,1
11989,24,1
11989,14,1
11990,14,1
11990,15,1
11991,13,1
11991,10,1
11991,15,1
11992,16,1
11992,55,1
11992,15,1
11993,52,1
11993,13,1
11993,14,1
11994,12,1
11994,11,1
11994,14,1
11995,16,1
11995,11,1
11995,20,1
11995,13,1
11996,12,1
11996,14,1
11996,15,1
11997,15,1
11997,14,1
11997,13,1
11998,50,2
11998,12,1
11998,14,3
11999,13,1
11999,14,1
12000,10,1
12000,13,1
12000,15,1
12000,14,1
12001,25,1
12001,74,2
12001,21,1
12002,22,1
12003,25,1
12003,74,1
12003,22,2
12004,74,2
12004,24,1
12004,25,1
12004,22,1
12005,24,1
12005,22,1
12005,23,1
12006,22,1
12006,75,1
12007,39,2
12007,23,1
12008,23,1
12008,16,1
12009,74,1
12009,55,3
12010,75,1
12010,23,1
12010,74,1
12011,75,1
12011,24,2
12011,14,2
12012,23,1
12012,51,2
12013,23,1
12014,25,1
12014,20,1
12014,24,2
12014,75,2
12015,20,1
12015,75,3
12016,22,1
12016,20,1
12016,74,1
12016,75,1
12017,25,3
12017,39,1
12018,75,1
12018,5,1
12018,23,2
12019,42,1
12019,22,2
12019,47,2
12020,15,1
12020,20,1
12020,74,1
12021,74,1
12021,20,1
12022,24,1
12022,21,1
12022,20,1
12023,75,2
12023,21,1
12023,25,1
12023,3,1
12024,59,1
12024,75,1
12025,29,1
12025,25,1
12025,16,1
12025,24,1
12026,14,1
12026,74,1
12026,26,1
12026,21,1
12027,22,1
12027,21,2
12028,34,1
12028,24,1
12029,21,1
12030,25,1
12030,75,1
12031,20,1
12031,22,1
12031,23,1
12032,49,1
12032,21,1
12032,5,1
12032,36,1
12033,20,3
12033,22,1
12033,25,1
12033,60,1
12034,23,1
12034,20,1
12034,30,1
12035,24,1
12035,22,1
12036,74,1
12036,24,1
12036,23,1
12037,23,1
12037,56,2
12038,23,1
12038,25,1
12038,22,1
12039,20,1
12039,12,1
12040,23,1
12040,22,1
12040,25,1
12040,39,2
12041,63,1
12042,62,1
12043,22,2
12043,18,1
12043,29,1
12044,62,1
12044,64,1
12045,26,1
12045,62,1
12045,63,1
12046,34,1
12046,63,2
12046,64,1
12047,62,1
12048,64,3
12048,65,1
12048,63,1
12049,64,3
12049,63,1
12049,65,1
12049,61,1
12050,13,2
12050,61,1
12051,66,1
12051,62,1
12052,63,1
12052,64,1
12052,62,1
12052,66,1
12053,66,1
12053,62,1
12053,57,2
12054,64,1
12054,66,1
12055,7,2
12055,62,1
12055,66,1
12056,62,1
12056,64,1
12056,63,1
12057,63,1
12057,58,3
12058,21,1
12058,66,1
12058,62,1
12059,61,1
12059,62,1
12059,63,1
12060,63,1
12060,64,1
12061,64,2
12061,61,1
12062,35,1
12063,64,1
12063,66,2
12064,50,1
12064,64,1
12065,64,2
12066,62,1
12066,11,3
12067,62,1
12067,61,1
12067,44,2
12067,24,1
12068,62,1
12068,64,1
12069,62,1
12069,61,1
12069,63,1
12070,64,1
12070,61,1
12071,64,1
12071,65,2
12072,61,1
12073,65,2
12073,64,1
12074,38,1
12074,62,1
12075,64,3
12075,63,1
12075,66,1
12076,63,1
12076,16,1
12077,63,1
12077,64,1
12078,66,1
12078,10,1
12078,62,1
12078,63,1
12079,66,1
12079,35,1
12079,10,1
12079,62,3
12080,62,1
12080,18,1
12081,4,1
12081,9,2
12081,3,2
12081,8,2
12082,3,1
12082,4,1
12082,25,1
12083,22,1
12083,5,1
12084,31,1
12084,1,1
12085,39,1
12085,37,1
12085,8,1
12086,53,2
12086,9,2
12087,6,1
12087,4,3
12088,7,1
12088,6,2
12088,8,1
12089,44,1
12090,4,1
12090,7,1
12091,4,1
12091,3,1
12091,9,1
12092,6,1
12092,20,1
12093,9,2
12093,8,1
12094,6,1
12094,7,1
12095,9,1
12095,6,1
12095,4,1
12096,8,1
12096,5,1
12097,37,1
12097,3,1
12097,2,1
12098,8,1
12098,9,1
12098,7,1
12098,1,1
12098,3,2
12099,4,3
12099,8,1
12100,8,1
12100,5,1
12101,1,3
12101,28,1
12101,5,1
12102,1,1
12102,26,2
12103,5,2
12103,21,1
12104,3,1
12104,1,2
12104,5,1
12105,8,1
12105,2,1
12105,6,1
12106,2,2
12106,15,1
12106,9,3
12106,6,1
12107,3,1
12107,5,1
12108,22,1
12108,2,1
12108,9,2
12109,9,1
12110,14,2
12110,5,1
12111,9,2
12111,8,1
12111,2,1
12112,5,1
12112,31,1
12113,7,2
12113,8,1
12113,5,1
12113,28,1
12114,3,1
12114,9,1
12114,2,1
12114,8,1
12115,3,1
12115,5,2
12116,53,1
12116,3,1
12116,8,1
12117,1,1
12118,9,2
12118,40,1
12119,6,1
12119,5,1
12119,36,2
12119,8,1
12120,4,2
12120,2,1
12120,6,1
12121,16,3
12121,11,1
12122,14,1
12122,10,1
12122,12,1
12122,15,1
12123,55,1
12123,16,2
12123,14,1
12123,53,2
12124,16,1
12124,15,1
12124,11,1
12125,14,1
12125,7,1
12126,10,1
12126,14,2
12126,16,2
12126,11,1
12127,47,1
12127,12,1
12128,20,3
12128,11,1
12129,11,1
12129,10,1
12129,39,1
12129,12,1
12130,12,1
12130,15,1
12130,16,1
12130,13,1
12130,11,1
12131,13,1
12131,11,1
12131,8,1
12131,39,1
12131,14,1
12132,16,1
12132,14,1
12132,30,1
12133,13,1
12133,12,1
12134,12,1
12134,10,1
12134,24,1
12135,16,1
12135,10,3
12136,15,1
12136,11,1
12137,12,1
12137,16,2
12138,11,1
12138,12,1
12138,10,1
12139,14,1
12139,12,1
12139,16,2
12140,12,1
12140,10,1
12141,12,1
12141,10,1
12142,14,2
12142,16,1
12143,10,1
12143,12,1
12143,15,1
12144,12,1
12144,38,1
12144,10,1
12145,14,1
12145,10,1
12146,27,1
12146,15,1
12146,13,1
12147,11,1
12148,10,1
12148,14,1
12148,13,1
12149,22,1
12149,13,1
12149,16,1
12150,20,1
12150,19,1
12150,13,1
12151,13,1
12151,14,3
12152,13,1
12152,14,3
12153,14,1
12153,12,1
12154,10,1
12154,14,1
12154,12,1
12155,11,1
12155,16,1
12155,15,1
12156,52,1
12156,12,1
12156,11,1
12157,14,1
12157,15,1
12157,10,1
12157,11,2
12158,51,2
12158,14,1
12158,11,1
12159,15,1
12159,31,1
12160,13,1
12160,14,1
12160,12,1
12161,32,1
12161,7,1
12161,1,2
12162,53,1
12162,2,1
12163,3,1
12163,5,1
12163,4,1
12163,7,2
12163,12,2
12164,9,1
12164,8,3
12165,1,1
12165,5,1
12166,4,1
12166,5,1
12167,3,1
12168,8,1
12168,4,2
12169,44,1
12169,2,1
12170,5,1
12170,3,1
12170,4,3
12171,30,2
12172,42,1
12172,25,1
12173,1,1
12174,1,1
12174,2,1
12174,37,1
12175,7,1
12175,5,1
12176,15,1
12176,1,1
12177,44,1
12177,6,1
12177,37,2
12178,5,1
12178,8,1
12178,6,1
12179,7,1
12179,1,1
12179,8,2
12180,5,1
12180,6,1
12180,4,2
12181,22,1
12182,40,1
12182,14,1
12183,3,1
12183,8,1
12183,5,1
12183,2,1
12184,2,1
12184,1,1
12184,8,1
12185,49,1
12185,4,1
12186,1,1
12186,3,1
12187,2,2
12187,35,1
12188,54,1
12188,1,1
12189,2,1
12189,4,1
12190,3,1
12190,7,1
12191,3,1
12191,6,1
12191,1,1
12192,2,1
12192,29,2
12193,32,3
12193,9,3
12193,5,2
12193,8,1
12194,34,1
12194,1,3
12194,6,1
12195,7,3
12195,16,2
12196,7,1
12197,2,2
12197,3,2
12197,6,1
12198,2,1
12198,9,1
12199,5,1
12199,1,1
12200,6,1
12200,3,1
12200,5,1
12201,6,1
12201,1,1
12201,7,1
12202,8,1
12202,3,3
12203,60,1
12203,9,1
12204,5,3
12204,2,1
12204,53,1
12205,6,1
12205,2,1
12205,9,1
12205,23,1
12206,5,1
12206,9,2
12206,2,1
12206,3,1
12207,21,1
12207,1,1
12207,3,1
12208,7,1
12208,4,3
12209,3,2
12209,9,1
12210,6,1
12210,7,1
12210,4,1
12210,9,1
12211,5,1
12211,7,1
12211,47,1
12212,4,1
12212,3,1
12212,2,1
12213,8,1
12213,1,1
12214,8,1
12214,1,1
12214,11,1
12214,2,2
12215,7,1
12216,3,1
12216,1,1
12217,8,1
12218,20,1
12218,9,1
12219,9,1
12219,19,1
12219,6,2
12220,7,3
12221,7,3
12221,5,1
12221,3,1
12222,7,1
12222,35,1
12222,9,1
12223,40,1
12223,59,2
12223,7,1
12224,51,1
12224,7,1
12224,4,2
12224,8,1
12225,4,1
12225,5,1
12226,6,1
12226,5,1
12226,1,1
12227,1,1
12227,7,1
12228,7,1
12228,8,1
12229,4,1
12229,9,1
12229,7,1
12230,8,1
12230,9,3
12231,6,1
12231,2,1
12232,2,1
12232,7,1
12233,2,1
12233,7,1
12233,4,1
12234,4,2
12234,6,1
12235,4,1
12235,9,1
12236,1,2
12236,9,3
12237,1,1
12237,4,1
12237,32,1
12237,8,3
12238,56,1
12238,9,1
12238,4,1
12239,7,1
12240,6,1
12240,41,1
12240,1,1
12240,3,1
12241,62,1
12241,61,1
12242,53,1
12242,58,1
12243,55,1
12243,70,1
12244,69,1
12244,58,1
12245,56,1
12245,67,1
12246,70,2
12246,11,1
12247,65,1
12247,70,2
12248,29,1
12248,65,1
12249,67,1
12249,59,1
12249,22,1
12249,69,1
12250,64,1
12250,51,2
12250,23,1
12251,58,1
12251,53,1
12251,50,1
12252,65,1
12252,20,1
12252,41,1
12253,55,1
12253,67,2
12253,54,1
12253,61,1
12254,19,2
12254,64,1
12255,64,1
12256,70,1
12256,9,1
12256,57,1
12256,7,1
12257,68,1
12257,65,1
12257,64,1
12257,51,1
12257,9,1
12258,62,1
12258,52,1
12258,68,1
12259,62,1
12259,51,1
12259,70,1
12260,9,1
12260,52,1
12260,60,1
12261,51,1
12261,61,1
12261,70,1
12262,53,1
12262,54,1
12262,41,1
12263,53,2
12263,51,1
12263,15,1
12263,65,1
12264,53,1
12264,63,1
12265,60,1
12265,51,1
12266,70,1
12266,61,1
12266,59,1
12267,51,2
12267,64,1
12267,55,3
12267,66,1
12268,13,1
12268,60,1
12268,67,1
12269,56,3
12269,66,1
12269,31,1
12270,60,1
12270,49,2
12270,57,1
12271,51,1
12271,53,1
12271,57,1
12272,58,1
12272,53,1
12272,69,1
12273,63,1
12273,68,1
12273,65,2
12274,66,1
12274,24,1
12275,51,1
12275,9,1
12276,52,1
12276,58,1
12277,61,1
12277,63,1
12278,54,3
12278,56,1
12278,61,1
12278,70,1
12279,59,1
12279,17,1
12279,54,1
12280,55,1
12280,36,1
12280,61,1
12281,25,1
12281,22,1
12282,23,2
12282,22,1
12282,5,1
12283,24,1
12283,25,2
12284,28,1
12284,6,1
12285,25,2
12285,22,1
12286,24,1
12286,5,1
12287,54,1
12287,47,1
12287,20,1
12287,24,1
12288,8,2
12288,24,1
12288,22,1
12289,23,1
12289,24,1
12290,25,1
12291,25,1
12291,23,1
12291,24,1
12292,24,1
12293,22,2
12293,25,1
12293,24,3
12293,23,1
12294,23,1
12294,13,1
12295,24,1
12295,25,1
12295,23,2
12296,22,1
12296,24,1
12296,23,1
12297,25,1
12297,48,1
12297,24,1
12298,23,2
12298,24,1
12298,25,1
12299,25,2
12299,24,2
12300,25,1
12300,22,2
12301,23,1
12301,25,1
12301,22,2
12301,24,1
12302,22,1
12302,25,1
12303,25,1
12303,23,2
12304,22,1
12304,1,1
12305,12,1
12305,25,1
12305,11,1
12306,22,2
12306,25,1
12306,23,1
12306,24,1
12307,25,1
12307,45,2
12307,24,2
12308,24,1
12308,22,1
12308,23,1
12309,23,1
12309,25,1
12309,24,1
12310,25,1
12310,24,1
12311,24,1
12311,25,1
12311,22,1
12311,53,1
12312,2,1
12312,23,1
12313,47,1
12313,53,1
12313,23,1
12314,25,1
12314,23,1
12314,18,1
12314,22,2
12315,60,1
12315,25,1
12315,3,1
12315,23,1
12316,24,1
12316,25,1
12317,25,3
12317,23,1
12317,35,1
12318,24,1
12318,34,1
12318,25,1
12319,23,2
12320,24,1
12320,1,1
12321,76,1
12321,54,1
12321,77,1
12321,72,1
12321,75,1
12322,74,1
12322,37,3
12322,76,1
12322,43,1
12323,73,1
12323,76,2
12323,6,1
12324,75,1
12324,71,3
12324,56,1
12324,19,1
12325,26,1
12325,31,1
12325,27,1
12326,78,1
12326,77,1
12326,73,1
12327,77,1
12327,74,1
12327,76,1
12328,75,1
12328,26,1
12328,76,1
12328,51,1
12328,78,1
12329,72,1
12329,78,1
12329,73,1
12329,43,1
12330,57,3
12330,78,2
12331,73,1
12331,78,1
12331,72,1
12332,77,1
12332,78,1
12332,73,1
12332,72,1
12332,54,1
12333,75,1
12333,45,2
12333,71,1
12333,79,2
12334,79,2
12334,73,1
12334,75,2
12334,74,1
12335,79,1
12335,60,1
12336,75,1
12336,74,1
12337,4,1
12337,77,1
12338,74,1
12338,76,1
12339,78,1
12339,76,1
12339,77,1
12340,80,1
12340,72,1
12341,79,1
12341,76,1
12341,78,1
12342,73,1
12342,2,1
12342,78,1
12343,74,1
12343,9,1
12343,77,1
12344,13,1
12344,73,2
12345,74,1
12345,80,3
12346,9,1
12346,79,1
12346,76,1
12347,78,1
12347,77,1
12347,72,1
12348,72,1
12348,76,1
12349,73,3
12349,80,3
12350,79,1
12350,75,1
12350,80,1
12350,73,1
12351,78,2
12351,6,1
12352,74,1
12352,73,1
12353,72,1
12353,79,1
12353,28,1
12354,35,1
12354,78,1
12355,80,1
12355,5,1
12355,73,1
12356,80,1
12356,24,1
12357,24,1
12357,51,1
12357,31,3
12358,71,1
12358,79,1
12359,21,1
12359,74,2
12359,72,1
12359,71,2
12360,79,1
12360,76,1
12360,75,1
12360,71,1
12361,24,2
12361,57,1
12361,31,2
12362,22,1
12362,25,2
12363,25,1
12363,24,2
12363,32,1
12363,22,2
12364,25,1
12364,40,1
12365,24,1
12365,22,3
12365,23,1
12366,24,3
12366,23,2
12367,29,1
12367,25,2
12367,22,1
12368,22,1
12368,23,1
12368,2,1
12368,24,1
12369,25,1
12370,25,1
12370,22,1
12371,25,1
12371,24,1
12371,4,1
12371,22,1
12371,23,2
12372,23,3
12372,25,2
12373,23,1
12373,22,1
12374,24,1
12374,22,1
12374,25,1
12375,23,1
12375,25,1
12375,22,1
12375,24,1
12376,23,1
12376,24,2
12377,25,1
12378,24,2
12378,25,1
12379,41,1
12379,25,1
12379,23,2
12379,24,1
12379,55,1
12380,1,1
12380,22,1
12380,25,1
12380,23,1
12381,23,1
12382,22,1
12382,24,1
12383,23,2
12383,25,2
12383,24,1
12383,22,1
12384,22,1
12384,23,1
12384,6,1
12385,24,3
12385,22,1
12385,20,1
12386,36,1
12386,23,1
12386,32,2
12386,22,3
12386,25,2
12387,22,1
12387,24,1
12388,24,1
12388,22,1
12389,22,1
12389,25,1
12390,5,1
12390,22,2
12390,23,1
12391,22,1
12391,24,1
12391,25,1
12392,25,1
12392,52,1
12393,35,1
12393,37,1
12393,23,2
12393,22,1
12394,23,1
12395,22,2
12395,25,3
12396,22,1
12396,25,1
12396,56,1
12397,23,2
12397,24,2
12398,24,1
12398,23,1
12398,22,1
12399,25,1
12399,24,1
12399,23,1
12400,22,1
12400,23,1
12400,25,1
12400,54,1
12401,1,2
12401,29,1
12402,34,1
12402,59,1
12402,18,1
12403,29,1
12403,6,1
12403,19,1
12403,18,1
12404,34,1
12404,19,2
12404,18,1
12404,29,1
12404,26,1
12405,8,1
12406,29,2
12406,19,1
12407,34,1
12407,19,1
12407,33,1
12408,19,3
12408,18,1
12408,34,1
12408,25,1
12409,29,1
12409,18,2
12409,19,1
12410,18,1
12410,29,2
12410,19,3
12411,34,3
12411,7,1
12412,18,1
12412,19,2
12413,34,1
12413,19,1
12413,47,1
12414,1,3
12414,18,1
12414,53,1
12415,29,1
12415,18,1
12415,19,1
12416,18,1
12416,19,2
12416,34,1
12417,54,1
12417,34,2
12417,18,1
12417,9,1
12418,34,1
12418,19,1
12418,18,1
12419,34,1
12419,38,3
12419,28,1
12419,29,1
12419,19,2
12420,29,1
12420,17,1
12420,19,1
12421,16,1
12421,34,2
12421,19,1
12422,34,1
12422,59,1
12423,60,1
12423,22,1
12423,29,1
12424,18,1
12424,19,2
12425,19,1
12425,18,1
12426,29,1
12426,50,1
12427,22,1
12428,34,3
12428,39,1
12429,19,1
12429,34,1
12429,16,2
12430,29,1
12430,34,1
12430,19,1
12430,46,1
12431,19,1
12431,18,1
12432,34,1
12432,29,1
12433,19,1
12433,34,2
12433,18,2
12434,18,1
12434,27,1
12434,29,1
12435,1,3
12435,18,1
12435,29,1
12436,34,1
12436,29,2
12437,34,1
12437,19,2
12438,29,1
12438,15,1
12438,18,1
12439,19,1
12440,29,1
12440,19,1
12440,12,1
12441,31,1
12441,33,1
12441,44,1
12441,29,1
12442,30,1
12443,29,1
12443,54,1
12444,30,1
12444,32,1
12444,29,1
12445,32,1
12445,29,1
12445,28,1
12446,29,1
12446,33,1
12447,28,1
12447,32,3
12447,7,1
12448,28,1
12448,33,3
12448,29,1
12448,32,1
12449,29,1
12449,28,1
12449,32,1
12449,48,3
12449,31,3
12450,57,1
12450,32,1
12450,3,1
12451,31,1
12451,28,2
12452,33,2
12452,30,2
12453,30,1
12453,32,1
12454,30,1
12454,21,1
12454,33,2
12454,28,1
12455,15,1
12456,30,1
12457,33,3
12457,29,1
12457,30,1
12458,31,1
12458,33,1
12458,28,1
12459,32,1
12459,30,1
12459,33,1
12460,30,1
12461,32,1
12461,28,1
12461,3,1
12462,11,1
12462,30,2
12462,25,1
12463,4,1
12463,33,1
12463,50,1
12464,30,1
12464,29,2
12465,28,1
12465,33,1
12465,20,1
12466,29,1
12466,56,1
12467,33,1
12467,29,3
12467,32,2
12467,30,1
12468,30,1
12468,29,1
12468,17,1
12469,32,1
12469,29,3
12469,33,1
12470,30,1
12470,29,1
12470,31,1
12471,30,1
12471,11,1
12472,28,1
12472,30,1
12472,54,1
12473,32,1
12473,56,1
12473,33,1
12473,39,1
12474,30,1
12474,33,1
12474,28,2
12475,33,1
12475,30,1
12475,23,1
12476,31,1
12476,29,1
12476,30,1
12477,28,1
12477,32,1
12477,11,1
12478,31,1
12478,28,1
12478,20,1
12478,30,1
12479,29,1
12479,33,3
12479,35,1
12480,33,1
12480,31,2
12481,63,1
12481,70,1
12482,62,2
12482,70,2
12482,53,1
12483,52,1
12483,65,3
12484,60,1
12484,53,1
12484,17,1
12484,58,1
12485,7,3
12485,62,1
12486,68,1
12486,60,1
12486,63,1
12486,66,1
12487,66,1
12487,64,1
12488,23,1
12488,25,1
12488,60,1
12489,66,3
12489,64,2
12490,59,1
12490,65,1
12490,52,2
12491,58,1
12491,57,2
12491,33,1
12491,69,3
12492,59,1
12492,37,3
12493,58,1
12493,67,1
12494,56,1
12494,53,1
12494,64,1
12494,54,1
12495,41,2
12495,67,1
12495,34,1
12496,60,1
12496,3,1
12496,61,1
12497,70,1
12497,64,1
12497,67,3
12497,54,1
12498,52,1
12498,63,2
12499,62,1
12500,57,1
12500,52,1
12500,61,1
12501,67,1
12501,29,1
12501,68,1
12501,41,2
12502,51,1
12502,7,3
12503,65,1
12503,64,1
12503,51,1
12504,59,1
12505,60,1
12505,68,1
12505,51,1
12506,66,1
12506,62,2
12507,70,1
12507,62,1
12507,56,1
12508,58,1
12508,70,1
12508,55,2
12508,53,1
12509,59,1
12509,60,1
12510,70,1
12510,54,1
12511,39,1
12511,59,1
12512,65,1
12512,59,2
12513,66,2
12513,53,1
12513,56,3
12514,19,2
12514,67,1
12515,66,2
12515,6,1
12516,48,1
12516,29,1
12516,17,1
12516,67,1
12517,52,1
12517,5,2
12517,59,1
12517,56,1
12518,60,3
12518,16,1
12519,58,1
12519,60,1
12520,57,1
12520,66,1
12520,40,1
12521,31,1
12521,6,1
12522,60,1
12522,1,1
12523,8,1
12523,9,1
12524,55,1
12524,5,1
12524,3,1
12525,9,1
12525,5,1
12526,3,1
12526,29,2
12527,2,1
12527,6,1
12528,3,1
12528,7,1
12529,7,1
12529,5,3
12529,6,1
12529,21,1
12529,4,2
12530,6,1
12531,8,1
12531,5,1
12532,1,2
12532,43,1
12533,5,1
12533,9,1
12534,5,1
12534,9,2
12534,8,1
12535,19,1
12535,5,1
12535,1,1
12535,8,2
12536,2,2
12537,8,1
12537,5,2
12538,8,1
12538,9,2
12539,7,1
12539,6,1
12540,2,1
12540,9,1
12540,8,1
12541,8,2
12541,6,1
12541,7,3
12541,51,1
12542,6,1
12542,5,1
12543,8,1
12543,3,1
12544,2,1
12544,23,1
12545,2,1
12546,5,1
12546,17,1
12546,9,1
12546,7,2
12547,5,1
12547,4,2
12547,9,1
12548,5,1
12549,2,1
12549,1,1
12549,9,2
12550,48,1
12550,9,1
12550,6,1
12550,1,1
12551,4,1
12551,2,1
12552,3,1
12552,1,2
12552,10,1
12553,6,1
12553,16,1
12554,40,1
12554,5,1
12554,6,1
12555,9,2
12555,2,1
12555,7,1
12556,8,1
12557,8,1
12557,9,1
12558,28,1
12559,5,1
12560,3,1
12560,2,1
12561,8,1
12561,64,1
12562,53,1
12562,63,1
12563,52,1
12563,64,1
12564,69,2
12564,57,1
12565,16,1
12565,17,1
12566,51,2
12566,61,1
12566,58,3
12566,64,1
12567,67,2
12567,25,2
12568,59,1
12568,17,2
12569,29,2
12569,70,1
12569,65,1
12570,69,2
12570,67,1
12570,6,1
12571,38,1
12571,53,1
12571,48,2
12572,23,1
12572,60,1
12573,59,1
12573,66,1
12574,60,2
12574,21,1
12575,16,1
12575,69,1
12576,54,1
12576,57,1
12576,58,1
12576,68,1
12577,56,1
12577,33,2
12577,52,2
12577,62,1
12577,61,1
12578,70,1
12578,55,1
12579,52,2
12579,19,1
12580,68,1
12580,51,1
12580,44,1
12580,61,1
12581,42,1
12581,55,1
12581,33,1
12581,54,3
12582,70,1
12582,65,1
12583,57,1
12583,54,3
12583,51,1
12584,67,3
12584,2,1
12584,23,1
12585,55,1
12585,58,2
12585,56,1
12586,30,1
12586,59,1
12586,69,1
12586,62,1
12587,8,1
12587,59,1
12588,60,1
12588,69,1
12589,69,1
12589,61,3
12590,58,1
12590,68,2
12591,21,1
12591,61,2
12591,64,1
12592,51,1
12592,70,1
12593,59,1
12594,69,1
12594,46,1
12595,63,1
12595,40,1
12595,9,2
12596,67,2
12596,51,1
12596,55,1
12596,45,1
12597,65,1
12597,52,3
12598,65,3
12598,64,1
12599,62,1
12599,34,1
12599,7,2
12600,57,1
12600,67,1
12600,66,1
12600,39,1
12601,35,1
12601,38,1
12602,19,1
12603,17,1
12603,36,1
12604,35,3
12604,68,1
12604,39,1
12605,36,1
12605,68,2
12606,67,1
12606,69,1
12606,36,1
12607,34,1
12607,58,2
12607,69,1
12607,35,1
12608,69,1
12608,47,1
12608,16,1
12608,67,1
12609,35,1
12609,68,1
12610,36,1
12610,69,1
12610,39,1
12610,68,1
12611,69,1
12612,70,1
12612,69,1
12613,68,2
12613,34,1
12614,1,1
12614,68,1
12614,36,1
12615,69,1
12615,67,1
12615,70,1
12616,35,1
12616,70,1
12616,68,1
12617,35,1
12617,70,1
12617,69,2
12617,36,1
12618,68,3
12618,36,1
12618,35,1
12618,47,1
12618,45,1
12619,35,2
12620,4,1
12620,57,2
12620,70,1
12621,58,1
12621,35,1
12621,36,1
12621,21,3
12622,36,1
12622,43,3
12622,69,1
12623,69,1
12623,70,1
12624,36,1
12624,67,1
12624,70,1
12625,34,1
12625,36,1
12626,68,3
12626,67,1
12627,35,1
12627,68,1
12627,8,1
12628,70,1
12628,69,3
12629,22,2
12629,39,2
12629,36,1
12630,67,3
12630,36,1
12630,69,1
12630,33,1
12631,36,1
12631,35,2
12631,69,1
12632,70,1
12632,35,2
12632,36,1
12633,48,1
12633,68,1
12634,36,2
12635,36,2
12635,69,2
12635,22,1
12635,5,1
12636,36,1
12636,68,1
12636,35,2
12636,54,1
12637,35,1
12637,70,1
12637,69,1
12638,70,2
12638,36,1
12638,69,2
12638,58,1
12638,35,1
12639,35,2
12639,12,2
12640,23,1
12640,1,1
12640,35,2
12641,53,1
12641,6,1
12641,43,1
12642,38,1
12642,47,1
12643,23,3
12643,1,1
12643,8,1
12644,1,1
12644,9,1
12645,2,3
12646,3,1
12646,13,1
12646,5,1
12647,9,1
12648,3,1
12648,4,2
12648,51,1
12649,5,1
12649,7,2
12649,1,1
12650,9,1
12650,8,1
12650,5,1
12651,4,1
12651,2,1
12652,2,1
12652,5,1
12652,23,1
12653,9,1
12653,4,1
12653,3,1
12654,7,2
12654,6,1
12655,6,1
12656,1,2
12656,4,2
12656,8,1
12657,13,1
12657,3,1
12657,9,2
12657,2,1
12657,8,1
12658,10,1
12658,6,1
12658,5,2
12659,9,1
12659,7,1
12660,8,1
12660,1,1
12660,4,1
12661,3,1
12661,7,1
12661,1,1
12662,4,1
12662,8,1
12662,9,1
12663,23,1
12663,24,3
12663,6,2
12664,3,1
12664,7,1
12664,4,1
12665,9,1
12665,2,1
12666,9,1
12666,4,1
12667,5,2
12668,3,1
12668,24,3
12668,1,1
12668,8,1
12669,2,1
12669,45,1
12670,5,2
12670,54,1
12670,9,1
12670,1,1
12671,3,1
12671,6,1
12671,4,1
12672,5,1
12672,2,1
12672,8,1
12673,7,1
12673,9,3
12673,19,1
12674,8,1
12674,7,2
12674,9,1
12675,6,3
12675,1,1
12676,9,1
12676,50,1
12676,21,1
12676,2,1
12677,3,1
12677,7,1
12677,4,2
12678,8,1
12678,9,1
12678,4,1
12679,5,2
12679,8,1
12680,5,1
12681,70,1
12681,68,1
12681,69,1
12681,35,1
12682,69,1
12682,35,3
12682,68,2
12683,36,1
12683,52,1
12684,36,1
12684,34,1
12684,70,2
12684,69,3
12685,70,1
12685,35,1
12685,13,1
12686,69,1
12686,35,1
12686,70,2
12687,36,1
12687,69,1
12687,70,2
12687,9,1
12688,60,3
12688,57,3
12688,69,1
12689,1,1
12689,68,1
12690,67,1
12690,46,1
12690,68,1
12691,49,1
12691,70,1
12691,68,3
12692,19,1
12692,35,1
12693,8,1
12693,67,1
12693,68,1
12694,68,1
12694,37,1
12694,67,1
12695,67,1
12695,36,1
12695,26,1
12696,36,1
12696,67,2
12696,68,2
12697,35,1
12697,67,1
12697,36,1
12698,69,1
12698,27,1
12699,30,1
12700,36,1
12700,69,1
12700,67,1
12700,27,1
12701,6,1
12701,36,1
12701,67,2
12702,35,1
12702,68,1
12703,67,1
12703,35,1
12703,69,1
12704,35,1
12704,69,1
12705,16,1
12705,68,1
12705,67,2
12706,69,1
12706,1,1
12706,36,2
12707,70,1
12707,53,1
12707,67,1
12708,40,1
12708,68,1
12709,36,1
12710,68,1
12710,36,1
12710,35,1
12711,23,1
12711,68,1
12711,70,1
12711,1,2
12712,67,1
12712,36,1
12713,51,1
12713,31,1
12714,68,1
12714,35,1
12715,36,1
12715,17,1
12716,38,1
12716,67,1
12716,26,2
12717,67,1
12717,35,1
12718,68,3
12718,25,3
12718,36,1
12718,20,1
12719,69,2
12719,67,1
12719,70,1
12720,67,1
12720,36,1
12720,69,1
12720,35,1
12720,51,1
12721,12,1
12722,14,2
12722,12,1
12722,51,1
12723,13,1
12723,39,1
12724,50,1
12724,27,2
12724,37,1
12725,10,1
12725,13,1
12725,16,1
12726,12,1
12726,16,3
12726,10,1
12727,12,2
12727,32,1
12727,10,1
12727,37,1
12728,16,1
12728,15,1
12729,11,1
12729,13,1
12729,7,1
12730,16,2
12730,15,2
12730,10,1
12731,12,1
12732,8,1
12732,54,1
12732,13,1
12733,13,1
12733,16,2
12734,12,1
12734,13,3
12735,16,1
12735,21,1
12736,15,1
12736,11,1
12736,10,1
12737,13,1
12737,11,1
12738,12,1
12738,11,1
12739,34,1
12739,14,1
12739,15,1
12740,8,1
12740,13,1
12741,13,1
12741,15,2
12741,14,1
12742,14,2
12742,15,1
12743,11,1
12743,10,1
12744,13,1
12744,12,1
12745,13,1
12745,12,1
12746,16,1
12746,13,1
12746,48,3
12746,40,3
12747,10,1
12747,15,2
12747,11,2
12747,19,1
12747,2,1
12748,57,1
12748,15,2
12749,13,1
12749,12,2
12749,14,1
12749,15,1
12750,15,2
12750,11,1
12751,10,2
12751,16,2
12752,14,1
12752,12,1
12752,28,2
12753,11,1
12754,12,2
12754,50,1
12755,35,1
12755,13,1
12756,16,1
12756,15,2
12756,11,1
12757,12,1
12757,10,1
12757,13,3
12758,11,1
12758,10,1
12759,11,2
12760,12,2
12761,19,1
12761,18,1
12762,19,1
12762,34,1
12762,29,1
12763,19,1
12763,3,1
12763,15,1
12763,34,2
12764,29,1
12764,19,1
12764,18,1
12764,10,1
12765,34,1
12765,7,1
12765,18,1
12766,18,1
12766,59,1
12766,34,1
12766,29,1
12767,34,1
12767,40,1
12767,19,1
12768,18,1
12768,29,1
12769,18,1
12769,34,1
12770,34,1
12770,18,1
12770,9,1
12771,57,1
12771,18,1
12771,34,2
12771,29,1
12772,34,1
12772,19,1
12773,29,2
12773,53,1
12773,18,1
12774,29,1
12774,19,1
12775,38,1
12775,34,1
12775,29,2
12775,24,1
12776,29,1
12776,34,1
12777,29,1
12777,19,1
12778,43,2
12778,18,1
12778,34,1
12779,19,3
12779,29,1
12779,18,1
12780,45,1
12780,29,1
12781,5,1
12781,34,2
12782,34,1
12782,18,1
12782,19,1
12783,18,2
12783,29,1
12784,18,1
12784,19,1
12784,29,1
12784,30,1
12785,19,1
12785,18,1
12786,18,1
12786,60,1
12787,29,1
12787,18,1
12787,53,2
12788,19,1
12788,18,1
12788,29,1
12789,18,1
12789,34,1
12789,29,1
12790,34,1
12790,19,1
12790,18,1
12790,14,1
12790,29,1
12791,52,1
12791,34,2
12791,29,1
12792,34,2
12792,29,2
12793,34,1
12793,29,3
12793,56,2
12794,34,1
12794,18,2
12794,5,2
12795,9,1
12795,18,1
12795,19,1
12796,29,1
12796,19,2
12796,24,1
12797,34,1
12797,18,1
12798,45,1
12798,19,1
12799,16,2
12800,39,2
12800,53,1
12800,1,1
12800,19,1
12801,21,1
12801,24,1
12801,20,2
12801,22,1
12802,24,1
12802,14,3
12803,56,1
12803,23,1
12803,22,1
12804,24,1
12804,74,1
12805,75,3
12805,22,1
12805,24,3
12806,74,3
12806,24,1
12807,24,1
12807,20,1
12807,25,2
12808,58,2
12808,25,1
12808,75,1
12808,20,1
12809,24,1
12809,74,2
12809,22,1
12810,75,2
12810,20,1
12810,23,3
12810,2,1
12811,20,1
12811,74,2
12811,25,1
12812,20,1
12812,22,1
12812,21,1
12812,16,1
12813,75,2
12813,20,2
12813,24,1
12814,23,2
12814,25,1
12814,75,1
12815,22,1
12815,21,1
12815,23,1
12815,24,1
12816,22,2
12816,23,1
12816,75,1
12816,39,1
12817,74,1
12817,7,1
12817,37,1
12818,20,1
12818,25,1
12818,22,2
12818,74,1
12819,23,1
12819,22,1
12820,24,1
12820,21,1
12821,39,1
12821,21,2
12821,20,1
12821,25,1
12822,23,1
12822,74,1
12822,25,1
12823,41,1
12823,20,1
12823,37,1
12824,21,1
12824,75,1
12824,74,1
12825,23,1
12825,24,1
12826,48,1
12826,24,1
12827,21,1
12827,23,2
12828,23,1
12828,22,1
12829,12,1
12829,21,2
12830,74,1
12830,21,1
12831,74,1
12831,23,1
12832,75,2
12832,24,1
12832,74,1
12832,22,1
12832,20,1
12833,24,2
12833,75,1
12833,22,2
12834,23,1
12834,2,2
12835,23,1
12835,32,1
12835,21,1
12835,20,1
12836,23,1
12836,74,2
12836,20,1
12837,21,1
12837,44,1
12838,22,3
12838,25,1
12838,21,1
12839,22,1
12839,75,1
12840,21,1
12840,29,1
12840,24,1
12840,34,2
12840,22,3
12841,47,1
12841,30,1
12841,32,2
12841,28,1
12842,59,3
12842,32,1
12842,31,1
12843,31,1
12843,33,1
12843,29,1
12844,28,1
12844,32,1
12845,30,1
12845,31,2
12846,30,1
12847,30,1
12847,31,2
12848,32,1
12848,29,1
12849,33,1
12849,28,1
12849,14,1
12849,29,1
12850,29,1
12850,32,2
12850,28,1
12851,30,1
12851,29,1
12851,33,1
12852,14,1
12852,30,1
12853,33,1
12853,31,1
12854,32,1
12854,29,1
12854,30,1
12855,30,2
12855,31,1
12855,28,2
12856,9,1
12856,31,1
12856,32,1
12857,28,2
12857,1,1
12857,31,1
12857,15,3
12858,30,1
12859,18,2
12859,33,1
12859,28,1
12859,29,1
12860,29,1
12860,28,1
12860,9,1
12861,30,1
12861,33,1
12861,24,2
12862,19,1
12862,28,1
12862,29,1
12862,59,1
12863,36,1
12863,29,1
12864,32,1
12864,28,2
12864,31,1
12864,33,1
12864,30,1
12865,33,3
12865,28,1
12865,30,1
12866,32,1
12866,31,1
12867,52,1
12867,30,1
12867,33,1
12868,32,2
12868,29,1
12868,33,1
12869,29,1
12869,28,1
12869,32,1
12870,33,1
12870,7,1
12870,32,1
12871,17,2
12871,28,1
12871,29,1
12872,29,1
12873,5,1
12873,15,2
12874,60,1
12874,32,1
12875,29,2
12875,30,1
12875,28,1
12875,33,1
12876,24,3
12876,32,1
12877,32,2
12877,33,1
12878,30,1
12878,47,1
12879,31,1
12879,28,2
12879,30,1
12879,29,1
12880,32,1
12880,31,1
12880,2,1
12881,65,1
12881,61,1
12881,64,1
12881,28,2
12882,61,1
12882,9,1
12882,8,1
12882,64,1
12883,63,1
12883,66,1
12884,65,1
12885,62,1
12885,65,1
12886,63,1
12886,65,1
12887,61,1
12887,6,1
12888,64,1
12888,66,1
12889,20,1
12889,64,1
12890,61,3
12890,63,2
12891,6,1
12891,65,1
12891,22,1
12892,18,1
12892,65,1
12893,66,1
12893,63,1
12893,65,1
12893,5,1
12894,64,3
12894,61,1
12895,64,1
12895,61,1
12895,66,1
12896,61,1
12896,65,1
12896,63,1
12896,7,2
12897,11,3
12897,65,3
12897,17,1
12897,61,1
12898,66,1
12898,65,1
12898,30,1
12898,61,1
12899,66,2
12899,63,1
12899,62,2
12900,8,3
12900,66,1
12901,61,2
12901,62,2
12902,64,2
12902,38,1
12902,62,1
12902,32,1
12903,64,1
12903,11,1
12904,65,3
12905,64,1
12905,24,1
12906,65,2
12906,63,1
12906,66,1
12907,66,1
12907,63,1
12907,62,1
12908,61,2
12908,23,1
12908,63,1
12909,61,1
12909,41,2
12910,65,1
12910,61,1
12911,62,1
12911,63,1
12912,64,2
12912,66,3
12912,62,1
12913,66,3
12913,64,1
12914,62,1
12914,61,1
12915,65,1
12915,2,1
12916,65,2
12916,28,1
12916,61,1
12917,64,1
12917,61,1
12917,63,1
12918,65,1
12918,44,1
12918,25,2
12919,62,1
12919,47,1
12919,3,1
12920,36,1
12920,62,3
12920,63,2
12921,35,1
12921,68,1
12922,12,2
12922,70,2
12922,36,1
12923,13,1
12923,68,1
12924,67,1
12924,36,1
12925,36,1
12925,70,2
12926,49,2
12926,46,1
12927,69,2
12928,70,1
12929,68,1
12929,47,2
12929,69,1
12930,68,1
12930,36,1
12930,55,1
12931,36,1
12931,68,2
12932,35,1
12932,36,2
12933,35,1
12933,40,1
12933,36,3
12933,67,2
12934,69,1
12934,54,1
12934,23,1
12934,41,1
12935,70,1
12935,67,1
12936,68,1
12936,35,1
12936,67,1
12936,45,2
12937,67,1
12937,68,1
12937,35,1
12938,35,3
12938,70,1
12938,68,1
12939,70,1
12940,69,1
12940,35,1
12941,68,1
12942,68,1
12942,36,2
12943,3,1
12943,69,1
12944,11,1
12944,69,2
12944,70,1
12944,68,1
12945,38,1
12945,56,1
12945,36,3
12946,68,1
12946,67,1
12946,50,1
12947,67,2
12947,31,1
12947,70,2
12948,35,1
12949,35,1
12949,69,1
12950,37,1
12950,70,1
12951,36,2
12952,70,1
12952,35,2
12952,36,3
12953,36,1
12954,69,1
12954,68,1
12954,35,1
12955,49,1
12955,69,1
12955,68,1
12956,69,1
12956,36,1
12957,70,1
12957,36,1
12957,69,3
12958,8,1
12958,68,2
12958,69,3
12959,70,1
12959,67,1
12959,16,1
12959,51,1
12960,70,2
12960,67,1
12960,25,1
12960,36,2
12961,65,1
12961,52,1
12962,55,1
12962,58,1
12962,53,3
12963,66,1
12963,53,1
12964,65,2
12964,70,1
12965,57,2
12965,58,1
12965,17,1
12966,63,1
12966,69,2
12966,36,1
12967,56,3
12967,53,2
12968,21,1
12968,58,1
12968,61,1
12968,52,1
12968,69,1
12969,56,1
12969,36,1
12969,34,1
12970,34,1
12970,22,2
12971,32,1
12971,31,3
12971,70,1
12971,1,1
12972,55,3
12972,26,2
12973,51,1
12973,13,1
12973,65,1
12974,53,1
12974,52,1
12974,61,1
12975,49,1
12975,60,1
12975,66,1
12976,54,1
12976,55,2
12976,58,2
12976,4,1
12977,61,1
12977,69,1
12978,70,1
12978,63,1
12978,53,1
12978,54,3
12979,68,1
12980,55,1
12980,56,1
12980,54,1
12981,67,1
12981,55,1
12981,68,3
12981,21,1
12982,62,1
12982,68,1
12983,53,2
12983,54,1
12984,66,1
12985,54,1
12985,69,1
12986,56,1
12986,51,1
12986,70,1
12986,68,1
12987,57,1
12987,54,1
12987,70,1
12988,20,1
12988,66,1
12989,54,1
12989,52,1
12990,61,1
12990,52,2
12990,53,2
12990,58,1
12991,68,2
12991,69,1
12992,64,1
12992,52,1
12992,65,1
12993,57,1
12993,59,1
12993,65,2
12993,67,1
12994,29,1
12994,33,1
12994,58,1
12995,56,1
12995,54,1
12995,67,2
12996,55,1
12996,59,1
12997,70,1
12997,60,1
12998,58,1
12998,59,1
12998,57,1
12998,66,1
12999,59,1
13000,68,1
13001,9,1
13001,2,1
13001,6,1
13002,2,1
13002,47,1
13003,8,2
13003,2,1
13003,4,1
13004,6,2
13004,8,1
13005,7,1
13005,2,1
13005,5,1
13006,6,2
13006,4,1
13006,8,1
13006,7,1
13007,6,1
13007,1,1
13007,4,1
13007,5,1
13008,30,1
13008,6,1
13008,2,1
13009,36,1
13009,7,1
13009,9,2
13010,4,2
13010,5,1
13011,24,1
13011,7,1
13011,47,1
13011,51,1
13011,4,1
13012,2,1
13012,9,2
13013,5,1
13013,9,1
13014,2,1
13014,3,1
13014,4,1
13015,6,1
13015,4,1
13015,2,2
13015,7,1
13015,28,1
13016,6,1
13017,1,1
13017,9,1
13018,1,1
13018,8,1
13018,9,1
13018,3,1
13019,7,1
13019,3,1
13019,6,1
13020,58,3
13020,2,1
13020,4,1
13020,5,1
13021,4,1
13021,9,1
13022,8,1
13022,32,1
13022,3,1
13023,6,1
13023,4,1
13023,8,1
13024,2,2
13024,38,1
13024,5,1
13025,3,2
13025,6,1
13026,6,2
13026,7,1
13027,16,1
13027,4,1
13028,4,1
13028,6,3
13028,2,1
13028,37,1
13029,33,1
13029,4,2
13029,5,2
13029,12,1
13030,6,1
13030,42,1
13030,7,1
13031,6,2
13031,4,1
13031,9,3
13032,4,2
13032,1,1
13032,7,2
13032,5,1
13032,3,2
13033,4,2
13033,55,1
13033,9,2
13034,6,1
13034,38,1
13034,5,1
13035,6,1
13035,9,3
13035,1,2
13035,48,1
13036,7,1
13036,25,1
13037,1,1
13037,8,1
13038,42,1
13038,20,1
13038,53,1
13039,6,2
13039,31,1
13039,9,1
13040,2,1
13040,3,1
13040,13,1
13040,6,1
13041,59,2
13041,57,1
13041,60,1
13041,33,2
13041,55,3
13042,60,1
13042,56,1
13042,57,1
13042,58,1
13043,33,1
13043,57,1
13043,60,1
13044,54,1
13044,7,3
13044,58,2
13044,60,1
13045,5,1
13045,31,1
13046,5,1
13047,60,1
13047,28,2
13047,57,1
13047,38,1
13048,58,1
13048,57,1
13048,59,1
13048,60,1
13049,58,1
13049,57,2
13049,11,1
13049,3,1
13049,59,1
13050,58,2
13050,56,2
13050,59,1
13051,58,1
13051,59,1
13051,57,1
13052,59,1
13052,56,1
13053,58,2
13053,30,3
13053,23,3
13053,56,1
13054,60,2
13054,59,2
13055,17,1
13055,60,1
13056,60,2
13056,58,1
13056,59,1
13057,57,2
13057,59,1
13058,59,3
13058,58,1
13059,57,1
13059,14,1
13059,60,1
13060,60,1
13060,59,1
13061,59,1
13061,60,2
13061,57,2
13062,56,1
13062,58,1
13063,57,1
13063,60,1
13064,58,1
13064,44,1
13064,60,2
13065,58,1
13065,56,1
13065,60,1
13066,56,1
13066,59,1
13066,57,1
13067,19,2
13067,32,1
13068,59,1
13068,56,1
13068,58,3
13069,59,1
13069,53,3
13070,56,3
13070,59,1
13070,58,1
13071,59,1
13071,57,1
13071,58,1
13072,59,1
13072,57,3
13072,58,1
13073,58,1
13073,57,1
13074,60,1
13074,57,1
13075,58,1
13075,59,1
13075,60,1
13076,59,1
13076,58,1
13077,59,1
13077,57,1
13078,58,1
13078,42,1
13078,57,1
13079,60,3
13079,58,1
13079,59,1
13080,56,1
13080,57,1
13080,59,1
13080,37,1
13081,34,2
13081,3,1
13081,18,2
13082,29,1
13082,18,2
13082,19,1
13082,27,1
13083,19,1
13083,18,1
13083,29,1
13083,47,1
13084,19,2
13084,25,1
13085,19,1
13085,29,1
13086,29,1
13086,34,1
13086,19,1
13087,18,1
13087,34,1
13087,30,1
13088,1,1
13088,18,1
13088,29,1
13089,26,1
13089,34,1
13089,1,1
13090,29,1
13090,19,1
13090,18,1
13091,3,1
13091,29,1
13091,34,1
13092,18,1
13092,34,1
13092,29,1
13093,18,2
13093,19,1
13094,19,1
13094,29,1
13095,29,1
13095,57,1
13096,34,1
13096,19,1
13097,14,1
13097,29,1
13098,9,3
13098,19,1
13099,19,1
13099,18,1
13100,22,1
13101,34,1
13101,43,1
13101,1,1
13101,19,1
13102,18,1
13102,52,1
13103,29,1
13103,34,1
13103,53,1
13104,19,1
13104,18,1
13105,19,1
13105,34,1
13105,29,1
13106,19,1
13106,18,2
13106,8,1
13107,29,1
13107,19,1
13108,18,1
13108,29,1
13108,19,1
13108,21,2
13108,46,1
13109,40,1
13109,18,1
13109,19,1
13110,34,1
13110,18,1
13110,14,1
13111,18,1
13111,29,2
13111,19,2
13112,59,1
13112,34,1
13113,18,1
13113,41,1
13114,34,1
13114,60,1
13115,34,2
13115,18,2
13115,35,1
13115,51,1
13115,19,1
13116,19,1
13116,34,1
13117,29,1
13117,19,1
13118,18,1
13118,19,1
13119,18,1
13119,29,2
13120,34,1
13120,18,1
13120,29,1
13121,23,2
13121,25,1
13121,14,1
13122,23,1
13122,25,2
13122,22,1
13123,4,1
13124,25,1
13124,29,1
13125,25,1
13125,22,2
13125,23,1
13126,25,1
13126,23,1
13126,48,1
13127,24,2
13127,48,1
13127,22,1
13127,16,3
13127,25,1
13128,25,1
13128,29,1
13128,10,1
13129,22,1
13129,24,1
13129,25,2
13129,36,1
13130,25,3
13130,22,1
13130,23,1
13131,8,1
13131,6,1
13131,23,1
13132,23,1
13132,25,3
13132,46,1
13132,24,2
13133,47,1
13133,25,1
13133,22,1
13134,25,3
13134,40,3
13134,24,1
13135,24,1
13135,22,1
13135,23,1
13136,54,1
13136,36,1
13136,25,1
13137,9,1
13137,25,1
13138,23,1
13138,8,1
13138,24,1
13139,21,1
13140,25,1
13140,23,1
13140,24,1
13141,24,1
13141,22,1
13141,23,2
13141,25,1
13142,24,1
13142,23,1
13143,39,3
13143,25,1
13143,22,2
13144,25,1
13145,19,2
13145,23,1
13145,24,1
13146,24,1
13146,25,1
13147,25,1
13147,22,1
13147,23,1
13147,20,1
13148,24,1
13148,23,1
13149,25,1
13149,23,1
13150,24,1
13151,8,1
13151,23,2
13152,25,1
13152,9,1
13153,24,1
13153,23,1
13154,23,2
13154,25,1
13154,22,1
13155,24,1
13155,22,1
13156,22,1
13156,25,1
13157,24,1
13157,23,3
13158,22,1
13158,28,1
13159,25,1
13159,22,2
13160,22,1
13160,24,1
13161,9,1
13161,8,1
13161,6,1
13161,7,1
13162,7,1
13162,2,2
13162,9,3
13162,34,1
13163,23,1
13163,8,1
13164,5,1
13164,11,1
13165,9,1
13165,6,1
13165,8,1
13165,3,2
13166,1,1
13166,4,1
13167,3,1
13167,8,1
13167,4,1
13168,5,1
13168,3,1
13168,8,1
13168,9,1
13169,2,1
13169,3,2
13170,59,1
13171,45,1
13171,1,1
13172,2,1
13172,7,1
13172,1,2
13173,13,1
13173,7,1
13173,1,2
13174,8,1
13174,4,1
13175,3,3
13175,55,1
13175,58,1
13176,8,1
13176,3,3
13177,8,1
13177,5,1
13177,44,2
13178,2,1
13178,1,1
13178,3,1
13179,4,1
13179,1,3
13180,52,1
13180,4,2
13181,33,3
13181,22,1
13181,23,1
13181,9,1
13182,3,1
13182,29,1
13182,13,1
13183,5,1
13183,32,1
13183,8,3
13184,31,1
13184,8,1
13184,2,1
13185,2,2
13185,58,1
13185,5,1
13185,8,1
13186,6,1
13186,9,1
13187,8,1
13187,1,1
13187,9,1
13188,9,1
13188,6,1
13189,8,1
13189,3,1
13189,1,1
13190,7,1
13190,13,1
13191,5,3
13191,8,2
13191,3,2
13192,2,1
13193,6,1
13193,40,1
13194,4,1
13194,6,3
13194,1,1
13194,2,1
13195,1,1
13195,5,2
13196,7,1
13197,5,2
13197,9,1
13198,6,3
13198,3,1
13199,39,1
13199,3,1
13199,5,1
13200,5,2
13200,8,2
13201,45,1
13201,75,1
13201,23,1
13202,75,1
13202,22,1
13202,24,1
13202,23,1
13203,24,1
13203,75,1
13203,22,2
13204,50,1
13204,23,1
13204,22,1
13204,74,1
13205,19,1
13205,21,1
13205,23,1
13206,20,1
13206,75,2
13206,23,2
13207,23,2
13207,74,1
13207,25,1
13208,75,1
13208,74,1
13208,25,1
13209,26,1
13209,22,1
13210,75,1
13210,22,1
13211,74,1
13211,25,1
13212,20,1
13212,22,1
13213,15,1
13213,25,1
13213,74,2
13213,20,1
13214,75,1
13214,74,1
13215,10,1
13215,22,2
13215,25,2
13216,24,1
13216,22,2
13217,53,2
13217,75,1
13218,23,2
13218,24,1
13218,75,1
13218,22,1
13219,48,1
13219,75,1
13219,2,2
13220,21,1
13220,24,1
13220,74,1
13221,51,1
13221,21,1
13221,75,2
13221,20,3
13222,22,1
13223,33,1
13223,24,3
13223,75,1
13224,24,1
13224,20,1
13224,23,1
13225,10,1
13226,22,1
13226,36,1
13226,23,1
13227,20,1
13227,25,1
13228,21,2
13228,75,1
13229,42,1
13229,21,1
13229,20,1
13230,21,2
13230,28,1
13231,27,1
13231,75,3
13231,21,1
13231,74,1
13232,24,1
13233,25,1
13233,21,2
13233,23,1
13233,1,3
13234,34,1
13234,25,3
13234,22,1
13234,20,1
13234,21,1
13235,75,1
13235,22,1
13236,9,2
13236,74,1
13236,20,2
13236,24,1
13237,12,1
13237,10,3
13238,20,1
13238,75,1
13239,25,1
13239,74,2
13239,22,1
13239,20,1
13240,25,2
13240,10,2
13241,64,2
13241,63,2
13242,61,1
13242,65,1
13243,63,1
13243,64,1
13244,61,2
13244,63,1
13245,64,1
13245,65,1
13245,15,1
13245,33,1
13246,61,1
13246,55,1
13246,65,1
13247,6,1
13247,63,1
13248,64,1
13248,66,1
13248,62,3
13249,4,1
13249,62,1
13249,64,1
13250,62,1
13250,63,1
13251,62,2
13252,61,1
13252,62,1
13252,35,1
13253,61,1
13253,64,1
13254,64,1
13254,61,1
13255,64,1
13255,63,1
13255,61,1
13256,61,1
13256,66,3
13256,64,1
13257,64,1
13258,64,3
13258,66,1
13259,62,1
13259,63,1
13259,27,1
13260,2,3
13260,66,1
13261,18,1
13261,12,1
13261,63,1
13262,62,1
13262,65,1
13263,8,1
13263,55,1
13264,65,1
13265,61,2
13265,64,1
13266,13,1
13267,6,1
13267,66,1
13268,63,1
13268,62,1
13268,65,1
13269,10,1
13270,63,1
13270,64,1
13270,37,1
13271,61,1
13271,59,2
13271,63,2
13272,27,1
13272,61,2
13273,65,1
13273,66,1
13273,26,2
13274,8,1
13274,32,1
13274,65,1
13275,64,1
13275,62,1
13275,66,1
13276,64,2
13276,65,1
13277,66,2
13277,61,1
13277,62,1
13277,47,1
13278,66,1
13278,62,1
13279,64,1
13280,61,1
13280,34,1
13281,15,1
13281,12,1
13281,13,1
13282,12,1
13282,28,1
13283,10,1
13284,16,1
13284,10,1
13285,59,1
13285,41,1
13286,12,2
13286,11,3
13287,48,1
13287,15,1
13288,6,1
13288,60,2
13288,10,1
13289,10,1
13289,55,1
13289,16,1
13290,12,1
13290,16,1
13290,14,1
13290,13,2
13291,13,2
13291,16,1
13292,48,1
13292,27,1
13293,14,1
13293,11,1
13294,16,1
13294,11,2
13295,15,1
13295,14,2
13296,10,1
13296,14,1
13297,12,2
13297,10,1
13297,15,3
13298,12,2
13298,56,1
13298,14,1
13298,13,1
13299,42,1
13299,14,1
13300,54,1
13300,12,1
13300,10,1
13301,14,1
13301,15,1
13301,16,1
13302,11,1
13302,10,1
13302,15,1
13303,14,1
13303,10,1
13303,21,1
13304,12,1
13304,10,1
13305,14,1
13305,19,1
13305,36,1
13305,16,2
13305,11,1
13306,16,1
13307,14,1
13307,59,1
13307,11,1
13308,16,2
13308,11,3
13309,48,1
13309,11,2
13310,16,1
13310,36,1
13310,29,1
13310,11,1
13311,10,1
13311,11,2
13311,13,1
13311,14,1
13312,15,2
13312,10,1
13312,55,1
13313,14,1
13313,13,1
13314,12,2
13314,13,1
13314,44,1
13315,11,1
13315,16,2
13315,13,1
13315,15,1
13316,15,1
13316,10,2
13316,13,1
13317,12,1
13317,13,1
13318,55,1
13318,14,1
13319,15,2
13319,11,1
13319,47,1
13320,10,1
13320,15,1
13320,16,2
13321,12,1
13321,16,1
13322,12,1
13322,11,1
13323,13,1
13323,10,1
13323,12,2
13324,14,1
13325,13,2
13325,16,1
13325,38,1
13326,10,1
13327,11,1
13327,14,1
13327,13,1
13328,13,1
13328,16,3
13329,15,1
13329,22,2
13330,16,2
13330,50,1
13331,39,1
13331,11,1
13332,12,1
13332,15,1
13333,15,1
13333,12,1
13334,11,1
13334,46,1
13334,47,1
13334,16,1
13334,15,1
13335,15,2
13336,16,1
13336,11,3
13337,14,1
13337,12,2
13337,22,2
13338,37,2
13338,29,1
13338,26,2
13339,11,1
13339,13,3
13340,11,2
13340,15,1
13340,16,1
13340,32,1
13341,45,1
13341,14,2
13341,12,1
13342,45,1
13342,16,1
13343,10,1
13343,16,1
13343,19,1
13344,54,1
13344,8,3
13344,15,1
13345,44,1
13345,59,2
13345,24,1
13346,39,1
13346,10,1
13346,15,1
13347,10,1
13347,12,1
13347,5,1
13347,47,1
13347,14,1
13348,13,1
13348,11,1
13348,15,1
13349,22,1
13349,10,1
13350,54,2
13350,15,1
13350,5,2
13351,16,2
13351,29,1
13351,13,1
13352,10,1
13352,11,1
13352,14,1
13353,14,1
13353,57,1
13353,11,1
13353,59,1
13354,2,1
13354,11,2
13354,15,1
13355,13,1
13355,12,1
13356,25,1
13356,12,1
13356,16,1
13357,16,1
13357,14,2
13357,35,1
13358,14,1
13358,15,1
13359,11,1
13360,11,2
13360,14,1
13360,16,1
13360,13,1
13361,56,1
13361,59,1
13361,5,1
13362,60,1
13362,56,1
13363,57,1
13363,59,1
13364,60,1
13364,57,1
13364,59,1
13365,59,1
13365,58,1
13366,56,2
13366,59,1
13367,43,1
13367,60,1
13367,57,1
13368,56,1
13368,58,1
13368,57,1
13368,59,1
13369,57,3
13369,56,1
13369,34,2
13370,57,1
13370,18,1
13370,59,1
13371,60,1
13371,57,1
13372,58,1
13372,27,1
13372,56,1
13372,57,2
13373,59,1
13373,60,2
13374,57,1
13374,53,1
13374,60,1
13375,58,1
13375,60,1
13375,9,3
13376,57,1
13376,59,1
13376,56,2
13377,57,1
13377,15,1
13377,60,1
13378,58,1
13378,57,2
13379,58,1
13379,8,1
13379,56,1
13380,21,1
13380,59,1
13380,9,1
13380,1,2
13381,19,2
13381,60,1
13382,57,1
13382,59,1
13382,58,1
13382,52,1
13383,58,3
13383,18,1
13383,56,1
13383,52,1
13384,1,1
13384,57,1
13385,60,1
13385,59,1
13386,57,2
13386,59,2
13387,57,1
13387,59,1
13388,59,1
13388,58,1
13388,57,1
13388,60,1
13389,60,1
13389,54,2
13390,59,1
13391,57,1
13391,59,1
13391,58,1
13392,60,1
13392,57,1
13392,56,1
13393,56,3
13393,60,1
13394,59,1
13394,58,1
13395,57,1
13395,56,1
13395,60,3
13396,58,1
13396,60,1
13397,58,1
13397,29,2
13397,59,1
13398,23,1
13398,34,1
13398,56,1
13398,39,1
13398,58,1
13399,57,1
13399,59,1
13399,39,1
13399,8,1
13400,58,1
13400,56,1
13400,47,1
13400,57,1
13400,39,2
13401,4,1
13401,2,1
13401,9,2
13402,6,1
13402,21,1
13403,5,1
13403,9,1
13403,1,1
13404,7,2
13404,56,1
13404,8,3
13404,3,1
13405,6,1
13406,21,1
13406,38,1
13407,5,1
13407,44,1
13407,4,1
13408,7,1
13408,43,1
13408,5,1
13409,6,1
13409,54,1
13410,7,1
13411,9,1
13411,8,1
13411,1,1
13412,11,1
13413,9,1
13413,3,1
13413,20,1
13414,6,1
13414,3,1
13415,7,1
13415,8,3
13416,7,2
13416,6,1
13416,36,1
13417,5,1
13417,10,1
13418,4,1
13418,2,1
13419,3,3
13419,1,1
13419,2,1
13420,4,1
13420,3,1
13421,8,2
13421,3,1
13421,2,1
13422,24,1
13422,8,2
13422,4,1
13423,8,1
13423,7,2
13424,7,1
13424,9,1
13425,9,1
13425,4,1
13425,2,1
13426,8,1
13426,6,1
13426,41,1
13426,3,1
13427,5,1
13427,53,3
13427,1,2
13428,1,1
13428,49,1
13428,34,1
13429,6,1
13429,7,1
13429,2,1
13430,2,1
13431,9,2
13431,6,1
13431,2,1
13431,7,1
13432,7,2
13432,8,2
13433,3,3
13433,9,1
13434,44,1
13434,7,1
13434,9,1
13434,8,1
13435,9,1
13435,6,1
13435,5,1
13436,8,1
13436,1,1
13436,9,1
13436,2,1
13437,58,1
13437,1,1
13437,6,1
13437,4,2
13438,3,2
13438,2,1
13438,4,1
13438,1,2
13439,6,1
13439,19,1
13440,21,1
13440,9,1
13441,5,1
13441,13,1
13442,15,1
13442,11,1
13443,13,1
13444,56,1
13444,14,1
13444,13,1
13445,16,2
13445,14,1
13445,13,1
13445,15,1
13446,12,1
13446,30,1
13446,27,1
13447,11,1
13447,13,1
13447,10,1
13448,11,1
13448,16,1
13448,10,1
13449,16,1
13450,1,2
13450,45,2
13451,17,1
13451,13,1
13452,11,1
13452,16,1
13452,36,1
13452,53,3
13452,13,1
13453,14,1
13454,21,1
13454,11,2
13454,7,1
13455,12,1
13455,11,2
13456,16,2
13456,44,1
13457,15,1
13457,10,1
13457,13,1
13458,14,1
13458,16,1
13458,54,1
13459,16,1
13459,10,1
13459,20,2
13459,11,1
13460,3,1
13460,14,1
13460,16,2
13461,11,1
13461,10,1
13461,14,1
13462,15,1
13463,15,1
13463,12,1
13463,13,1
13464,14,2
13464,16,1
13465,40,1
13465,13,1
13466,16,2
13466,12,1
13466,55,2
13466,45,1
13467,11,1
13467,2,1
13468,12,2
13468,15,1
13469,11,1
13469,12,2
13470,16,1
13470,43,1
13471,31,1
13471,16,1
13472,13,3
13472,16,2
13472,15,1
13473,14,1
13473,10,1
13474,13,2
13475,13,2
13475,10,1
13475,16,1
13475,15,2
13476,44,3
13476,11,1
13477,16,1
13477,11,1
13478,30,1
13478,11,2
13478,10,2
13479,15,1
13479,40,1
13479,14,1
13480,11,1
13480,16,2
13481,9,1
13481,4,1
13482,52,1
13482,2,2
13482,4,3
13483,3,2
13483,7,1
13483,29,1
13483,8,1
13484,8,1
13484,6,2
13484,1,2
13485,1,1
13485,2,1
13486,6,1
13486,3,1
13486,4,1
13487,5,2
13487,2,1
13488,9,1
13488,4,1
13488,5,1
13489,7,2
13489,8,1
13490,2,1
13490,7,1
13490,37,1
13491,4,3
13491,32,1
13492,35,1
13492,4,1
13492,6,1
13492,2,1
13493,6,1
13493,18,1
13493,3,2
13493,4,3
13494,7,1
13494,6,2
13495,3,1
13496,6,1
13496,5,2
13496,1,2
13497,43,1
13497,6,1
13497,2,1
13497,9,1
13498,1,3
13498,9,1
13499,10,1
13499,6,1
13500,2,1
13500,1,1
13501,3,1
13501,1,1
13501,6,1
13501,8,1
13501,5,2
13502,5,1
13502,4,1
13503,60,1
13503,6,1
13503,21,1
13503,8,1
13504,3,2
13505,8,1
13505,6,1
13506,1,1
13506,4,1
13506,6,1
13507,1,1
13507,42,1
13507,4,1
13508,8,1
13508,5,1
13508,6,1
13509,1,1
13509,8,1
13509,9,1
13510,34,1
13510,9,1
13510,3,1
13511,5,1
13511,2,1
13512,8,3
13512,7,1
13512,4,1
13513,4,1
13513,3,1
13513,5,1
13514,6,1
13514,9,3
13514,7,1
13515,9,1
13515,1,1
13515,3,1
13515,4,1
13516,2,1
13517,1,1
13517,7,1
13518,8,1
13519,6,1
13519,14,2
13519,45,2
13520,34,1
13520,7,2
13521,60,1
13521,59,1
13521,58,1
13521,57,2
13522,57,1
13522,42,1
13523,57,1
13523,59,1
13523,56,1
13523,60,1
13524,20,1
13524,60,1
13524,58,2
13525,60,1
13525,58,2
13526,60,1
13527,34,2
13527,58,1
13527,57,1
13527,3,1
13527,60,1
13528,57,1
13528,58,1
13528,20,1
13529,59,1
13530,59,1
13530,58,1
13530,57,1
13531,50,1
13531,8,1
13532,59,1
13532,57,3
13533,20,1
13534,18,2
13534,30,1
13535,37,1
13535,59,3
13535,60,1
13536,5,1
13536,60,3
13536,49,2
13536,57,2
13537,60,2
13537,57,1
13537,56,1
13537,10,1
13538,33,1
13538,59,1
13538,56,1
13539,60,1
13540,56,1
13540,28,2
13540,57,3
13540,59,1
13541,21,2
13541,59,1
13542,59,1
13542,60,1
13542,36,1
13542,40,3
13543,9,1
13543,56,1
13544,57,1
13544,59,1
13544,58,3
13545,56,1
13545,39,1
13545,60,1
13546,57,1
13546,50,1
13546,58,1
13547,57,1
13547,23,1
13547,48,1
13548,29,2
13548,56,3
13548,59,1
13549,57,1
13549,59,1
13549,60,1
13550,56,1
13550,59,1
13550,39,1
13551,57,1
13551,60,1
13551,34,1
13552,56,1
13552,59,1
13552,58,2
13552,60,1
13553,57,1
13553,59,1
13553,58,1
13554,57,1
13554,34,1
13554,60,1
13555,8,2
13555,1,1
13555,60,3
13555,58,1
13556,57,1
13556,58,1
13557,59,1
13557,60,1
13557,11,1
13558,56,1
13558,60,1
13558,59,1
13559,57,1
13559,56,1
13559,58,1
13560,57,1
13560,56,1
13560,59,1
13561,63,1
13561,65,1
13561,66,1
13561,62,1
13562,40,3
13562,63,1
13563,64,1
13564,65,1
13564,61,1
13565,63,1
13565,17,1
13566,66,1
13567,66,3
13567,64,1
13567,62,2
13567,65,2
13568,65,3
13568,66,1
13568,61,1
13569,65,1
13569,64,1
13570,66,1
13570,32,1
13571,64,1
13571,1,1
13571,27,1
13572,61,1
13572,64,1
13573,65,1
13573,52,1
13573,63,1
13574,64,2
13574,66,1
13575,53,1
13575,62,1
13576,61,2
13577,62,2
13577,64,1
13577,66,1
13577,40,1
13578,66,1
13578,62,1
13579,65,1
13579,62,1
13579,61,1
13580,64,1
13580,43,1
13581,65,1
13581,63,1
13582,15,1
13582,62,1
13582,63,1
13583,66,1
13583,63,1
13583,64,1
13584,62,3
13584,61,1
13584,66,1
13585,62,1
13585,65,2
13586,65,2
13586,10,1
13587,61,1
13587,12,1
13588,66,1
13588,64,1
13588,41,1
13589,61,2
13589,65,1
13590,61,1
13591,37,1
13591,62,2
13591,61,1
13591,45,1
13592,2,2
13592,61,1
13592,63,2
13593,22,3
13593,63,1
13593,65,1
13593,64,1
13594,19,1
13594,64,3
13595,50,1
13595,62,1
13596,66,1
13596,61,1
13596,7,1
13596,38,1
13597,63,2
13597,61,1
13597,64,1
13598,62,1
13598,3,1
13598,10,1
13598,35,1
13599,61,1
13599,30,1
13600,61,2
13600,63,1
13601,39,1
13601,37,1
13602,39,1
13602,41,2
13602,37,1
13603,40,1
13603,42,1
13603,37,1
13604,37,1
13604,39,1
13605,40,2
13605,37,1
13606,41,1
13606,33,1
13606,39,1
13606,40,2
13607,42,1
13607,40,1
13608,41,3
13608,40,1
13609,41,1
13609,40,1
13609,5,1
13609,42,1
13610,42,1
13610,41,1
13610,37,1
13610,26,2
13611,29,1
13611,39,1
13611,38,1
13612,40,2
13612,38,3
13612,37,1
13613,33,1
13613,38,2
13613,4,1
13613,39,1
13614,38,1
13614,41,2
13614,40,1
13614,39,1
13614,50,1
13615,37,1
13615,38,1
13615,39,1
13616,37,1
13616,38,1
13616,41,1
13617,39,1
13617,41,1
13617,42,1
13617,3,1
13618,38,2
13618,39,1
13618,42,2
13619,16,1
13619,42,2
13620,40,1
13620,42,3
13620,37,3
13621,39,1
13621,40,3
13621,13,1
13622,29,1
13622,37,2
13622,41,1
13623,37,1
13623,38,1
13623,41,1
13624,31,3
13624,42,2
13624,21,1
13625,22,1
13625,42,1
13626,37,1
13626,38,2
13626,39,1
13626,41,2
13627,38,1
13627,41,2
13627,40,2
13628,37,1
13628,57,2
13628,40,1
13628,42,1
13629,42,2
13629,41,2
13629,55,1
13630,39,1
13630,38,1
13630,40,1
13631,4,1
13631,41,2
13632,41,1
13632,37,1
13632,38,1
13633,38,1
13633,41,2
13633,42,1
13633,2,1
13634,37,1
13634,41,2
13634,39,1
13635,42,1
13635,37,1
13636,40,1
13636,38,1
13636,37,1
13637,4,1
13637,42,1
13638,38,3
13638,39,2
13638,42,1
13638,41,1
13639,39,1
13639,40,3
13639,22,1
13639,42,1
13639,58,1
13640,39,1
13640,40,1
13641,48,1
13641,19,3
13641,29,1
13641,52,2
13642,34,1
13642,29,1
13642,25,1
13643,29,1
13643,18,1
13644,34,1
13644,56,1
13644,29,1
13644,18,1
13644,26,2
13645,2,1
13645,29,1
13646,19,1
13647,2,1
13647,5,1
13648,18,2
13648,6,1
13648,19,2
13649,19,1
13649,18,1
13649,29,1
13650,18,1
13650,29,3
13650,15,1
13651,18,1
13651,19,1
13652,18,1
13652,29,1
13653,18,1
13653,19,1
13654,19,1
13654,29,2
13655,18,2
13655,44,1
13656,18,1
13656,2,1
13656,29,1
13656,60,2
13657,18,1
13657,34,2
13658,18,1
13658,29,1
13659,19,1
13659,18,1
13659,20,1
13659,29,1
13660,16,1
13660,34,1
13660,18,1
13660,29,1
13660,39,1
13661,34,1
13661,19,1
13661,29,3
13661,18,1
13662,19,1
13662,29,1
13662,58,1
13663,18,1
13663,34,2
13663,29,2
13664,19,1
13664,2,1
13664,29,1
13665,29,1
13665,18,1
13666,34,1
13666,29,1
13667,18,1
13667,27,2
13668,13,1
13668,29,1
13669,18,1
13669,34,3
13669,29,2
13670,29,1
13670,43,1
13671,19,1
13671,18,1
13671,4,2
13672,29,1
13672,34,1
13672,10,1
13673,19,1
13673,34,1
13674,34,3
13674,18,1
13674,30,1
13675,29,1
13676,19,1
13676,29,1
13677,18,1
13677,19,3
13678,29,1
13678,18,1
13679,29,3
13679,18,2
13679,56,1
13679,24,1
13679,5,1
13680,1,1
13680,19,1
13680,16,2
13681,29,1
13681,23,1
13682,29,3
13682,19,1
13683,39,1
13683,19,1
13684,19,2
13684,29,1
13684,34,1
13685,29,1
13686,19,3
13686,22,1
13686,29,1
13687,29,3
13687,34,3
13687,18,1
13688,28,1
13688,34,1
13688,29,1
13689,18,1
13689,34,1
13689,19,1
13690,19,3
13690,18,1
13690,58,1
13691,19,1
13691,37,1
13691,20,1
13692,29,1
13692,34,1
13692,18,1
13692,19,1
13693,34,1
13693,29,1
13694,18,1
13694,17,1
13695,29,1
13695,18,2
13695,28,1
13696,19,1
13696,18,1
13696,29,1
13697,18,1
13698,18,2
13698,32,3
13699,19,1
13699,18,2
13700,34,1
13700,18,1
13700,19,1
13701,29,2
13701,50,2
13702,19,1
13703,29,1
13703,19,1
13703,45,1
13704,35,1
13704,36,1
13705,29,1
13705,18,1
13706,18,1
13706,34,1
13706,19,2
13707,27,1
13707,19,1
13708,29,1
13708,34,1
13709,18,2
13709,34,1
13709,1,2
13710,29,1
13710,34,1
13711,19,2
13711,34,1
13711,29,1
13712,11,1
13712,41,2
13712,1,2
13713,29,1
13713,34,2
13713,18,1
13713,19,1
13714,34,1
13714,5,1
13715,34,1
13715,29,1
13716,29,1
13716,58,1
13716,18,3
13716,34,1
13716,7,1
13717,29,2
13717,18,2
13718,29,3
13718,19,1
13718,30,2
13719,19,1
13719,34,1
13719,23,1
13720,29,1
13720,34,1
13720,18,1
13720,19,1
13721,11,1
13721,10,1
13722,14,2
13722,29,1
13723,13,1
13723,38,1
13723,14,1
13723,56,1
13724,13,1
13724,11,2
13725,28,1
13725,10,1
13725,15,1
13726,13,2
13726,52,1
13726,12,1
13726,11,1
13727,12,1
13727,11,1
13727,16,1
13728,13,1
13728,10,1
13729,16,1
13729,23,1
13730,15,1
13730,11,1
13730,12,1
13730,25,3
13731,13,1
13731,10,1
13732,16,1
13732,10,1
13732,14,1
13732,11,1
13733,14,1
13733,11,1
13733,16,1
13734,40,3
13734,12,1
13734,14,1
13735,34,1
13735,15,1
13735,10,2
13736,16,2
13736,10,1
13737,15,1
13737,16,1
13738,15,2
13738,10,1
13738,11,1
13739,13,1
13739,20,2
13740,17,1
13740,15,1
13740,21,1
13740,7,1
13741,13,1
13741,14,1
13742,15,1
13742,16,1
13742,55,3
13743,39,1
13743,10,1
13744,10,1
13744,25,2
13744,11,1
13745,11,1
13745,12,2
13746,11,1
13746,14,1
13747,18,1
13748,11,1
13748,15,1
13748,13,1
13749,13,1
13749,12,1
13750,10,1
13750,24,1
13750,16,2
13750,13,1
13751,15,1
13751,12,2
13751,11,1
13752,13,1
13752,1,2
13753,11,1
13753,31,1
13753,12,1
13754,13,1
13754,14,1
13754,4,1
13755,15,1
13755,11,1
13756,13,1
13757,40,1
13757,11,3
13757,15,1
13758,14,1
13758,15,1
13759,14,1
13759,15,1
13759,10,2
13760,12,1
13760,10,1
13761,4,1
13761,55,1
13761,9,1
13762,5,1
13762,8,2
13763,4,1
13763,5,1
13764,4,1
13764,49,1
13764,2,2
13765,9,2
13765,1,1
13765,4,1
13766,9,1
13766,2,1
13767,6,1
13767,56,1
13768,7,1
13768,5,1
13768,24,1
13769,9,1
13769,8,1
13769,49,1
13769,3,1
13770,6,1
13770,7,1
13770,3,1
13771,1,1
13771,38,1
13771,9,1
13771,4,1
13772,1,1
13772,9,1
13772,59,1
13772,2,1
13773,2,1
13773,3,2
13773,1,3
13774,6,1
13774,5,1
13774,38,1
13775,39,1
13775,2,1
13775,9,1
13775,5,1
13776,3,2
13776,7,2
13776,1,1
13777,35,1
13777,7,2
13778,2,1
13778,9,1
13778,6,2
13778,4,1
13779,9,1
13779,2,1
13779,3,1
13780,3,1
13780,7,1
13780,2,1
13780,9,1
13781,9,1
13781,5,1
13782,3,2
13782,23,1
13783,6,1
13783,3,1
13783,1,1
13784,4,1
13784,2,1
13785,17,1
13785,6,1
13786,6,1
13786,8,1
13787,9,1
13787,1,1
13787,2,1
13788,6,2
13789,9,1
13790,6,1
13790,46,1
13791,7,1
13791,2,1
13791,6,1
13792,2,3
13792,9,1
13792,1,1
13793,8,1
13793,1,2
13794,5,1
13794,1,1
13795,8,1
13795,4,1
13795,6,2
13796,56,1
13796,2,2
13797,51,1
13797,9,1
13797,8,1
13798,17,1
13798,1,1
13798,4,1
13798,3,1
13799,7,1
13799,8,2
13800,9,1
13800,2,1
13800,7,1
13800,3,1
13801,20,1
13801,21,1
13802,55,1
13802,24,2
13802,25,1
13803,23,1
13803,75,1
13803,74,1
13804,75,1
13804,25,1
13805,22,1
13806,20,1
13807,21,1
13807,20,1
13808,23,1
13808,26,1
13809,23,2
13810,22,1
13810,23,1
13810,53,1
13810,25,1
13811,22,1
13811,20,1
13811,24,3
13812,74,1
13812,22,1
13812,25,3
13812,23,1
13813,23,2
13813,24,1
13814,23,1
13814,22,1
13815,59,1
13815,57,2
13816,25,1
13817,38,2
13817,10,1
13818,75,2
13818,23,1
13819,75,2
13819,23,1
13819,20,1
13820,75,2
13820,24,1
13820,23,1
13821,23,1
13821,22,1
13821,24,1
13822,23,1
13822,24,1
13823,22,1
13823,75,1
13823,25,1
13823,59,3
13823,24,1
13824,21,1
13824,75,3
13825,15,1
13825,75,1
13825,74,1
13826,21,1
13826,24,1
13826,74,1
13827,25,1
13827,75,2
13827,23,1
13828,21,2
13828,22,1
13828,24,1
13829,75,1
13829,22,1
13829,21,1
13830,74,1
13830,22,1
13830,25,2
13831,21,1
13831,43,1
13831,53,2
13831,1,2
13832,75,1
13832,25,1
13832,20,1
13833,74,2
13833,21,2
13834,20,3
13834,23,1
13834,3,1
13834,75,2
13834,46,1
13835,74,1
13835,22,1
13836,12,1
13836,25,3
13837,22,2
13838,25,1
13838,21,1
13838,24,1
13838,41,1
13839,55,3
13839,21,1
13839,34,2
13840,23,1
13840,74,2
13840,20,2
13841,25,1
13841,23,1
13842,54,1
13842,22,1
13842,25,1
13843,24,2
13844,25,2
13844,22,1
13844,23,1
13845,22,2
13845,23,2
13845,11,1
13846,23,1
13846,22,1
13847,25,2
13847,31,1
13847,22,1
13847,23,1
13847,35,1
13848,40,1
13848,24,1
13848,25,1
13849,25,1
13849,24,1
13849,1,3
13849,54,1
13850,22,1
13850,24,1
13850,25,1
13851,59,1
13851,25,1
13852,47,1
13852,23,1
13852,25,2
13853,25,1
13853,22,1
13854,5,3
13854,22,3
13855,24,1
13856,25,1
13856,22,1
13857,17,1
13857,23,1
13857,22,1
13858,31,1
13858,24,1
13858,22,3
13859,24,1
13859,22,1
13859,23,1
13859,25,1
13860,23,1
13860,14,2
13860,25,2
13860,22,1
13861,24,1
13861,25,2
13862,23,1
13862,22,1
13862,24,3
13863,23,1
13863,9,1
13863,25,2
13863,10,1
13864,22,1
13864,27,1
13864,24,1
13865,22,1
13865,25,1
13866,24,2
13866,23,1
13866,22,1
13867,22,2
13867,25,1
13868,24,2
13868,25,1
13869,22,2
13869,56,1
13869,23,1
13869,24,1
13870,25,1
13870,24,3
13871,43,3
13871,24,1
13872,25,2
13872,2,2
13873,22,1
13873,35,1
13874,24,1
13875,25,1
13875,32,3
13875,23,1
13876,23,1
13876,25,1
13876,24,1
13876,11,2
13877,22,1
13877,25,1
13877,24,1
13878,24,2
13878,22,1
13878,23,1
13878,11,1
13879,22,2
13879,3,1
13880,25,1
13880,24,1
13880,23,1
13881,57,1
13881,12,1
13882,15,1
13882,68,1
13882,59,1
13883,55,1
13883,68,1
13883,66,1
13883,32,1
13883,62,1
13884,31,1
13884,51,1
13885,58,1
13885,20,1
13885,63,1
13886,66,1
13887,66,1
13887,20,1
13887,24,1
13888,53,1
13888,56,1
13888,60,1
13888,70,1
13889,70,2
13889,64,1
13889,51,1
13889,58,1
13890,21,1
13890,30,1
13891,66,2
13891,59,1
13891,36,1
13892,62,1
13892,64,1
13893,70,1
13893,63,1
13893,69,1
13893,55,1
13894,59,1
13894,47,1
13894,53,2
13894,51,1
13895,55,1
13895,54,1
13895,13,1
13896,69,2
13896,68,1
13896,51,1
13896,52,3
13897,53,1
13897,60,1
13897,10,1
13897,59,3
13897,68,1
13898,16,1
13898,62,1
13898,65,1
13898,63,1
13899,7,3
13899,59,1
13899,52,1
13900,66,1
13900,60,3
13901,58,1
13901,4,1
13902,53,1
13902,62,1
13903,63,1
13903,58,1
13904,2,1
13904,58,1
13904,61,1
13905,55,1
13905,58,1
13905,21,1
13905,68,1
13906,64,1
13906,4,2
13906,70,1
13906,16,1
13906,54,1
13907,67,1
13907,58,1
13907,34,1
13907,66,1
13908,64,1
13908,27,1
13909,55,3
13909,70,1
13910,53,1
13910,9,1
13910,59,2
13911,47,1
13911,61,1
13911,63,2
13912,57,1
13912,69,1
13912,56,1
13913,68,1
13913,64,1
13914,69,1
13914,56,1
13914,66,1
13915,58,1
13915,18,1
13915,61,1
13916,63,1
13916,68,1
13917,64,1
13917,58,2
13917,63,1
13918,63,1
13918,64,2
13918,54,1
13918,57,1
13919,52,1
13919,11,1
13919,65,1
13919,64,1
13920,64,1
13920,35,1
13921,14,2
13921,26,1
13921,12,1
13922,14,1
13922,16,3
13922,11,1
13923,16,1
13923,14,1
13924,15,2
13924,12,2
13924,14,1
13925,11,1
13925,16,1
13925,10,1
13926,14,2
13926,13,2
13927,11,1
13927,14,1
13928,13,1
13928,14,3
13928,15,1
13928,11,1
13929,41,1
13929,12,1
13929,16,1
13929,39,1
13929,3,1
13930,11,1
13930,10,1
13931,11,1
13932,46,1
13932,18,2
13932,14,1
13932,13,2
13933,11,1
13933,16,1
13933,12,3
13933,10,1
13934,13,1
13934,47,1
13934,14,1
13935,15,3
13935,10,1
13936,11,1
13936,14,2
13936,1,1
13937,25,1
13937,13,1
13937,11,1
13937,12,1
13938,1,1
13938,15,1
13938,10,1
13939,11,1
13939,10,1
13940,15,1
13940,13,1
13940,12,1
13941,10,1
13941,16,1
13942,14,1
13942,15,1
13942,16,1
13943,12,2
13943,15,1
13944,10,1
13945,10,1
13945,11,1
13945,13,1
13946,9,2
13946,12,1
13947,16,1
13947,14,1
13947,1,2
13947,33,2
13948,30,1
13948,12,1
13949,11,1
13949,13,3
13949,14,1
13950,10,1
13950,59,1
13950,14,1
13950,12,1
13951,13,1
13951,14,1
13951,15,1
13952,13,2
13952,40,1
13952,9,1
13952,12,1
13953,13,1
13954,15,2
13954,16,2
13955,14,1
13955,11,1
13955,33,1
13955,10,1
13956,12,1
13956,13,1
13957,14,2
13957,16,1
13957,38,2
13958,10,1
13958,11,2
13958,14,1
13959,14,2
13959,16,2
13960,10,1
13960,11,1
13961,33,3
13961,17,1
13962,33,1
13962,31,1
13963,31,1
13963,17,1
13963,33,1
13963,46,1
13964,30,3
13964,28,3
13965,30,1
13965,33,2
13965,48,1
13965,28,2
13965,32,1
13966,28,1
13966,49,1
13967,32,1
13967,10,2
13968,33,1
13968,28,1
13968,43,1
13968,30,1
13969,32,1
13969,28,2
13969,30,1
13969,33,1
13970,31,1
13970,33,2
13970,32,1
13971,8,1
13971,32,1
13971,30,1
13972,30,1
13972,44,2
13972,29,1
13973,54,1
13973,31,1
13973,33,3
13974,29,1
13974,13,1
13974,3,1
13975,29,1
13975,31,1
13975,28,1
13975,37,1
13976,32,1
13976,29,3
13976,33,1
13976,28,3
13977,32,1
13977,29,1
13977,28,2
13978,31,1
13978,38,2
13978,30,1
13978,28,1
13979,33,2
13979,13,1
13979,29,2
13979,30,1
13980,28,3
13980,30,1
13981,31,1
13981,29,1
13981,44,1
13982,30,1
13983,29,2
13984,43,1
13984,32,1
13984,30,1
13985,33,1
13985,31,2
13986,29,1
13986,33,1
13986,30,1
13986,32,1
13987,6,1
13987,28,1
13988,28,1
13988,29,1
13988,31,3
13989,33,1
13989,55,1
13989,31,1
13990,31,1
13990,28,1
13990,25,2
13991,28,1
13991,22,1
13992,29,2
13993,28,1
13993,30,1
13993,32,2
13993,31,1
13994,31,1
13994,21,1
13994,25,1
13995,18,1
13995,29,1
13995,28,1
13996,14,1
13996,32,2
13996,29,1
13997,33,1
13997,32,1
13997,60,1
13998,32,1
13998,34,1
13998,33,1
13998,30,1
13999,33,2
13999,30,1
13999,6,3
13999,28,1
14000,33,1
14000,29,2
14001,53,2
14001,29,1
14001,19,1
14002,34,1
14002,29,1
14002,18,1
14002,32,1
14003,34,1
14003,18,1
14003,7,1
14004,18,1
14004,58,1
14005,59,1
14005,19,1
14005,29,1
14006,19,1
14006,29,1
14006,34,1
14006,18,3
14007,19,1
14007,4,1
14007,18,3
14008,18,1
14008,29,1
14008,58,1
14009,34,1
14009,41,2
14009,26,1
14009,19,1
14010,27,2
14010,57,1
14010,19,1
14011,29,1
14012,54,1
14012,29,1
14012,18,2
14013,19,1
14013,34,1
14014,19,1
14014,29,1
14014,40,1
14015,57,1
14015,18,1
14015,6,1
14016,2,1
14016,34,1
14016,29,1
14016,8,1
14016,16,1
14017,19,2
14017,18,1
14017,29,1
14018,34,1
14018,29,3
14018,18,1
14018,32,1
14019,34,2
14019,18,1
14019,19,1
14019,54,1
14020,11,1
14020,7,1
14021,29,1
14021,2,1
14021,18,3
14021,19,1
14022,31,2
14022,29,1
14022,19,2
14022,18,1
14023,14,1
14023,19,1
14024,29,1
14024,42,1
14025,19,1
14025,18,2
14025,29,1
14026,48,3
14026,34,1
14026,19,1
14026,14,1
14027,34,1
14027,32,1
14027,19,1
14027,22,3
14028,29,1
14028,19,1
14029,34,1
14029,8,2
14030,23,1
14030,19,1
14031,18,1
14031,29,1
14031,16,1
14031,48,1
14032,19,1
14032,29,1
14032,2,1
14033,19,1
14033,29,1
14034,19,1
14034,18,1
14034,15,1
14035,29,1
14035,18,1
14035,40,2
14035,19,1
14036,29,2
14036,34,1
14036,18,1
14036,59,1
14037,29,2
14037,7,1
14038,18,1
14038,45,1
14039,18,1
14039,29,1
14040,29,1
14040,18,2
14041,2,3
14041,7,2
14042,2,1
14042,8,1
14042,4,1
14043,6,1
14043,34,2
14044,6,1
14044,42,1
14045,8,1
14046,35,1
14046,8,2
14047,7,1
14047,16,2
14048,5,1
14049,3,1
14050,6,1
14050,4,1
14051,40,1
14051,1,1
14051,8,1
14051,45,1
14052,9,2
14052,24,1
14053,4,1
14053,7,1
14053,6,1
14054,6,1
14054,56,3
14055,8,1
14056,49,1
14056,32,1
14057,4,1
14057,7,1
14058,1,1
14058,6,1
14059,3,1
14060,6,1
14060,50,2
14061,57,1
14061,9,1
14061,3,1
14061,18,1
14062,3,1
14062,7,1
14063,6,1
14063,3,2
14064,6,1
14064,3,1
14065,3,1
14065,6,1
14066,7,2
14066,1,1
14066,8,1
14067,54,1
14067,5,1
14068,3,1
14068,1,1
14068,39,2
14068,6,1
14069,4,1
14069,5,1
14069,7,1
14070,8,1
14071,23,1
14071,2,1
14071,21,1
14072,2,1
14072,6,1
14072,8,2
14072,1,1
14073,41,2
14073,1,1
14074,5,1
14074,8,1
14074,7,1
14074,4,2
14075,9,2
14075,8,2
14076,9,1
14076,1,2
14077,6,3
14077,3,2
14077,8,1
14077,7,1
14078,2,2
14078,5,1
14078,6,1
14079,7,1
14079,9,1
14080,4,1
14080,2,2
14081,33,1
14081,28,1
14082,46,3
14082,30,2
14083,44,1
14083,31,1
14083,2,1
14083,51,1
14084,32,1
14084,28,1
14085,29,1
14085,33,1
14085,28,1
14085,30,2
14086,21,2
14086,32,1
14086,31,1
14087,37,1
14087,28,2
14087,29,2
14087,32,1
14088,30,1
14088,32,1
14088,28,1
14089,31,1
14089,32,1
14090,28,1
14090,54,1
14090,37,2
14090,31,1
14090,32,2
14091,28,1
14091,30,2
14091,33,1
14092,33,1
14092,32,1
14092,30,3
14093,46,1
14093,28,1
14093,30,1
14093,57,1
14094,8,1
14094,33,1
14095,28,1
14095,30,3
14095,33,1
14096,31,1
14096,29,1
14097,28,2
14097,30,3
14097,31,2
14098,14,1
14098,33,1
14098,3,1
14099,33,2
14099,30,1
14100,29,1
14100,55,1
14100,33,1
14101,45,2
14101,29,1
14101,31,1
14101,30,1
14102,28,3
14102,30,2
14102,26,1
14103,33,1
14103,28,1
14103,22,1
14104,47,1
14104,18,1
14104,29,1
14104,39,1
14104,32,1
14105,33,3
14105,30,3
14105,17,1
14106,32,2
14106,29,1
14107,31,1
14107,30,1
14107,32,3
14107,33,1
14107,28,1
14108,30,1
14108,29,2
14109,29,1
14109,28,1
14110,33,1
14110,30,1
14111,33,2
14111,30,3
14111,57,1
14111,32,1
14112,32,1
14112,30,1
14112,28,1
14113,20,1
14114,41,1
14114,29,1
14114,32,1
14115,32,1
14115,33,1
14115,29,1
14116,33,1
14116,29,1
14117,32,1
14117,31,2
14118,30,2
14119,30,1
14120,28,3
14120,32,1
14120,33,1
14120,4,1
14121,24,1
14121,74,1
14122,74,1
14122,20,1
14122,21,1
14122,4,1
14123,34,2
14123,75,1
14123,74,1
14124,74,2
14124,75,1
14124,24,1
14124,21,1
14125,4,1
14125,21,2
14125,25,1
14126,43,2
14126,24,1
14127,2,1
14127,25,1
14128,22,2
14128,23,1
14129,20,1
14129,25,1
14130,21,2
14130,22,1
14130,24,1
14130,23,1
14131,25,3
14131,33,1
14132,25,2
14132,21,1
14132,20,1
14132,74,1
14133,23,1
14134,40,1
14134,75,1
14134,21,1
14134,24,3
14135,20,1
14135,22,2
14135,25,1
14136,74,1
14136,24,1
14137,44,1
14137,22,1
14137,75,1
14138,24,2
14138,25,1
14139,24,1
14139,22,3
14140,20,1
14140,22,2
14140,25,1
14141,74,1
14141,23,2
14142,74,1
14142,21,1
14143,23,1
14143,21,1
14144,25,1
14145,22,2
14145,25,1
14146,20,1
14147,15,1
14147,20,2
14147,29,1
14148,20,1
14148,74,3
14148,24,1
14149,21,1
14149,20,1
14149,75,2
14150,20,1
14151,20,1
14152,20,1
14152,24,1
14152,25,1
14153,23,3
14154,74,1
14154,22,1
14154,55,1
14155,22,1
14155,20,1
14156,24,1
14156,26,1
14157,25,1
14157,20,3
14157,27,1
14158,23,3
14158,5,1
14159,15,2
14159,20,1
14160,4,1
14160,20,1
14161,18,1
14161,7,1
14162,16,1
14162,50,1
14162,29,3
14163,29,1
14163,49,2
14163,18,1
14163,40,2
14164,29,1
14164,19,2
14164,34,1
14165,29,1
14165,19,1
14166,34,1
14166,19,1
14166,18,1
14167,18,1
14167,19,1
14167,7,2
14167,29,1
14168,34,1
14168,44,1
14168,29,1
14169,34,1
14169,29,1
14169,58,1
14170,29,1
14170,23,1
14170,34,1
14171,18,1
14171,29,1
14171,19,1
14172,29,1
14172,23,1
14173,34,2
14173,19,1
14174,19,1
14174,34,2
14174,18,1
14174,21,1
14175,29,1
14175,26,1
14175,25,1
14176,25,1
14177,45,2
14177,55,3
14177,18,1
14177,58,1
14178,18,1
14178,14,2
14179,18,1
14179,19,2
14179,20,1
14180,19,1
14180,29,1
14180,41,1
14181,19,1
14181,36,1
14182,17,2
14182,34,2
14182,19,1
14183,34,1
14183,32,3
14183,29,1
14183,36,3
14184,46,1
14184,29,2
14184,5,1
14185,19,2
14185,18,2
14186,29,2
14186,18,1
14187,38,1
14187,18,2
14187,19,1
14188,18,2
14188,29,1
14189,18,1
14189,7,1
14190,9,1
14191,19,2
14191,29,1
14191,34,1
14192,34,2
14192,31,1
14193,34,1
14193,18,1
14194,19,1
14194,34,1
14194,18,1
14195,34,1
14195,18,1
14195,21,1
14196,18,1
14196,29,1
14197,18,1
14197,53,1
14198,29,1
14198,19,1
14198,18,1
14198,54,3
14199,27,1
14199,29,1
14200,18,1
14200,29,1
14200,34,1
14201,70,1
14201,69,1
14201,36,1
14202,69,1
14202,57,2
14202,28,2
14202,70,2
14202,68,1
14203,67,1
14203,36,1
14204,68,1
14204,36,1
14204,35,2
14205,19,1
14205,68,2
14206,35,1
14206,68,2
14206,23,3
14206,67,2
14207,69,2
14207,55,1
14208,67,1
14208,69,1
14209,1,3
14209,70,1
14210,67,1
14211,69,1
14211,67,1
14212,69,1
14212,35,1
14212,68,1
14212,70,1
14213,70,1
14213,36,1
14214,33,1
14214,36,1
14214,35,1
14214,67,2
14215,69,2
14215,35,1
14215,28,1
14215,68,3
14216,27,1
14216,35,1
14216,6,1
14216,67,3
14216,68,1
14217,36,1
14217,67,1
14217,35,1
14217,70,1
14218,70,1
14218,68,1
14219,67,1
14219,69,1
14219,68,1
14220,67,1
14220,24,1
14221,39,1
14221,69,1
14221,70,1
14222,67,1
14223,18,1
14223,69,1
14224,68,2
14224,69,1
14224,36,2
14225,67,1
14225,52,2
14226,68,1
14226,35,1
14226,67,1
14227,26,1
14227,49,1
14227,68,1
14227,70,3
14228,69,1
14228,68,1
14229,68,1
14229,35,2
14230,67,1
14230,35,1
14230,36,1
14231,30,1
14231,67,1
14232,70,1
14232,67,1
14233,36,1
14233,67,1
14233,3,1
14234,68,1
14234,36,1
14234,67,1
14235,67,1
14235,69,2
14235,35,1
14236,67,3
14236,36,1
14237,70,1
14237,69,2
14238,67,1
14238,42,1
14238,70,1
14239,36,1
14239,68,2
14239,43,2
14239,35,3
14240,36,1
14240,68,1
14241,16,1
14241,13,2
14242,16,1
14242,10,1
14243,20,1
14243,15,1
14243,13,1
14243,11,2
14244,11,1
14244,15,1
14244,12,1
14245,13,1
14245,15,2
14245,16,1
14246,10,2
14246,38,1
14246,14,1
14246,13,1
14247,14,2
14247,13,1
14248,14,1
14248,15,1
14249,11,1
14249,57,1
14249,10,1
14250,13,1
14250,11,1
14250,10,1
14251,16,2
14252,11,3
14252,14,1
14252,16,1
14253,16,1
14253,15,2
14254,1,1
14254,15,1
14255,16,1
14255,10,1
14255,11,2
14256,15,1
14256,16,1
14257,15,1
14257,17,2
14258,11,1
14258,13,1
14259,13,1
14259,14,1
14259,15,1
14260,13,1
14261,12,2
14261,11,1
14262,15,1
14262,14,1
14263,10,1
14263,15,2
14263,13,1
14264,12,1
14264,15,1
14265,13,2
14265,42,1
14265,10,1
14266,11,1
14266,15,1
14266,10,2
14267,14,1
14267,50,1
14267,16,1
14268,11,1
14268,9,1
14268,15,1
14269,12,1
14269,13,1
14270,10,2
14270,13,1
14270,15,2
14271,10,1
14271,13,1
14271,14,2
14272,55,1
14272,10,1
14272,16,2
14273,15,1
14273,13,3
14274,10,1
14274,13,1
14275,12,1
14275,14,1
14276,15,1
14276,14,1
14277,29,1
14277,11,2
14278,51,1
14278,15,1
14278,13,1
14279,16,1
14279,11,1
14279,27,1
14279,14,1
14280,15,1
14280,10,1
14281,4,1
14281,3,1
14282,8,1
14282,5,2
14282,7,1
14282,9,1
14283,1,1
14284,9,2
14284,7,1
14285,6,1
14285,8,1
14285,3,1
14285,4,2
14286,12,1
14286,2,2
14287,46,1
14287,26,1
14287,8,1
14288,2,1
14288,8,1
14289,3,2
14289,9,1
14289,4,3
14290,36,1
14290,3,2
14291,5,3
14291,1,1
14291,9,1
14292,4,1
14292,5,1
14292,6,1
14293,8,2
14294,33,1
14294,4,1
14294,36,2
14295,3,2
14295,9,1
14296,6,1
14296,9,1
14297,8,1
14297,6,1
14297,9,1
14298,1,1
14298,5,3
14298,8,1
14299,9,1
14299,3,1
14299,6,2
14300,9,1
14300,14,1
14300,20,1
14301,2,2
14301,9,1
14301,21,1
14301,8,1
14302,7,1
14302,4,2
14302,1,1
14303,5,2
14303,7,2
14303,4,1
14304,4,1
14304,8,1
14305,4,2
14305,6,1
14306,5,1
14306,9,1
14307,3,2
14308,8,1
14308,6,1
14308,9,1
14308,4,1
14309,6,3
14309,45,2
14309,48,1
14309,8,1
14310,1,1
14310,22,1
14310,6,1
14310,38,1
14311,6,1
14311,27,1
14312,1,1
14312,5,1
14313,2,1
14313,5,2
14313,6,1
14314,43,1
14314,3,2
14315,8,1
14315,6,1
14315,7,3
14316,47,2
14316,37,1
14316,2,1
14317,6,1
14317,3,1
14318,42,1
14318,2,1
14318,7,1
14318,45,2
14319,5,1
14319,44,2
14320,9,1
14321,17,1
14321,59,1
14321,60,1
14322,58,1
14322,59,1
14322,60,1
14323,58,1
14323,59,1
14323,56,1
14324,60,1
14324,56,2
14324,59,1
14325,10,1
14325,58,1
14325,9,1
14326,56,1
14326,58,3
14326,1,3
14326,60,1
14327,58,3
14327,59,1
14327,50,1
14327,6,2
14327,56,1
14328,8,1
14328,57,1
14328,24,1
14329,58,1
14329,7,1
14329,56,1
14330,56,2
14330,58,1
14330,57,1
14330,59,2
14331,56,1
14331,58,2
14331,18,1
14332,58,1
14332,57,1
14332,48,2
14332,59,2
14333,60,1
14334,58,1
14334,13,1
14334,56,1
14334,57,1
14335,59,1
14335,56,1
14336,56,3
14336,60,1
14336,38,1
14336,20,1
14337,60,1
14337,58,1
14338,57,1
14338,25,1
14339,60,1
14339,56,1
14339,59,1
14339,58,1
14340,58,1
14340,56,1
14340,60,3
14340,57,1
14341,60,2
14341,56,2
14341,58,1
14342,56,1
14342,57,1
14342,59,1
14343,56,1
14343,58,1
14343,57,3
14344,16,1
14344,19,1
14345,23,1
14345,56,2
14345,57,1
14346,57,1
14346,58,1
14347,60,1
14348,60,1
14348,56,1
14349,57,1
14349,56,2
14349,29,1
14349,60,1
14350,56,1
14350,51,1
14350,11,1
14351,60,1
14351,55,1
14352,58,1
14352,57,1
14352,56,1
14353,59,1
14353,58,1
14353,57,2
14353,56,1
14354,59,1
14354,57,2
14354,60,1
14355,60,1
14355,58,1
14355,56,1
14355,59,1
14355,57,1
14356,29,2
14356,60,1
14357,57,1
14357,56,2
14357,58,2
14358,24,2
14359,58,1
14359,9,2
14359,57,3
14360,57,1
14360,59,1
14361,31,2
14361,32,1
14362,18,1
14362,3,1
14363,29,1
14363,34,1
14363,32,1
14363,19,1
14363,18,1
14364,34,1
14364,19,1
14365,29,1
14365,19,1
14366,18,1
14366,19,1
14366,57,1
14366,29,1
14366,34,1
14367,29,1
14367,34,1
14367,8,1
14368,6,3
14368,19,1
14368,29,1
14369,10,1
14369,29,1
14369,6,3
14370,19,1
14370,29,1
14370,8,1
14370,50,1
14371,19,1
14371,18,1
14371,34,1
14371,39,1
14371,29,1
14372,34,1
14372,29,1
14372,18,2
14372,44,3
14373,38,1
14373,18,1
14373,39,2
14373,33,1
14373,29,1
14374,18,1
14374,29,1
14374,34,2
14374,19,1
14375,54,1
14375,29,1
14375,30,1
14375,18,3
14376,19,2
14376,18,1
14376,34,1
14376,29,1
14377,29,1
14378,19,1
14378,34,1
14379,34,1
14379,29,1
14380,18,1
14380,48,1
14380,29,1
14380,34,1
14380,17,1
14381,29,1
14381,24,1
14381,18,1
14382,27,1
14382,32,2
14382,19,1
14382,18,1
14383,19,2
14383,18,1
14383,29,1
14384,18,2
14384,29,1
14384,19,1
14384,34,1
14385,34,1
14385,29,1
14385,19,1
14386,18,1
14386,45,1
14386,29,1
14387,18,2
14387,29,3
14387,34,1
14387,19,1
14388,18,1
14388,29,1
14389,18,1
14389,34,1
14389,29,1
14390,60,1
14390,14,1
14390,50,2
14391,29,1
14391,18,1
14392,18,2
14392,19,3
14393,19,2
14394,34,1
14394,29,1
14395,29,1
14395,19,1
14395,34,1
14396,46,2
14397,18,1
14398,48,2
14398,18,1
14399,34,1
14399,19,1
14400,34,1
14400,29,1
14400,19,1
14401,23,1
14401,24,1
14401,34,1
14401,22,1
14402,22,2
14402,42,3
14403,4,1
14403,9,2
14404,24,1
14404,48,2
14404,23,1
14405,22,1
14405,25,1
14405,24,1
14405,23,1
14406,25,1
14406,50,1
14406,24,1
14406,49,1
14407,24,1
14407,25,1
14407,22,1
14408,23,1
14408,42,1
14408,29,1
14409,25,1
14409,23,1
14410,22,1
14410,47,1
14411,25,2
14411,23,2
14412,10,1
14412,25,1
14413,24,1
14413,23,2
14414,25,1
14415,34,1
14415,22,2
14415,25,1
14416,22,1
14416,24,1
14417,22,1
14417,25,2
14418,25,1
14418,23,1
14419,23,1
14420,25,1
14421,22,3
14421,25,2
14421,24,1
14422,22,2
14422,24,1
14422,23,1
14423,33,1
14423,10,1
14423,22,1
14424,23,1
14424,22,2
14424,25,1
14425,23,1
14425,22,1
14425,24,1
14426,34,1
14426,24,1
14426,46,1
14427,36,1
14427,24,1
14428,2,1
14429,25,1
14429,22,1
14430,47,3
14430,25,1
14431,23,1
14431,25,1
14432,23,1
14432,22,1
14432,4,2
14433,23,1
14433,22,3
14433,24,2
14434,22,1
14434,23,1
14435,22,1
14435,24,1
14436,22,1
14436,24,1
14437,22,1
14437,25,1
14438,25,1
14438,22,1
14439,24,1
14439,22,1
14440,25,1
14440,22,1
14440,41,1
14441,9,1
14441,5,1
14442,3,2
14442,1,1
14442,6,1
14442,10,1
14443,6,1
14443,32,2
14443,21,1
14443,4,3
14443,52,1
14444,1,2
14444,7,3
14444,3,1
14445,9,1
14445,8,1
14445,5,1
14446,5,1
14446,1,1
14447,3,3
14448,1,1
14448,6,1
14449,6,1
14449,9,1
14450,7,1
14450,12,1
14451,5,1
14451,8,1
14451,56,2
14451,2,2
14452,5,1
14452,46,1
14452,33,1
14453,1,1
14453,3,1
14453,6,1
14454,57,1
14454,9,1
14455,36,1
14455,3,1
14455,7,1
14456,3,1
14456,7,1
14456,6,1
14457,57,1
14457,50,2
14457,1,2
14458,37,1
14458,6,1
14459,7,1
14459,3,1
14459,5,1
14460,6,1
14460,7,1
14461,6,1
14461,9,1
14461,51,1
14461,15,1
14462,9,3
14462,1,1
14462,3,2
14462,4,2
14463,5,1
14463,2,1
14463,7,1
14464,3,1
14464,9,1
14465,4,1
14465,7,1
14465,1,1
14465,2,1
14466,6,3
14466,5,1
14467,57,1
14467,6,1
14467,31,1
14467,8,1
14468,36,3
14468,1,2
14468,2,1
14469,8,1
14469,4,2
14469,9,1
14469,6,1
14470,8,1
14470,1,1
14471,9,2
14471,6,1
14472,1,1
14472,4,1
14473,14,1
14473,12,1
14473,32,2
14474,5,1
14474,4,1
14475,9,1
14475,6,1
14476,8,1
14476,4,3
14477,4,2
14477,6,1
14478,6,1
14478,2,1
14478,4,1
14479,9,1
14479,5,1
14480,25,1
14480,8,1
14481,30,3
14482,31,1
14482,28,2
14483,33,1
14483,28,1
14484,2,1
14484,53,1
14484,31,1
14484,34,1
14485,31,1
14485,28,1
14485,30,1
14485,33,1
14486,28,3
14486,31,2
14486,60,1
14486,33,1
14486,32,1
14487,6,1
14487,3,1
14488,28,1
14488,31,1
14488,33,1
14489,42,1
14489,29,1
14490,32,1
14490,33,1
14491,29,2
14491,53,1
14491,31,1
14491,42,1
14492,32,1
14492,31,1
14492,28,1
14493,29,2
14493,31,1
14493,30,1
14493,33,1
14494,38,1
14494,30,1
14495,29,1
14495,28,1
14495,52,1
14496,35,1
14496,32,1
14496,33,1
14496,29,1
14497,32,1
14497,16,1
14498,41,1
14498,31,1
14498,42,1
14498,28,1
14499,31,1
14499,32,3
14500,28,2
14500,53,1
14500,33,1
14500,29,1
14500,36,1
14501,33,2
14501,31,1
14502,30,1
14502,46,1
14503,33,1
14503,41,1
14503,30,1
14504,42,1
14504,29,2
14504,28,1
14505,18,1
14505,30,1
14505,15,2
14506,31,1
14506,33,1
14507,32,1
14507,29,1
14507,11,1
14508,28,1
14508,30,1
14509,29,1
14509,33,1
14510,12,1
14510,32,1
14511,32,1
14511,28,1
14511,30,1
14512,28,1
14512,47,1
14512,30,1
14513,28,1
14513,29,2
14513,33,1
14514,33,1
14514,28,1
14515,36,1
14515,9,1
14516,28,1
14517,28,2
14517,31,1
14517,29,1
14517,30,1
14518,33,1
14518,27,1
14518,31,1
14519,28,1
14519,33,1
14519,29,1
14520,31,1
14520,30,2
14521,42,1
14521,15,1
14521,39,2
14522,38,3
14522,41,2
14522,37,3
14523,39,1
14523,42,1
14523,37,1
14523,2,1
14523,40,1
14524,9,2
14524,40,1
14524,22,1
14524,38,1
14525,37,1
14525,15,2
14525,5,1
14526,39,1
14526,37,1
14527,37,1
14527,42,1
14527,2,1
14528,40,1
14528,41,2
14528,10,1
14528,42,1
14529,32,1
14529,42,1
14529,40,2
14529,37,1
14530,40,1
14530,41,1
14531,37,1
14531,40,2
14532,33,1
14532,37,3
14532,35,1
14533,41,1
14533,42,1
14533,37,2
14534,38,1
14534,41,1
14534,39,1
14535,38,2
14535,40,1
14535,39,3
14536,42,1
14536,60,2
14536,37,1
14536,18,1
14537,40,1
14537,39,1
14537,42,1
14537,9,1
14538,27,1
14538,42,1
14538,32,1
14539,32,1
14539,42,1
14539,2,1
14540,39,2
14540,42,1
14540,41,1
14540,38,1
14540,37,1
14541,42,2
14541,39,3
14541,37,2
14542,39,1
14542,37,1
14542,38,1
14542,40,1
14542,41,1
14543,60,1
14543,38,1
14543,49,1
14543,40,1
14544,7,2
14544,58,1
14545,41,2
14545,21,1
14546,41,1
14546,13,1
14546,38,1
14547,39,1
14547,37,1
14547,42,1
14547,41,1
14547,38,1
14548,39,1
14548,42,1
14548,38,1
14548,28,1
14549,39,3
14549,41,2
14549,37,2
14549,40,1
14549,42,1
14550,41,1
14550,40,2
14551,40,1
14551,37,1
14551,38,1
14552,38,1
14552,42,1
14552,37,1
14552,39,1
14553,52,2
14553,38,1
14553,40,1
14553,1,1
14554,42,1
14554,38,1
14554,37,1
14554,41,1
14555,49,1
14555,41,1
14555,5,1
14556,40,1
14556,39,1
14556,41,1
14556,37,1
14557,1,1
14557,37,1
14558,42,1
14558,37,1
14558,40,2
14559,38,1
14559,41,1
14559,39,1
14559,37,1
14560,42,3
14560,40,2
14560,38,3
14560,39,1
14561,25,1
14561,22,2
14562,23,1
14562,25,1
14563,25,1
14563,23,2
14563,39,1
14563,75,1
14564,74,1
14564,24,2
14564,23,1
14565,22,1
14565,18,2
14565,29,2
14566,43,1
14566,75,1
14566,20,1
14567,25,1
14567,23,1
14568,24,3
14568,75,1
14568,25,1
14568,34,3
14569,75,1
14569,21,3
14569,51,1
14569,22,1
14570,24,1
14570,40,1
14570,22,1
14571,22,2
14571,54,1
14572,23,3
14572,20,1
14572,22,1
14573,4,1
14573,22,1
14573,3,1
14573,74,1
14574,21,1
14574,22,1
14574,74,1
14575,74,1
14575,75,1
14576,75,1
14576,20,1
14576,23,1
14577,25,1
14577,24,2
14578,21,1
14578,75,1
14579,20,1
14579,25,1
14579,75,3
14580,21,2
14580,75,2
14581,23,1
14581,75,2
14581,24,1
14582,22,1
14582,21,1
14582,74,1
14582,24,1
14583,74,1
14583,49,1
14583,34,3
14584,20,1
14584,23,1
14585,21,1
14585,25,1
14585,48,1
14586,22,1
14586,74,1
14586,20,1
14586,51,1
14587,31,1
14587,74,2
14587,20,1
14588,22,1
14588,74,1
14588,25,1
14588,23,1
14589,14,1
14589,23,1
14589,60,2
14589,20,1
14590,74,2
14590,21,2
14591,74,1
14591,20,1
14592,16,1
14592,24,2
14592,23,3
14593,20,1
14593,11,1
14594,22,1
14594,75,1
14594,25,1
14595,25,1
14596,18,2
14596,74,1
14597,22,1
14597,74,1
14597,25,1
14598,25,1
14598,23,1
14598,1,1
14599,20,3
14599,23,1
14599,24,3
14600,25,1
14600,21,2
14600,27,1
14601,29,2
14601,28,1
14602,8,1
14602,28,1
14603,23,1
14603,31,3
14604,28,1
14604,32,1
14604,29,1
14605,33,3
14605,31,2
14605,28,1
14606,31,1
14606,32,1
14606,28,1
14607,29,1
14608,30,1
14608,29,2
14609,30,2
14609,29,1
14610,32,2
14610,33,1
14610,46,1
14610,31,1
14610,30,1
14611,32,1
14611,30,2
14611,33,2
14612,29,3
14612,20,1
14613,28,1
14613,32,1
14613,5,3
14614,31,1
14614,30,3
14614,28,1
14615,29,1
14615,32,1
14615,31,2
14616,29,1
14616,30,1
14616,60,1
14616,6,1
14617,26,1
14617,28,1
14618,32,2
14618,31,1
14619,30,1
14619,28,3
14619,32,1
14619,33,2
14620,29,1
14620,45,1
14620,33,2
14620,32,1
14621,31,2
14621,33,1
14622,28,1
14622,51,1
14622,31,1
14623,58,1
14623,33,1
14623,30,1
14624,30,1
14624,33,1
14624,29,1
14625,32,2
14625,38,1
14625,30,2
14626,30,1
14626,32,1
14627,27,1
14627,57,1
14627,49,1
14628,29,1
14628,30,3
14629,33,1
14629,19,1
14630,29,1
14630,33,1
14630,30,1
14631,23,1
14631,33,1
14631,30,1
14631,12,1
14632,33,1
14632,28,1
14632,22,1
14633,33,1
14633,30,1
14633,29,1
14634,32,1
14634,30,1
14634,29,2
14634,31,1
14635,35,1
14635,18,2
14635,33,1
14635,32,1
14636,29,1
14636,30,1
14637,32,1
14637,33,1
14637,28,1
14637,29,3
14638,28,1
14638,33,1
14638,53,1
14638,32,1
14639,32,2
14639,31,3
14639,30,1
14640,33,1
14640,28,1
14641,13,1
14641,12,2
14642,5,1
14642,13,1
14643,11,1
14643,16,1
14643,13,2
14644,10,1
14645,12,1
14645,39,2
14646,10,2
14646,24,3
14646,13,1
14647,13,3
14647,11,1
14648,14,1
14648,13,1
14649,12,1
14649,13,1
14649,23,1
14649,11,2
14650,5,1
14650,11,1
14651,12,1
14651,15,1
14652,15,1
14653,11,1
14653,13,1
14654,10,2
14654,11,1
14654,12,3
14655,16,2
14655,12,1
14656,11,1
14656,24,1
14656,12,1
14657,18,1
14657,13,2
14658,16,1
14658,15,1
14658,10,1
14659,47,1
14659,12,2
14659,10,2
14660,14,2
14660,38,1
14660,13,1
14661,14,1
14662,13,1
14662,12,1
14663,11,2
14663,12,1
14664,11,1
14664,46,1
14665,15,1
14665,24,2
14666,13,1
14666,14,1
14666,60,1
14667,12,1
14667,14,1
14668,14,1
14669,11,1
14669,14,1
14669,12,1
14670,10,1
14670,14,1
14671,13,1
14671,15,1
14672,14,1
14672,24,1
14673,14,1
14673,10,1
14673,1,1
14673,13,1
14674,16,1
14674,10,1
14674,14,1
14675,4,1
14675,11,3
14675,14,1
14676,16,1
14676,12,1
14677,3,1
14677,16,1
14677,13,1
14677,12,2
14678,13,3
14678,11,2
14678,12,1
14679,45,1
14679,12,1
14679,16,1
14680,5,1
14680,12,1
14680,15,1
14681,16,2
14681,12,1
14681,14,1
14682,4,1
14682,31,1
14682,15,1
14683,16,1
14683,10,1
14683,51,1
14683,11,2
14684,13,1
14684,10,2
14685,14,1
14685,10,1
14685,16,1
14686,13,1
14686,12,1
14687,34,1
14687,16,1
14687,14,1
14688,44,2
14688,11,1
14688,13,1
14689,11,1
14689,10,1
14689,16,1
14690,11,1
14690,12,1
14690,13,1
14690,15,2
14691,10,1
14691,16,2
14691,43,1
14691,15,1
14692,23,1
14692,13,1
14693,25,1
14693,12,1
14693,10,1
14693,21,1
14694,14,1
14694,12,1
14694,10,1
14694,59,1
14694,13,2
14695,14,1
14695,16,1
14696,41,1
14696,14,1
14697,10,1
14697,11,1
14697,15,1
14698,57,1
14698,14,1
14698,10,1
14698,33,2
14699,54,1
14699,16,1
14700,13,1
14700,14,1
14700,16,2
14701,14,1
14701,16,2
14701,10,2
14702,2,2
14702,14,1
14703,10,1
14703,14,1
14703,16,2
14703,15,3
14704,10,1
14704,13,1
14704,9,1
14705,14,1
14705,13,1
14705,16,1
14706,15,1
14706,16,1
14707,15,1
14707,11,2
14707,16,1
14708,12,2
14708,10,2
14709,11,1
14709,16,1
14710,10,1
14711,15,1
14711,16,1
14712,14,2
14712,15,1
14712,10,1
14713,13,1
14713,14,1
14714,12,1
14714,1,2
14714,15,1
14715,13,1
14715,10,2
14715,15,3
14715,16,1
14716,27,1
14716,16,1
14716,12,1
14717,12,1
14717,16,2
14717,13,1
14717,10,1
14718,13,1
14718,11,1
14718,30,1
14719,11,1
14719,10,1
14720,12,1
14720,16,1
14720,11,1
14721,23,2
14722,74,2
14722,25,2
14722,75,1
14723,22,2
14723,14,2
14723,75,1
14724,22,1
14724,20,2
14724,50,1
14725,20,1
14725,25,1
14726,75,1
14726,22,1
14727,18,2
14727,24,1
14728,36,2
14728,21,1
14729,25,1
14729,74,2
14729,44,1
14730,10,1
14730,20,1
14731,75,1
14731,25,1
14731,23,1
14731,74,1
14732,48,1
14732,11,1
14733,24,1
14733,22,1
14734,18,3
14734,23,1
14734,20,1
14735,21,1
14736,20,1
14736,75,1
14737,20,1
14737,75,1
14738,74,1
14738,23,1
14738,2,2
14739,75,1
14739,25,1
14740,75,1
14740,24,1
14741,24,2
14741,21,1
14741,23,1
14742,25,1
14742,75,1
14742,24,1
14742,22,2
14743,15,1
14743,20,1
14744,21,1
14744,74,1
14744,24,3
14745,21,1
14745,22,1
14746,75,2
14746,9,1
14746,25,1
14747,75,1
14747,74,1
14747,21,1
14748,25,1
14748,60,1
14748,22,1
14749,23,1
14749,20,1
14750,74,2
14750,22,1
14751,32,1
14751,43,1
14751,21,2
14752,11,1
14752,24,1
14753,23,1
14753,75,1
14754,7,1
14754,75,1
14755,23,2
14755,60,1
14755,24,1
14756,13,1
14756,8,1
14757,21,1
14757,25,3
14758,24,1
14758,25,2
14758,74,2
14759,74,1
14759,20,1
14759,21,1
14759,22,1
14760,20,1
14760,25,2
14761,63,2
14761,65,2
14762,62,1
14762,66,1
14763,63,2
14763,65,1
14763,64,1
14763,62,1
14764,57,1
14764,65,2
14765,64,2
14766,66,1
14766,65,1
14766,34,3
14767,62,1
14768,62,1
14768,33,1
14769,63,1
14770,63,1
14770,66,1
14770,3,1
14771,64,1
14771,65,2
14771,62,1
14771,61,1
14772,63,2
14772,62,3
14772,64,1
14773,65,1
14773,61,1
14773,66,3
14773,42,2
14774,61,2
14774,17,1
14774,66,1
14775,46,1
14775,62,1
14775,63,1
14776,66,1
14776,8,1
14776,64,1
14777,62,1
14777,11,1
14777,28,2
14778,65,1
14778,48,1
14778,61,1
14778,63,3
14779,61,1
14779,66,3
14779,63,1
14780,66,1
14780,64,1
14781,65,1
14781,62,1
14781,61,1
14782,63,2
14782,11,1
14782,61,1
14783,8,1
14783,63,1
14784,63,1
14785,64,2
14785,63,2
14785,2,1
14786,66,2
14786,30,2
14787,66,2
14788,64,1
14788,66,1
14789,64,1
14789,61,1
14790,2,1
14790,66,1
14791,61,1
14791,65,2
14792,61,1
14792,63,2
14792,66,1
14793,64,1
14793,2,1
14793,66,1
14794,62,1
14794,63,1
14794,64,1
14795,17,1
14795,61,1
14796,64,1
14796,38,1
14796,62,1
14796,14,1
14797,65,1
14797,62,1
14797,63,1
14798,66,2
14798,65,1
14798,62,1
14798,60,2
14799,60,2
14799,61,1
14800,61,1
14801,45,1
14801,5,1
14801,3,1
14802,56,2
14802,50,1
14802,4,1
14803,1,1
14803,3,3
14804,8,2
14804,7,1
14804,4,1
14804,1,2
14805,8,2
14805,31,1
14805,5,2
14806,6,1
14806,1,1
14806,4,1
14807,19,1
14807,13,1
14808,5,1
14809,8,1
14809,5,2
14810,8,1
14810,56,2
14810,14,2
14811,6,1
14811,2,1
14812,6,1
14812,1,1
14812,7,1
14813,38,1
14813,3,1
14813,1,2
14814,33,1
14814,3,2
14815,39,1
14815,2,1
14815,3,1
14816,8,1
14816,6,1
14816,9,2
14817,3,1
14817,1,1
14817,59,1
14817,4,1
14818,57,1
14818,2,1
14819,8,1
14819,2,1
14819,57,1
14820,57,1
14820,6,1
14821,3,1
14821,18,1
14821,5,1
14822,5,1
14822,7,1
14822,4,2
14823,6,1
14823,2,2
14823,46,1
14824,4,1
14824,7,1
14824,8,1
14824,2,1
14825,9,1
14825,2,2
14826,7,2
14826,4,1
14826,23,1
14826,42,2
14827,6,2
14827,40,1
14827,8,3
14827,52,1
14828,5,1
14828,53,1
14829,1,1
14829,9,2
14829,10,1
14830,48,1
14830,9,1
14830,5,1
14831,2,1
14831,27,1
14832,5,1
14832,3,1
14833,2,1
14833,5,2
14834,6,1
14835,4,1
14835,6,1
14835,8,1
14836,8,2
14836,2,1
14837,3,2
14837,54,1
14837,9,1
14838,1,1
14838,2,1
14838,9,1
14838,4,2
14839,1,1
14839,2,1
14839,3,1
14840,9,1
14840,13,1
14841,79,2
14841,76,1
14841,27,1
14841,8,1
14842,72,1
14842,76,1
14842,74,1
14843,9,1
14843,78,1
14843,74,1
14844,77,1
14844,49,1
14844,79,1
14845,32,2
14845,76,1
14845,35,2
14846,30,1
14846,72,2
14846,79,1
14846,74,1
14846,75,2
14847,76,1
14847,32,1
14847,75,1
14847,80,3
14848,72,1
14848,79,1
14848,76,1
14849,11,2
14849,3,1
14850,78,1
14850,71,1
14850,73,1
14850,72,1
14851,35,1
14851,75,1
14851,10,3
14851,78,1
14852,76,1
14852,80,1
14852,78,1
14852,33,1
14853,75,1
14853,72,1
14853,77,1
14853,74,1
14854,79,1
14854,80,1
14854,77,1
14855,78,1
14855,74,1
14855,75,1
14856,79,2
14856,31,3
14856,57,1
14857,25,1
14857,9,1
14858,80,1
14858,57,1
14858,28,1
14859,79,1
14859,77,1
14860,73,2
14860,6,1
14861,78,1
14861,37,1
14862,71,1
14862,79,2
14863,72,1
14863,73,1
14863,78,1
14864,71,1
14864,74,1
14864,49,1
14864,79,1
14865,17,1
14865,74,1
14865,26,1
14866,79,2
14866,80,1
14866,7,1
14866,17,1
14866,73,3
14867,75,2
14867,71,1
14868,79,1
14868,34,1
14868,77,3
14868,75,1
14869,14,1
14869,72,2
14869,71,1
14869,79,1
14870,77,1
14870,79,1
14871,72,1
14871,77,3
14872,77,1
14872,74,1
14873,75,2
14873,79,1
14873,31,1
14874,74,2
14874,75,1
14874,72,1
14875,80,1
14875,22,2
14876,74,1
14876,77,2
14876,72,2
14877,42,1
14877,76,1
14878,80,1
14878,77,1
14878,76,1
14879,75,1
14879,55,1
14879,74,1
14880,78,1
14880,19,2
14881,19,2
14881,36,2
14881,18,1
14881,4,1
14882,17,1
14882,34,1
14882,56,2
14883,18,1
14883,41,2
14883,34,1
14884,19,3
14884,29,1
14884,59,1
14885,19,1
14886,18,1
14886,60,1
14887,29,1
14887,5,1
14888,46,1
14888,29,1
14888,18,1
14889,18,1
14889,19,3
14889,29,1
14890,27,3
14890,29,1
14890,18,1
14891,34,1
14891,19,1
14891,56,1
14892,34,1
14892,29,1
14892,22,1
14893,29,1
14893,34,3
14893,18,1
14893,19,2
14894,34,1
14894,29,1
14894,18,1
14894,19,1
14895,29,1
14895,34,1
14896,29,1
14896,18,1
14896,51,1
14897,18,1
14897,34,1
14897,43,1
14898,34,2
14898,18,1
14898,4,2
14898,19,1
14899,19,2
14899,18,3
14899,34,1
14900,29,1
14900,19,1
14900,34,2
14900,17,1
14901,29,1
14901,6,1
14901,16,1
14902,18,1
14903,29,2
14903,18,2
14904,29,3
14904,5,1
14904,18,1
14904,19,1
14905,57,1
14905,19,1
14905,29,1
14905,27,1
14906,51,1
14906,19,1
14906,29,1
14907,29,1
14907,2,1
14907,19,2
14908,18,1
14908,29,1
14909,34,1
14909,28,1
14909,19,1
14909,29,1
14910,29,2
14910,11,1
14911,34,2
14911,18,2
14911,29,1
14912,34,1
14912,18,1
14913,19,2
14913,34,1
14914,19,2
14914,18,2
14914,29,1
14915,34,2
14915,18,1
14915,29,1
14915,19,1
14916,34,2
14916,19,1
14917,19,1
14917,34,1
14917,18,1
14917,29,1
14918,29,1
14918,18,1
14918,19,2
14919,19,2
14919,18,1
14920,46,1
14921,23,1
14921,22,1
14921,25,1
14922,25,1
14922,22,1
14922,24,1
14923,24,1
14923,23,1
14924,22,1
14924,13,3
14925,20,1
14925,22,2
14926,22,1
14926,24,1
14926,23,1
14926,58,2
14926,46,1
14927,25,1
14927,47,1
14927,22,1
14928,23,1
14928,25,1
14929,22,3
14929,23,1
14929,24,2
14930,24,3
14930,25,3
14930,22,1
14931,22,1
14931,16,1
14932,25,2
14932,22,1
14933,25,1
14933,23,1
14934,23,1
14934,24,1
14935,16,1
14935,25,1
14936,53,2
14936,23,1
14936,22,1
14937,23,1
14937,24,1
14937,25,1
14937,22,1
14938,25,1
14938,22,1
14938,24,2
14938,23,2
14939,25,2
14939,22,1
14939,43,1
14940,24,2
14940,50,1
14941,25,1
14941,24,1
14941,23,1
14941,22,1
14942,22,1
14942,23,1
14943,23,1
14943,40,1
14943,24,2
14944,55,3
14944,25,2
14944,23,1
14944,24,2
14945,46,2
14945,24,1
14945,18,1
14946,22,1
14946,24,1
14947,24,1
14947,22,3
14948,23,3
14948,25,1
14948,24,1
14949,60,1
14949,25,1
14950,28,1
14950,22,1
14950,51,2
14951,25,1
14951,24,1
14951,22,1
14952,23,2
14952,25,2
14952,24,1
14953,23,1
14953,22,1
14954,22,1
14954,23,1
14955,25,1
14955,19,1
14956,23,1
14956,41,1
14956,22,1
14956,9,1
14957,24,2
14957,53,1
14957,23,3
14957,1,1
14958,23,1
14958,58,1
14958,17,1
14959,23,1
14959,24,2
14959,44,1
14959,22,1
14960,24,1
14960,25,1
14960,22,2
14960,23,1
14961,35,1
14961,68,1
14961,36,1
14961,69,1
14962,36,1
14962,67,1
14963,69,2
14963,70,2
14964,70,1
14964,7,1
14964,69,1
14965,67,1
14965,68,1
14965,36,1
14965,35,1
14966,52,1
14966,68,1
14966,69,1
14966,67,2
14967,67,1
14967,70,1
14968,36,1
14968,35,3
14968,31,2
14969,11,1
14969,68,1
14970,68,1
14970,70,1
14971,35,1
14972,70,2
14973,67,1
14973,69,1
14973,35,1
14974,36,1
14974,35,3
14974,68,1
14975,67,1
14975,36,1
14975,69,1
14976,70,1
14976,68,1
14977,35,1
14977,70,1
14977,68,1
14977,67,1
14978,68,1
14978,46,2
14978,69,1
14979,36,1
14979,69,1
14980,5,1
14980,69,1
14980,35,1
14981,67,1
14981,68,1
14981,70,1
14982,68,1
14982,56,2
14982,59,1
14983,35,1
14983,69,1
14983,67,1
14984,36,1
14984,68,1
14984,70,2
14985,69,2
14985,23,1
14985,36,1
14986,68,2
14986,69,1
14986,36,1
14987,68,1
14988,35,1
14988,68,1
14988,27,1
14988,36,2
14989,1,1
14989,39,2
14989,47,1
14989,69,1
14989,13,1
14990,68,1
14991,69,2
14991,39,3
14991,58,1
14992,69,1
14992,19,1
14993,68,2
14993,36,1
14994,50,1
14994,35,1
14995,67,1
14995,69,1
14995,68,1
14995,35,1
14996,36,2
14997,35,1
14997,36,1
14997,57,1
14997,67,1
14998,50,2
14998,35,1
14998,17,1
14999,69,1
14999,70,1
14999,67,1
15000,35,1
15000,69,2
15001,22,1
15001,24,2
15001,27,1
15002,23,1
15002,25,1
15002,24,1
15003,25,1
15003,23,1
15004,25,1
15004,23,1
15005,25,2
15005,11,1
15006,23,1
15006,24,1
15006,22,1
15007,11,1
15007,22,1
15008,23,1
15008,56,1
15008,24,1
15009,25,1
15009,23,1
15010,24,1
15010,23,1
15010,25,1
15011,24,1
15011,25,1
15011,15,1
15012,23,1
15012,25,1
15012,24,1
15012,22,2
15012,46,1
15013,23,1
15013,24,1
15013,25,1
15014,22,1
15014,38,1
15014,25,1
15015,43,2
15015,22,1
15015,25,1
15015,24,1
15016,8,1
15016,23,1
15016,25,1
15016,24,1
15017,23,1
15017,25,1
15018,24,1
15019,22,1
15019,25,1
15019,23,2
15020,24,1
15021,16,2
15021,3,1
15021,12,1
15021,55,1
15022,25,1
15022,22,2
15022,4,1
15022,44,1
15022,23,1
15023,23,1
15023,43,1
15023,22,1
15024,25,1
15024,22,1
15024,24,1
15025,47,1
15025,25,1
15025,23,1
15025,24,2
15026,25,1
15026,22,1
15026,40,1
15026,35,1
15027,25,2
15027,24,1
15028,25,2
15028,1,1
15029,25,1
15029,24,1
15029,23,1
15029,22,2
15030,22,3
15030,25,1
15030,24,1
15031,23,1
15032,23,2
15032,25,1
15032,22,1
15033,22,1
15033,23,1
15033,25,1
15034,24,1
15034,25,1
15034,23,1
15035,25,1
15035,23,1
15036,25,1
15037,23,1
15037,51,1
15037,24,2
15038,23,1
15039,22,1
15039,25,1
15040,22,2
15040,25,1
15040,24,1
15041,19,3
15041,29,1
15041,28,3
15042,60,1
15042,31,2
15042,44,1
15043,31,1
15043,32,1
15043,24,1
15044,42,1
15044,29,1
15045,43,2
15045,30,1
15045,28,1
15046,29,1
15046,28,1
15046,32,1
15047,55,1
15047,31,1
15047,28,2
15047,29,1
15047,32,1
15048,28,1
15048,31,1
15048,29,1
15049,29,1
15049,28,2
15049,32,1
15049,56,1
15050,30,1
15051,30,1
15051,29,2
15051,33,1
15052,31,1
15052,29,1
15052,33,1
15053,31,2
15053,29,2
15054,29,2
15054,30,1
15055,28,1
15055,21,1
15056,2,1
15056,33,2
15056,58,1
15057,32,1
15057,28,2
15057,29,1
15057,31,1
15058,32,1
15058,11,1
15058,28,1
15059,28,1
15059,13,2
15060,33,1
15060,31,1
15061,29,1
15061,33,2
15061,59,1
15062,28,1
15062,30,2
15062,8,1
15062,32,1
15063,28,2
15063,33,1
15063,30,1
15064,32,1
15064,31,1
15065,29,1
15065,31,1
15066,32,1
15066,30,1
15066,23,1
15066,31,1
15066,28,2
15067,33,1
15067,31,1
15068,30,3
15068,28,1
15069,28,2
15069,29,1
15069,57,1
15070,29,1
15070,20,1
15071,33,2
15071,28,1
15072,32,1
15072,33,2
15072,29,1
15073,31,1
15073,33,1
15073,57,2
15074,31,1
15074,33,1
15074,22,1
15075,30,1
15075,11,1
15076,31,2
15076,30,1
15076,32,1
15077,11,1
15077,31,1
15078,28,1
15078,31,1
15079,32,1
15079,28,1
15080,28,2
15080,33,1
15081,24,1
15081,75,3
15081,21,1
15082,24,2
15082,75,1
15082,21,1
15082,49,1
15083,21,1
15083,23,3
15084,25,1
15084,60,2
15084,20,1
15084,42,1
15085,22,1
15085,23,1
15085,24,1
15086,34,2
15086,28,3
15087,27,1
15087,25,1
15088,23,2
15088,75,1
15089,25,1
15089,75,1
15090,20,1
15090,21,3
15091,21,1
15091,24,1
15091,23,2
15092,22,1
15092,20,1
15093,25,1
15093,24,2
15093,21,1
15093,23,1
15094,24,1
15094,75,1
15094,21,1
15094,22,1
15095,22,1
15095,16,1
15095,21,1
15096,75,2
15096,22,1
15097,75,1
15097,21,1
15097,24,1
15098,48,1
15098,24,1
15098,33,1
15098,75,2
15099,74,1
15099,21,1
15099,20,1
15100,24,1
15101,20,2
15101,5,1
15101,75,1
15102,74,1
15102,24,1
15102,23,1
15102,25,2
15102,75,1
15103,22,1
15104,56,1
15104,24,1
15104,23,1
15104,32,1
15104,5,1
15105,21,1
15105,13,1
15105,9,2
15106,20,3
15106,21,1
15107,20,1
15107,21,1
15107,50,3
15108,20,1
15108,53,1
15108,25,2
15109,22,1
15109,27,1
15109,20,1
15110,20,2
15110,24,1
15111,24,3
15111,20,1
15112,44,1
15112,24,1
15113,23,1
15113,21,1
15113,30,1
15113,74,1
15114,24,1
15114,37,2
15114,21,2
15115,20,1
15115,23,3
15116,25,1
15116,75,1
15116,3,1
15117,23,1
15117,42,1
15117,57,1
15117,24,1
15118,24,1
15118,18,1
15118,21,1
15119,45,1
15119,20,1
15119,24,1
15119,7,1
15120,20,1
15121,25,1
15121,29,1
15122,31,1
15122,28,1
15122,30,1
15123,30,1
15124,33,1
15124,28,1
15124,29,1
15124,55,2
15124,30,1
15125,32,1
15125,1,1
15126,32,2
15126,30,1
15127,28,1
15127,33,1
15127,12,1
15128,32,1
15128,27,1
15128,10,1
15129,51,1
15129,33,1
15130,50,1
15130,29,1
15131,31,1
15131,43,2
15131,29,1
15132,57,1
15132,28,1
15133,32,1
15133,56,1
15133,28,1
15133,33,1
15133,59,1
15134,31,1
15134,28,1
15135,30,1
15135,29,1
15136,32,2
15136,31,1
15136,33,1
15137,30,1
15138,29,1
15139,30,1
15139,32,1
15139,31,1
15140,33,1
15140,29,3
15140,8,1
15141,30,1
15141,44,2
15142,28,1
15142,43,1
15142,29,1
15143,29,1
15143,28,1
15143,57,1
15144,30,1
15144,33,1
15144,29,1
15144,32,1
15144,23,1
15145,11,2
15145,52,1
15145,33,3
15146,30,1
15146,17,1
15146,33,1
15146,29,1
15147,28,1
15147,16,1
15147,29,1
15148,30,1
15148,28,1
15149,2,1
15149,31,1
15149,29,1
15150,29,1
15151,30,1
15151,28,1
15152,33,1
15152,31,1
15152,29,1
15153,21,1
15153,30,1
15153,28,1
15154,9,1
15154,30,2
15155,32,1
15155,30,1
15155,31,1
15155,28,1
15156,5,1
15156,32,1
15157,31,2
15157,32,3
15157,33,1
15157,30,1
15158,31,1
15158,57,1
15159,30,1
15159,51,3
15159,29,1
15159,32,2
15160,33,1
15160,28,1
15161,28,1
15161,73,1
15162,71,1
15162,79,1
15162,72,1
15163,30,1
15163,36,1
15163,80,1
15164,71,1
15164,72,1
15165,76,2
15165,79,1
15165,71,1
15165,72,1
15166,73,1
15166,42,1
15166,12,1
15167,78,1
15167,80,1
15168,34,1
15168,58,1
15168,77,1
15169,77,2
15169,35,1
15170,24,1
15170,20,1
15170,58,1
15171,72,1
15171,41,1
15171,26,1
15172,71,1
15172,14,2
15172,55,1
15173,74,3
15173,80,1
15173,79,2
15173,78,3
15174,80,1
15174,49,1
15174,34,1
15175,80,2
15175,78,1
15175,31,1
15176,80,1
15176,72,2
15176,26,1
15176,46,2
15176,40,2
15177,80,3
15177,15,3
15177,45,1
15177,71,3
15178,40,1
15178,1,1
15179,75,1
15179,76,1
15179,79,3
15179,38,1
15179,73,1
15180,77,1
15180,79,1
15181,76,1
15181,73,1
15181,79,1
15182,72,1
15182,77,1
15183,71,2
15183,76,1
15184,80,1
15184,77,1
15185,72,1
15185,76,1
15185,80,1
15185,79,1
15186,72,1
15186,78,1
15186,80,1
15186,71,1
15186,25,1
15187,71,1
15187,77,2
15187,73,1
15187,74,1
15188,19,2
15188,79,1
15189,78,1
15189,76,1
15189,1,2
15190,7,1
15190,78,1
15191,73,2
15191,71,1
15192,21,1
15192,77,1
15193,72,1
15193,58,1
15193,79,1
15194,79,1
15194,71,1
15194,80,1
15194,77,1
15195,71,1
15195,72,1
15195,80,1
15196,77,1
15196,72,1
15197,71,1
15197,79,2
15197,77,1
15198,76,2
15198,73,1
15198,72,1
15198,15,1
15199,77,1
15199,11,3
15199,51,1
15200,5,1
15200,74,1
15200,76,1
15201,7,1
15201,30,1
15201,4,1
15202,9,1
15202,8,1
15203,2,1
15203,4,1
15204,5,1
15204,12,1
15205,8,3
15205,4,1
15205,37,1
15205,2,1
15205,6,1
15206,2,1
15206,8,1
15206,7,1
15207,32,2
15207,2,1
15208,2,1
15208,21,1
15209,6,1
15209,9,1
15209,1,2
15210,4,1
15210,6,1
15211,3,1
15211,9,1
15211,21,1
15212,9,3
15212,5,1
15213,2,1
15214,3,2
15215,4,1
15215,1,1
15215,28,1
15215,5,1
15216,2,1
15216,9,1
15217,6,1
15218,43,1
15219,2,1
15219,9,2
15220,7,3
15220,6,1
15221,8,2
15221,2,1
15222,8,1
15222,7,1
15223,8,3
15223,7,1
15223,2,1
15224,5,1
15224,8,2
15225,58,3
15225,9,2
15225,6,2
15226,6,1
15226,1,3
15226,3,1
15227,5,1
15227,7,1
15227,1,1
15228,5,1
15228,6,2
15229,8,2
15229,9,1
15229,51,1
15229,3,1
15229,46,1
15230,8,3
15230,3,3
15231,5,1
15231,22,1
15231,7,1
15232,58,1
15232,2,2
15232,8,1
15232,1,1
15233,59,1
15233,8,1
15234,6,1
15235,36,2
15235,3,2
15235,6,1
15235,5,3
15236,60,1
15236,1,1
15237,1,1
15237,2,1
15237,5,1
15238,5,1
15238,3,1
15238,1,1
15239,2,1
15239,3,1
15239,9,1
15240,1,1
15240,49,1
15241,59,3
15241,56,3
15241,60,1
15242,60,1
15242,57,2
15242,58,1
15243,56,1
15243,59,1
15243,58,1
15244,58,2
15244,59,2
15244,30,1
15244,56,1
15245,59,3
15245,14,2
15246,56,1
15246,57,2
15246,17,2
15246,59,1
15247,60,1
15247,12,3
15248,56,2
15248,57,1
15248,59,1
15249,56,1
15249,59,1
15250,57,1
15250,27,1
15250,59,1
15250,25,1
15251,59,1
15251,58,2
15252,59,1
15252,7,2
15252,56,1
15253,29,1
15253,59,1
15253,8,1
15254,59,1
15254,56,1
15255,58,1
15255,23,1
15256,21,1
15256,56,1
15256,58,2
15256,4,2
15257,58,1
15257,57,1
15258,57,1
15258,58,1
15258,60,1
15258,25,1
15258,24,3
15259,60,1
15259,53,1
15260,60,1
15260,59,1
15260,58,2
15261,60,1
15262,59,1
15262,56,1
15262,42,3
15263,58,1
15263,57,1
15263,56,1
15263,60,2
15264,56,2
15264,59,1
15264,57,1
15265,59,1
15265,57,1
15266,15,2
15266,58,1
15267,60,1
15268,56,1
15268,60,1
15269,56,1
15269,58,1
15269,60,1
15269,46,1
15270,59,1
15270,58,2
15270,60,1
15270,57,1
15271,60,1
15271,47,1
15272,58,1
15272,59,1
15273,59,1
15273,11,1
15273,29,1
15274,58,2
15274,11,1
15274,56,2
15274,60,1
15275,34,1
15275,60,1
15275,58,1
15275,7,2
15276,58,1
15276,57,1
15276,60,1
15277,60,1
15277,10,1
15278,57,1
15278,59,2
15279,56,1
15279,59,1
15280,59,1
15280,56,1
15281,79,1
15281,35,1
15282,80,1
15282,73,1
15282,25,1
15283,80,1
15283,24,1
15283,73,2
15284,79,1
15284,78,1
15284,74,1
15285,33,1
15285,76,1
15285,71,1
15285,73,1
15286,75,1
15286,77,1
15286,72,1
15286,76,1
15287,78,1
15287,27,1
15287,11,1
15287,75,1
15288,51,1
15288,80,1
15288,73,1
15288,76,1
15288,77,1
15289,71,2
15289,73,1
15289,76,1
15290,77,1
15290,72,2
15290,44,1
15290,75,3
15291,31,1
15291,72,1
15291,75,1
15291,73,3
15291,23,2
15292,77,1
15292,41,1
15293,71,1
15293,19,2
15294,74,1
15294,79,2
15294,75,1
15295,46,2
15295,76,1
15295,74,1
15296,11,1
15296,71,1
15296,57,1
15296,36,1
15297,79,1
15297,71,1
15297,73,1
15297,9,2
15298,30,2
15298,76,1
15299,73,1
15299,80,1
15299,36,1
15299,48,1
15300,73,1
15300,72,1
15301,80,1
15301,73,1
15301,74,1
15301,10,1
15302,80,1
15302,77,1
15302,75,1
15303,73,1
15303,74,1
15304,78,1
15304,76,1
15305,75,1
15305,76,1
15305,78,1
15306,77,1
15306,80,1
15306,73,1
15307,79,1
15307,71,1
15307,78,1
15308,74,1
15308,33,1
15309,75,1
15309,74,1
15310,75,1
15310,79,1
15310,73,1
15311,80,1
15311,74,1
15311,73,2
15312,31,1
15312,38,2
15313,75,2
15313,72,1
15313,79,1
15314,71,1
15314,76,1
15314,79,1
15314,78,1
15315,71,1
15315,32,1
15316,77,1
15316,46,2
15316,80,1
15316,4,1
15317,77,1
15317,76,2
15317,74,2
15318,71,1
15318,75,2
15318,76,1
15319,74,1
15319,79,1
15319,71,1
15320,74,1
15320,78,1
15320,71,1
15320,79,3
15321,31,2
15321,60,1
15321,23,1
15322,55,2
15322,53,1
15322,51,1
15323,68,1
15323,48,1
15324,22,1
15324,55,1
15324,58,1
15324,64,1
15325,64,1
15325,20,1
15325,66,1
15326,56,1
15326,57,1
15326,67,1
15326,63,1
15327,53,2
15327,67,1
15328,69,1
15328,53,1
15329,52,2
15329,67,1
15329,62,1
15329,51,1
15330,33,1
15330,57,1
15330,54,1
15331,57,1
15331,51,1
15331,60,1
15332,60,1
15332,64,1
15332,56,1
15333,69,2
15333,58,1
15333,64,1
15334,66,1
15334,49,1
15334,65,1
15335,59,1
15335,58,1
15335,66,1
15336,47,2
15336,60,1
15337,67,1
15338,29,1
15338,60,1
15339,18,1
15339,54,2
15340,19,1
15340,54,1
15340,60,1
15340,59,3
15341,63,1
15342,65,2
15342,68,2
15342,55,1
15342,40,1
15343,58,1
15343,17,1
15344,60,1
15344,68,1
15344,67,1
15345,57,1
15345,59,1
15346,63,1
15346,61,1
15347,63,1
15347,68,1
15348,68,1
15348,62,1
15348,59,1
15349,57,1
15349,30,1
15350,57,2
15350,66,2
15350,20,1
15350,61,1
15351,66,1
15351,29,1
15351,62,1
15352,56,1
15352,17,1
15352,55,1
15352,59,1
15353,66,3
15353,67,1
15354,15,1
15354,52,1
15354,66,1
15355,59,2
15355,36,1
15356,64,1
15356,51,2
15357,59,1
15357,60,1
15358,11,2
15358,18,1
15359,63,2
15359,62,2
15360,68,1
15360,63,1
15360,52,1
15360,61,1
15361,58,1
15361,59,1
15361,57,1
15362,58,2
15362,59,1
15363,58,1
15363,60,1
15363,59,1
15364,56,1
15364,60,1
15365,59,2
15365,56,1
15365,60,1
15365,58,1
15366,59,1
15366,57,2
15366,58,1
15366,56,1
15367,31,1
15367,57,1
15367,11,1
15368,56,1
15368,58,1
15369,59,1
15369,56,1
15369,57,1
15370,60,1
15370,58,1
15371,59,1
15371,28,1
15371,56,3
15372,59,1
15372,60,2
15372,35,3
15373,56,1
15373,57,1
15373,60,1
15374,28,1
15374,60,3
15375,58,1
15375,60,1
15376,52,2
15376,56,1
15376,49,1
15376,60,2
15377,58,3
15377,60,2
15377,59,1
15378,11,2
15378,46,1
15378,58,1
15378,59,1
15379,60,2
15380,58,2
15380,60,2
15380,57,1
15381,58,1
15381,29,1
15381,60,1
15381,3,1
15382,59,1
15382,38,1
15382,56,1
15382,57,2
15383,56,1
15383,43,1
15384,56,3
15384,18,1
15384,55,1
15385,58,1
15385,57,2
15386,57,1
15386,50,1
15387,59,3
15387,58,3
15387,57,1
15388,60,1
15388,56,1
15389,57,2
15389,55,1
15389,56,1
15389,59,1
15390,60,1
15390,58,1
15390,57,1
15391,57,1
15391,59,1
15391,56,1
15391,43,1
15392,58,1
15392,49,3
15392,57,1
15393,58,1
15393,11,3
15393,57,3
15394,57,1
15394,60,1
15394,16,2
15395,58,1
15395,60,2
15395,56,1
15396,49,1
15396,59,1
15396,58,2
15396,56,1
15396,60,1
15397,58,1
15397,42,1
15397,56,1
15397,28,1
15398,60,1
15398,57,1
15398,59,2
15399,27,1
15400,56,3
15400,58,1
15400,59,1
15401,75,1
15401,80,3
15401,79,2
15402,77,3
15402,33,1
15402,7,1
15403,80,1
15403,75,1
15403,78,1
15403,71,1
15404,75,1
15404,73,1
15404,78,1
15405,76,1
15405,77,2
15406,80,2
15406,79,3
15406,75,1
15406,74,1
15407,73,3
15407,80,1
15407,77,1
15408,75,3
15408,78,1
15408,76,1
15408,79,1
15408,72,2
15409,71,1
15409,7,1
15410,74,1
15410,31,1
15410,80,1
15410,73,1
15411,77,1
15411,73,1
15412,74,1
15412,79,2
15413,72,2
15413,27,1
15413,79,1
15413,74,1
15414,79,1
15414,78,1
15415,73,2
15415,80,1
15415,77,1
15416,72,1
15416,79,1
15417,74,3
15417,11,2
15417,37,1
15418,14,1
15418,76,2
15419,79,3
15419,80,1
15420,73,1
15420,5,1
15420,76,1
15420,75,1
15421,72,1
15421,75,2
15421,17,1
15421,77,1
15422,77,1
15422,80,1
15422,74,1
15422,23,1
15423,71,1
15423,76,1
15423,77,1
15424,79,1
15424,78,1
15424,75,2
15424,76,1
15425,71,1
15425,13,2
15425,73,1
15426,71,2
15426,53,2
15426,75,1
15427,78,2
15427,80,1
15428,71,1
15428,16,2
15428,76,1
15429,74,1
15429,75,2
15429,71,1
15429,79,3
15430,71,1
15430,30,1
15430,42,1
15431,72,1
15431,5,1
15431,23,1
15432,79,1
15432,80,1
15432,73,1
15432,10,2
15433,71,1
15433,11,1
15434,79,3
15434,77,2
15434,53,1
15434,80,1
15435,72,2
15435,80,1
15436,80,1
15436,75,1
15436,71,1
15437,71,1
15437,76,2
15438,75,1
15438,76,1
15439,38,2
15439,60,1
15439,80,2
15439,73,1
15440,55,1
15440,76,1
15440,72,1
15441,2,2
15441,7,1
15441,8,1
15441,9,3
15442,30,1
15442,4,1
15443,6,2
15443,54,2
15443,9,1
15443,7,1
15444,8,1
15444,46,2
15444,3,1
15445,4,1
15445,1,1
15445,5,1
15445,48,1
15446,7,2
15447,1,2
15447,4,1
15447,7,1
15448,7,2
15448,6,1
15449,6,1
15449,1,1
15449,16,1
15449,7,1
15450,2,2
15450,3,1
15451,6,1
15451,4,2
15451,3,1
15452,4,1
15452,7,1
15452,1,3
15453,6,1
15453,8,2
15453,9,2
15454,9,1
15454,1,2
15454,5,1
15455,2,1
15455,8,1
15455,3,1
15455,7,1
15456,9,1
15457,4,1
15457,9,1
15458,7,1
15458,6,2
15459,31,1
15459,2,1
15459,1,1
15460,9,1
15460,4,2
15460,7,1
15460,8,3
15461,1,1
15461,9,1
15461,6,2
15462,3,1
15463,4,1
15463,6,1
15464,6,1
15464,3,1
15464,2,3
15465,6,1
15465,29,1
15465,1,1
15466,6,1
15466,8,1
15467,8,2
15468,2,1
15468,3,1
15469,6,1
15470,8,2
15470,7,1
15470,6,2
15471,8,1
15471,3,1
15472,8,2
15472,3,1
15472,6,1
15473,9,1
15474,17,1
15474,7,1
15474,2,1
15474,8,1
15475,4,1
15475,3,1
15475,5,1
15475,24,1
15476,7,1
15476,9,1
15476,17,1
15477,4,1
15477,9,1
15477,3,1
15478,4,2
15479,51,1
15479,6,1
15480,30,1
15480,3,1
15480,2,1
15480,9,1
15481,22,1
15482,56,1
15482,25,2
15482,24,1
15483,22,1
15483,25,3
15484,23,3
15484,24,1
15484,25,1
15485,25,3
15485,24,1
15485,54,1
15486,23,1
15486,24,1
15486,33,1
15486,22,1
15487,23,1
15487,24,1
15487,28,1
15488,24,1
15488,23,1
15488,2,1
15488,45,1
15489,24,1
15489,4,1
15490,24,1
15490,23,1
15490,22,2
15491,22,2
15491,24,1
15492,25,1
15492,49,3
15493,54,1
15493,23,1
15493,29,1
15493,25,2
15494,25,1
15494,24,2
15495,23,1
15495,24,1
15496,32,2
15496,25,2
15496,23,1
15496,24,1
15497,22,1
15497,14,1
15497,25,1
15498,25,1
15498,11,2
15498,13,1
15498,22,1
15499,22,1
15499,25,1
15499,23,1
15500,24,1
15500,22,2
15501,25,1
15501,13,1
15502,29,1
15502,24,1
15502,15,1
15502,25,1
15503,22,1
15503,7,1
15504,6,1
15504,23,1
15505,22,1
15505,25,1
15505,24,1
15506,25,1
15506,53,1
15507,23,1
15507,24,1
15507,42,2
15507,22,1
15507,51,1
15508,23,1
15508,24,1
15509,48,1
15509,23,1
15509,25,1
15510,25,1
15510,23,1
15511,22,1
15511,23,1
15511,24,1
15511,25,1
15512,24,1
15512,25,1
15512,23,1
15512,1,2
15513,22,2
15513,24,1
15514,22,1
15514,23,1
15515,25,1
15515,2,1
15515,49,1
15515,22,1
15516,24,1
15516,23,1
15516,25,1
15517,49,1
15517,23,1
15518,53,1
15518,24,1
15519,59,1
15519,24,1
15519,23,1
15520,25,1
15520,23,1
15520,24,1
15521,32,1
15521,6,1
15522,25,2
15522,58,3
15523,31,1
15523,33,1
15523,29,1
15524,33,1
15524,31,3
15524,32,2
15524,28,2
15525,28,2
15525,33,1
15526,32,1
15526,31,1
15527,28,1
15527,33,1
15528,20,1
15528,31,2
15528,32,1
15529,5,2
15529,42,1
15529,32,1
15529,30,1
15530,33,2
15530,28,2
15531,31,1
15531,30,1
15531,29,1
15532,29,1
15532,55,1
15532,60,2
15532,32,1
15533,28,1
15533,22,1
15533,50,1
15534,30,2
15534,31,2
15534,22,1
15534,32,1
15534,29,1
15535,28,1
15535,29,1
15536,32,1
15536,21,1
15536,28,1
15536,29,1
15537,30,1
15537,32,2
15537,29,2
15538,33,1
15538,30,2
15538,29,1
15539,31,1
15539,53,1
15540,30,1
15540,29,1
15540,28,1
15541,31,1
15541,29,1
15541,32,2
15541,28,1
15542,32,1
15542,33,1
15543,30,1
15544,31,1
15544,32,1
15544,33,1
15545,33,1
15545,30,1
15545,31,1
15546,29,1
15546,32,1
15547,33,1
15547,30,1
15548,30,1
15548,29,1
15549,31,1
15549,32,2
15549,36,1
15550,3,1
15550,31,1
15550,29,3
15550,32,1
15551,30,1
15551,28,2
15552,48,2
15552,31,2
15553,30,1
15553,28,1
15554,32,2
15554,28,1
15554,30,1
15554,33,3
15555,30,1
15555,32,1
15555,29,1
15556,32,1
15556,31,2
15556,33,1
15557,48,1
15557,29,1
15557,33,3
15557,30,1
15558,32,1
15558,31,1
15558,30,1
15558,33,1
15558,28,1
15559,31,1
15559,23,1
15559,32,1
15560,32,1
15560,29,1
15561,34,1
15561,18,1
15562,18,1
15562,24,2
15563,34,1
15563,40,2
15563,19,1
15563,29,1
15564,19,1
15564,41,2
15564,18,1
15565,18,1
15565,34,2
15565,19,1
15566,19,2
15566,18,2
15566,34,1
15567,19,1
15567,34,1
15568,18,1
15568,19,2
15568,11,1
15568,34,1
15569,29,2
15570,29,1
15570,34,1
15570,19,1
15571,18,1
15572,29,1
15572,19,1
15572,18,2
15572,1,2
15573,18,2
15574,18,1
15574,29,2
15574,34,1
15575,29,1
15575,18,1
15575,46,2
15576,34,1
15576,29,1
15576,18,1
15577,34,1
15577,19,2
15577,37,1
15577,18,1
15578,37,1
15578,29,1
15579,19,1
15579,34,3
15579,29,2
15579,50,1
15580,29,1
15580,19,1
15581,29,1
15581,18,1
15582,19,1
15582,18,1
15582,29,1
15582,15,1
15583,19,1
15583,34,1
15584,19,1
15584,18,1
15584,34,2
15585,19,1
15585,29,1
15586,19,1
15586,34,1
15586,7,1
15587,29,1
15587,34,1
15587,60,1
15587,18,1
15588,29,1
15588,18,1
15589,34,1
15589,44,1
15589,19,1
15589,9,2
15590,56,1
15590,17,1
15591,18,1
15591,29,2
15592,34,2
15592,19,1
15593,3,1
15593,29,1
15593,55,2
15594,17,1
15594,47,1
15595,18,1
15595,29,1
15596,42,1
15596,34,3
15597,28,1
15597,19,1
15597,11,1
15597,29,1
15598,26,1
15598,52,1
15598,34,1
15599,16,1
15600,29,1
15600,18,1
15600,34,1
15601,57,1
15601,59,1
15602,57,1
15602,56,1
15602,60,2
15603,58,1
15603,34,1
15604,10,1
15605,59,1
15605,60,2
15606,60,1
15606,11,1
15606,35,1
15607,60,2
15607,22,1
15607,59,2
15608,57,1
15608,60,1
15608,58,1
15609,56,1
15609,57,2
15609,7,1
15610,58,1
15610,56,1
15610,57,1
15611,60,1
15611,58,1
15611,59,3
15611,22,1
15612,56,1
15612,57,1
15612,60,1
15613,58,1
15613,56,1
15613,60,1
15614,57,2
15614,58,1
15614,56,1
15614,59,1
15614,38,3
15615,59,1
15615,10,1
15615,14,1
15616,56,1
15616,57,1
15616,17,1
15617,57,1
15617,59,2
15618,58,1
15618,56,1
15619,56,1
15619,58,1
15619,20,1
15620,57,1
15620,59,1
15620,58,2
15621,56,1
15621,59,2
15621,58,1
15622,56,2
15622,24,1
15622,60,1
15622,58,1
15623,57,1
15623,56,1
15624,58,1
15624,56,1
15625,59,1
15625,40,1
15626,59,1
15626,57,1
15626,60,1
15627,60,1
15628,59,1
15628,18,1
15629,60,2
15629,57,1
15629,56,2
15630,9,2
15630,4,2
15631,59,1
15631,60,3
15631,56,1
15632,56,1
15632,60,1
15633,59,1
15633,4,1
15633,57,3
15633,3,1
15633,23,1
15634,60,1
15634,57,1
15634,56,1
15635,16,1
15635,17,1
15635,59,1
15636,58,1
15636,5,1
15636,59,2
15637,56,1
15637,47,1
15637,57,2
15637,6,1
15638,56,1
15638,60,1
15638,25,1
15639,60,1
15639,21,2
15640,58,1
15640,60,3
15641,6,1
15642,24,1
15642,25,1
15643,24,1
15643,22,1
15643,25,2
15644,22,1
15644,24,1
15645,22,1
15645,23,1
15646,24,1
15646,23,1
15646,22,1
15646,25,1
15647,40,1
15647,9,2
15648,23,1
15648,40,2
15648,22,1
15649,27,3
15649,25,1
15649,23,1
15650,5,2
15651,25,2
15651,22,1
15651,24,1
15651,32,1
15652,22,1
15652,23,1
15652,24,1
15652,18,1
15653,24,2
15654,25,1
15655,24,1
15655,25,3
15656,23,1
15656,58,1
15657,25,1
15657,26,1
15657,29,2
15658,17,1
15658,24,1
15658,22,2
15659,23,2
15660,22,1
15660,25,1
15660,24,1
15660,41,1
15661,25,1
15661,24,1
15661,22,1
15662,22,3
15662,24,1
15662,23,1
15663,25,1
15663,24,1
15663,8,1
15664,25,2
15664,27,1
15665,25,1
15665,24,1
15665,22,1
15666,22,1
15666,23,1
15667,23,1
15667,25,1
15668,37,1
15668,25,1
15668,58,1
15669,43,1
15669,25,2
15670,24,1
15670,25,1
15670,23,1
15670,21,1
15671,25,2
15671,22,1
15672,25,1
15672,24,1
15672,39,1
15672,23,1
15673,37,1
15673,25,1
15673,24,1
15674,25,1
15674,6,1
15674,24,1
15675,23,1
15675,20,1
15675,22,1
15676,24,2
15676,59,1
15677,25,1
15677,24,1
15677,22,1
15678,25,1
15678,24,1
15678,35,2
15679,23,1
15679,46,1
15680,32,1
15680,25,1
15680,23,1
15680,24,1
15681,13,1
15681,12,1
15682,10,1
15682,13,1
15682,16,1
15682,12,1
15683,13,3
15683,10,2
15684,11,1
15684,10,1
15685,10,1
15685,23,1
15685,16,1
15686,11,1
15686,15,1
15686,14,1
15686,16,1
15687,12,1
15687,26,2
15688,4,1
15688,16,2
15688,14,1
15688,10,1
15689,16,1
15689,2,1
15690,7,1
15690,13,1
15690,11,1
15691,13,1
15691,12,1
15692,18,2
15692,11,2
15693,14,3
15693,16,3
15693,17,1
15693,47,1
15694,16,1
15694,34,1
15695,11,1
15695,12,1
15696,16,1
15696,10,1
15697,16,1
15697,11,3
15697,14,1
15698,41,2
15698,17,1
15698,13,1
15699,10,1
15699,42,1
15699,11,2
15699,33,1
15700,12,1
15700,16,1
15701,11,1
15701,23,1
15701,12,1
15702,12,1
15702,13,1
15702,16,3
15702,10,1
15703,12,1
15703,10,1
15704,15,1
15704,10,1
15705,13,1
15705,15,1
15705,16,1
15705,8,1
15706,12,1
15706,16,1
15706,15,1
15707,30,1
15707,15,1
15707,33,1
15708,12,1
15708,11,1
15708,14,1
15708,10,1
15709,10,1
15709,19,1
15710,10,1
15710,42,1
15710,11,1
15710,14,3
15711,19,1
15711,16,1
15711,13,1
15711,60,1
15712,13,1
15712,15,1
15712,8,1
15712,21,3
15713,16,1
15713,10,1
15713,11,1
15713,14,1
15714,44,2
15714,10,1
15714,16,1
15714,14,1
15714,34,2
15715,11,1
15715,14,2
15716,19,1
15716,12,1
15716,51,2
15716,14,1
15717,11,1
15717,14,3
15717,3,1
15718,14,1
15718,16,1
15718,5,1
15719,46,1
15719,49,1
15719,43,2
15720,15,1
15720,16,1
15720,12,1
15721,13,2
15721,33,1
15721,19,1
15722,44,2
15722,13,1
15723,59,1
15723,30,1
15724,15,1
15724,13,1
15725,11,2
15725,46,1
15726,11,3
15726,16,1
15727,14,3
15727,12,2
15727,10,2
15728,15,1
15728,51,1
15729,13,1
15729,16,1
15730,11,1
15730,13,1
15731,12,3
15731,15,1
15731,11,1
15731,14,1
15732,12,1
15733,14,1
15733,11,1
15733,10,3
15734,11,1
15734,16,1
15735,5,1
15735,11,1
15735,14,1
15736,44,1
15736,13,1
15737,12,2
15737,11,1
15737,16,2
15738,21,1
15738,15,1
15738,10,1
15738,16,1
15738,13,1
15739,14,1
15739,10,1
15740,12,2
15740,10,1
15740,14,1
15740,50,1
15741,11,1
15741,12,1
15742,11,2
15743,10,1
15743,16,1
15744,16,1
15745,12,1
15745,13,1
15745,10,1
15745,54,1
15746,16,1
15746,14,1
15747,12,1
15747,13,1
15747,10,1
15748,11,1
15748,56,1
15749,15,1
15749,14,3
15750,12,3
15750,15,1
15750,14,1
15751,31,1
15751,15,1
15751,12,1
15752,16,1
15753,14,2
15753,13,1
15753,12,1
15754,14,1
15754,13,3
15755,15,1
15755,14,1
15756,10,1
15756,14,1
15757,60,1
15757,23,1
15758,16,1
15758,10,1
15759,13,1
15760,10,2
15760,6,3
15760,15,2
15760,11,1
15761,60,1
15761,59,2
15761,56,2
15762,57,1
15762,37,1
15763,57,2
15763,59,1
15763,56,1
15763,60,1
15764,60,3
15764,58,1
15765,57,1
15765,59,1
15765,56,1
15766,56,3
15766,59,1
15767,56,2
15767,60,2
15767,58,1
15768,59,1
15768,15,2
15769,56,1
15769,57,2
15769,16,2
15770,58,1
15770,60,1
15771,58,1
15771,59,1
15771,57,1
15771,56,1
15772,49,1
15772,59,3
15772,60,1
15772,57,2
15773,57,3
15773,59,2
15774,57,1
15774,3,1
15775,58,1
15775,53,1
15775,57,1
15775,56,1
15775,60,1
15776,57,1
15776,56,2
15776,42,1
15776,58,1
15777,59,2
15777,60,1
15778,56,1
15778,20,1
15779,57,3
15779,59,1
15780,58,1
15780,55,2
15781,60,1
15781,19,1
15781,59,1
15781,58,1
15782,57,1
15782,56,2
15782,58,1
15782,60,1
15783,59,1
15784,59,1
15784,56,3
15784,60,1
15784,45,1
15785,60,2
15785,57,1
15785,33,1
15786,59,1
15786,11,1
15786,56,1
15787,7,1
15787,56,1
15788,31,1
15788,60,1
15788,58,1
15788,56,2
15789,56,1
15789,57,1
15789,60,2
15790,58,1
15790,23,1
15790,57,2
15791,60,1
15791,59,2
15791,58,1
15792,58,1
15792,24,1
15792,56,1
15793,57,1
15793,56,2
15793,59,1
15794,57,1
15794,60,2
15795,58,1
15795,60,3
15796,8,1
15796,56,1
15796,58,1
15796,60,1
15797,56,1
15797,60,1
15798,45,1
15798,56,1
15798,60,1
15799,56,1
15799,60,1
15799,58,1
15799,43,2
15800,60,1
15800,56,1
15800,59,2
15801,1,1
15801,12,1
15802,6,1
15802,9,1
15803,1,2
15804,2,1
15804,5,1
15804,8,1
15804,3,1
15805,2,1
15805,41,1
15805,7,3
15806,3,1
15806,1,1
15807,59,1
15807,28,2
15807,38,1
15808,1,1
15808,4,3
15809,9,1
15809,7,1
15809,42,1
15810,45,1
15811,6,1
15811,2,1
15811,3,3
15812,16,1
15812,60,2
15812,9,1
15813,9,1
15813,4,1
15813,46,2
15814,9,3
15814,25,1
15814,6,1
15815,4,1
15815,9,2
15815,5,1
15815,8,1
15816,47,3
15816,1,1
15816,9,1
15817,7,1
15817,8,1
15818,9,1
15818,3,1
15819,7,1
15819,41,2
15820,32,1
15820,12,1
15820,2,1
15820,4,1
15821,9,1
15821,28,2
15822,5,1
15822,3,1
15823,1,1
15823,6,1
15823,2,1
15824,2,1
15824,9,1
15825,9,1
15825,12,2
15825,6,1
15825,46,1
15826,7,1
15826,4,1
15826,2,1
15827,3,2
15827,6,1
15827,9,1
15828,4,1
15828,2,2
15829,2,1
15829,16,1
15829,29,1
15830,5,1
15830,4,1
15831,4,1
15831,32,2
15832,5,1
15832,47,1
15832,3,1
15833,9,1
15834,3,1
15834,14,1
15835,2,1
15835,51,1
15835,9,1
15836,6,1
15836,5,1
15836,1,1
15836,2,1
15837,2,1
15837,5,1
15838,1,2
15838,48,1
15838,3,2
15838,9,1
15839,7,1
15839,3,1
15840,6,2
15840,36,1
15841,57,2
15841,68,2
15842,54,1
15842,34,1
15842,63,1
15843,56,1
15843,64,1
15843,51,1
15844,52,1
15844,55,1
15844,58,1
15844,68,2
15844,22,1
15845,63,3
15845,56,1
15846,52,1
15846,57,1
15846,55,1
15846,32,1
15847,16,1
15847,67,1
15848,55,1
15848,19,1
15848,60,1
15848,57,1
15849,51,1
15849,59,1
15849,27,1
15850,58,1
15850,61,2
15850,12,1
15850,67,1
15851,67,1
15851,60,1
15852,54,1
15852,59,1
15852,55,1
15853,68,1
15853,58,1
15854,66,3
15854,51,1
15854,55,1
15855,12,1
15855,56,3
15855,68,1
15855,55,1
15855,65,1
15856,70,1
15856,22,2
15856,68,2
15857,57,3
15857,66,2
15857,67,1
15858,52,1
15858,53,1
15859,70,1
15859,66,1
15859,3,1
15860,15,1
15860,5,1
15860,68,1
15861,70,1
15862,70,1
15862,57,1
15863,65,1
15863,53,1
15863,58,1
15864,20,1
15865,56,2
15865,70,2
15866,11,1
15866,57,1
15866,56,1
15867,66,1
15868,53,1
15868,63,2
15868,64,2
15869,69,1
15869,32,2
15869,59,1
15870,54,1
15870,11,1
15871,54,1
15871,63,1
15872,65,1
15873,65,2
15873,61,1
15874,51,1
15874,53,1
15874,57,1
15875,62,1
15875,12,2
15875,68,1
15875,28,1
15876,70,1
15876,36,1
15876,22,1
15877,65,1
15877,40,1
15877,61,2
15878,65,1
15878,5,2
15878,46,1
15879,53,1
15879,38,1
15879,67,1
15880,61,1
15880,65,1
15880,52,2
15881,21,1
15881,22,2
15881,20,2
15882,23,1
15882,21,2
15883,60,1
15883,25,1
15884,21,1
15884,27,3
15885,22,1
15885,23,1
15885,20,1
15885,25,1
15886,74,1
15886,25,1
15887,74,1
15887,75,1
15887,25,1
15887,20,1
15888,22,1
15888,21,1
15889,3,1
15889,75,1
15889,43,1
15889,46,1
15890,23,1
15890,27,1
15890,19,1
15891,25,1
15891,3,1
15892,25,1
15892,21,1
15893,25,1
15893,54,1
15894,20,1
15894,31,1
15895,75,1
15895,22,1
15896,27,1
15896,22,3
15896,24,1
15897,22,1
15897,21,1
15897,24,1
15898,22,1
15898,75,3
15898,7,1
15899,58,1
15899,75,2
15899,21,1
15900,22,1
15900,74,1
15900,24,1
15901,24,1
15901,22,1
15901,74,1
15901,15,1
15901,23,1
15902,23,1
15902,14,2
15903,20,1
15903,22,1
15904,18,1
15904,24,3
15904,20,1
15905,22,1
15905,23,3
15906,25,1
15906,21,1
15907,25,3
15907,75,1
15907,39,2
15908,47,1
15908,22,1
15908,38,1
15908,23,2
15909,27,1
15909,20,1
15909,75,2
15910,44,1
15910,75,1
15910,24,1
15911,51,1
15911,20,3
15911,23,1
15912,20,1
15912,74,1
15912,33,1
15912,21,1
15913,21,1
15913,22,1
15913,75,1
15913,35,1
15914,21,1
15914,22,1
15914,25,1
15914,24,1
15915,24,1
15916,25,2
15916,17,1
15916,21,1
15917,74,1
15917,20,2
15918,21,1
15918,35,3
15918,22,3
15918,24,1
15919,25,1
15919,21,1
15919,75,1
15920,34,1
15920,24,1
15920,23,1
15921,13,1
15921,12,1
15921,15,1
15922,15,1
15922,56,1
15922,16,1
15923,16,2
15923,13,1
15923,15,1
15924,10,1
15924,14,1
15924,16,2
15924,11,1
15925,16,1
15925,45,1
15925,12,1
15926,13,2
15926,26,1
15926,14,1
15926,15,1
15927,16,1
15927,15,1
15928,14,1
15928,16,1
15929,12,1
15929,11,1
15929,16,1
15929,15,1
15930,12,1
15930,15,1
15931,10,1
15931,13,2
15932,12,1
15932,13,1
15933,13,1
15933,16,1
15933,10,1
15933,12,1
15933,11,1
15934,12,1
15934,11,3
15934,10,1
15935,16,2
15935,43,2
15935,15,1
15936,13,1
15936,36,1
15937,16,1
15937,12,1
15937,42,2
15937,8,1
15938,14,1
15938,57,1
15939,11,2
15939,13,1
15940,15,2
15940,10,2
15940,16,1
15941,15,2
15941,14,1
15941,5,1
15942,48,1
15942,16,1
15943,16,1
15943,15,1
15944,15,1
15945,16,1
15945,40,1
15945,44,3
15946,14,1
15946,13,1
15946,11,1
15947,11,1
15947,14,1
15947,16,1
15948,10,2
15948,26,1
15948,12,2
15949,10,2
15949,12,1
15949,14,1
15950,16,1
15950,26,1
15950,13,1
15951,11,1
15951,13,1
15951,14,1
15952,11,1
15952,16,1
15952,10,2
15953,14,1
15953,13,1
15953,11,1
15954,12,1
15954,10,1
15955,16,1
15955,14,1
15955,57,1
15955,28,1
15956,25,1
15956,13,2
15957,12,1
15957,14,1
15957,11,1
15958,14,1
15958,51,3
15958,16,1
15959,12,1
15959,11,1
15960,11,1
15961,23,1
15961,22,2
15962,40,1
15962,22,1
15962,23,2
15963,24,1
15964,25,1
15964,37,1
15964,22,1
15965,22,1
15965,46,1
15966,25,2
15966,22,1
15967,24,1
15967,22,2
15968,25,1
15968,11,1
15968,22,1
15969,23,1
15970,15,1
15971,14,1
15971,25,1
15972,13,1
15972,45,1
15972,17,1
15972,25,2
15973,23,1
15973,24,1
15973,22,1
15974,24,1
15974,22,1
15974,11,1
15975,25,2
15975,24,1
15976,30,3
15976,23,1
15976,38,2
15977,23,1
15977,25,1
15977,22,1
15978,25,1
15978,22,1
15979,9,3
15979,22,1
15980,23,1
15980,21,1
15980,25,1
15980,19,1
15980,29,1
15981,24,1
15981,22,1
15982,53,1
15982,24,1
15983,22,1
15983,25,1
15984,11,1
15984,23,1
15984,22,1
15984,27,1
15985,22,2
15985,23,2
15986,22,1
15986,23,1
15986,2,1
15987,24,1
15987,23,1
15988,1,1
15988,22,2
15988,23,1
15989,21,2
15989,22,1
15990,23,2
15990,24,1
15990,22,1
15991,22,1
15991,17,1
15992,22,1
15992,23,1
15993,24,2
15994,25,1
15994,22,1
15994,24,1
15994,23,1
15994,38,1
15995,22,1
15995,25,1
15995,59,1
15996,15,1
15996,8,3
15997,25,1
15998,25,1
15998,22,1
15998,31,2
15999,22,1
15999,23,3
15999,25,2
16000,33,1
16000,25,1
16001,69,2
16001,67,1
16001,36,1
16001,35,1
16002,36,1
16002,70,1
16002,68,1
16003,70,1
16003,36,1
16003,35,1
16004,4,1
16004,70,1
16005,67,1
16005,36,1
16005,35,1
16006,70,2
16006,68,1
16006,35,1
16007,70,2
16007,46,1
16007,67,1
16008,67,1
16008,68,1
16008,70,1
16009,70,1
16009,5,1
16009,36,1
16010,70,1
16010,4,1
16011,69,1
16012,11,1
16012,40,1
16012,27,1
16012,67,1
16013,35,1
16013,11,1
16013,67,1
16013,36,1
16014,69,2
16014,58,1
16015,60,1
16015,68,1
16015,36,1
16016,68,1
16016,69,1
16017,70,3
16017,12,1
16017,69,1
16018,70,3
16019,68,1
16019,36,1
16019,67,3
16020,70,1
16020,69,2
16021,70,2
16021,69,1
16021,22,1
16022,35,3
16022,70,1
16023,36,1
16024,35,1
16024,70,2
16025,69,2
16025,35,1
16025,70,1
16026,67,1
16026,70,1
16026,11,1
16027,67,1
16027,29,3
16028,68,1
16028,36,1
16028,2,1
16029,67,1
16029,69,1
16029,4,2
16030,70,1
16031,67,1
16031,70,2
16032,35,1
16032,36,1
16033,69,1
16033,36,1
16033,67,2
16034,69,2
16034,67,1
16035,69,1
16035,46,1
16036,69,1
16036,36,1
16036,68,1
16036,70,1
16036,35,1
16037,67,1
16037,69,2
16038,21,1
16038,69,2
16038,70,1
16039,36,1
16039,68,1
16040,68,1
16040,70,1
16041,33,1
16041,31,1
16041,30,1
16042,28,1
16042,14,1
16042,30,1
16042,29,1
16043,29,1
16043,18,1
16044,29,1
16044,30,2
16045,31,1
16045,33,2
16045,32,2
16046,30,1
16046,32,1
16047,33,1
16047,29,1
16047,32,2
16048,42,1
16048,33,1
16048,28,1
16048,31,1
16048,11,1
16049,31,1
16049,20,1
16050,32,1
16050,30,1
16050,29,1
16050,31,1
16051,29,1
16051,28,3
16051,33,1
16051,44,1
16052,28,1
16053,31,1
16053,30,1
16053,32,1
16053,27,1
16054,32,1
16054,31,1
16054,30,1
16054,33,1
16055,23,1
16055,33,1
16056,32,1
16056,31,3
16056,33,2
16056,54,1
16056,29,1
16057,29,1
16057,33,1
16057,31,1
16057,28,2
16058,29,1
16058,28,1
16058,52,1
16059,31,1
16059,33,1
16059,28,1
16060,28,1
16060,29,1
16061,28,1
16061,31,2
16061,33,1
16062,31,1
16062,28,1
16062,43,1
16062,29,1
16062,30,1
16063,33,3
16063,28,1
16064,28,1
16064,29,1
16065,29,3
16065,30,1
16065,37,2
16065,31,1
16066,33,1
16066,30,1
16067,33,3
16067,4,1
16067,32,3
16068,31,1
16068,30,3
16068,28,1
16069,28,1
16069,57,1
16070,31,1
16070,28,1
16070,29,1
16071,28,1
16071,30,2
16072,44,1
16072,32,1
16072,28,1
16073,29,1
16073,30,1
16074,31,1
16074,28,1
16074,29,1
16075,29,1
16075,36,1
16075,30,1
16076,31,1
16076,46,1
16076,30,3
16077,28,1
16077,32,2
16077,33,1
16078,30,2
16078,11,1
16079,28,1
16079,30,1
16079,31,1
16080,49,1
16080,30,1
16080,29,1
16081,22,1
16081,21,1
16082,23,1
16082,20,1
16083,23,1
16084,22,2
16084,25,3
16084,20,1
16085,25,2
16085,43,1
16086,75,1
16086,74,1
16086,44,1
16087,75,1
16087,24,1
16088,13,1
16088,36,1
16088,25,1
16089,23,1
16089,20,1
16089,46,1
16090,21,1
16090,74,1
16090,24,1
16091,24,2
16091,74,1
16091,23,1
16091,22,1
16092,20,1
16092,24,1
16093,20,3
16093,53,1
16093,25,1
16094,9,1
16094,45,1
16095,15,1
16095,20,2
16095,33,1
16095,75,3
16096,20,1
16096,21,1
16096,5,1
16097,25,1
16097,20,1
16098,21,1
16098,23,1
16099,36,1
16099,22,1
16100,75,1
16100,23,1
16101,74,1
16101,75,1
16101,24,2
16102,75,2
16102,23,1
16103,74,1
16103,6,1
16104,25,1
16104,15,2
16104,74,1
16105,20,3
16105,19,1
16106,75,3
16106,23,1
16106,25,2
16107,21,1
16107,23,1
16108,24,1
16108,11,1
16108,21,1
16109,21,1
16109,20,1
16110,24,1
16110,19,1
16111,22,1
16111,21,1
16111,25,1
16112,9,1
16112,57,1
16112,21,1
16113,20,2
16114,75,2
16114,74,1
16114,21,1
16115,21,1
16115,24,1
16115,37,1
16116,75,2
16116,22,1
16116,20,1
16117,20,1
16117,75,1
16118,74,1
16118,30,2
16118,21,1
16119,23,2
16119,21,1
16119,25,1
16119,20,1
16120,20,1
16120,22,1
16120,23,2
16121,14,1
16121,10,1
16122,13,1
16122,10,3
16122,56,1
16122,11,1
16123,12,2
16123,16,1
16124,15,1
16124,11,1
16125,15,1
16125,11,1
16125,16,1
16125,12,1
16126,11,1
16126,13,1
16127,11,2
16127,13,1
16127,14,1
16127,16,1
16128,15,1
16128,46,1
16128,12,1
16128,13,3
16129,55,1
16129,12,1
16129,11,1
16129,13,1
16130,16,1
16130,11,1
16130,13,1
16131,16,1
16131,15,1
16131,43,1
16131,14,3
16132,16,1
16132,55,1
16133,6,2
16134,10,1
16135,12,1
16135,15,1
16136,11,1
16136,22,1
16137,12,1
16138,16,1
16138,13,1
16138,22,1
16139,12,1
16139,14,2
16140,11,2
16140,16,2
16140,14,1
16141,24,2
16142,16,1
16142,11,1
16142,25,1
16142,10,1
16142,15,1
16143,13,1
16143,5,1
16143,11,1
16144,11,3
16144,15,1
16145,59,2
16145,14,1
16145,10,1
16146,13,1
16146,12,1
16146,15,1
16147,8,3
16147,11,1
16148,13,1
16148,10,2
16149,10,1
16149,56,1
16149,12,1
16149,11,1
16150,15,1
16150,12,1
16150,11,1
16150,16,1
16151,14,1
16151,10,1
16152,10,1
16152,23,1
16152,16,1
16153,54,1
16153,10,1
16153,13,2
16153,12,1
16154,11,1
16154,10,1
16154,60,1
16154,43,1
16155,15,1
16155,14,1
16155,12,1
16156,7,3
16156,13,1
16157,11,1
16157,10,1
16158,14,3
16158,15,1
16159,16,1
16159,13,1
16160,11,1
16160,8,1
16161,74,1
16161,72,2
16161,80,2
16162,74,2
16162,72,2
16162,75,1
16162,77,1
16162,73,1
16163,75,1
16163,80,2
16163,74,1
16163,78,1
16163,72,1
16164,71,1
16164,29,1
16164,77,1
16165,19,1
16165,75,1
16165,73,2
16165,78,1
16166,35,1
16166,27,1
16166,76,1
16167,74,1
16167,71,1
16167,72,2
16167,78,2
16168,73,1
16168,79,1
16168,7,1
16169,80,1
16169,71,1
16169,79,1
16170,77,3
16170,79,1
16170,78,3
16170,74,1
16170,42,2
16171,74,3
16171,73,1
16171,72,1
16172,71,1
16172,72,1
16172,24,1
16172,80,1
16173,71,3
16173,56,1
16174,79,1
16174,71,1
16174,32,2
16175,74,1
16175,78,1
16175,76,3
16175,79,1
16176,71,1
16176,3,1
16176,74,2
16177,79,2
16177,75,1
16177,78,1
16177,52,1
16177,23,1
16178,73,1
16178,74,1
16178,48,1
16179,76,1
16179,71,1
16179,7,1
16180,73,1
16180,79,1
16181,75,1
16181,79,1
16182,80,1
16182,22,3
16183,5,2
16183,72,1
16183,76,1
16183,77,1
16184,76,1
16184,79,1
16184,74,1
16184,77,1
16185,73,2
16185,71,1
16185,78,1
16186,74,1
16186,77,1
16187,75,1
16187,37,1
16188,19,1
16188,77,1
16189,23,2
16189,75,1
16189,72,1
16189,60,1
16190,78,1
16190,77,1
16190,73,1
16190,79,1
16190,74,2
16191,80,1
16191,78,2
16191,76,1
16191,72,2
16191,3,1
16192,77,1
16192,76,1
16192,71,1
16192,79,1
16193,43,3
16194,75,1
16194,28,1
16195,53,1
16195,40,1
16195,72,1
16195,76,1
16195,80,1
16196,72,1
16196,74,2
16196,80,2
16197,74,1
16197,73,1
16197,20,2
16197,72,1
16197,75,1
16198,2,1
16198,72,1
16198,75,1
16198,73,2
16199,54,1
16199,76,1
16199,73,1
16199,75,1
16200,73,1
16200,72,1
16200,71,2
16200,7,1
16201,49,2
16201,29,1
16201,18,1
16202,29,1
16202,11,1
16203,42,1
16203,34,1
16204,19,1
16204,29,1
16205,18,1
16205,41,1
16205,19,1
16206,5,1
16206,19,1
16206,10,2
16206,34,1
16206,18,1
16207,34,1
16207,18,3
16208,50,1
16208,18,1
16208,34,1
16209,34,2
16209,18,1
16210,19,1
16210,32,1
16211,19,1
16211,34,1
16211,18,1
16211,56,2
16211,51,1
16212,29,2
16212,34,1
16212,12,1
16213,18,2
16213,29,1
16213,17,1
16214,34,1
16214,18,1
16214,11,1
16215,34,1
16215,18,1
16215,42,2
16216,18,1
16216,29,2
16217,19,1
16217,18,1
16218,19,1
16218,18,1
16219,50,2
16219,19,1
16219,10,2
16219,49,1
16220,38,1
16220,18,1
16220,34,1
16220,29,1
16221,24,1
16221,51,1
16221,18,1
16222,19,1
16222,55,1
16222,35,1
16223,19,1
16223,49,2
16224,54,1
16224,29,1
16225,29,1
16225,34,1
16225,19,1
16226,34,1
16226,29,1
16226,50,1
16227,29,1
16227,17,2
16228,19,1
16228,34,1
16228,29,1
16228,14,1
16229,18,1
16229,19,1
16229,48,2
16230,19,1
16230,29,1
16230,4,1
16231,18,1
16231,3,1
16232,34,2
16232,29,1
16233,15,1
16233,29,1
16233,18,2
16234,34,1
16234,19,1
16234,29,1
16234,12,1
16235,34,1
16235,18,1
16235,29,1
16236,19,1
16236,34,1
16236,9,1
16237,29,1
16237,48,1
16237,56,2
16238,18,1
16238,29,1
16238,34,3
16238,44,1
16239,46,3
16239,33,1
16239,29,1
16240,19,1
16240,29,1
16241,18,1
16241,34,1
16241,19,1
16241,29,1
16241,11,1
16242,2,3
16242,19,1
16242,37,1
16243,19,1
16243,29,2
16244,6,1
16244,19,1
16244,20,2
16244,56,1
16245,29,1
16245,18,1
16245,19,1
16245,40,1
16246,34,2
16246,18,1
16246,19,1
16246,57,1
16247,28,1
16247,29,1
16247,34,1
16247,24,1
16248,19,1
16249,18,1
16249,19,1
16250,34,1
16250,29,1
16251,18,1
16251,29,1
16251,19,1
16252,41,1
16252,21,3
16252,29,1
16253,34,1
16253,36,1
16253,44,1
16254,29,1
16254,18,3
16254,58,1
16254,19,1
16255,29,1
16255,19,2
16256,34,1
16256,38,3
16256,29,1
16256,19,1
16257,39,2
16257,26,1
16257,19,1
16257,34,1
16258,29,1
16258,34,1
16258,19,2
16259,34,1
16259,19,1
16260,29,2
16260,19,2
16260,34,1
16260,26,1
16260,52,1
16261,8,2
16261,10,1
16262,18,1
16262,19,1
16262,27,1
16263,16,1
16263,46,3
16263,19,1
16264,18,1
16264,29,1
16264,19,1
16265,25,1
16265,19,1
16265,29,1
16266,19,1
16266,29,1
16267,13,1
16267,29,1
16267,19,1
16268,18,1
16268,29,1
16268,19,1
16268,21,1
16269,19,1
16269,18,1
16269,29,1
16270,36,2
16270,18,1
16271,29,1
16271,12,1
16271,17,1
16272,19,1
16272,34,1
16272,18,2
16273,36,1
16273,18,1
16273,19,1
16273,47,2
16274,34,1
16274,23,1
16274,29,1
16275,18,1
16275,19,1
16275,29,2
16276,25,2
16276,29,1
16276,18,1
16276,33,1
16277,19,1
16277,34,2
16278,29,1
16278,34,1
16278,19,1
16279,2,1
16279,29,1
16280,18,1
16281,68,1
16282,67,1
16283,36,1
16283,67,1
16283,37,1
16284,67,1
16284,70,1
16284,68,1
16284,36,2
16285,67,1
16285,35,1
16285,69,2
16286,67,1
16286,69,1
16286,68,1
16286,37,1
16287,7,1
16287,25,1
16287,68,1
16288,67,2
16288,19,2
16288,68,1
16288,70,1
16289,67,1
16289,70,2
16289,36,1
16290,36,1
16290,35,1
16291,34,1
16291,36,1
16291,68,2
16292,36,1
16292,70,1
16293,69,3
16293,36,1
16294,35,3
16294,30,1
16294,68,1
16294,69,2
16295,67,1
16295,69,1
16296,12,1
16296,68,1
16296,35,3
16297,35,1
16297,70,1
16297,6,1
16298,70,1
16298,18,2
16298,13,1
16299,67,1
16299,36,2
16300,69,1
16300,25,1
16300,70,1
16300,22,1
16301,70,1
16301,35,1
16301,68,1
16301,67,1
16301,17,1
16302,67,1
16303,69,1
16303,33,1
16303,67,1
16304,70,2
16304,39,1
16305,69,1
16305,15,1
16305,67,1
16306,36,1
16306,21,1
16306,67,1
16307,36,1
16307,67,1
16307,35,1
16308,68,1
16308,69,1
16309,68,1
16309,3,1
16310,67,1
16310,36,1
16310,70,1
16311,36,1
16312,68,1
16312,10,1
16312,36,3
16313,69,1
16313,68,1
16313,35,1
16314,68,1
16314,8,1
16314,35,1
16315,28,1
16315,35,1
16316,67,1
16316,68,1
16316,36,1
16317,69,1
16317,68,1
16317,35,2
16317,67,1
16318,70,1
16318,36,1
16318,67,2
16318,68,1
16319,18,1
16320,36,1
16320,35,2
16321,24,1
16321,23,2
16322,75,1
16322,20,1
16323,24,1
16323,20,1
16323,75,1
16323,22,2
16324,22,1
16324,75,1
16325,74,2
16325,23,1
16325,57,1
16326,22,1
16326,24,1
16326,23,1
16326,74,1
16327,24,1
16327,56,2
16327,23,1
16328,25,1
16328,20,1
16328,75,1
16328,22,1
16328,59,1
16329,25,1
16329,21,1
16330,22,2
16330,24,1
16330,32,1
16330,21,1
16331,74,1
16331,24,2
16332,15,1
16332,75,1
16333,22,1
16333,25,2
16334,57,1
16334,75,1
16334,21,2
16334,74,1
16335,40,1
16335,21,1
16335,22,1
16336,19,2
16336,25,1
16336,20,2
16337,21,1
16337,75,1
16337,22,1
16337,25,1
16338,23,1
16338,36,3
16338,34,2
16338,74,1
16338,5,1
16339,19,1
16339,22,1
16340,23,1
16340,74,1
16341,21,1
16341,27,1
16342,23,1
16342,22,1
16342,21,1
16342,16,1
16343,25,1
16343,74,1
16344,75,1
16344,23,2
16345,43,1
16345,24,1
16346,21,1
16346,10,1
16346,40,1
16346,48,2
16347,28,2
16347,25,1
16348,25,1
16348,50,1
16348,21,1
16349,25,3
16349,74,1
16350,74,1
16350,47,1
16350,48,2
16351,74,3
16351,22,1
16352,23,1
16352,74,1
16352,21,1
16353,23,2
16353,59,1
16353,25,1
16354,75,1
16354,1,1
16354,20,1
16355,10,1
16355,22,1
16355,5,1
16356,43,1
16356,25,1
16357,75,1
16357,8,1
16358,22,2
16358,24,1
16359,21,3
16359,25,1
16359,75,1
16359,5,1
16360,21,2
16360,74,1
16360,22,1
16361,38,1
16361,35,1
16362,69,1
16362,70,1
16363,35,2
16363,11,1
16364,68,3
16364,69,1
16365,67,1
16365,35,1
16365,32,1
16366,70,1
16366,68,1
16367,58,2
16367,35,1
16368,35,1
16368,52,1
16369,35,1
16369,69,1
16369,70,1
16369,68,1
16370,50,1
16370,69,2
16370,41,1
16371,69,1
16371,46,1
16372,36,1
16372,68,2
16372,35,1
16373,35,1
16373,69,1
16373,36,2
16374,68,1
16374,57,1
16375,68,1
16375,67,1
16375,26,2
16376,68,1
16377,50,1
16377,35,1
16378,36,1
16378,67,1
16379,69,1
16379,35,1
16379,68,1
16379,70,2
16380,46,1
16380,35,1
16380,68,1
16381,36,1
16381,32,1
16381,35,1
16382,67,2
16382,68,1
16383,69,1
16383,35,1
16384,67,2
16384,69,1
16385,67,2
16385,59,1
16386,53,1
16386,36,1
16386,69,1
16387,68,1
16387,69,1
16388,34,1
16388,35,3
16389,70,1
16389,11,1
16390,35,1
16390,36,2
16391,67,2
16391,69,1
16391,35,1
16391,70,1
16391,2,1
16392,18,1
16392,67,1
16393,2,1
16394,35,2
16394,69,2
16394,15,2
16395,68,2
16395,67,1
16396,35,3
16396,70,2
16396,67,2
16396,45,1
16397,68,1
16397,6,1
16397,51,1
16397,36,1
16398,67,1
16398,69,1
16398,35,1
16399,68,1
16399,69,1
16399,36,1
16400,23,2
16400,69,2
16401,40,2
16401,41,1
16401,31,1
16402,41,1
16402,22,1
16403,6,1
16403,37,2
16403,41,1
16403,42,1
16403,40,2
16404,38,1
16404,40,2
16405,37,1
16405,42,1
16406,37,1
16406,40,1
16406,42,1
16407,8,1
16408,39,1
16408,42,1
16409,37,1
16409,42,1
16409,41,1
16410,37,1
16410,39,1
16410,42,1
16411,42,1
16411,37,1
16411,39,1
16411,38,2
16411,40,1
16412,37,1
16412,38,1
16413,52,1
16413,40,1
16413,41,2
16414,42,1
16414,38,1
16414,39,1
16414,32,1
16415,42,1
16415,39,1
16415,37,1
16415,41,1
16416,22,1
16416,35,1
16416,37,1
16417,17,1
16417,41,1
16417,37,1
16417,42,1
16418,39,1
16418,38,2
16418,46,1
16418,5,1
16419,41,1
16419,37,1
16419,42,3
16419,39,1
16420,38,1
16420,39,1
16420,40,1
16420,42,2
16420,15,1
16421,19,1
16421,41,1
16421,40,2
16421,37,1
16422,41,1
16422,55,3
16423,42,1
16423,38,1
16423,37,1
16423,41,1
16423,18,1
16424,41,1
16424,40,1
16424,39,1
16425,40,1
16425,42,1
16425,41,1
16426,37,1
16426,39,2
16426,40,1
16427,42,1
16427,40,1
16427,41,1
16428,41,1
16428,40,1
16429,39,1
16429,42,1
16430,42,2
16430,19,1
16431,42,1
16431,37,1
16432,47,1
16432,41,1
16432,40,1
16432,37,2
16433,41,1
16433,39,1
16434,8,2
16434,41,1
16434,37,1
16434,38,3
16435,39,1
16435,38,1
16435,42,1
16435,8,1
16436,42,3
16436,59,3
16436,38,1
16437,40,1
16437,37,2
16437,46,2
16437,41,1
16438,14,1
16438,27,1
16439,39,2
16439,42,2
16439,40,1
16440,46,1
16440,38,1
16441,25,1
16441,6,1
16441,4,1
16442,3,1
16442,34,1
16442,7,1
16443,9,1
16443,2,1
16444,9,1
16444,3,1
16444,2,1
16445,6,1
16445,7,2
16446,9,2
16446,3,1
16446,4,1
16446,7,1
16447,7,1
16447,5,2
16447,3,1
16447,9,1
16448,56,1
16448,5,1
16449,1,1
16449,7,1
16449,4,1
16450,9,1
16450,4,1
16450,8,1
16451,51,1
16451,3,1
16451,9,1
16452,5,1
16452,6,1
16452,7,3
16452,1,1
16452,58,1
16453,5,1
16453,34,1
16453,2,1
16454,4,1
16454,45,1
16454,9,1
16455,1,1
16455,9,1
16456,6,1
16456,8,1
16457,7,1
16457,3,2
16457,21,2
16458,1,2
16458,8,1
16458,7,3
16459,2,1
16459,5,3
16460,9,1
16460,44,1
16460,39,2
16461,3,1
16461,59,1
16461,7,1
16462,7,1
16462,3,1
16462,6,1
16462,41,1
16463,45,1
16463,7,1
16464,60,1
16464,5,1
16464,8,1
16465,3,1
16465,2,1
16466,58,1
16466,8,1
16467,2,1
16467,40,1
16468,1,1
16468,2,1
16468,8,1
16468,6,2
16469,14,2
16469,7,1
16470,5,1
16470,2,1
16470,47,1
16471,2,1
16471,5,1
16471,17,2
16472,7,2
16472,6,2
16473,35,1
16473,9,2
16474,4,1
16474,3,1
16474,8,1
16475,6,1
16475,45,1
16475,1,1
16475,5,1
16476,6,1
16476,41,2
16476,9,1
16476,44,3
16477,4,1
16477,3,1
16478,6,1
16478,3,1
16479,6,1
16479,1,2
16480,1,1
16480,9,1
16481,5,2
16481,80,2
16482,78,3
16482,31,1
16483,78,1
16483,73,2
16483,75,1
16483,76,1
16484,77,1
16484,73,1
16484,41,1
16484,75,1
16485,48,1
16485,73,2
16485,74,1
16486,2,1
16486,53,1
16487,71,1
16487,78,1
16487,75,1
16487,74,1
16487,80,1
16488,79,2
16488,73,1
16488,25,1
16488,76,1
16489,73,1
16489,71,3
16490,77,1
16490,78,1
16491,74,1
16491,79,1
16491,48,1
16491,76,1
16492,71,2
16492,75,1
16492,73,1
16492,56,1
16493,58,1
16493,74,1
16493,79,2
16493,45,1
16493,73,1
16494,28,1
16494,73,1
16495,71,3
16495,73,1
16495,74,1
16495,80,1
16496,71,1
16496,22,1
16496,78,1
16497,72,1
16497,76,1
16497,74,1
16498,75,2
16498,72,1
16498,77,2
16498,79,1
16499,80,1
16499,79,2
16499,78,1
16500,71,1
16500,74,2
16500,73,1
16501,75,3
16501,23,1
16501,40,1
16501,11,1
16502,79,1
16502,77,1
16502,73,1
16502,76,2
16503,71,1
16503,41,3
16503,55,1
16503,79,1
16504,74,1
16504,80,1
16504,71,1
16504,78,1
16505,73,3
16505,78,1
16505,74,1
16506,75,1
16506,79,1
16506,80,1
16507,73,2
16507,79,1
16508,3,1
16508,72,1
16509,73,1
16509,75,1
16510,74,2
16510,73,3
16510,22,1
16510,79,1
16511,56,1
16511,71,1
16512,73,1
16512,80,1
16512,14,1
16512,51,2
16513,33,1
16513,19,1
16513,72,1
16514,71,1
16514,74,1
16515,49,1
16515,4,1
16515,76,1
16516,80,1
16516,72,1
16517,80,1
16517,78,1
16517,75,1
16518,77,1
16518,79,1
16518,76,1
16519,75,1
16519,72,1
16519,27,1
16520,35,1
16521,52,1
16521,60,1
16521,58,1
16522,56,1
16522,10,1
16522,9,1
16522,60,1
16523,58,2
16523,39,1
16524,60,1
16524,59,1
16525,57,1
16525,56,1
16525,60,2
16526,59,2
16526,8,1
16527,56,1
16527,60,1
16528,56,2
16528,60,1
16528,57,1
16529,57,2
16529,59,2
16529,56,1
16530,60,1
16530,59,1
16530,58,1
16531,60,1
16531,26,1
16531,56,1
16531,57,1
16532,12,1
16532,56,1
16532,57,1
16532,28,1
16532,60,1
16533,60,1
16533,56,1
16533,57,1
16534,59,2
16534,56,1
16535,5,1
16535,6,1
16536,60,1
16536,59,1
16537,56,1
16537,57,1
16537,58,2
16537,40,1
16538,60,1
16538,58,1
16538,38,1
16539,58,1
16539,59,1
16540,57,2
16540,14,2
16540,59,1
16540,60,3
16541,49,1
16541,57,3
16542,57,1
16542,59,2
16542,60,1
16543,60,1
16543,55,1
16543,59,1
16543,56,1
16543,57,1
16544,58,1
16544,59,1
16544,57,1
16545,56,1
16545,29,1
16545,57,2
16546,56,1
16546,57,1
16546,59,1
16547,59,1
16547,58,1
16547,56,1
16548,59,2
16548,36,3
16549,58,1
16549,60,1
16550,15,1
16550,42,1
16550,59,1
16551,7,1
16552,59,1
16552,57,1
16553,60,1
16553,35,1
16553,59,1
16554,16,1
16554,56,1
16555,59,1
16555,57,1
16555,22,1
16556,58,1
16556,56,3
16557,14,1
16557,57,1
16557,58,1
16557,56,1
16557,59,1
16558,14,1
16558,57,1
16558,22,1
16559,56,1
16559,58,2
16560,59,1
16560,57,1
16561,29,1
16561,18,1
16561,34,1
16562,19,1
16563,29,1
16564,18,1
16564,34,1
16564,19,1
16565,34,3
16565,18,1
16565,19,1
16566,55,1
16566,19,1
16566,34,2
16566,29,1
16567,19,1
16568,18,1
16568,19,2
16568,29,1
16569,34,1
16569,29,2
16569,39,1
16570,29,1
16570,34,1
16570,18,1
16570,1,1
16571,34,1
16571,29,1
16572,29,2
16572,16,1
16572,19,2
16573,19,1
16573,29,1
16573,18,1
16573,49,1
16574,31,1
16574,18,1
16574,29,1
16575,48,2
16575,29,1
16575,18,2
16576,19,2
16577,19,1
16577,17,1
16578,18,1
16578,34,1
16579,18,1
16579,29,1
16580,19,1
16580,29,1
16581,34,1
16581,19,3
16581,18,1
16581,55,1
16582,18,2
16582,19,1
16582,29,1
16582,34,1
16583,34,1
16583,29,1
16583,18,1
16583,27,1
16584,29,2
16584,34,1
16584,18,2
16585,34,1
16585,18,1
16585,29,1
16585,19,2
16585,9,1
16586,34,1
16586,29,1
16586,18,1
16587,18,1
16587,34,1
16587,29,1
16587,19,1
16588,46,1
16588,18,1
16589,29,2
16589,18,1
16589,34,1
16589,51,1
16590,1,2
16590,18,1
16590,41,1
16591,29,1
16591,18,1
16591,19,1
16592,19,1
16592,34,2
16592,18,1
16593,18,1
16593,29,1
16594,34,1
16594,19,2
16595,19,1
16595,18,1
16596,34,1
16596,18,1
16597,19,1
16597,33,1
16598,18,1
16598,29,1
16599,19,3
16599,18,1
16599,29,1
16600,18,2
16600,19,1
16600,34,1
16601,61,1
16601,32,1
16602,64,1
16602,61,1
16603,63,1
16604,61,1
16604,62,2
16605,64,1
16605,63,2
16605,65,1
16606,48,1
16606,66,1
16606,63,1
16607,61,1
16607,63,1
16608,63,1
16608,65,1
16608,62,1
16609,63,1
16609,64,1
16609,61,1
16610,65,1
16610,62,1
16610,49,1
16611,62,1
16611,66,1
16612,18,2
16612,11,1
16612,63,1
16613,65,1
16613,62,1
16614,66,1
16614,61,1
16614,65,1
16614,3,1
16615,65,1
16615,64,1
16615,5,1
16616,65,2
16616,66,1
16616,31,1
16617,43,1
16617,65,1
16617,64,1
16618,46,1
16618,65,1
16619,61,1
16620,64,1
16620,66,1
16620,35,1
16621,45,1
16621,66,1
16621,63,1
16621,33,1
16622,63,1
16622,61,1
16622,38,2
16622,64,1
16623,63,1
16623,11,1
16623,42,1
16623,64,2
16623,62,2
16624,64,1
16624,65,1
16624,38,1
16625,64,1
16625,62,1
16625,25,2
16626,57,1
16626,62,1
16627,61,1
16627,64,1
16627,62,3
16628,66,1
16628,64,3
16628,61,1
16628,65,1
16629,66,1
16629,64,1
16629,65,1
16629,31,1
16630,61,1
16630,65,1
16631,63,1
16631,62,2
16631,7,1
16632,65,1
16632,64,1
16633,65,1
16633,64,2
16634,62,1
16634,16,2
16635,28,1
16635,62,2
16636,62,1
16637,61,1
16637,64,1
16637,63,1
16638,65,1
16638,66,1
16639,66,1
16639,64,1
16640,62,3
16640,65,1
16640,61,1
16641,41,1
16641,39,1
16641,42,1
16641,19,1
16642,41,1
16642,24,2
16642,37,1
16642,39,1
16643,59,2
16643,42,2
16644,41,2
16644,40,1
16645,2,1
16645,42,2
16646,39,1
16646,37,1
16646,38,1
16647,2,1
16647,56,2
16647,41,1
16647,12,1
16648,42,1
16648,27,1
16648,40,3
16649,38,1
16649,40,1
16649,37,3
16650,39,1
16650,40,1
16650,31,2
16650,37,1
16651,39,1
16651,38,1
16651,37,2
16651,40,1
16652,40,1
16652,45,2
16652,15,1
16652,39,3
16653,42,1
16653,40,1
16653,49,1
16653,38,1
16654,37,1
16654,40,1
16654,38,2
16655,37,1
16655,39,1
16655,42,1
16656,39,1
16656,38,1
16656,42,1
16657,38,1
16657,42,1
16657,20,1
16658,59,1
16659,39,1
16659,37,1
16659,42,1
16659,4,1
16659,10,1
16660,39,1
16660,41,1
16661,41,2
16661,38,1
16661,37,2
16662,42,1
16662,37,1
16662,39,1
16663,38,1
16663,39,1
16663,22,1
16664,58,2
16664,42,1
16664,39,1
16665,37,1
16665,40,2
16665,39,1
16665,41,1
16666,41,2
16666,46,1
16666,42,2
16667,37,1
16667,41,2
16667,38,1
16667,6,1
16668,48,1
16668,39,1
16668,41,1
16668,42,1
16669,39,1
16669,40,1
16669,38,1
16669,35,1
16670,38,1
16670,42,1
16670,37,2
16671,38,1
16671,45,1
16672,42,1
16672,39,1
16673,37,1
16673,38,2
16674,40,2
16674,37,1
16675,41,1
16675,39,1
16675,37,1
16676,38,2
16676,39,2
16676,41,1
16677,39,1
16677,38,1
16677,37,1
16678,40,1
16678,42,2
16679,38,1
16679,52,2
16680,41,1
16680,37,1
16681,15,1
16681,12,1
16682,12,1
16682,11,1
16683,12,1
16683,15,1
16683,13,1
16684,12,1
16684,5,1
16685,16,2
16685,13,1
16685,5,1
16686,13,1
16686,10,1
16686,12,2
16686,17,1
16687,11,1
16687,13,2
16687,14,1
16688,14,3
16688,11,1
16689,15,1
16689,43,2
16690,20,2
16690,12,1
16690,55,1
16691,12,2
16691,11,1
16691,15,1
16691,13,1
16692,7,1
16692,10,1
16692,16,1
16692,15,1
16693,13,1
16693,37,1
16693,10,3
16694,10,1
16694,14,1
16694,13,1
16694,12,1
16695,16,1
16695,14,1
16695,10,1
16695,15,1
16696,16,1
16696,15,2
16697,12,1
16697,15,1
16698,15,1
16698,13,3
16698,14,1
16699,15,1
16699,11,3
16699,16,1
16700,14,1
16700,20,1
16701,13,1
16701,11,1
16702,16,1
16702,13,1
16703,12,1
16703,41,1
16703,11,1
16703,16,1
16704,12,1
16705,10,1
16705,13,1
16706,11,2
16706,14,2
16706,57,3
16706,13,2
16707,15,1
16707,12,1
16708,13,1
16708,10,1
16709,11,1
16709,12,1
16709,5,1
16710,16,1
16710,11,1
16711,16,1
16711,15,1
16712,11,1
16712,10,1
16713,14,1
16713,13,1
16714,36,1
16714,14,1
16714,12,1
16715,46,1
16715,10,1
16715,15,2
16716,12,1
16716,11,1
16716,15,1
16717,15,1
16717,12,1
16718,12,2
16718,30,1
16719,15,2
16719,13,1
16720,30,1
16720,15,1
16721,29,1
16721,17,1
16722,7,1
16722,2,3
16722,43,1
16723,1,1
16723,6,1
16724,2,1
16724,8,1
16724,5,2
16725,8,1
16725,7,1
16725,1,1
16726,4,2
16726,9,2
16727,1,1
16727,3,1
16727,12,1
16728,8,1
16728,9,1
16728,4,1
16729,3,1
16729,2,1
16730,21,1
16730,8,3
16730,56,1
16731,2,1
16731,9,1
16731,1,1
16732,6,1
16732,3,1
16733,2,1
16733,27,1
16734,3,1
16734,22,1
16735,9,2
16735,4,1
16736,1,1
16736,2,1
16737,5,2
16737,49,3
16737,2,1
16738,3,1
16738,56,1
16738,55,1
16739,3,1
16739,7,1
16739,8,1
16740,1,1
16740,8,1
16740,3,1
16740,4,1
16741,59,1
16741,7,1
16742,5,1
16742,2,1
16742,9,1
16743,2,1
16743,4,1
16743,35,2
16744,6,1
16744,1,2
16745,41,1
16745,8,1
16746,4,1
16746,7,1
16746,9,3
16747,3,3
16747,2,1
16748,8,1
16749,3,1
16749,9,1
16749,8,2
16750,55,2
16750,4,1
16751,16,2
16751,1,1
16751,4,2
16751,3,1
16752,29,1
16752,1,1
16753,6,1
16753,5,1
16754,2,1
16754,4,1
16754,1,1
16755,4,1
16755,5,1
16756,7,1
16756,46,1
16757,8,1
16757,48,2
16757,2,1
16757,5,2
16758,6,1
16758,21,1
16758,5,1
16759,50,1
16759,24,1
16760,4,1
16760,33,2
16761,52,1
16761,75,1
16762,77,1
16762,56,1
16762,78,1
16762,71,1
16763,80,2
16763,51,1
16763,73,1
16763,76,1
16764,41,1
16764,71,3
16764,78,2
16765,72,1
16765,76,1
16765,73,2
16765,79,1
16766,72,1
16766,10,1
16767,11,3
16767,48,1
16767,77,1
16767,5,1
16768,80,1
16768,76,2
16768,78,1
16769,2,1
16769,72,1
16769,76,1
16770,77,1
16770,48,1
16771,73,1
16771,79,1
16771,71,1
16772,80,1
16772,77,1
16772,58,2
16772,72,2
16773,77,1
16773,78,1
16774,74,1
16774,78,1
16774,50,1
16775,77,1
16775,36,1
16775,71,1
16775,74,1
16776,76,1
16776,25,1
16776,73,2
16777,74,2
16777,72,2
16778,72,1
16778,73,1
16778,79,1
16778,76,3
16778,77,1
16779,78,1
16779,76,1
16780,73,1
16780,79,1
16780,71,1
16780,13,1
16781,2,1
16781,73,1
16782,80,1
16782,75,1
16782,73,1
16783,22,1
16783,79,1
16783,71,1
16784,78,1
16784,72,1
16784,80,1
16785,71,1
16785,80,2
16785,9,1
16786,80,1
16786,72,1
16786,76,1
16787,74,1
16787,79,2
16788,71,2
16788,35,3
16788,72,1
16788,80,2
16789,77,1
16789,74,1
16789,73,1
16789,72,1
16789,79,1
16790,79,1
16790,76,1
16790,78,1
16791,76,1
16791,73,1
16791,46,2
16792,79,1
16792,78,1
16792,71,1
16792,75,2
16793,71,1
16793,72,1
16794,23,1
16794,76,1
16794,73,3
16794,77,1
16795,78,1
16795,73,1
16795,80,1
16795,76,2
16796,75,1
16796,43,1
16797,78,3
16797,38,1
16797,72,1
16798,78,1
16798,77,1
16798,39,1
16798,72,1
16799,40,2
16799,77,1
16799,76,1
16800,21,1
16800,73,3
16801,19,1
16801,59,1
16801,57,1
16801,56,1
16802,60,1
16802,57,1
16803,60,3
16803,59,1
16803,58,1
16803,57,1
16804,60,1
16804,56,1
16805,58,1
16805,48,2
16805,57,2
16805,56,1
16806,57,1
16806,58,1
16806,59,1
16807,58,1
16807,57,1
16807,56,1
16808,36,1
16808,57,1
16808,60,1
16809,60,2
16809,37,1
16810,58,1
16810,60,1
16810,57,1
16811,59,1
16811,60,2
16812,59,1
16812,60,2
16812,58,1
16812,56,1
16813,53,1
16813,59,1
16813,57,1
16813,58,3
16814,58,1
16814,57,1
16814,24,1
16815,57,1
16815,58,1
16815,56,1
16816,28,1
16816,60,1
16817,60,1
16817,57,1
16817,56,1
16817,58,2
16817,35,1
16818,56,3
16818,60,1
16819,56,1
16819,57,1
16819,60,2
16819,58,2
16819,14,1
16820,58,1
16820,59,1
16820,60,2
16821,57,1
16821,59,1
16821,4,1
16822,57,1
16822,60,1
16822,21,1
16823,57,1
16823,60,3
16823,59,2
16823,58,1
16824,58,1
16824,56,1
16825,58,1
16825,59,1
16825,57,3
16825,45,1
16825,60,1
16826,59,2
16826,57,1
16826,31,1
16827,57,1
16827,60,1
16828,57,1
16828,59,1
16828,56,3
16829,58,1
16829,56,1
16830,35,1
16830,57,1
16831,59,1
16831,1,2
16831,56,1
16832,56,1
16832,59,1
16832,58,1
16833,57,1
16833,58,1
16833,21,2
16834,56,2
16834,57,2
16834,16,1
16835,5,1
16835,56,3
16836,56,1
16836,31,1
16836,60,2
16836,57,1
16837,60,1
16837,26,1
16838,56,1
16838,57,3
16838,60,1
16839,57,1
16839,59,2
16839,58,1
16840,59,1
16840,60,1
16840,57,1
16841,29,2
16841,18,2
16842,29,1
16842,19,1
16843,29,1
16844,19,1
16844,34,1
16845,25,1
16845,19,2
16845,29,1
16846,19,2
16846,27,1
16846,34,1
16847,18,1
16847,29,1
16847,38,1
16848,29,1
16848,19,1
16848,18,1
16849,18,1
16849,19,1
16849,29,2
16850,29,1
16851,2,1
16851,18,1
16851,29,1
16852,19,1
16852,29,1
16853,34,1
16853,58,1
16853,3,1
16853,44,1
16853,29,1
16854,10,1
16854,18,1
16854,27,1
16855,34,1
16855,19,1
16856,18,1
16856,34,2
16856,29,1
16857,29,1
16857,19,1
16857,18,2
16858,19,1
16858,23,1
16859,34,1
16859,19,1
16860,18,1
16860,19,2
16860,29,1
16860,52,2
16861,34,1
16861,18,1
16861,29,2
16861,19,1
16862,53,1
16862,18,1
16863,43,2
16863,18,1
16864,34,1
16864,18,2
16864,25,1
16864,38,1
16865,29,1
16865,19,1
16866,19,1
16866,29,1
16867,34,1
16867,11,1
16867,18,1
16867,19,1
16868,29,3
16868,34,2
16869,49,2
16869,35,1
16869,18,1
16870,18,1
16871,18,1
16872,19,1
16872,3,1
16872,14,1
16872,34,1
16872,6,1
16873,34,1
16873,48,1
16873,45,1
16874,49,2
16874,43,1
16875,18,1
16875,29,1
16875,28,1
16876,29,1
16876,18,1
16877,29,1
16877,18,3
16878,19,1
16878,18,2
16879,18,1
16879,47,1
16880,9,1
16880,19,1
16881,66,1
16881,55,1
16882,58,1
16882,60,1
16883,53,1
16883,65,1
16883,69,2
16884,47,1
16884,60,2
16884,54,1
16884,58,1
16885,56,2
16885,60,1
16885,27,1
16886,51,1
16886,69,1
16886,63,2
16886,25,1
16887,27,1
16887,55,1
16887,63,1
16887,52,1
16888,63,1
16889,51,1
16889,65,1
16889,52,1
16890,57,2
16890,62,2
16890,9,1
16890,51,1
16891,56,1
16891,63,1
16892,57,1
16892,52,1
16892,68,1
16892,62,1
16893,51,1
16893,66,2
16893,37,2
16894,58,1
16894,65,1
16895,61,2
16895,53,2
16895,54,1
16896,42,1
16896,64,1
16897,53,1
16897,67,1
16897,42,3
16898,66,1
16898,69,1
16899,35,1
16899,19,2
16900,67,1
16900,37,2
16900,59,1
16900,55,1
16901,68,1
16901,64,1
16902,35,2
16902,27,1
16902,30,1
16903,62,3
16904,64,1
16904,56,1
16904,66,1
16905,14,1
16905,68,2
16906,70,1
16906,58,1
16907,61,1
16907,65,1
16908,52,1
16908,16,1
16908,54,1
16909,53,1
16909,55,1
16910,70,1
16910,63,1
16911,60,1
16912,70,1
16912,52,1
16913,52,2
16913,66,1
16914,65,1
16914,62,2
16915,67,1
16915,69,1
16915,58,1
16916,69,1
16916,54,1
16916,52,1
16916,56,1
16916,64,1
16917,67,1
16917,60,1
16917,40,1
16918,51,1
16918,66,1
16918,58,1
16919,53,1
16919,69,1
16920,69,1
16920,54,1
16921,59,1
16921,23,1
16922,59,1
16922,7,1
16922,6,3
16923,3,1
16923,4,1
16923,27,1
16924,1,1
16924,36,1
16924,3,1
16925,59,1
16925,57,1
16925,9,1
16926,12,1
16926,1,1
16926,6,1
16926,9,1
16927,57,1
16927,8,1
16927,4,3
16928,7,1
16928,34,1
16928,8,3
16929,2,1
16929,5,2
16929,7,1
16930,5,1
16930,6,1
16930,4,2
16931,3,1
16931,5,1
16932,2,1
16932,4,1
16932,5,1
16933,9,2
16933,2,3
16934,5,1
16935,1,2
16935,20,2
16936,2,1
16936,6,1
16937,6,2
16937,7,1
16938,9,1
16939,1,2
16939,8,1
16940,3,1
16940,5,1
16940,9,1
16941,1,1
16941,29,1
16942,3,1
16942,1,1
16943,1,1
16943,59,1
16944,1,3
16944,2,2
16945,5,1
16945,9,1
16946,7,3
16946,5,1
16947,6,1
16947,9,1
16948,6,1
16948,7,1
16948,2,1
16948,8,1
16949,2,2
16949,1,2
16949,9,1
16950,8,1
16950,9,1
16951,5,1
16952,5,1
16952,8,1
16952,4,1
16952,44,1
16953,1,2
16953,4,1
16953,2,2
16954,3,1
16955,58,1
16955,24,1
16955,8,1
16955,55,2
16956,7,2
16956,9,1
16956,4,1
16957,6,1
16957,2,2
16958,1,1
16958,5,1
16959,8,1
16959,1,3
16960,29,2
16960,8,1
16960,10,1
16961,41,2
16961,12,1
16962,36,1
16962,18,1
16963,35,1
16963,67,1
16963,44,1
16964,68,1
16964,69,2
16964,70,1
16964,35,1
16965,41,1
16965,69,1
16965,68,1
16965,3,1
16966,68,1
16966,70,1
16966,43,1
16967,35,1
16967,46,2
16968,2,1
16968,36,1
16969,13,1
16969,36,1
16970,22,1
16971,24,1
16971,35,1
16971,67,1
16972,70,1
16972,69,1
16972,35,1
16972,68,1
16973,70,1
16973,13,1
16973,68,1
16974,69,2
16975,8,1
16975,35,1
16976,69,2
16976,67,1
16976,70,1
16977,35,1
16978,69,1
16978,13,1
16978,36,1
16978,35,1
16979,31,2
16979,67,2
16979,68,1
16979,16,1
16980,67,1
16980,25,1
16980,36,1
16980,69,1
16981,68,1
16981,69,3
16982,67,1
16982,35,1
16982,51,3
16982,36,1
16983,70,1
16983,68,1
16983,36,1
16984,69,2
16985,31,2
16985,69,1
16985,23,2
16985,43,1
16986,68,1
16986,42,1
16986,70,1
16986,36,3
16986,67,1
16987,22,1
16987,67,1
16988,70,1
16988,36,1
16988,67,1
16988,69,2
16989,35,1
16989,68,1
16990,35,1
16990,68,1
16991,67,1
16991,35,1
16992,35,1
16992,36,1
16993,34,1
16993,36,1
16993,70,1
16994,36,1
16994,32,3
16994,35,1
16995,36,1
16995,69,1
16995,35,1
16996,36,3
16996,7,1
16997,36,1
16997,35,1
16998,36,1
16998,69,1
16998,70,2
16999,35,1
16999,36,1
16999,40,3
17000,69,1
17000,35,1
17000,70,1
17001,10,2
17001,11,2
17001,12,1
17001,15,1
17002,14,1
17002,59,1
17002,13,2
17003,16,2
17003,10,1
17003,13,1
17003,11,2
17004,12,1
17004,13,1
17004,46,1
17004,11,3
17005,12,1
17005,16,1
17006,14,1
17006,15,3
17006,13,1
17006,12,1
17007,11,2
17008,8,1
17008,27,1
17009,11,1
17009,58,1
17010,12,2
17010,11,2
17011,15,1
17011,10,1
17012,16,2
17012,15,1
17012,14,2
17013,10,1
17013,13,2
17013,11,1
17013,12,3
17013,16,3
17014,12,1
17014,15,3
17015,12,1
17015,10,1
17015,16,1
17016,11,1
17016,42,1
17016,14,1
17017,12,2
17017,13,2
17017,11,1
17018,11,1
17018,3,1
17019,15,1
17019,16,1
17019,14,1
17020,13,2
17020,12,2
17020,27,1
17021,12,3
17021,13,1
17022,1,1
17022,10,1
17023,10,1
17023,15,1
17024,16,1
17024,15,1
17025,13,3
17025,16,1
17025,10,1
17026,10,2
17026,11,2
17026,14,1
17027,10,2
17027,12,1
17027,45,2
17028,15,1
17028,11,1
17029,13,1
17030,12,1
17030,11,1
17031,11,2
17031,16,1
17031,14,2
17032,14,1
17032,11,1
17032,12,1
17032,20,1
17033,15,1
17033,11,1
17033,54,1
17034,14,2
17034,13,1
17034,36,1
17035,16,1
17035,11,2
17036,15,3
17036,14,1
17036,13,1
17037,15,1
17037,10,2
17037,16,2
17037,13,1
17038,11,1
17038,6,1
17039,14,1
17039,12,1
17040,13,1
17040,16,3
17040,10,3
17041,75,1
17041,25,1
17041,26,1
17042,21,1
17042,25,1
17042,74,1
17043,75,1
17043,54,1
17044,23,1
17044,51,1
17044,21,1
17045,21,2
17045,22,1
17045,74,1
17046,34,1
17046,47,1
17046,75,3
17046,38,1
17047,74,1
17047,20,1
17047,24,3
17048,22,1
17048,20,2
17048,75,1
17048,74,1
17049,23,1
17049,20,1
17050,74,3
17050,25,1
17050,24,1
17051,74,2
17051,24,1
17052,24,1
17052,74,2
17052,16,1
17053,20,1
17053,33,1
17053,24,1
17053,75,1
17054,24,2
17054,23,3
17055,74,1
17055,25,1
17055,75,1
17055,22,1
17056,25,2
17056,23,1
17057,22,1
17057,25,1
17058,25,1
17058,19,3
17059,75,1
17059,20,2
17059,33,2
17060,13,1
17060,75,1
17060,55,2
17061,21,2
17061,74,2
17061,13,1
17062,25,1
17062,24,1
17063,75,1
17063,21,1
17063,54,1
17063,22,1
17064,29,1
17064,74,1
17064,20,1
17065,75,1
17065,22,1
17066,24,2
17066,58,2
17066,22,1
17067,75,1
17067,23,1
17067,74,1
17067,25,1
17068,15,1
17068,74,1
17068,21,1
17068,25,2
17068,20,1
17069,25,3
17069,21,1
17070,75,1
17070,26,1
17070,23,2
17071,74,2
17071,20,2
17071,21,1
17072,25,3
17072,75,2
17072,22,1
17073,21,1
17073,27,1
17074,20,1
17074,21,1
17075,52,1
17075,74,1
17075,25,1
17076,2,1
17076,17,1
17076,8,1
17077,21,1
17077,22,2
17078,75,1
17078,74,1
17078,24,1
17078,25,2
17079,20,1
17080,52,3
17080,20,1
17081,52,1
17081,66,1
17081,51,2
17082,2,2
17082,55,1
17082,60,1
17083,54,1
17083,25,1
17083,67,1
17083,62,2
17084,21,1
17084,36,2
17084,70,1
17085,54,1
17085,67,2
17086,57,1
17086,64,1
17087,57,1
17087,58,2
17087,37,1
17088,62,1
17089,69,1
17089,52,2
17089,56,1
17089,5,1
17089,3,1
17090,55,1
17090,58,1
17090,52,1
17090,60,1
17091,55,1
17091,56,1
17091,52,1
17091,61,1
17092,14,1
17092,55,1
17093,1,1
17093,58,1
17093,10,3
17094,68,1
17094,3,1
17095,54,1
17095,70,1
17095,52,1
17096,57,1
17096,70,1
17096,65,1
17097,63,1
17097,54,2
17098,65,1
17098,23,1
17098,69,2
17099,57,1
17099,66,1
17099,64,1
17100,59,2
17100,53,1
17100,68,1
17101,30,1
17101,70,1
17101,53,2
17101,50,1
17102,66,2
17102,63,1
17103,62,1
17103,52,1
17103,55,1
17104,67,2
17104,62,2
17104,65,1
17104,70,1
17105,53,1
17105,60,1
17105,54,3
17105,68,1
17106,69,1
17106,63,1
17106,59,1
17107,51,1
17107,54,2
17107,56,2
17107,33,1
17107,59,1
17108,70,1
17108,69,2
17108,58,1
17109,68,1
17109,60,1
17110,5,1
17110,53,1
17110,65,1
17110,52,1
17110,51,1
17111,60,1
17111,67,1
17112,68,2
17112,59,1
17113,18,1
17113,59,1
17114,65,2
17114,63,1
17115,54,3
17115,64,1
17116,62,1
17116,63,2
17117,57,1
17117,62,1
17117,55,1
17117,64,2
17118,52,1
17118,69,1
17119,67,1
17119,63,1
17120,54,1
17120,52,1
17121,22,1
17121,25,1
17121,58,1
17122,23,1
17122,22,1
17122,24,2
17122,25,1
17123,23,1
17123,24,1
17123,22,1
17124,24,2
17124,14,1
17125,23,2
17125,24,1
17126,25,1
17126,60,2
17127,25,1
17127,22,1
17128,23,1
17128,58,1
17128,30,1
17129,22,1
17129,23,1
17130,23,3
17130,24,1
17130,11,2
17131,24,3
17131,22,1
17131,31,1
17132,22,1
17132,23,1
17132,10,1
17133,23,2
17133,24,1
17134,25,1
17134,12,1
17134,24,1
17135,36,2
17135,23,1
17136,23,1
17136,41,1
17136,25,1
17136,22,1
17137,23,1
17137,43,1
17138,23,1
17138,22,3
17138,25,1
17138,51,2
17139,24,1
17139,51,1
17140,22,1
17140,23,1
17140,25,2
17140,24,1
17141,39,1
17141,25,1
17141,22,1
17142,16,1
17142,23,1
17143,25,1
17143,33,1
17143,37,1
17144,25,1
17144,24,1
17144,22,2
17144,23,1
17145,23,1
17145,22,1
17145,25,1
17146,11,1
17146,54,1
17147,24,3
17147,25,1
17148,52,1
17148,22,1
17148,60,1
17149,25,1
17149,22,1
17149,24,1
17150,56,1
17150,23,1
17151,25,1
17152,22,1
17152,23,1
17153,24,1
17153,3,1
17153,23,1
17154,22,1
17154,23,1
17154,25,1
17155,23,1
17155,22,1
17155,25,1
17156,25,1
17156,22,1
17156,23,1
17157,25,3
17157,24,1
17158,23,2
17158,25,1
17158,24,1
17159,23,1
17159,22,1
17160,25,2
17160,11,1
17160,24,1
17160,22,1
17161,12,1
17161,10,2
17162,14,1
17162,36,1
17162,15,1
17162,10,1
17163,14,1
17163,10,1
17163,45,1
17163,13,1
17164,12,1
17164,16,2
17164,10,1
17165,14,1
17165,11,1
17166,15,1
17167,11,1
17167,14,2
17167,18,1
17167,10,1
17168,11,1
17168,18,1
17168,10,2
17169,16,1
17170,13,2
17170,11,1
17170,37,2
17170,16,1
17170,10,1
17171,10,1
17171,16,2
17171,13,2
17171,15,1
17171,14,1
17172,27,1
17172,15,1
17173,15,1
17173,12,1
17173,33,3
17174,13,2
17174,8,1
17175,10,1
17175,32,1
17175,14,1
17175,16,1
17176,1,1
17176,13,1
17176,10,1
17176,15,1
17177,14,1
17177,12,1
17177,16,1
17178,12,1
17178,15,1
17179,10,1
17179,58,1
17179,11,1
17180,29,1
17180,15,1
17181,12,2
17181,13,1
17182,51,1
17182,10,2
17182,24,1
17183,12,1
17183,16,1
17184,12,1
17184,16,1
17184,11,2
17185,12,1
17186,12,1
17186,11,1
17187,15,1
17187,13,3
17187,10,2
17188,16,2
17188,12,2
17188,11,1
17189,10,1
17189,13,1
17189,12,1
17190,12,1
17190,50,1
17191,14,1
17191,13,2
17192,11,1
17192,15,2
17193,43,1
17193,34,1
17193,40,1
17193,11,1
17193,13,2
17194,13,1
17194,10,1
17194,15,1
17195,13,1
17195,15,1
17196,15,1
17196,14,1
17196,16,1
17197,49,1
17197,14,1
17198,10,1
17198,16,1
17199,15,2
17200,14,1
17200,16,1
17200,28,2
17200,13,2
17201,20,1
17201,25,1
17201,46,2
17202,25,1
17202,21,1
17202,4,1
17203,74,1
17203,52,1
17203,20,1
17203,28,2
17204,21,1
17204,22,1
17205,24,1
17205,22,1
17205,23,1
17205,74,1
17206,25,1
17206,24,1
17206,75,1
17207,24,1
17207,41,1
17207,75,1
17207,21,1
17207,20,2
17208,25,2
17208,20,3
17209,20,1
17209,21,2
17209,24,3
17209,23,1
17210,17,2
17210,21,1
17211,24,1
17211,25,1
17211,74,1
17212,24,1
17212,75,2
17212,20,1
17212,25,2
17212,54,1
17213,23,3
17213,25,3
17213,21,1
17214,22,1
17214,29,1
17215,23,2
17215,60,1
17215,21,1
17215,20,1
17215,16,2
17216,25,1
17216,57,2
17216,21,1
17216,24,1
17217,39,1
17217,75,1
17217,21,1
17217,25,1
17218,24,1
17218,75,2
17219,7,1
17219,12,1
17220,75,2
17220,12,2
17221,74,1
17221,75,2
17221,20,1
17222,75,2
17222,25,1
17222,28,1
17223,22,1
17223,74,1
17223,5,2
17223,25,1
17224,22,2
17224,25,1
17224,74,1
17225,22,1
17225,6,1
17225,40,3
17226,20,1
17226,21,1
17227,20,3
17227,25,1
17228,20,1
17229,75,1
17229,20,2
17229,38,1
17230,23,3
17230,22,1
17230,29,1
17231,75,1
17231,22,1
17231,21,1
17232,20,1
17232,24,3
17233,23,3
17233,74,1
17234,22,3
17234,25,2
17234,74,1
17235,25,1
17235,24,1
17235,74,1
17235,22,1
17236,74,1
17236,23,1
17236,24,1
17236,22,2
17237,74,1
17237,75,2
17237,25,1
17238,24,2
17238,21,1
17238,25,1
17239,20,2
17239,31,1
17240,22,3
17240,75,2
17240,21,1
17241,13,1
17241,11,1
17241,44,1
17241,14,2
17242,16,2
17242,14,1
17243,33,1
17243,28,1
17243,14,1
17243,12,1
17244,16,2
17244,14,2
17245,11,2
17245,13,1
17245,12,1
17245,10,2
17246,12,2
17247,16,1
17247,14,1
17247,10,1
17248,13,3
17248,26,1
17249,14,1
17249,11,1
17250,55,1
17250,11,1
17250,15,2
17251,14,1
17251,37,1
17251,11,1
17252,10,1
17252,13,1
17253,16,1
17253,11,1
17254,12,1
17254,22,1
17255,14,1
17255,11,1
17255,12,2
17256,13,1
17256,16,1
17257,5,1
17257,11,1
17258,37,1
17258,15,1
17259,14,1
17259,4,1
17259,16,3
17260,11,1
17260,15,1
17260,12,2
17261,16,1
17261,11,3
17262,44,1
17262,12,1
17262,13,1
17263,12,1
17263,15,1
17263,11,1
17263,55,1
17264,12,1
17264,15,1
17265,16,1
17265,10,2
17266,16,1
17266,14,1
17267,15,1
17267,14,2
17268,28,1
17269,15,1
17270,12,1
17270,15,1
17271,13,2
17271,16,1
17271,15,1
17272,14,1
17272,16,2
17272,54,1
17272,13,1
17273,14,1
17273,11,1
17273,12,1
17274,13,1
17274,12,1
17275,14,1
17275,16,2
17276,13,2
17276,11,1
17276,51,1
17276,15,1
17276,21,3
17277,15,1
17277,11,1
17277,12,1
17277,16,1
17278,13,1
17278,15,1
17278,11,1
17279,14,2
17279,11,1
17280,11,1
17280,12,3
17280,15,1
17280,37,1
17281,34,2
17281,29,1
17281,2,1
17281,18,1
17282,41,1
17282,34,1
17282,45,2
17282,10,1
17283,19,1
17283,32,1
17284,19,1
17284,34,2
17284,29,3
17285,18,1
17285,34,2
17286,34,1
17286,18,1
17286,38,3
17286,19,1
17287,18,2
17287,34,1
17288,29,1
17288,34,2
17288,31,1
17289,29,1
17289,19,1
17290,11,1
17290,19,1
17291,18,2
17291,8,1
17292,19,2
17292,34,1
17293,4,1
17294,18,1
17294,19,1
17294,29,1
17295,18,1
17295,19,1
17296,58,1
17296,29,2
17297,7,1
17297,18,1
17298,18,1
17298,34,1
17298,43,1
17299,34,1
17299,29,1
17299,19,1
17300,29,1
17300,3,1
17300,5,1
17301,29,1
17301,19,1
17301,18,1
17302,19,1
17302,18,1
17303,19,1
17304,19,1
17304,18,1
17304,17,1
17305,48,1
17305,34,1
17305,29,1
17306,19,1
17307,34,1
17307,19,2
17307,56,1
17307,33,1
17307,18,1
17308,34,2
17308,19,1
17308,45,1
17309,18,2
17309,29,1
17310,28,1
17310,34,1
17311,29,1
17311,42,1
17312,34,1
17312,18,1
17312,29,1
17312,38,1
17313,34,1
17313,29,2
17314,40,1
17314,29,1
17314,18,1
17314,34,2
17315,29,1
17315,34,1
17315,19,1
17315,25,1
17316,29,1
17316,51,1
17317,34,1
17317,36,1
17317,46,1
17318,38,1
17318,34,1
17318,29,1
17319,29,1
17319,18,2
17319,19,1
17320,18,3
17320,34,1
17320,29,2
17320,51,1
17320,19,2
17321,24,1
17321,22,1
17321,23,1
17322,11,1
17322,34,2
17322,25,1
17323,42,1
17323,22,1
17323,25,2
17324,25,1
17324,23,1
17325,51,1
17325,22,1
17325,24,1
17325,23,1
17326,24,1
17326,23,1
17326,53,1
17327,25,2
17327,23,1
17327,24,2
17328,24,1
17328,25,1
17328,19,1
17329,22,1
17329,23,1
17329,34,2
17330,24,1
17330,23,1
17330,10,1
17331,23,1
17331,21,1
17331,25,1
17332,25,1
17332,22,1
17333,22,1
17333,24,1
17333,31,3
17334,25,1
17334,23,1
17335,25,1
17336,22,3
17336,25,1
17337,23,1
17337,25,1
17337,24,1
17338,22,1
17338,23,1
17338,24,1
17339,22,1
17339,23,1
17339,24,1
17339,25,1
17340,25,1
17340,24,1
17340,55,1
17340,42,1
17341,22,1
17341,25,2
17342,24,2
17342,54,1
17342,22,1
17343,22,1
17343,48,1
17344,22,1
17344,24,1
17345,44,1
17345,22,1
17346,24,1
17346,29,1
17347,24,1
17347,59,1
17348,24,1
17348,41,3
17349,23,1
17349,24,1
17350,24,1
17350,22,1
17351,22,2
17351,12,1
17352,23,1
17352,25,2
17353,22,1
17353,23,1
17353,24,1
17354,24,1
17354,1,1
17355,22,1
17355,39,1
17356,1,1
17356,22,1
17356,4,3
17357,22,1
17357,25,1
17357,11,1
17358,54,1
17358,25,1
17359,25,1
17359,24,1
17360,23,1
17360,22,1
17360,2,1
17360,25,1
17361,6,1
17361,29,1
17361,2,1
17362,31,1
17362,3,1
17363,9,2
17363,8,1
17364,8,1
17364,3,1
17364,9,1
17365,2,1
17365,35,1
17365,52,3
17366,9,1
17366,44,1
17366,6,1
17367,5,1
17367,4,1
17368,9,1
17368,8,1
17368,2,1
17369,5,1
17369,9,1
17370,7,2
17370,1,1
17371,3,1
17371,9,1
17372,4,1
17372,9,1
17373,8,1
17373,1,1
17374,6,1
17374,2,1
17374,39,1
17375,9,1
17375,55,1
17375,8,1
17375,6,1
17375,4,1
17376,1,1
17376,7,1
17377,1,3
17377,7,1
17378,7,2
17378,3,3
17378,2,2
17379,3,1
17379,44,1
17380,1,1
17380,3,1
17380,56,1
17381,4,2
17381,8,1
17381,6,1
17382,29,1
17382,6,3
17383,6,1
17383,1,1
17383,5,1
17383,2,2
17383,10,1
17384,4,1
17384,1,1
17385,3,1
17385,6,1
17386,2,1
17386,9,1
17386,42,1
17387,1,1
17387,8,1
17387,9,2
17387,7,1
17388,4,1
17388,16,1
17388,1,1
17389,10,1
17389,6,2
17389,7,1
17390,3,1
17390,4,1
17390,7,1
17390,2,1
17391,60,1
17391,2,1
17392,5,1
17393,8,1
17393,6,1
17394,9,1
17394,2,1
17395,45,1
17395,8,3
17395,5,3
17395,6,1
17396,6,3
17396,9,1
17396,1,1
17397,2,1
17397,5,3
17397,7,2
17398,7,1
17399,6,2
17399,7,1
17399,15,1
17400,2,3
17401,26,2
17401,11,1
17401,19,1
17402,14,1
17402,16,1
17403,26,1
17403,10,1
17404,56,1
17404,45,1
17404,12,2
17404,13,1
17405,15,1
17405,51,1
17405,14,1
17406,14,1
17406,11,2
17407,13,2
17408,10,1
17409,13,1
17409,35,1
17410,1,1
17410,40,1
17411,15,1
17411,32,1
17412,16,1
17412,10,1
17412,14,1
17413,14,1
17413,12,1
17413,11,1
17414,10,1
17414,16,1
17415,15,1
17415,50,1
17415,14,1
17416,42,1
17416,13,1
17417,13,1
17417,27,1
17417,16,2
17418,13,1
17418,12,1
17418,10,1
17419,14,1
17420,16,1
17420,6,2
17421,23,1
17421,37,1
17421,15,1
17422,13,1
17422,11,1
17422,10,1
17423,12,2
17423,35,1
17424,16,2
17424,15,1
17425,57,1
17425,11,2
17426,15,3
17426,13,2
17427,14,1
17427,16,3
17427,11,1
17428,14,1
17428,12,3
17428,15,1
17428,16,3
17429,11,1
17429,13,1
17429,57,3
17429,12,2
17430,50,1
17430,15,1
17430,10,1
17430,13,1
17431,12,1
17431,14,1
17432,15,1
17432,13,1
17432,11,1
17433,14,1
17433,60,1
17433,10,1
17433,15,1
17434,41,1
17434,16,1
17434,15,2
17434,11,1
17435,10,1
17435,12,1
17436,46,2
17436,9,1
17436,11,2
17437,12,1
17437,11,1
17437,10,1
17438,17,1
17438,60,1
17438,14,1
17438,16,1
17439,13,1
17439,10,1
17439,11,2
17440,11,2
17441,7,1
17441,4,2
17441,6,1
17442,5,1
17442,10,1
17442,1,1
17442,3,1
17443,2,1
17443,9,1
17444,5,1
17444,8,1
17444,1,1
17445,4,1
17445,7,1
17445,46,1
17445,8,1
17446,2,1
17446,4,1
17446,9,2
17447,7,1
17447,46,2
17448,9,2
17448,2,1
17449,3,1
17449,33,1
17449,5,2
17450,3,1
17450,4,1
17451,6,1
17451,26,1
17451,7,1
17452,28,1
17452,58,1
17452,3,1
17452,32,1
17453,1,3
17453,4,1
17453,6,1
17453,8,2
17453,9,1
17454,8,1
17454,2,1
17454,25,1
17455,4,1
17455,7,1
17456,13,1
17456,9,1
17456,11,1
17457,14,1
17457,4,1
17457,2,2
17458,28,1
17458,2,1
17458,6,1
17459,58,1
17459,7,2
17459,55,1
17460,4,1
17460,8,1
17460,6,1
17461,3,1
17461,60,1
17461,9,1
17462,5,3
17462,8,1
17462,9,1
17463,7,1
17463,3,1
17464,2,1
17464,27,1
17464,6,1
17464,9,1
17465,5,1
17465,3,2
17465,1,1
17465,2,1
17466,5,1
17466,8,1
17466,4,1
17467,1,1
17467,2,1
17468,8,1
17468,4,1
17468,24,1
17469,3,1
17469,1,1
17470,7,1
17470,1,1
17471,2,1
17471,51,1
17472,7,3
17472,5,1
17472,3,2
17472,6,3
17473,4,1
17473,38,1
17474,9,1
17474,4,1
17474,5,1
17475,7,2
17475,48,1
17475,9,1
17475,4,1
17476,8,1
17476,9,1
17477,2,1
17477,8,1
17477,52,1
17477,5,1
17477,9,1
17478,8,1
17478,2,2
17478,31,1
17478,1,1
17479,43,1
17479,6,1
17480,9,1
17480,32,1
17481,33,2
17481,32,1
17481,30,2
17481,31,1
17482,30,1
17482,18,1
17482,31,1
17483,33,3
17483,28,1
17483,31,1
17483,21,1
17484,32,1
17484,30,1
17484,31,1
17485,28,1
17485,30,1
17485,31,1
17486,29,1
17486,33,1
17487,32,1
17487,28,1
17488,29,1
17488,32,1
17489,30,1
17489,33,2
17489,18,1
17490,4,1
17490,10,1
17491,33,1
17491,8,1
17491,31,1
17492,30,1
17492,28,1
17492,33,2
17492,52,1
17493,29,1
17493,28,1
17494,31,1
17494,29,1
17494,30,1
17495,34,1
17495,33,1
17496,30,1
17496,32,1
17496,33,1
17497,30,1
17497,29,1
17498,35,2
17498,29,2
17498,33,1
17498,31,1
17498,28,1
17499,28,1
17499,33,2
17500,30,1
17500,28,1
17501,31,2
17501,29,3
17501,28,1
17502,31,1
17502,29,1
17503,19,1
17503,31,2
17504,42,1
17504,19,1
17505,28,1
17505,33,2
17506,9,2
17506,30,1
17507,28,1
17507,30,1
17508,28,1
17508,29,1
17509,31,2
17509,33,1
17509,28,1
17509,30,1
17509,32,1
17510,39,1
17510,31,1
17511,30,1
17511,32,1
17511,18,1
17511,29,1
17512,26,1
17512,33,1
17512,31,1
17512,30,3
17513,35,1
17513,31,1
17513,33,1
17514,28,1
17514,31,1
17514,33,1
17515,31,1
17515,28,1
17515,30,1
17515,29,1
17516,30,1
17516,29,1
17516,32,2
17517,33,1
17517,38,3
17517,31,2
17517,44,2
17517,30,1
17518,32,3
17518,48,1
17518,33,2
17519,31,1
17519,33,1
17519,26,1
17519,28,1
17520,29,1
17520,32,1
17520,28,1
17521,28,2
17521,41,1
17521,33,1
17522,33,1
17522,28,1
17522,34,1
17523,29,1
17523,32,1
17524,31,2
17524,30,1
17525,28,1
17525,32,1
17525,33,2
17526,31,3
17526,29,1
17527,32,1
17527,46,2
17528,28,1
17528,13,1
17528,52,1
17529,29,1
17529,33,2
17529,31,1
17530,31,1
17530,29,1
17531,28,1
17531,30,1
17531,31,1
17531,32,1
17532,28,1
17532,31,1
17532,29,1
17532,1,2
17533,31,2
17533,32,1
17534,33,1
17534,32,2
17534,31,1
17535,32,1
17535,49,1
17535,30,1
17536,39,1
17536,30,1
17536,33,2
17536,32,1
17536,29,1
17537,53,1
17537,32,2
17537,31,1
17538,32,1
17538,52,1
17538,30,1
17539,29,1
17540,22,1
17540,29,1
17541,29,1
17541,32,1
17542,28,1
17542,29,1
17543,29,2
17543,28,1
17544,29,1
17544,33,1
17544,28,1
17544,16,2
17545,31,2
17545,28,1
17545,29,1
17546,54,1
17546,33,1
17546,44,2
17546,29,1
17547,31,1
17547,33,1
17547,29,1
17548,32,1
17548,31,1
17548,30,2
17548,33,1
17549,30,1
17549,33,1
17549,32,1
17549,6,3
17550,31,1
17550,20,1
17551,28,3
17551,55,3
17552,11,1
17553,32,1
17553,29,1
17553,31,1
17553,33,1
17553,30,1
17554,33,1
17554,31,3
17555,32,1
17555,28,1
17555,30,1
17555,29,3
17555,33,1
17556,31,1
17556,33,2
17556,30,1
17556,29,2
17557,32,1
17557,33,1
17557,31,1
17557,30,1
17557,28,1
17558,29,1
17559,23,1
17559,30,1
17560,33,1
17560,32,1
17560,30,1
17561,10,2
17561,11,1
17561,13,1
17561,12,1
17562,12,1
17562,58,1
17563,13,1
17563,41,3
17564,25,3
17565,15,1
17565,16,1
17566,12,2
17566,22,1
17566,15,1
17567,15,1
17567,11,1
17567,16,2
17568,22,1
17568,11,2
17568,10,1
17569,14,1
17569,10,2
17570,11,1
17570,49,1
17570,10,1
17571,27,1
17571,29,1
17571,15,1
17571,10,2
17572,13,1
17572,14,1
17572,18,2
17573,10,3
17574,14,1
17574,10,1
17575,11,1
17575,15,1
17576,14,1
17577,11,1
17577,10,1
17577,14,2
17577,42,1
17577,15,1
17578,14,1
17578,16,1
17579,12,2
17579,7,1
17580,10,1
17581,58,1
17581,15,1
17581,43,1
17582,14,1
17582,11,1
17582,50,2
17583,13,1
17583,15,1
17584,13,1
17584,11,1
17584,16,1
17584,15,1
17585,13,1
17586,13,1
17586,14,1
17586,38,1
17586,12,1
17587,12,1
17587,13,1
17588,12,1
17588,39,1
17589,43,1
17589,14,1
17589,10,1
17590,16,1
17591,10,1
17591,3,1
17591,16,2
17591,50,1
17592,16,2
17592,11,1
17593,14,2
17593,11,1
17593,24,1
17594,11,1
17594,13,1
17594,32,2
17595,16,2
17595,12,1
17596,12,1
17596,11,2
17597,14,2
17597,10,1
17598,29,1
17598,14,1
17598,10,1
17599,14,1
17599,16,1
17599,2,1
17599,11,2
17600,10,1
17601,1,1
17601,7,1
17601,5,1
17601,9,1
17602,3,1
17602,6,3
17602,1,1
17602,23,1
17603,7,1
17603,5,1
17603,2,1
17603,8,2
17604,2,1
17604,5,1
17604,55,1
17605,4,1
17605,1,1
17606,4,1
17606,6,1
17606,11,1
17607,2,1
17607,4,1
17607,8,2
17607,43,1
17608,16,2
17608,6,1
17609,25,1
17609,30,1
17610,15,1
17610,4,1
17610,9,1
17610,2,1
17610,3,1
17611,2,1
17611,1,1
17612,8,1
17612,6,1
17612,1,1
17613,6,1
17613,3,3
17614,1,1
17614,2,2
17615,6,2
17615,7,1
17615,2,1
17616,9,1
17616,8,2
17616,7,1
17617,7,1
17617,2,1
17618,3,2
17618,5,1
17618,1,1
17618,9,1
17619,7,1
17619,2,1
17619,8,1
17620,3,1
17620,12,2
17620,5,1
17620,1,2
17621,43,1
17621,52,1
17621,8,3
17622,7,1
17622,2,1
17623,22,1
17623,2,1
17623,6,1
17624,7,1
17624,6,2
17624,8,1
17625,7,3
17625,4,1
17625,2,1
17625,13,1
17626,2,1
17626,25,1
17626,9,1
17627,7,1
17627,2,1
17628,42,1
17628,1,1
17628,7,1
17629,1,1
17629,2,1
17629,4,3
17630,22,1
17630,3,1
17631,8,1
17631,50,1
17632,36,1
17632,6,1
17632,2,2
17632,15,1
17633,46,1
17633,1,1
17634,50,1
17634,7,1
17635,21,1
17635,2,1
17635,9,1
17636,2,1
17636,6,1
17636,15,1
17636,9,1
17637,39,1
17637,1,1
17637,3,1
17638,8,1
17639,8,1
17639,4,2
17639,2,1
17639,3,1
17640,4,1
17640,1,1
17640,9,1
17641,70,1
17641,66,1
17641,59,1
17642,57,2
17642,58,2
17643,53,1
17643,69,1
17643,68,1
17643,54,3
17643,17,1
17644,54,1
17644,55,1
17644,69,1
17645,56,2
17645,51,3
17645,50,2
17646,65,1
17646,63,2
17647,59,1
17648,26,1
17648,66,2
17649,51,1
17649,22,1
17649,52,1
17649,54,1
17649,60,1
17650,61,1
17650,66,1
17650,56,3
17650,63,1
17650,44,2
17651,61,1
17651,48,1
17651,69,2
17652,56,2
17652,63,1
17652,61,1
17653,56,1
17653,31,1
17653,51,1
17653,62,1
17654,51,1
17654,23,1
17654,58,1
17654,54,1
17655,63,1
17655,52,1
17655,70,1
17656,34,1
17656,70,1
17657,70,1
17657,28,1
17658,66,1
17658,58,1
17658,53,1
17658,61,1
17659,53,1
17659,66,1
17659,57,1
17659,55,1
17659,54,2
17660,61,1
17660,69,1
17660,55,1
17661,56,2
17661,69,1
17661,60,1
17662,61,1
17662,16,2
17663,54,2
17663,63,1
17663,61,1
17664,64,1
17664,52,1
17665,69,1
17665,59,1
17666,55,1
17666,70,1
17666,59,1
17667,70,1
17668,58,2
17668,65,1
17668,12,1
17669,62,2
17669,55,1
17670,65,1
17670,22,1
17671,54,1
17671,53,1
17671,65,1
17671,26,1
17671,12,1
17672,70,2
17672,63,1
17673,59,1
17674,54,1
17674,64,1
17675,68,1
17675,57,3
17675,67,1
17676,70,1
17677,64,1
17677,55,1
17677,35,1
17678,58,1
17678,34,1
17679,11,3
17679,62,1
17679,66,1
17680,61,1
17681,11,1
17681,10,2
17682,15,2
17682,14,1
17683,57,1
17683,11,1
17684,12,1
17684,11,2
17685,16,1
17685,13,3
17685,36,1
17686,15,1
17686,28,1
17686,12,1
17686,16,1
17687,15,1
17687,12,1
17688,16,1
17688,10,1
17688,3,1
17689,15,2
17689,16,1
17689,3,1
17690,10,1
17690,45,1
17690,12,1
17690,15,1
17691,25,1
17691,16,1
17691,18,2
17692,11,2
17692,12,3
17693,15,1
17693,35,1
17694,13,1
17694,38,1
17695,11,2
17695,14,1
17696,11,1
17696,15,2
17697,12,1
17698,10,2
17698,2,2
17698,14,1
17699,13,3
17699,49,1
17699,6,1
17700,15,1
17700,13,1
17701,15,1
17701,11,1
17701,12,1
17702,55,2
17702,10,1
17702,16,1
17703,38,1
17703,11,3
17704,12,2
17704,14,1
17705,12,1
17706,13,1
17706,11,3
17706,15,1
17706,10,1
17706,12,1
17707,11,1
17708,12,1
17708,14,1
17708,13,3
17708,10,1
17709,12,1
17709,15,1
17709,14,2
17709,16,1
17710,14,2
17710,16,1
17711,60,1
17711,14,1
17711,15,1
17712,49,1
17712,10,1
17712,14,2
17713,10,1
17713,16,2
17714,10,1
17714,16,3
17715,55,1
17715,12,1
17715,11,1
17716,36,1
17716,35,1
17716,11,1
17717,13,1
17717,15,1
17718,15,2
17718,17,2
17718,13,1
17719,11,1
17719,12,1
17720,10,3
17720,16,2
17721,11,1
17721,15,1
17722,14,2
17722,3,1
17722,16,1
17723,43,1
17723,15,1
17724,13,1
17724,14,3
17725,14,2
17726,41,1
17726,11,3
17726,12,1
17727,13,1
17728,12,3
17728,10,2
17729,13,2
17729,15,1
17730,27,3
17730,16,1
17731,52,2
17731,13,1
17731,12,1
17731,10,1
17732,13,1
17733,13,1
17733,48,1
17733,43,2
17734,11,1
17735,11,2
17735,13,1
17736,22,1
17737,12,1
17737,15,1
17738,12,1
17738,10,1
17738,11,1
17738,15,1
17738,13,1
17739,3,2
17740,48,2
17740,14,1
17740,56,1
17740,16,1
17741,11,1
17741,14,1
17742,16,2
17742,14,3
17742,12,2
17743,16,1
17743,15,3
17744,11,1
17744,12,1
17745,10,1
17745,37,1
17746,12,1
17746,13,1
17746,15,1
17747,15,1
17747,10,1
17747,11,1
17748,11,1
17748,13,1
17749,2,1
17749,10,1
17750,14,2
17750,12,1
17750,16,1
17750,58,1
17751,12,1
17751,10,1
17752,12,1
17752,13,1
17753,13,1
17753,15,1
17753,38,1
17753,2,1
17754,15,1
17754,16,2
17754,13,1
17755,10,1
17755,12,1
17755,14,1
17756,14,3
17756,7,1
17757,10,1
17757,11,1
17757,13,1
17758,13,1
17759,15,1
17759,13,1
17759,16,1
17760,10,1
17760,12,1
17760,16,2
17760,11,2
17761,4,2
17761,6,1
17762,8,1
17762,4,1
17762,47,3
17763,7,1
17763,8,1
17763,6,1
17763,3,1
17764,1,1
17764,4,1
17765,8,1
17765,4,1
17765,2,1
17766,34,1
17766,1,1
17767,10,1
17767,3,1
17768,4,1
17769,6,1
17769,3,3
17769,7,3
17769,32,2
17770,6,1
17770,5,1
17771,4,1
17771,11,1
17771,5,1
17772,6,2
17772,1,1
17772,7,1
17773,23,1
17773,6,1
17773,8,1
17774,3,1
17774,5,1
17774,4,1
17774,8,1
17774,2,1
17775,4,2
17775,57,1
17776,1,1
17776,5,1
17777,22,1
17778,2,1
17779,4,1
17779,8,2
17780,31,1
17780,53,2
17780,6,1
17781,6,1
17781,9,1
17781,7,1
17781,5,1
17782,4,1
17782,8,2
17783,6,1
17783,3,1
17784,40,1
17784,2,2
17785,1,1
17785,8,1
17786,1,1
17786,9,1
17786,2,1
17787,2,1
17787,28,2
17787,9,2
17787,1,1
17788,4,1
17788,6,1
17788,7,1
17789,7,1
17789,4,1
17789,32,1
17789,53,1
17790,6,1
17790,3,2
17791,6,3
17792,9,1
17792,5,1
17792,1,1
17793,7,2
17793,1,1
17793,6,1
17794,2,2
17794,8,1
17795,4,1
17795,5,3
17795,9,1
17796,5,1
17796,31,1
17796,56,1
17796,2,2
17797,11,1
17797,5,1
17798,7,1
17798,2,2
17798,6,1
17798,26,3
17799,46,2
17799,3,1
17799,9,1
17799,4,1
17800,4,3
17801,25,3
17801,74,1
17801,4,1
17802,23,1
17802,25,1
17802,21,3
17802,20,1
17803,74,1
17803,20,1
17803,21,3
17804,21,1
17804,23,1
17805,22,1
17805,24,1
17806,23,1
17806,21,1
17807,74,2
17807,24,2
17807,26,1
17807,25,1
17807,75,1
17808,75,1
17808,23,1
17809,24,1
17809,32,1
17810,25,2
17810,22,2
17810,56,1
17811,43,1
17811,32,1
17811,60,2
17812,15,1
17812,24,1
17813,20,1
17813,22,1
17813,21,1
17814,75,1
17814,23,2
17814,21,1
17815,21,1
17815,75,2
17815,60,1
17815,74,1
17816,74,1
17816,24,1
17817,23,1
17817,25,1
17817,24,1
17817,74,1
17818,24,1
17818,30,1
17818,46,1
17819,74,1
17819,25,2
17820,74,1
17820,20,1
17820,25,1
17821,6,1
17821,21,2
17821,23,1
17821,22,3
17822,74,1
17822,22,2
17823,20,1
17823,74,1
17823,24,1
17823,22,1
17824,25,1
17824,24,1
17824,23,1
17825,19,1
17825,21,1
17826,25,1
17826,1,2
17827,25,1
17827,56,2
17828,24,3
17828,74,1
17828,75,2
17828,21,1
17828,3,1
17829,24,1
17829,53,2
17829,75,2
17829,22,1
17830,25,1
17830,24,1
17830,44,1
17831,45,2
17831,24,2
17831,25,1
17832,23,1
17832,24,1
17833,6,1
17833,20,1
17834,24,2
17834,22,1
17835,24,1
17835,54,1
17836,23,1
17836,21,1
17837,48,1
17837,21,1
17837,25,1
17837,2,1
17838,16,3
17838,22,1
17839,23,1
17839,22,2
17840,22,1
17840,74,1
17840,24,1
17840,21,1
17841,40,1
17841,38,1
17841,39,2
17841,8,1
17842,33,1
17842,38,1
17842,42,2
17842,37,2
17843,25,2
17843,41,1
17843,57,1
17843,37,1
17844,37,1
17844,42,1
17844,41,2
17845,41,1
17845,40,1
17845,37,1
17846,59,1
17846,39,2
17846,42,2
17846,38,1
17847,39,1
17847,37,2
17847,38,1
17847,35,1
17847,40,1
17848,39,1
17848,41,1
17849,42,1
17849,23,1
17849,13,1
17849,37,1
17849,41,1
17850,41,2
17850,38,1
17851,37,1
17851,38,1
17851,39,3
17851,42,2
17852,19,1
17852,37,1
17852,53,1
17853,41,1
17853,42,2
17853,37,1
17854,40,1
17854,12,1
17854,3,1
17854,38,1
17855,41,1
17855,8,1
17855,40,1
17855,38,1
17856,38,1
17856,3,1
17857,39,3
17857,8,1
17857,41,1
17857,14,1
17858,40,2
17858,38,1
17858,41,1
17859,38,2
17859,37,1
17859,42,1
17859,39,2
17860,39,1
17860,40,1
17861,1,1
17861,37,1
17862,38,1
17862,41,1
17862,39,1
17863,39,1
17863,38,1
17863,3,1
17864,38,1
17864,16,2
17865,28,1
17865,40,1
17866,39,1
17866,42,1
17866,52,1
17866,37,2
17867,41,2
17867,42,1
17867,36,1
17868,41,3
17868,35,1
17868,37,1
17869,37,2
17869,41,1
17870,38,1
17870,3,1
17871,38,1
17871,57,1
17872,38,1
17872,41,1
17872,39,2
17872,37,1
17873,52,1
17873,42,1
17873,37,1
17874,41,1
17874,42,1
17875,41,1
17875,38,1
17875,37,1
17876,38,1
17876,41,1
17877,38,1
17877,40,2
17878,39,1
17878,30,2
17879,40,1
17879,38,1
17879,39,1
17880,39,1
17880,36,3
17880,40,1
17881,16,1
17881,11,3
17882,15,1
17882,12,1
17882,11,3
17883,13,1
17883,30,1
17884,14,1
17885,55,1
17885,14,1
17885,28,1
17886,11,3
17886,15,1
17886,39,1
17887,10,1
17887,14,1
17887,16,1
17888,14,1
17888,23,1
17889,14,1
17889,15,1
17890,13,2
17890,16,1
17891,16,3
17891,15,2
17891,13,1
17892,15,1
17892,14,1
17892,16,1
17892,12,1
17893,11,1
17893,15,1
17893,13,1
17894,11,2
17894,15,1
17895,12,1
17896,16,1
17896,4,1
17896,13,1
17897,11,1
17898,19,1
17898,12,2
17898,11,1
17899,11,1
17899,31,1
17900,60,2
17900,15,1
17901,16,1
17901,14,2
17901,15,1
17902,31,1
17902,11,3
17903,39,1
17903,10,1
17904,13,1
17904,38,1
17904,11,1
17905,12,1
17905,11,1
17905,14,1
17906,16,1
17906,22,2
17906,11,2
17907,54,1
17907,12,1
17907,16,2
17907,14,2
17908,15,1
17908,16,2
17909,41,1
17909,14,1
17909,12,1
17910,15,1
17910,6,1
17911,12,1
17911,11,1
17912,16,2
17912,14,1
17913,15,1
17913,13,1
17913,16,1
17914,13,1
17914,14,1
17914,11,1
17915,33,1
17915,15,1
17915,14,1
17915,16,1
17915,44,1
17916,10,1
17916,16,1
17916,8,1
17917,11,2
17917,14,2
17918,10,2
17918,42,1
17918,15,1
17918,11,2
17919,6,1
17919,15,1
17920,15,2
17920,19,2
17920,13,1
17921,66,1
17921,63,1
17921,56,1
17922,66,1
17922,9,1
17922,63,1
17922,65,2
17923,65,1
17923,64,1
17923,63,1
17924,63,1
17924,61,1
17925,62,1
17925,65,1
17926,66,1
17926,61,3
17926,65,2
17927,12,1
17927,26,1
17928,21,2
17928,62,1
17929,66,1
17929,63,3
17929,65,1
17930,63,1
17930,16,1
17931,66,1
17931,2,1
17932,66,1
17932,61,1
17932,65,2
17933,61,1
17934,20,1
17934,61,1
17934,63,1
17934,66,1
17935,4,1
17936,63,1
17936,66,1
17937,66,1
17937,61,1
17938,66,1
17938,63,1
17938,27,1
17939,62,1
17939,30,1
17939,64,1
17939,53,1
17940,65,1
17940,62,1
17941,61,1
17941,64,1
17941,62,1
17941,66,1
17942,65,1
17942,58,1
17942,10,1
17942,13,1
17943,49,1
17943,62,1
17943,6,1
17944,63,1
17944,64,1
17944,62,1
17945,66,2
17945,63,2
17946,57,3
17946,64,1
17946,29,1
17947,61,2
17947,66,1
17947,63,1
17947,33,3
17948,63,1
17948,62,1
17949,12,1
17949,62,1
17949,65,1
17950,65,2
17950,63,1
17950,61,1
17951,64,1
17951,65,1
17951,26,1
17952,66,1
17952,63,1
17952,62,2
17953,61,1
17953,66,1
17953,55,1
17954,63,1
17954,65,1
17954,64,1
17955,23,1
17955,63,1
17956,63,1
17956,61,1
17956,64,1
17957,61,2
17958,65,2
17958,23,1
17958,63,1
17959,64,1
17960,64,3
17960,66,1
17961,39,1
17961,18,1
17961,40,2
17961,38,1
17962,38,2
17962,17,3
17962,39,2
17962,42,1
17963,41,2
17963,39,1
17963,37,1
17963,38,1
17964,37,1
17964,41,1
17964,38,1
17965,39,1
17965,42,1
17965,24,1
17966,42,1
17966,57,1
17966,11,1
17967,40,1
17967,42,1
17967,27,1
17968,41,1
17968,48,1
17968,59,1
17969,40,1
17969,56,2
17969,41,1
17970,42,1
17970,41,1
17970,39,1
17971,39,1
17971,37,1
17971,41,1
17972,44,2
17972,41,1
17973,60,1
17973,42,1
17973,40,1
17974,38,2
17974,40,1
17975,41,1
17975,42,1
17975,38,2
17976,39,1
17976,38,1
17977,41,1
17977,24,1
17978,40,1
17978,1,1
17978,28,1
17979,58,1
17979,39,1
17979,37,1
17980,58,1
17980,38,1
17980,40,1
17981,37,1
17981,42,1
17981,40,2
17982,42,1
17982,40,1
17982,37,1
17982,41,1
17983,41,1
17983,42,3
17983,58,1
17984,21,1
17984,28,1
17984,39,1
17984,38,1
17985,40,1
17985,37,1
17986,37,1
17986,41,1
17986,39,1
17987,40,1
17987,37,1
17987,42,1
17988,41,1
17988,42,1
17988,40,1
17989,14,1
17989,60,1
17990,13,1
17991,23,2
17991,40,1
17991,21,1
17992,40,1
17992,38,1
17993,39,1
17993,42,2
17993,38,1
17993,41,1
17994,40,1
17994,38,1
17995,12,1
17995,15,1
17996,37,1
17996,41,1
17997,47,1
17997,38,2
17998,40,1
17998,39,1
17998,60,1
17999,39,2
17999,42,1
17999,41,2
17999,37,1
18000,41,1
18000,42,1
18000,39,1
18001,32,1
18001,24,1
18002,37,1
18002,24,1
18002,25,1
18003,19,3
18003,34,1
18003,25,1
18004,22,1
18004,23,1
18005,25,1
18005,22,3
18005,29,1
18005,24,1
18006,59,1
18006,48,1
18007,23,1
18007,25,1
18008,24,2
18008,22,3
18008,23,1
18008,4,1
18009,26,1
18009,22,3
18010,38,1
18010,23,1
18010,21,1
18011,25,1
18011,24,1
18012,16,1
18012,24,1
18013,23,3
18013,24,1
18013,37,1
18013,25,1
18014,24,1
18014,22,1
18015,22,1
18015,23,1
18015,25,1
18016,24,2
18016,22,3
18017,25,2
18017,22,1
18017,24,1
18018,25,1
18018,37,1
18019,24,1
18019,23,1
18019,22,1
18020,48,2
18020,46,1
18021,22,1
18021,23,1
18022,13,1
18022,22,1
18022,25,1
18023,43,1
18023,23,2
18023,25,1
18024,23,3
18024,42,2
18025,23,2
18025,22,1
18026,22,1
18026,23,1
18027,24,1
18027,34,1
18027,15,1
18028,28,1
18028,24,2
18028,15,1
18029,7,1
18029,48,1
18030,22,1
18030,24,1
18030,23,1
18031,24,1
18031,25,1
18031,22,1
18032,22,2
18032,31,1
18032,25,1
18032,23,1
18033,22,1
18033,24,2
18033,25,1
18034,23,1
18034,25,1
18035,20,1
18036,23,1
18036,25,1
18036,14,3
18037,22,2
18037,25,1
18038,24,1
18038,36,1
18038,25,1
18039,17,1
18039,25,3
18039,23,1
18040,25,2
18040,22,1
18041,2,1
18042,2,1
18042,32,1
18042,1,1
18043,8,1
18043,9,2
18043,29,2
18044,41,1
18044,8,1
18044,1,1
18045,9,1
18045,29,2
18045,4,2
18045,7,1
18046,9,1
18046,4,1
18046,49,1
18047,6,1
18047,51,1
18048,7,2
18048,8,2
18048,2,1
18048,1,2
18049,3,1
18049,49,1
18050,8,1
18050,7,1
18051,6,2
18051,5,2
18052,5,1
18052,19,1
18053,6,1
18054,5,1
18054,41,1
18054,2,1
18055,6,1
18055,8,1
18055,9,1
18056,5,1
18056,1,1
18057,7,1
18057,4,1
18057,41,1
18058,6,1
18058,9,1
18059,3,2
18059,5,1
18059,9,1
18060,2,1
18061,4,1
18061,1,1
18062,1,2
18062,6,1
18063,4,1
18063,7,1
18064,7,2
18065,3,1
18065,7,1
18066,5,1
18066,6,1
18067,3,1
18067,9,1
18068,5,1
18068,2,1
18068,37,1
18068,9,1
18069,16,2
18070,8,1
18070,6,1
18071,4,1
18071,5,1
18072,2,1
18073,41,1
18073,9,1
18073,2,1
18074,5,1
18074,6,1
18075,1,1
18075,28,2
18076,28,1
18076,8,1
18076,6,2
18077,1,1
18078,3,1
18078,8,1
18079,7,2
18079,32,1
18080,6,1
18080,9,1
18080,7,1
18080,2,1
18081,32,1
18081,31,1
18081,7,1
18082,31,2
18082,29,1
18082,6,1
18082,28,1
18083,28,1
18084,33,1
18084,28,1
18085,31,2
18085,28,1
18086,28,1
18086,32,1
18087,29,1
18087,32,1
18087,31,1
18088,33,1
18088,28,2
18088,32,1
18088,29,1
18089,28,2
18089,31,1
18089,30,1
18090,31,1
18090,35,3
18091,33,1
18091,32,1
18092,28,1
18092,30,1
18093,30,2
18093,10,1
18094,28,1
18094,16,1
18094,29,1
18095,29,2
18095,31,1
18096,30,1
18097,32,1
18097,24,1
18097,42,1
18098,28,1
18098,33,1
18098,29,1
18099,33,1
18099,17,2
18099,30,2
18099,28,1
18100,28,1
18100,29,1
18101,28,1
18101,29,1
18102,31,1
18102,32,1
18103,28,2
18103,31,1
18103,33,2
18104,32,1
18104,30,3
18104,28,1
18104,31,1
18105,32,1
18105,30,1
18105,28,1
18106,32,1
18106,3,1
18107,29,1
18107,32,1
18107,31,1
18107,30,1
18108,33,1
18108,32,1
18108,28,1
18109,29,2
18109,11,1
18109,28,1
18110,30,1
18110,33,1
18110,29,1
18111,29,1
18111,33,1
18112,28,1
18112,33,1
18112,29,1
18113,28,1
18113,32,1
18113,33,1
18113,51,2
18114,33,1
18114,31,3
18114,29,1
18114,28,1
18114,30,1
18115,32,1
18115,30,1
18115,28,1
18116,59,2
18116,33,1
18116,45,1
18117,45,1
18117,31,1
18118,29,1
18118,33,2
18118,30,1
18119,31,1
18119,28,1
18119,30,3
18120,32,2
18120,28,1
18120,49,1
18121,12,1
18121,32,3
18121,15,1
18122,11,1
18122,12,1
18123,14,1
18123,23,1
18124,26,2
18124,11,1
18125,25,1
18125,16,1
18126,11,1
18126,33,1
18127,10,1
18127,6,1
18127,12,1
18128,15,1
18128,21,1
18128,13,1
18128,42,1
18129,13,1
18129,41,2
18130,10,1
18130,12,3
18130,31,1
18130,22,1
18131,56,1
18131,10,3
18131,12,1
18131,13,1
18132,24,1
18132,13,2
18132,11,1
18133,15,1
18133,16,1
18133,14,2
18133,59,1
18134,11,1
18134,16,1
18134,30,1
18135,16,1
18135,21,1
18135,20,1
18135,10,1
18136,14,1
18136,16,2
18137,55,1
18137,12,2
18137,14,1
18137,13,3
18138,14,1
18138,12,3
18138,13,1
18139,49,1
18139,13,2
18139,16,1
18140,45,2
18140,12,1
18141,27,1
18142,16,2
18142,12,1
18143,13,1
18143,12,1
18144,10,1
18144,16,1
18145,10,1
18145,14,1
18146,12,1
18146,13,1
18146,10,1
18147,11,1
18148,12,1
18148,15,1
18148,11,1
18149,16,1
18149,11,1
18149,12,1
18149,10,1
18149,14,1
18150,16,3
18150,50,1
18151,21,1
18151,16,1
18152,13,1
18152,14,2
18152,53,1
18153,15,1
18153,10,1
18154,13,1
18154,14,1
18155,16,2
18155,15,1
18155,59,2
18155,14,2
18156,15,1
18156,16,3
18157,15,1
18158,33,2
18158,15,3
18159,11,1
18159,13,1
18159,14,1
18160,11,1
18160,17,1
18161,3,1
18161,15,1
18162,1,2
18162,2,1
18162,19,1
18163,8,1
18163,25,1
18163,9,3
18164,5,1
18164,6,1
18164,46,1
18165,1,1
18165,9,1
18165,7,1
18165,4,1
18166,7,3
18167,4,3
18168,8,1
18168,3,2
18168,44,1
18169,7,1
18169,4,1
18169,25,1
18169,59,1
18170,9,1
18170,8,2
18171,6,1
18171,3,1
18172,12,1
18172,49,1
18172,5,1
18173,2,1
18174,43,1
18174,4,1
18174,3,1
18175,3,1
18175,22,2
18176,4,1
18176,9,1
18176,7,1
18177,3,1
18177,2,1
18177,8,1
18178,4,1
18178,9,1
18179,1,1
18179,2,1
18180,2,1
18180,3,1
18180,1,1
18181,6,1
18181,9,1
18181,58,2
18181,4,1
18182,37,1
18182,9,1
18182,60,1
18183,36,1
18183,9,1
18184,3,1
18184,1,1
18184,17,1
18184,5,1
18185,6,1
18185,31,2
18186,5,1
18186,4,1
18186,1,2
18187,9,1
18187,4,1
18188,2,3
18188,7,1
18189,7,1
18190,4,1
18191,20,1
18191,7,1
18191,4,1
18192,5,1
18192,6,1
18193,1,1
18194,6,2
18194,2,1
18194,36,1
18195,9,1
18195,4,2
18196,8,2
18196,46,1
18197,1,2
18197,53,3
18198,6,1
18198,7,1
18198,1,1
18199,30,1
18199,5,1
18200,3,1
18200,4,2
18200,7,1
18201,36,2
18201,70,3
18201,35,2
18201,68,1
18202,70,2
18202,49,1
18203,36,3
18203,35,1
18203,70,1
18204,27,1
18204,35,2
18204,70,1
18205,68,1
18206,67,1
18206,56,1
18206,69,1
18207,67,1
18207,69,1
18208,70,3
18208,68,1
18208,67,1
18208,35,1
18209,70,3
18209,68,1
18209,42,1
18209,11,1
18210,32,1
18210,28,1
18210,36,1
18210,70,1
18211,67,1
18211,35,1
18211,17,1
18212,36,1
18212,70,1
18212,67,2
18213,67,2
18213,36,1
18213,69,1
18214,36,1
18214,67,1
18214,68,1
18215,35,1
18215,70,1
18216,68,1
18216,67,1
18217,70,2
18217,69,1
18218,69,1
18219,36,1
18219,70,2
18220,68,1
18220,69,1
18220,35,1
18221,35,1
18221,36,1
18222,1,2
18222,69,1
18223,68,1
18223,69,1
18223,12,1
18224,69,1
18224,35,1
18225,33,1
18225,69,1
18225,57,1
18225,11,1
18226,70,1
18226,36,2
18226,35,1
18227,69,1
18227,36,1
18228,49,1
18228,36,1
18228,68,1
18229,67,1
18229,37,1
18230,70,1
18230,52,1
18231,35,3
18232,70,1
18233,35,1
18233,67,2
18234,68,1
18234,67,1
18234,36,1
18235,67,1
18235,36,1
18236,70,1
18236,67,1
18236,69,1
18236,59,1
18237,35,1
18237,44,1
18238,47,2
18238,24,3
18239,67,2
18239,51,1
18240,70,1
18240,36,1
18241,68,1
18241,69,1
18241,67,1
18242,70,1
18242,69,1
18243,35,1
18243,70,1
18244,36,2
18244,23,1
18245,68,1
18245,67,1
18246,36,1
18246,69,1
18246,70,3
18247,21,1
18247,69,1
18248,32,3
18248,68,1
18248,39,1
18248,35,1
18249,69,1
18249,68,1
18249,35,1
18250,19,1
18251,69,1
18251,68,1
18251,52,1
18251,53,1
18252,59,1
18252,69,1
18252,36,1
18253,68,2
18253,36,1
18254,70,1
18254,69,1
18255,36,1
18255,32,1
18255,70,1
18256,36,3
18256,35,1
18257,67,2
18257,35,1
18258,68,1
18258,60,1
18258,70,1
18258,35,1
18259,70,3
18259,69,2
18260,9,1
18261,67,1
18261,2,1
18261,36,1
18262,70,1
18262,69,2
18263,69,1
18264,36,3
18265,70,1
18265,53,1
18265,69,1
18266,69,1
18266,56,1
18267,68,1
18267,67,1
18267,69,2
18267,44,1
18268,70,1
18268,23,1
18268,50,2
18268,67,1
18269,36,2
18269,68,1
18269,67,1
18269,43,1
18269,35,1
18270,36,1
18270,8,1
18270,70,1
18270,67,1
18271,35,1
18272,35,3
18273,29,3
18273,43,1
18273,70,1
18274,68,1
18274,67,1
18274,70,1
18275,70,1
18276,35,1
18277,70,1
18277,68,1
18277,36,1
18277,35,1
18278,36,1
18278,69,1
18278,67,1
18279,35,1
18279,69,1
18279,67,3
18280,36,2
18280,69,1
18281,29,1
18281,33,1
18281,28,1
18282,33,1
18282,42,1
18282,31,1
18282,32,1
18283,28,1
18283,29,1
18283,32,2
18283,31,1
18283,39,1
18284,30,1
18284,31,1
18284,32,1
18285,29,1
18285,31,1
18285,60,1
18286,31,1
18286,33,3
18286,29,2
18287,33,2
18287,29,1
18287,27,1
18288,32,1
18288,33,1
18288,28,1
18289,32,1
18289,31,2
18289,28,1
18290,33,1
18290,30,1
18290,32,3
18291,32,1
18291,29,1
18291,28,1
18292,30,1
18292,29,1
18292,31,2
18293,34,1
18293,28,1
18294,29,3
18294,30,1
18295,32,2
18295,30,1
18295,31,1
18296,31,1
18296,33,1
18297,32,2
18297,33,2
18298,31,1
18298,29,1
18299,32,1
18299,25,1
18299,30,2
18300,33,1
18300,30,1
18301,33,1
18301,18,3
18302,32,1
18302,30,2
18302,28,1
18303,28,3
18303,20,2
18304,28,1
18304,29,1
18305,57,1
18305,33,1
18305,28,2
18306,33,1
18306,29,1
18306,8,2
18307,30,1
18308,34,1
18308,29,1
18308,28,1
18308,7,1
18309,29,2
18309,33,1
18309,25,1
18310,29,1
18310,28,1
18310,30,1
18311,28,1
18311,29,1
18311,30,1
18312,33,1
18312,57,1
18312,32,1
18312,35,1
18313,33,1
18313,31,1
18313,28,1
18314,33,1
18314,12,2
18315,33,1
18315,32,2
18315,30,1
18316,29,2
18317,28,1
18317,30,1
18318,29,1
18318,33,1
18319,30,1
18319,28,2
18319,32,1
18320,22,1
18321,56,1
18321,44,1
18321,66,1
18322,62,1
18322,12,1
18322,66,1
18323,62,1
18323,64,1
18324,25,1
18324,44,1
18325,64,2
18325,62,1
18325,61,1
18326,34,1
18326,48,3
18326,63,1
18327,65,1
18327,62,1
18327,51,1
18328,66,1
18328,62,1
18328,13,1
18328,61,1
18329,64,1
18329,65,1
18329,63,1
18330,63,3
18330,66,1
18331,64,1
18331,66,1
18332,63,1
18332,66,1
18332,61,2
18333,2,2
18333,66,1
18334,63,1
18334,65,2
18334,61,1
18335,66,1
18335,61,1
18336,63,1
18336,64,2
18336,65,1
18337,66,1
18337,62,1
18338,64,1
18339,58,1
18339,66,2
18339,63,1
18339,48,1
18340,64,2
18340,61,2
18340,63,1
18341,15,1
18341,63,1
18342,65,2
18343,62,1
18343,64,1
18343,66,1
18344,64,3
18344,61,1
18344,63,2
18344,60,1
18345,65,1
18345,50,1
18346,59,2
18346,62,1
18347,51,2
18347,27,1
18348,64,1
18348,65,2
18348,16,2
18349,65,1
18349,64,2
18350,65,1
18350,64,2
18350,62,1
18351,62,2
18351,65,1
18352,66,1
18352,54,1
18353,65,1
18354,61,2
18355,27,1
18355,64,1
18355,61,1
18355,47,1
18356,62,1
18356,61,1
18356,63,1
18356,66,1
18357,64,1
18357,61,1
18358,61,1
18358,63,2
18358,65,2
18359,63,1
18359,65,1
18359,62,1
18360,66,2
18360,61,1
18360,63,1
18360,64,2
18361,23,1
18361,25,1
18361,24,1
18362,4,1
18362,22,1
18362,25,1
18362,24,1
18362,60,1
18363,26,1
18363,23,1
18364,48,1
18364,23,1
18365,23,1
18365,38,1
18365,22,2
18366,23,1
18366,22,1
18367,23,1
18367,28,1
18367,39,1
18367,34,1
18367,25,1
18368,25,2
18368,24,1
18368,22,1
18369,25,1
18369,24,1
18370,25,3
18370,22,1
18370,56,3
18370,23,1
18371,23,1
18371,24,1
18372,25,2
18372,14,3
18372,23,1
18373,23,1
18374,23,1
18374,41,1
18374,25,1
18375,25,1
18375,22,1
18376,13,2
18377,23,1
18377,24,1
18377,22,1
18378,12,2
18378,48,1
18378,23,1
18379,22,1
18379,24,1
18379,32,3
18380,23,1
18380,25,1
18380,22,1
18381,26,2
18381,24,1
18382,25,1
18382,23,1
18383,19,1
18384,21,1
18384,25,1
18385,22,3
18385,25,3
18385,5,1
18386,25,1
18386,24,1
18387,22,1
18387,23,3
18387,20,1
18388,22,1
18388,24,3
18388,25,1
18389,25,2
18389,14,1
18390,14,1
18391,22,1
18391,23,1
18391,5,1
18392,22,1
18393,24,1
18393,25,2
18393,23,1
18393,22,2
18394,23,1
18395,25,1
18395,24,1
18395,22,2
18396,58,2
18396,45,1
18396,22,1
18397,46,1
18397,22,1
18397,25,1
18398,25,1
18398,23,3
18398,24,1
18399,22,1
18399,24,1
18400,29,2
18400,23,2
18400,24,2
18400,25,1
18401,23,1
18401,22,1
18401,25,1
18402,22,1
18402,24,1
18403,25,1
18403,24,1
18404,22,1
18404,24,2
18404,3,1
18404,7,1
18405,24,1
18405,25,1
18405,47,1
18406,24,2
18406,22,1
18406,23,3
18407,24,1
18408,23,1
18409,25,1
18409,47,2
18410,25,1
18410,24,1
18411,22,1
18411,25,1
18411,23,2
18412,23,1
18413,23,3
18413,25,1
18413,1,1
18413,53,1
18414,25,1
18414,4,2
18414,47,1
18415,51,1
18415,24,1
18415,25,1
18415,22,1
18416,25,1
18416,24,3
18416,22,1
18417,23,1
18417,13,1
18417,25,1
18418,25,1
18418,22,2
18419,25,2
18419,23,1
18420,25,1
18421,3,1
18421,23,1
18422,25,1
18422,23,2
18423,25,1
18423,24,1
18424,24,1
18424,22,1
18425,24,2
18425,25,1
18426,23,1
18426,7,1
18426,22,1
18427,46,1
18427,10,1
18428,29,1
18428,25,1
18429,22,1
18429,25,1
18430,24,1
18431,24,1
18431,22,1
18431,25,1
18432,22,1
18432,24,1
18432,26,1
18433,60,2
18433,24,2
18433,25,2
18433,10,1
18434,23,1
18434,22,1
18434,25,1
18435,25,1
18435,22,1
18436,7,1
18436,51,2
18436,23,1
18437,37,1
18437,23,2
18437,25,1
18438,24,1
18438,22,1
18438,25,1
18438,9,1
18439,21,3
18439,23,3
18439,24,3
18440,40,1
18440,25,3
18440,24,1
18441,22,1
18441,18,1
18442,18,1
18442,34,1
18442,19,1
18442,1,3
18443,34,1
18443,18,1
18443,48,1
18444,29,2
18444,19,2
18444,18,3
18445,29,1
18445,34,1
18446,34,1
18446,19,1
18447,19,1
18447,17,1
18447,29,1
18448,29,1
18448,19,1
18448,18,3
18449,24,1
18449,19,1
18449,18,2
18450,38,1
18450,29,1
18450,34,1
18451,34,1
18451,19,1
18451,1,1
18451,29,1
18451,50,1
18452,29,3
18452,18,1
18452,34,1
18453,34,1
18453,19,1
18453,4,1
18453,29,1
18454,18,1
18454,12,3
18454,29,1
18455,38,2
18455,18,1
18456,29,1
18456,43,2
18457,19,1
18457,30,1
18458,18,1
18458,24,1
18459,18,1
18460,18,3
18460,29,1
18460,19,1
18460,7,1
18461,18,1
18461,19,1
18461,29,1
18461,34,1
18462,1,1
18462,44,1
18462,24,1
18462,18,1
18463,34,1
18463,29,2
18464,42,1
18464,29,1
18465,24,1
18465,19,1
18465,18,2
18466,45,1
18466,25,1
18466,34,1
18466,19,1
18467,16,1
18467,34,3
18467,12,1
18468,19,2
18468,29,2
18468,49,2
18469,29,1
18469,45,1
18469,34,1
18470,19,1
18470,18,1
18471,34,1
18471,17,2
18471,29,1
18472,19,1
18472,18,1
18473,18,1
18473,29,1
18474,29,1
18474,19,2
18475,18,1
18475,52,2
18476,34,1
18476,29,1
18476,19,1
18477,4,1
18477,18,1
18477,34,1
18478,19,2
18478,29,1
18479,29,2
18479,18,2
18480,18,1
18480,34,1
18480,29,1
18481,29,1
18481,23,1
18482,60,2
18482,75,2
18483,25,1
18483,24,1
18483,21,1
18484,25,2
18484,20,1
18484,75,3
18484,21,1
18484,23,1
18485,75,1
18485,21,1
18486,74,2
18486,15,1
18486,5,1
18487,22,1
18487,74,1
18487,20,1
18488,20,1
18488,41,1
18488,21,1
18489,23,1
18489,24,1
18489,25,3
18490,20,1
18491,75,1
18491,4,1
18491,21,1
18492,20,1
18492,21,2
18493,24,1
18493,75,1
18493,25,1
18494,75,1
18494,59,1
18495,25,1
18495,20,1
18496,30,2
18496,74,2
18497,1,1
18497,39,1
18497,21,1
18498,18,1
18499,24,1
18499,75,1
18500,74,3
18500,25,1
18500,23,3
18500,24,1
18501,74,2
18501,22,1
18501,20,1
18501,26,1
18502,74,1
18502,21,1
18502,12,1
18503,35,1
18503,21,1
18503,6,1
18504,48,1
18504,25,2
18505,74,2
18505,21,2
18505,25,1
18506,21,1
18506,75,1
18506,10,1
18507,74,1
18507,25,1
18508,21,1
18508,74,1
18508,25,3
18509,25,1
18509,22,1
18509,21,1
18510,41,1
18510,24,1
18510,46,1
18511,24,2
18511,75,3
18511,23,1
18512,75,1
18512,24,1
18513,24,1
18513,25,1
18513,20,3
18514,25,2
18514,20,1
18514,24,1
18515,21,1
18515,22,1
18516,21,2
18516,23,1
18516,20,1
18517,20,1
18517,22,1
18517,14,2
18518,39,1
18518,21,1
18518,75,2
18518,74,1
18519,22,1
18519,7,1
18520,74,1
18520,24,1
18520,58,1
18521,33,1
18521,63,3
18522,64,1
18522,62,1
18522,61,1
18523,61,1
18523,65,1
18524,61,1
18524,66,1
18524,6,1
18524,47,1
18525,38,1
18525,66,1
18525,65,2
18525,62,1
18526,65,2
18526,39,1
18526,63,1
18527,64,1
18527,65,3
18527,66,1
18528,61,1
18528,64,2
18528,66,1
18529,65,1
18529,66,1
18529,61,1
18530,61,1
18530,63,1
18530,65,1
18530,62,1
18531,38,1
18531,63,1
18532,64,1
18532,66,1
18532,16,2
18533,40,3
18533,62,1
18533,64,2
18534,63,1
18534,11,1
18535,47,1
18535,61,2
18535,63,1
18536,62,1
18536,12,2
18537,29,1
18537,62,1
18538,62,1
18538,61,1
18539,64,1
18539,61,1
18539,66,1
18540,61,1
18541,34,1
18541,64,2
18541,65,2
18542,61,1
18542,62,1
18542,63,1
18543,65,1
18543,61,1
18544,65,1
18544,64,1
18544,63,2
18545,64,2
18545,27,1
18545,53,1
18545,62,1
18545,35,2
18546,66,1
18546,65,1
18547,64,1
18547,62,2
18548,62,1
18548,61,1
18548,42,1
18549,65,1
18549,58,2
18549,19,1
18549,61,2
18549,47,1
18550,61,1
18550,43,1
18551,61,2
18551,37,1
18551,66,1
18552,65,3
18553,65,1
18553,64,1
18553,61,1
18554,22,1
18554,62,1
18555,62,1
18555,23,1
18555,64,1
18556,8,1
18556,24,3
18556,65,2
18556,41,1
18557,62,1
18557,65,1
18558,63,1
18559,61,1
18560,63,2
18560,66,1
18561,70,1
18562,63,1
18562,51,1
18562,70,1
18563,66,1
18563,54,1
18563,67,1
18564,5,1
18564,51,1
18564,52,1
18565,54,1
18565,66,2
18566,63,1
18566,58,1
18567,42,3
18567,70,2
18567,67,1
18568,21,3
18568,65,1
18568,64,1
18568,60,2
18569,69,1
18569,63,1
18569,49,1
18570,54,1
18570,59,1
18570,57,1
18571,54,1
18571,4,1
18571,63,1
18572,59,1
18572,62,1
18573,40,1
18573,55,1
18573,52,1
18573,66,1
18574,56,1
18574,61,2
18574,28,1
18575,64,1
18575,20,1
18575,6,1
18575,59,1
18576,20,1
18576,69,1
18577,54,1
18577,69,2
18577,32,1
18577,52,1
18578,58,1
18578,2,2
18578,56,1
18579,59,1
18579,55,1
18579,68,1
18580,2,1
18580,65,1
18580,70,1
18581,64,1
18581,58,1
18582,53,1
18582,69,1
18582,70,1
18582,66,1
18583,64,1
18583,69,1
18583,62,1
18583,60,1
18584,55,1
18584,61,3
18584,60,1
18585,65,1
18585,63,1
18586,61,1
18586,52,1
18586,42,1
18587,63,1
18587,64,2
18587,53,1
18588,67,1
18588,68,1
18589,59,1
18589,53,1
18589,34,1
18589,62,1
18590,31,1
18590,2,1
18590,61,1
18590,53,1
18591,70,1
18591,34,1
18592,54,1
18592,58,1
18592,66,1
18593,54,1
18593,52,1
18593,59,2
18594,31,2
18594,63,2
18594,52,1
18595,67,1
18595,1,1
18596,54,1
18596,51,1
18596,59,1
18597,62,1
18597,43,1
18597,36,1
18598,53,1
18598,60,1
18599,53,2
18599,35,1
18600,57,1
18600,63,1
18601,10,1
18601,57,1
18601,56,1
18601,59,1
18602,59,1
18602,44,1
18602,58,1
18603,58,1
18603,57,2
18603,59,2
18604,57,1
18604,58,1
18604,56,2
18605,59,1
18605,57,1
18606,58,3
18606,60,1
18607,59,1
18607,60,1
18608,58,1
18608,59,1
18608,56,2
18608,22,1
18609,57,1
18609,41,1
18609,13,1
18610,52,1
18610,56,1
18611,59,1
18611,57,1
18611,56,1
18611,58,1
18612,27,1
18612,42,2
18613,57,1
18613,58,2
18613,59,1
18613,60,1
18614,58,1
18614,59,1
18615,60,1
18615,58,1
18615,59,2
18616,43,1
18616,59,1
18617,1,1
18617,57,1
18618,41,1
18618,58,1
18618,57,1
18619,59,3
18619,57,1
18620,59,1
18620,56,1
18621,60,1
18621,58,1
18621,19,1
18622,58,2
18622,60,3
18622,56,1
18623,56,1
18623,27,2
18623,57,1
18624,57,2
18624,59,1
18624,56,1
18625,60,1
18625,59,1
18625,58,2
18626,60,1
18626,56,1
18626,58,2
18627,60,1
18627,6,1
18627,56,1
18627,58,1
18628,57,1
18628,58,1
18628,39,1
18628,59,1
18629,58,3
18629,13,3
18629,59,1
18629,6,1
18630,57,1
18630,60,3
18631,57,1
18631,20,3
18632,57,1
18632,58,3
18632,56,1
18632,59,1
18632,60,1
18633,58,2
18633,57,1
18633,60,1
18634,59,1
18634,60,1
18634,58,1
18634,28,1
18635,58,2
18635,57,2
18635,59,1
18635,60,1
18636,24,1
18636,56,1
18637,57,1
18637,60,3
18637,58,1
18638,60,1
18638,58,1
18638,17,1
18639,60,1
18639,57,1
18639,40,1
18639,58,2
18640,4,1
18640,57,1
18640,60,1
18641,6,1
18642,41,1
18642,6,1
18642,8,1
18642,7,2
18643,4,1
18643,27,2
18644,8,1
18644,5,1
18645,2,1
18645,7,1
18646,5,1
18646,1,1
18646,8,1
18647,5,1
18647,4,1
18648,8,1
18648,2,1
18648,9,3
18648,5,1
18649,4,1
18649,23,1
18650,1,1
18650,4,1
18650,6,1
18651,49,1
18651,8,1
18651,53,1
18651,7,1
18652,60,1
18652,7,1
18653,2,1
18654,5,2
18654,4,1
18654,1,1
18655,5,2
18655,35,1
18655,7,1
18655,6,1
18656,31,1
18656,2,1
18657,7,2
18657,3,1
18658,8,1
18658,7,1
18659,7,1
18659,22,1
18659,9,1
18660,5,1
18660,3,1
18661,60,1
18661,1,1
18661,3,3
18662,28,1
18662,5,1
18663,7,3
18663,58,1
18663,5,1
18664,7,1
18664,16,3
18665,6,1
18665,7,1
18666,9,1
18666,1,3
18666,3,1
18666,5,1
18667,3,1
18668,8,2
18668,1,1
18669,2,1
18669,45,1
18670,3,1
18670,47,1
18671,5,1
18671,6,1
18671,46,1
18672,2,1
18673,2,1
18673,6,1
18673,1,2
18674,2,1
18674,9,3
18675,29,1
18675,2,2
18676,51,1
18676,5,1
18677,8,1
18677,6,3
18677,7,1
18678,22,1
18678,5,2
18678,6,1
18679,4,1
18679,6,2
18680,9,1
18680,5,1
18680,1,2
18681,39,1
18681,18,1
18682,29,1
18682,19,1
18682,18,1
18683,34,1
18683,20,1
18683,19,1
18684,18,1
18684,19,1
18684,34,1
18684,60,1
18685,18,1
18685,45,3
18685,32,2
18685,29,2
18686,34,1
18686,29,1
18687,34,1
18687,38,1
18687,18,1
18687,29,1
18688,18,1
18689,53,2
18689,19,2
18689,29,2
18690,34,1
18690,18,1
18690,57,1
18690,19,1
18691,29,2
18691,19,1
18692,19,1
18692,29,1
18692,3,1
18692,34,1
18693,23,1
18693,34,1
18693,52,1
18694,18,1
18694,37,1
18695,19,1
18695,34,1
18695,29,2
18696,29,1
18696,18,2
18697,34,1
18697,19,1
18697,18,1
18698,34,1
18698,18,1
18698,23,1
18699,18,1
18699,5,1
18699,29,1
18700,34,1
18700,18,1
18700,10,1
18701,29,1
18701,34,1
18701,18,1
18701,19,1
18702,1,1
18702,16,1
18703,34,1
18703,29,1
18704,14,2
18704,29,1
18705,19,1
18705,29,1
18705,17,2
18705,18,1
18706,29,1
18706,35,1
18707,19,1
18707,18,3
18707,29,1
18708,18,1
18708,23,2
18708,48,1
18709,19,1
18709,34,1
18709,13,1
18710,19,2
18710,12,1
18711,19,1
18711,40,1
18712,18,1
18712,29,1
18713,19,2
18713,29,1
18714,18,1
18714,34,1
18714,13,1
18715,29,1
18715,19,3
18716,34,1
18716,7,1
18717,22,1
18717,19,1
18718,18,1
18718,29,1
18719,29,3
18719,19,1
18719,49,1
18720,34,1
18720,19,1
18720,18,1
18721,74,2
18721,75,2
18721,22,1
18722,24,3
18722,27,1
18722,75,1
18723,25,1
18723,23,1
18723,22,2
18723,75,1
18724,74,3
18724,21,1
18724,25,1
18724,22,1
18725,20,2
18725,24,1
18726,45,1
18726,51,1
18727,23,1
18727,47,1
18727,24,1
18728,27,1
18728,23,1
18729,75,1
18729,32,1
18729,24,1
18730,23,1
18730,8,1
18730,25,1
18731,25,1
18731,38,1
18731,22,1
18732,25,2
18732,5,1
18733,23,1
18733,75,3
18733,20,1
18734,21,1
18734,23,1
18735,20,1
18735,24,1
18736,24,3
18736,20,1
18736,25,2
18737,74,1
18737,21,2
18737,22,2
18737,14,1
18738,47,1
18738,53,1
18738,21,1
18739,75,1
18739,25,2
18740,20,1
18740,24,1
18740,23,1
18740,21,1
18741,26,1
18741,22,1
18742,3,1
18742,74,1
18742,23,1
18742,22,2
18743,23,1
18743,22,1
18743,21,3
18744,75,1
18744,24,1
18745,25,1
18745,37,1
18745,19,1
18746,20,1
18746,25,1
18746,1,1
18746,23,1
18746,75,1
18747,75,1
18747,24,1
18747,6,1
18747,25,1
18748,23,1
18748,3,1
18748,75,1
18749,20,1
18749,25,1
18750,23,1
18750,24,1
18750,29,1
18751,25,1
18751,21,3
18752,74,1
18752,20,1
18752,22,1
18752,25,1
18753,20,1
18753,18,1
18754,23,1
18754,75,2
18754,46,3
18754,24,1
18755,36,1
18755,20,1
18755,25,1
18755,6,1
18756,20,1
18757,20,1
18757,25,1
18757,22,1
18757,21,1
18758,74,1
18758,23,1
18758,21,1
18759,25,1
18759,74,1
18759,20,2
18760,21,1
18760,22,2
18761,15,1
18761,16,2
18761,12,1
18762,12,1
18762,14,1
18762,25,1
18763,10,1
18763,12,1
18763,15,1
18763,16,2
18764,15,1
18765,15,1
18765,16,3
18765,13,3
18766,15,2
18766,10,1
18766,36,1
18766,12,2
18767,16,1
18767,14,1
18767,10,1
18767,15,1
18768,16,1
18768,10,1
18768,15,1
18769,14,1
18769,49,1
18770,15,2
18770,35,1
18771,20,1
18771,10,2
18771,15,1
18772,11,1
18772,12,2
18773,10,1
18773,12,1
18774,15,2
18774,11,1
18774,12,2
18775,16,2
18775,24,1
18776,14,2
18777,16,1
18777,19,1
18778,14,2
18778,15,1
18778,16,2
18778,12,1
18779,14,1
18779,10,1
18779,16,2
18780,11,1
18780,49,1
18781,10,1
18781,15,1
18782,12,1
18782,45,2
18783,12,1
18783,13,1
18784,2,2
18784,11,1
18784,14,1
18785,12,1
18785,10,2
18786,16,1
18786,11,3
18786,12,1
18786,10,1
18786,14,1
18787,7,1
18787,11,1
18787,13,2
18788,10,2
18788,11,1
18788,12,1
18789,12,1
18789,10,1
18789,14,2
18790,12,1
18790,32,3
18791,16,1
18791,10,1
18792,14,1
18792,13,1
18792,16,1
18793,10,1
18793,11,1
18793,14,1
18793,16,2
18794,14,1
18794,10,1
18794,5,1
18795,16,2
18795,14,1
18796,16,1
18796,11,1
18797,12,1
18797,15,1
18797,14,3
18797,10,1
18798,13,1
18798,12,3
18799,14,2
18799,10,1
18799,16,1
18800,11,1
18801,14,2
18801,13,1
18802,13,1
18802,12,1
18802,11,1
18803,14,2
18803,52,1
18803,11,1
18803,20,1
18804,12,1
18805,10,1
18805,12,1
18805,15,1
18806,16,1
18806,10,1
18807,14,1
18807,12,1
18808,13,1
18808,12,1
18809,14,3
18809,13,1
18810,14,1
18810,15,1
18811,27,1
18811,14,1
18812,13,1
18813,12,1
18813,11,1
18813,14,1
18814,16,1
18814,34,1
18814,14,2
18815,10,1
18815,14,1
18816,12,1
18816,15,2
18817,15,2
18817,41,1
18817,11,1
18818,10,1
18818,12,1
18818,30,2
18819,15,1
18819,11,1
18820,15,2
18820,11,1
18821,16,2
18821,13,1
18821,33,1
18822,27,1
18822,16,1
18822,9,2
18823,15,2
18823,12,1
18824,10,1
18825,11,1
18825,15,2
18826,13,1
18826,12,1
18827,13,1
18827,10,1
18828,16,1
18829,10,1
18829,11,2
18829,14,1
18829,15,1
18830,10,1
18830,15,1
18831,15,1
18831,47,1
18832,11,1
18832,15,2
18833,18,1
18833,16,1
18833,15,1
18833,14,2
18834,2,1
18834,17,1
18834,16,1
18834,11,1
18835,14,1
18835,57,1
18836,6,1
18836,10,2
18837,14,1
18837,15,1
18838,12,1
18839,15,1
18839,10,1
18839,14,2
18839,11,2
18840,15,1
18840,36,1
18840,12,1
18841,63,1
18841,59,1
18842,63,1
18842,64,1
18843,65,1
18843,63,1
18843,61,1
18844,65,1
18844,64,1
18845,22,1
18846,7,1
18846,26,1
18847,7,1
18847,63,1
18847,62,2
18848,65,1
18849,66,1
18849,65,1
18849,29,2
18850,62,1
18851,64,1
18851,62,1
18852,61,1
18852,64,1
18852,65,2
18853,60,1
18853,65,1
18854,66,2
18854,34,1
18854,61,2
18855,66,1
18855,61,1
18855,13,1
18855,65,1
18855,27,2
18856,61,1
18856,62,1
18857,65,1
18857,64,1
18857,66,1
18857,61,2
18858,63,2
18858,22,1
18859,62,1
18860,63,1
18860,65,1
18860,66,1
18860,61,1
18860,62,1
18861,61,1
18862,63,1
18862,17,1
18862,62,1
18863,41,1
18863,61,1
18863,66,1
18864,63,1
18864,16,1
18864,47,1
18865,66,1
18865,65,1
18865,62,1
18865,63,1
18866,61,2
18866,63,1
18866,64,2
18866,36,1
18867,41,1
18867,24,1
18868,65,2
18868,61,3
18868,64,1
18869,61,1
18869,64,1
18870,62,1
18870,35,1
18871,66,2
18871,5,2
18871,61,1
18872,63,1
18872,66,1
18873,65,1
18873,61,1
18873,63,2
18874,65,3
18874,64,1
18874,63,1
18874,66,1
18875,62,1
18875,66,1
18875,63,1
18876,64,1
18876,54,1
18876,62,1
18877,66,1
18877,44,1
18877,64,1
18877,61,1
18878,65,1
18878,61,3
18879,66,1
18879,61,1
18880,8,1
18880,60,3
18881,60,1
18881,53,1
18882,53,2
18882,67,1
18883,69,1
18884,58,1
18884,36,2
18884,60,1
18885,66,1
18885,68,2
18886,59,1
18886,44,2
18886,52,1
18887,68,1
18887,55,3
18888,64,1
18888,61,1
18888,65,2
18889,66,1
18889,63,1
18890,43,1
18890,59,1
18891,53,1
18891,58,2
18891,66,1
18891,57,1
18892,66,1
18892,49,1
18892,8,1
18893,64,1
18893,52,1
18893,62,1
18893,55,1
18894,69,2
18895,33,1
18895,54,1
18895,56,1
18896,59,3
18896,62,1
18896,58,1
18897,15,1
18897,53,2
18898,57,1
18898,64,1
18899,4,1
18899,45,1
18899,55,1
18900,68,1
18900,44,1
18901,44,1
18901,63,1
18901,28,1
18901,54,1
18901,67,1
18902,69,1
18902,60,1
18902,54,1
18902,51,1
18903,66,1
18903,52,1
18903,62,1
18904,70,3
18904,65,1
18905,55,1
18905,56,1
18905,53,1
18906,65,1
18906,66,1
18906,61,1
18907,58,1
18907,63,2
18907,61,3
18908,69,1
18908,53,1
18908,38,1
18908,60,3
18909,57,1
18909,60,1
18909,69,2
18909,56,1
18910,54,1
18910,60,1
18910,29,1
18911,59,2
18911,62,1
18912,68,1
18912,60,1
18912,58,1
18912,67,1
18913,67,2
18913,59,1
18913,11,1
18913,48,1
18913,64,1
18914,67,1
18914,52,1
18914,63,1
18915,55,1
18915,58,3
18915,63,2
18916,54,1
18916,64,1
18917,61,1
18917,56,3
18917,59,1
18917,66,1
18918,69,2
18918,58,1
18918,64,1
18918,55,1
18919,68,1
18919,60,1
18919,52,1
18919,50,1
18920,52,1
18920,53,1
18921,32,2
18921,29,1
18922,18,1
18922,34,2
18922,54,2
18923,19,3
18923,1,3
18924,29,1
18924,19,2
18924,18,3
18925,29,1
18925,19,2
18925,18,1
18926,19,1
18926,53,2
18926,34,1
18927,34,1
18927,29,1
18927,18,2
18928,34,1
18928,19,3
18928,18,1
18928,41,1
18929,34,3
18929,19,1
18929,29,1
18929,18,1
18930,34,1
18930,29,1
18930,19,1
18930,18,2
18931,38,1
18931,19,1
18932,19,1
18932,29,2
18932,34,1
18932,3,1
18933,34,1
18933,19,1
18933,18,1
18934,19,1
18934,29,1
18934,47,1
18934,45,1
18935,18,1
18935,19,2
18935,34,1
18935,29,2
18936,18,3
18936,17,3
18937,18,2
18937,50,1
18937,19,3
18937,34,1
18938,29,1
18938,18,1
18938,34,1
18938,19,1
18939,34,1
18939,18,1
18939,29,1
18940,18,1
18940,27,2
18941,18,3
18941,32,2
18941,19,1
18942,18,1
18942,19,2
18943,23,1
18943,18,2
18943,29,1
18943,33,1
18944,46,1
18944,54,2
18944,20,1
18945,10,1
18945,29,1
18945,34,1
18946,18,2
18946,34,1
18947,19,1
18947,49,1
18947,18,1
18948,18,1
18948,6,3
18949,18,1
18949,34,1
18949,22,2
18950,18,1
18950,34,1
18951,34,1
18951,19,1
18951,18,1
18952,24,1
18952,34,2
18953,19,1
18953,34,1
18953,39,1
18953,18,1
18954,34,1
18954,29,2
18955,49,1
18955,18,1
18956,29,1
18956,34,1
18956,19,1
18957,56,3
18957,34,1
18957,18,1
18958,34,1
18958,46,2
18958,18,1
18959,12,1
18959,29,1
18959,19,1
18960,37,1
18960,29,1
18960,34,3
18961,1,1
18961,16,1
18961,12,1
18962,13,2
18962,11,2
18962,15,1
18962,16,1
18963,52,1
18963,13,1
18963,10,1
18964,14,2
18964,50,1
18965,60,1
18965,16,1
18965,37,3
18965,14,1
18966,43,1
18966,12,1
18967,14,1
18967,46,1
18967,44,1
18967,12,1
18968,16,1
18968,14,1
18968,15,1
18969,25,1
18969,16,1
18970,41,1
18970,49,1
18970,14,1
18970,13,1
18971,12,1
18971,15,1
18972,36,1
18972,11,1
18972,58,1
18973,54,2
18973,20,1
18973,10,1
18974,15,2
18974,13,1
18974,21,2
18974,14,1
18975,31,1
18975,16,1
18975,14,1
18976,16,1
18976,13,1
18977,16,2
18977,15,1
18977,24,1
18978,26,1
18978,1,1
18978,16,1
18978,11,1
18979,50,1
18979,10,1
18979,12,1
18980,13,1
18980,11,1
18981,12,1
18981,11,1
18982,16,2
18982,15,1
18982,11,1
18982,13,1
18983,14,1
18984,10,1
18984,16,1
18984,12,1
18985,12,3
18985,13,1
18985,54,1
18986,12,1
18986,16,1
18986,13,1
18987,16,1
18987,11,2
18988,44,1
18988,10,1
18989,12,1
18989,15,1
18990,10,1
18990,49,1
18991,12,1
18991,15,2
18991,14,3
18992,16,1
18992,12,1
18993,16,1
18993,11,1
18993,13,2
18994,12,1
18994,13,1
18995,10,1
18995,13,1
18995,15,1
18996,11,3
18996,10,1
18997,13,2
18997,14,1
18997,30,1
18998,2,2
18998,12,1
18998,14,1
18998,26,1
18999,10,1
18999,28,1
18999,16,1
18999,11,1
19000,15,1
19000,20,1
19000,14,1
19001,8,1
19001,2,1
19001,3,3
19002,7,1
19002,25,1
19002,2,1
19003,9,2
19003,45,1
19004,9,1
19004,7,1
19005,6,1
19005,54,2
19006,3,1
19006,49,2
19006,8,1
19006,7,1
19006,5,1
19007,4,2
19007,48,1
19007,41,1
19008,9,1
19008,5,1
19008,3,1
19009,2,1
19009,5,1
19009,51,1
19010,4,1
19010,49,1
19011,9,1
19012,8,1
19012,5,1
19012,49,2
19013,5,1
19014,57,1
19014,14,2
19015,4,1
19015,5,1
19015,2,1
19016,2,1
19016,4,1
19017,43,1
19017,3,1
19018,9,1
19018,5,1
19018,2,1
19019,3,1
19019,7,2
19019,6,1
19020,2,1
19020,3,1
19020,9,1
19021,9,1
19021,1,1
19022,9,1
19022,2,2
19022,31,1
19023,7,2
19023,2,2
19024,8,1
19025,21,2
19026,2,1
19026,4,3
19027,1,1
19028,5,1
19028,3,1
19028,6,1
19028,19,1
19029,2,1
19029,1,1
19029,34,1
19029,5,1
19030,2,1
19030,6,1
19031,9,2
19031,2,1
19032,5,1
19032,9,1
19032,4,1
19033,7,1
19033,5,1
19033,8,1
19034,1,1
19035,3,1
19035,2,1
19035,5,1
19036,8,1
19036,2,1
19036,5,1
19037,1,1
19037,9,1
19037,2,1
19037,36,1
19038,5,1
19038,2,1
19038,1,1
19038,4,2
19039,3,1
19039,2,2
19040,4,1
19040,5,3
19041,3,1
19041,9,2
19042,7,2
19042,5,1
19043,6,1
19043,5,2
19043,1,1
19043,16,1
19043,4,1
19044,37,1
19044,5,1
19044,8,1
19045,5,1
19045,42,1
19045,22,1
19045,3,1
19046,2,2
19046,13,1
19046,30,2
19047,4,3
19047,5,2
19047,6,1
19048,4,1
19048,2,1
19049,3,1
19049,7,1
19050,1,1
19050,8,1
19050,6,1
19051,3,1
19051,7,1
19052,5,2
19052,3,1
19053,7,1
19053,14,1
19053,2,1
19054,4,2
19054,11,1
19054,6,1
19054,2,1
19055,54,1
19055,16,1
19056,27,1
19056,7,1
19056,9,2
19057,41,1
19057,6,2
19057,2,1
19058,16,1
19058,4,1
19059,2,1
19059,8,1
19059,9,1
19059,6,1
19060,5,1
19061,1,1
19061,22,1
19062,6,2
19062,4,2
19062,1,1
19063,1,1
19063,5,1
19064,8,1
19064,3,1
19064,1,1
19065,3,2
19065,4,1
19065,2,1
19065,8,1
19066,9,1
19066,7,1
19066,1,1
19067,4,1
19067,6,1
19067,7,2
19068,9,2
19068,4,1
19069,55,1
19069,4,1
19069,3,3
19070,4,1
19070,7,2
19071,31,1
19071,4,2
19072,1,1
19072,26,1
19072,4,1
19073,16,1
19073,3,1
19073,5,1
19074,5,3
19074,1,1
19074,7,1
19075,7,1
19075,10,1
19076,9,1
19076,5,1
19077,41,1
19077,9,1
19077,4,2
19078,5,1
19078,8,3
19078,37,1
19078,9,1
19079,9,1
19079,3,1
19079,8,1
19080,6,1
19080,7,2
19081,9,1
19081,12,1
19082,13,3
19082,11,1
19082,15,2
19083,19,1
19083,11,2
19083,14,1
19084,13,1
19084,16,1
19085,11,1
19085,47,1
19086,10,1
19086,15,2
19087,14,2
19087,11,1
19087,51,2
19088,32,1
19088,27,1
19088,11,1
19089,13,1
19089,51,1
19089,16,2
19090,16,1
19090,11,1
19091,11,1
19091,15,2
19091,12,1
19092,28,1
19092,59,1
19092,10,1
19093,11,1
19093,12,1
19093,14,1
19093,16,1
19093,50,1
19094,11,1
19094,14,1
19094,2,2
19095,11,1
19096,30,1
19096,13,1
19097,14,1
19097,10,3
19097,52,1
19097,15,1
19098,34,1
19098,16,1
19099,14,1
19099,13,1
19099,15,1
19100,12,1
19100,10,1
19100,47,1
19100,11,1
19101,21,2
19101,16,1
19102,11,2
19102,12,2
19102,31,1
19102,15,2
19103,16,1
19103,1,1
19104,14,1
19104,8,1
19105,13,1
19105,1,2
19106,13,1
19106,40,1
19106,16,1
19107,13,1
19107,14,1
19107,16,1
19107,1,1
19107,10,1
19108,11,1
19108,13,1
19108,12,1
19109,14,1
19109,11,1
19110,16,1
19110,12,1
19111,15,1
19111,14,3
19111,13,1
19112,14,2
19112,10,1
19113,16,2
19114,37,1
19114,12,1
19114,16,1
19115,12,1
19115,16,1
19115,13,1
19115,14,1
19116,11,1
19116,15,1
19117,10,1
19117,16,3
19118,15,1
19118,11,1
19118,10,1
19119,16,1
19119,20,1
19119,10,1
19120,16,1
19120,11,1
19121,12,1
19121,16,1
19121,8,1
19122,15,1
19123,16,1
19123,13,1
19123,28,3
19124,11,1
19124,13,1
19125,16,1
19125,14,2
19126,11,1
19126,12,1
19127,46,1
19127,37,1
19128,24,1
19128,22,3
19129,12,1
19129,14,1
19130,16,1
19131,14,1
19131,16,1
19131,15,1
19131,11,3
19132,23,1
19132,11,1
19133,13,1
19133,10,1
19133,16,1
19134,12,1
19135,13,1
19135,14,1
19135,15,1
19136,13,1
19136,16,1
19136,10,2
19137,10,1
19137,3,1
19138,10,1
19138,14,2
19138,12,1
19139,18,2
19139,11,1
19140,16,2
19140,11,1
19140,1,1
19141,15,1
19141,12,1
19141,14,1
19142,16,1
19142,13,1
19142,18,3
19142,14,1
19143,4,1
19143,12,1
19143,11,1
19143,2,1
19144,15,1
19144,11,1
19144,35,3
19145,16,1
19145,11,1
19146,13,1
19147,14,1
19147,16,3
19147,13,1
19147,15,1
19148,15,2
19148,13,1
19148,11,1
19149,11,1
19149,13,2
19149,52,1
19150,14,1
19150,16,2
19150,10,1
19151,15,1
19151,13,1
19152,12,1
19152,25,3
19152,11,1
19153,14,1
19154,14,1
19154,12,1
19155,11,3
19155,27,1
19156,14,1
19156,16,1
19156,13,1
19157,15,1
19157,10,1
19157,11,2
19158,16,1
19158,4,1
19158,15,1
19158,32,1
19159,35,1
19160,14,1
19160,15,2
19160,11,2
19160,8,2
19161,3,1
19161,9,1
19162,4,1
19162,8,1
19163,7,1
19163,5,1
19163,4,1
19164,3,3
19164,2,1
19165,42,1
19165,33,1
19165,9,1
19166,2,2
19166,45,2
19166,7,1
19167,7,1
19167,52,2
19167,8,1
19168,8,1
19168,9,1
19169,39,1
19169,8,2
19169,5,1
19170,4,1
19170,8,1
19170,7,1
19171,6,1
19171,60,1
19171,2,1
19172,33,1
19172,4,1
19173,4,1
19173,9,1
19173,8,1
19174,5,1
19174,2,1
19175,9,2
19175,1,2
19176,6,1
19176,7,1
19176,60,3
19177,27,1
19177,3,3
19177,25,1
19177,1,1
19177,8,1
19178,6,2
19178,3,1
19178,8,1
19179,1,1
19179,5,1
19180,7,2
19180,3,1
19180,8,1
19181,7,1
19182,5,2
19182,4,1
19182,6,2
19183,3,2
19183,7,1
19183,8,1
19183,9,1
19184,1,1
19184,4,1
19184,5,1
19185,4,2
19185,1,1
19186,4,1
19186,7,1
19187,55,2
19187,8,1
19188,8,3
19189,47,1
19189,9,2
19190,7,1
19190,9,1
19190,2,2
19190,4,1
19191,5,1
19191,17,1
19192,5,3
19193,2,2
19193,8,2
19193,9,2
19194,8,2
19194,9,1
19195,5,1
19195,3,1
19195,1,1
19196,1,2
19197,9,1
19197,5,1
19197,4,1
19198,9,1
19198,8,1
19198,4,1
19199,8,3
19199,3,1
19199,2,2
19200,1,2
19200,9,1
19200,8,1
19200,2,1
19200,6,1
19201,10,3
19201,8,1
19201,3,1
19202,2,1
19202,8,1
19202,5,2
19203,5,1
19203,1,1
19203,2,1
19204,5,1
19204,2,2
19205,9,1
19205,16,1
19206,8,2
19206,3,1
19206,4,1
19206,7,1
19207,6,1
19208,3,1
19208,8,3
19208,42,2
19208,4,1
19209,12,1
19209,10,1
19210,9,1
19210,29,1
19210,3,1
19211,4,1
19211,7,1
19212,49,1
19212,1,1
19212,8,1
19212,5,1
19213,3,1
19213,8,1
19213,11,1
19214,6,2
19214,9,1
19214,4,1
19214,14,1
19215,7,1
19215,5,1
19215,1,1
19216,11,1
19216,7,1
19216,8,1
19217,3,1
19217,9,1
19217,2,2
19218,5,1
19218,9,2
19219,5,1
19219,43,1
19219,8,1
19220,6,1
19220,24,3
19220,34,1
19220,30,2
19221,47,1
19221,8,3
19222,4,1
19222,9,2
19223,6,2
19223,9,1
19224,56,1
19224,5,1
19224,27,1
19225,28,1
19225,3,1
19225,8,2
19226,6,2
19226,5,1
19226,9,1
19227,5,1
19227,4,2
19228,57,2
19228,8,1
19228,1,2
19228,3,1
19229,9,1
19229,2,2
19229,18,1
19230,1,1
19230,8,1
19231,3,2
19231,39,1
19232,35,2
19232,26,1
19232,8,1
19233,50,1
19233,6,1
19233,9,1
19234,15,1
19234,13,2
19234,3,1
19234,1,1
19234,7,1
19235,2,1
19235,7,1
19236,2,2
19236,5,1
19236,17,1
19237,38,2
19237,6,2
19238,2,1
19238,7,1
19239,6,1
19239,7,2
19239,43,2
19239,38,1
19240,1,1
19240,13,1
19240,9,1
19241,59,1
19241,64,1
19242,66,1
19242,63,2
19242,64,2
19243,63,1
19243,65,1
19243,62,1
19244,62,1
19244,42,1
19244,61,1
19244,23,1
19245,61,1
19245,63,1
19246,64,3
19246,66,1
19246,6,1
19247,33,1
19247,66,1
19247,64,1
19247,6,2
19248,62,1
19248,61,1
19248,63,1
19249,25,3
19249,66,1
19250,66,1
19250,43,1
19250,12,1
19251,64,1
19251,63,1
19251,66,2
19251,65,1
19251,62,1
19252,63,1
19252,62,1
19253,66,1
19253,65,2
19253,62,1
19254,62,1
19254,65,3
19254,61,1
19254,63,1
19255,9,1
19255,62,1
19256,61,3
19256,63,2
19256,64,1
19257,66,1
19257,61,3
19258,64,3
19259,66,1
19259,65,2
19259,64,1
19260,65,2
19260,66,1
19260,62,1
19261,61,2
19261,19,1
19261,62,1
19261,65,1
19262,65,1
19262,66,1
19262,62,3
19262,58,3
19263,63,1
19263,65,1
19264,25,1
19264,64,2
19265,57,1
19265,64,1
19265,19,2
19265,66,1
19266,36,1
19266,63,1
19267,51,2
19267,62,2
19268,61,1
19268,64,1
19269,62,2
19269,61,1
19269,65,2
19270,63,1
19270,29,1
19271,65,1
19271,62,1
19272,66,1
19272,62,1
19272,65,1
19273,63,1
19274,61,1
19274,66,1
19275,61,1
19275,16,1
19275,33,1
19275,66,2
19276,56,1
19276,61,1
19276,7,1
19277,9,1
19277,64,1
19277,62,2
19278,63,1
19278,65,1
19279,66,2
19279,63,1
19279,62,1
19280,63,1
19280,61,1
19281,21,1
19281,74,1
19281,25,1
19282,74,2
19282,2,2
19283,75,1
19283,23,1
19284,16,1
19284,24,1
19285,23,1
19285,22,1
19286,25,3
19286,20,1
19286,57,1
19286,21,1
19287,74,1
19287,19,1
19287,21,1
19287,23,2
19288,75,1
19288,22,1
19289,74,1
19289,75,2
19289,21,1
19289,49,1
19290,24,1
19290,12,1
19290,75,1
19291,23,1
19291,24,1
19291,22,1
19292,21,1
19292,20,1
19293,23,1
19293,25,1
19294,24,1
19294,25,1
19294,21,3
19295,25,1
19295,23,1
19296,21,1
19296,24,1
19296,23,1
19297,25,1
19297,23,1
19297,20,1
19298,25,1
19298,30,2
19298,59,2
19299,25,1
19299,22,2
19299,23,1
19299,21,1
19299,75,1
19300,74,1
19300,22,1
19301,37,1
19301,22,2
19302,23,1
19302,74,2
19303,75,1
19303,23,1
19303,20,1
19304,6,1
19304,74,1
19305,38,1
19305,22,1
19306,21,1
19306,52,1
19307,20,1
19307,7,1
19307,74,1
19307,24,1
19308,25,1
19308,43,1
19308,4,1
19309,20,1
19310,57,2
19310,21,1
19310,74,1
19311,23,1
19311,38,1
19312,25,1
19312,20,1
19312,24,1
19313,21,1
19313,31,1
19313,20,1
19314,21,1
19314,24,1
19315,20,1
19315,24,1
19316,22,1
19317,22,1
19318,20,1
19318,22,3
19319,74,1
19319,22,1
19319,32,1
19320,75,1
19320,25,1
19321,34,1
19321,29,1
19321,18,1
19321,22,1
19322,27,1
19322,19,1
19322,34,1
19323,19,3
19323,23,1
19324,34,1
19324,25,1
19325,43,1
19325,19,1
19326,18,1
19327,29,1
19327,18,1
19327,19,1
19328,34,1
19328,29,2
19328,18,1
19329,5,1
19329,34,1
19330,18,2
19330,29,1
19330,34,1
19331,29,2
19331,28,3
19332,29,2
19332,18,1
19332,19,1
19333,19,1
19333,18,1
19333,57,1
19334,19,1
19334,18,1
19334,34,1
19335,30,3
19335,34,1
19335,33,1
19336,45,2
19336,18,1
19337,9,3
19337,29,1
19338,34,1
19338,52,3
19338,29,1
19339,19,1
19339,18,3
19339,11,1
19340,27,3
19340,18,1
19340,19,1
19341,19,1
19341,34,1
19341,29,1
19341,18,1
19342,15,2
19342,18,1
19343,38,1
19343,18,1
19344,29,1
19344,34,1
19344,19,1
19344,18,1
19344,43,1
19345,18,2
19345,13,1
19346,6,1
19346,29,3
19346,19,1
19346,18,1
19347,18,1
19348,29,1
19348,34,1
19348,18,1
19348,19,1
19349,19,1
19349,49,1
19349,11,1
19349,18,1
19350,31,1
19350,56,1
19351,18,2
19351,34,1
19352,29,1
19352,18,1
19353,34,1
19353,19,1
19354,36,1
19354,19,1
19354,34,1
19355,34,1
19355,19,1
19356,18,1
19356,38,1
19357,34,1
19357,29,1
19357,7,1
19357,18,1
19357,14,1
19358,44,1
19358,19,1
19358,34,1
19359,26,2
19359,34,1
19359,18,1
19359,29,1
19360,19,2
19360,34,1
19360,18,1
19360,33,1
19360,52,1
19361,9,1
19361,6,1
19361,2,2
19362,8,1
19362,3,1
19362,5,1
19363,9,1
19363,4,1
19363,8,1
19364,8,1
19364,58,2
19365,7,1
19365,6,1
19366,6,1
19366,7,1
19367,3,2
19367,2,1
19368,9,1
19368,27,1
19368,8,1
19369,4,2
19369,1,1
19369,9,1
19370,3,1
19370,5,1
19370,13,1
19371,60,1
19371,8,1
19372,9,1
19373,8,1
19373,4,3
19373,3,1
19374,4,3
19374,5,2
19375,6,1
19375,7,3
19376,9,1
19376,51,1
19376,6,1
19377,8,1
19377,5,1
19378,7,1
19378,5,1
19379,49,2
19379,3,2
19380,9,2
19381,8,3
19381,2,1
19381,9,1
19381,1,1
19382,1,2
19382,2,1
19382,7,1
19383,7,1
19384,6,2
19384,7,1
19384,4,3
19385,7,1
19385,6,1
19385,4,2
19386,7,1
19386,1,1
19386,4,1
19387,49,3
19387,5,2
19388,1,1
19389,48,1
19389,5,1
19389,9,1
19390,60,1
19390,9,1
19391,7,1
19391,2,1
19392,9,3
19393,8,1
19393,38,2
19393,3,1
19393,9,1
19394,53,1
19394,8,1
19394,1,1
19395,8,1
19395,4,1
19396,9,1
19396,2,1
19397,9,1
19397,6,2
19398,5,1
19398,4,1
19398,8,2
19399,13,1
19399,2,1
19400,1,3
19400,6,1
19401,11,1
19402,15,1
19402,11,1
19402,10,1
19403,14,3
19403,15,1
19404,15,1
19404,16,1
19405,13,1
19405,14,1
19406,14,1
19406,10,1
19406,21,1
19407,13,1
19407,37,2
19408,14,2
19408,11,1
19409,11,2
19409,15,1
19410,16,1
19410,12,1
19410,29,1
19411,10,1
19411,29,3
19412,38,1
19412,11,1
19412,16,1
19412,10,1
19413,12,1
19414,12,1
19414,14,2
19414,13,1
19414,52,1
19415,15,1
19415,11,1
19416,11,1
19416,46,1
19417,12,2
19417,10,1
19417,13,1
19418,12,2
19419,15,1
19419,16,1
19419,11,1
19419,37,2
19420,47,1
19420,15,2
19421,13,2
19421,47,1
19422,60,2
19423,16,1
19423,13,1
19424,13,1
19424,16,2
19424,10,1
19425,14,1
19425,13,1
19425,11,1
19426,11,1
19426,10,1
19426,14,1
19427,12,1
19428,14,1
19428,11,1
19429,14,1
19429,13,1
19430,13,1
19430,10,1
19431,10,1
19431,15,1
19432,10,3
19432,16,1
19432,34,1
19432,12,2
19433,49,3
19433,12,1
19434,16,1
19434,10,1
19435,13,1
19435,15,1
19436,10,1
19436,16,1
19436,12,1
19437,13,1
19437,16,1
19438,13,1
19438,16,2
19438,8,1
19438,15,1
19439,12,1
19439,41,1
19439,16,1
19440,12,1
19440,14,1
19440,8,1
19441,7,1
19441,1,1
19441,25,1
19442,1,1
19442,22,1
19442,5,3
19443,6,1
19443,17,1
19444,5,2
19444,8,2
19445,22,1
19445,11,1
19446,1,1
19446,2,1
19446,9,1
19447,7,1
19448,34,1
19448,1,1
19449,2,1
19449,1,1
19450,54,1
19450,8,2
19450,7,1
19451,6,1
19451,4,2
19452,7,1
19452,4,3
19452,5,2
19452,8,1
19453,58,1
19453,52,2
19453,7,1
19454,9,1
19455,3,2
19455,8,1
19456,8,1
19456,53,1
19456,5,2
19456,2,2
19457,7,1
19458,1,1
19458,9,1
19459,6,1
19459,1,1
19459,9,1
19460,16,2
19460,8,2
19460,9,1
19460,58,1
19461,8,2
19461,9,1
19461,28,1
19462,3,1
19462,6,3
19463,1,1
19463,7,1
19463,46,1
19464,24,1
19465,9,1
19465,5,1
19466,3,1
19466,5,1
19467,7,2
19468,3,1
19468,1,1
19469,1,1
19469,9,1
19470,3,1
19470,5,1
19470,6,1
19470,7,1
19470,1,1
19471,5,1
19472,7,1
19472,43,1
19472,9,1
19473,4,1
19473,20,1
19473,9,2
19474,55,1
19474,8,2
19475,2,1
19475,5,1
19476,9,1
19476,2,1
19476,6,1
19477,7,1
19477,9,1
19477,5,1
19478,1,2
19478,7,1
19479,4,1
19479,1,1
19480,9,2
19480,48,1
19481,29,1
19481,19,1
19482,29,1
19482,19,2
19482,45,1
19483,29,1
19483,19,1
19484,29,1
19484,18,1
19484,15,1
19484,35,1
19485,19,1
19485,50,3
19485,47,1
19486,34,2
19486,8,1
19487,18,1
19487,51,1
19487,13,1
19488,29,2
19488,18,2
19488,19,1
19488,34,1
19488,2,1
19489,34,1
19489,26,1
19489,17,2
19490,18,1
19490,19,3
19491,25,1
19491,41,3
19491,34,1
19492,34,2
19492,18,1
19492,19,1
19493,34,1
19493,19,1
19493,29,1
19493,18,2
19494,18,1
19494,29,1
19494,45,1
19495,29,3
19495,19,1
19495,34,2
19496,19,1
19496,34,1
19496,29,1
19497,34,1
19497,19,2
19497,52,1
19498,18,1
19498,19,1
19499,32,1
19499,34,2
19499,29,1
19500,18,1
19500,19,2
19500,34,1
19501,29,2
19501,50,1
19501,34,1
19502,18,1
19503,18,1
19503,19,1
19503,17,1
19504,18,1
19504,34,1
19504,43,1
19505,18,1
19505,7,1
19506,44,1
19506,18,1
19507,29,2
19507,34,3
19507,18,1
19508,26,1
19508,29,1
19509,45,2
19509,29,1
19509,34,2
19510,19,1
19510,29,1
19511,18,1
19511,29,1
19511,19,1
19512,19,3
19512,34,2
19513,18,1
19513,34,1
19514,29,1
19514,19,2
19514,18,1
19514,34,1
19514,6,1
19515,18,1
19515,56,3
19516,34,1
19516,18,2
19516,45,1
19516,31,1
19516,19,1
19517,28,1
19517,19,1
19518,25,1
19518,20,1
19518,19,2
19519,29,1
19519,34,1
19519,18,1
19520,34,1
19520,29,1
19520,18,1
19520,19,3
19521,65,1
19521,5,1
19522,68,1
19522,63,1
19523,60,3
19523,70,1
19523,68,1
19524,53,1
19524,61,1
19524,68,1
19525,65,2
19525,55,1
19526,32,2
19526,52,3
19526,67,2
19526,62,1
19527,65,1
19527,55,1
19528,51,1
19528,60,1
19528,52,1
19529,69,1
19529,60,2
19530,62,1
19530,59,2
19530,54,1
19530,55,1
19530,57,1
19531,66,1
19532,56,1
19532,59,1
19533,61,3
19534,53,1
19534,61,1
19534,52,1
19535,68,1
19535,61,1
19536,55,1
19536,66,1
19536,64,1
19537,57,1
19537,24,1
19537,31,1
19537,56,1
19538,54,1
19538,69,1
19538,70,1
19539,23,3
19539,68,2
19540,65,1
19541,62,2
19541,16,2
19542,67,1
19542,58,1
19542,11,1
19542,56,2
19543,64,1
19543,48,1
19544,17,1
19544,58,1
19544,33,1
19545,66,1
19546,65,3
19546,51,1
19546,69,1
19547,59,1
19547,10,1
19548,51,1
19548,36,3
19549,61,1
19550,69,1
19550,53,1
19551,3,1
19551,66,1
19551,62,1
19552,51,1
19552,64,1
19552,69,1
19553,60,1
19554,65,1
19554,42,1
19555,52,1
19555,53,1
19555,67,2
19556,63,2
19556,61,1
19556,31,1
19557,20,1
19557,57,1
19558,55,1
19558,53,1
19558,59,1
19558,69,2
19559,59,1
19559,57,1
19559,60,1
19559,58,1
19560,65,1
19560,70,3
19561,4,1
19561,9,1
19562,7,1
19562,3,1
19562,4,1
19563,7,1
19563,6,1
19564,9,1
19564,4,1
19565,3,1
19565,8,1
19565,2,1
19565,9,1
19566,4,3
19566,2,1
19567,42,1
19567,3,2
19567,2,2
19568,3,1
19568,8,1
19569,57,1
19569,9,3
19569,3,2
19570,1,1
19570,57,1
19570,4,1
19571,4,1
19571,1,1
19571,7,1
19572,1,1
19572,4,1
19572,2,1
19573,7,1
19573,8,1
19574,2,3
19574,5,1
19575,8,2
19575,1,1
19576,1,2
19576,2,1
19576,6,1
19577,6,1
19577,8,1
19577,2,1
19577,9,1
19578,2,1
19578,8,1
19579,4,1
19579,8,1
19580,1,1
19580,7,1
19581,3,1
19581,4,1
19581,2,1
19582,1,1
19582,4,1
19582,5,1
19583,15,1
19583,17,1
19583,2,3
19584,8,1
19584,3,1
19585,6,1
19585,57,1
19585,4,1
19585,3,2
19586,1,2
19586,7,3
19586,24,1
19586,3,1
19587,27,1
19587,8,1
19587,9,1
19588,2,1
19588,29,1
19589,4,1
19589,8,1
19590,50,1
19590,9,3
19590,7,1
19591,2,1
19591,4,1
19592,4,2
19592,5,1
19593,6,1
19593,8,2
19594,5,1
19594,9,1
19595,3,1
19595,8,1
19596,5,1
19596,49,1
19596,4,2
19597,5,1
19597,9,1
19598,1,1
19598,4,1
19599,8,1
19599,60,2
19599,2,1
19600,3,2
19600,4,1
19601,2,1
19602,8,1
19602,9,1
19602,7,1
19603,56,1
19603,4,2
19604,7,1
19604,8,1
19604,9,1
19604,2,1
19605,2,1
19605,8,1
19606,5,1
19606,4,1
19606,1,1
19607,6,1
19607,9,1
19607,2,1
19608,9,1
19608,2,2
19609,4,1
19610,5,1
19610,6,2
19611,32,1
19611,18,1
19611,5,1
19612,5,2
19612,7,1
19613,35,1
19613,2,1
19613,8,1
19614,8,1
19614,2,1
19614,9,1
19615,2,1
19615,43,3
19615,7,1
19616,8,1
19616,4,1
19617,42,2
19617,2,2
19617,5,2
19618,10,2
19618,34,2
19618,35,1
19619,12,1
19619,4,2
19619,7,1
19620,2,1
19620,14,1
19620,4,1
19620,6,1
19621,35,1
19621,43,1
19622,6,2
19622,2,1
19622,18,1
19622,8,2
19623,3,1
19623,56,1
19624,4,2
19625,6,1
19625,1,1
19626,2,1
19626,9,1
19626,48,1
19627,24,1
19627,4,1
19627,17,1
19628,4,2
19628,7,1
19629,2,1
19629,1,1
19630,4,1
19630,7,1
19631,6,1
19631,9,1
19632,7,1
19632,12,1
19633,4,1
19633,1,1
19633,52,2
19634,7,2
19634,1,1
19634,4,1
19634,2,1
19634,54,1
19635,2,1
19635,5,1
19636,2,3
19636,9,1
19636,7,1
19636,6,1
19637,4,2
19637,2,2
19637,8,1
19638,7,1
19639,3,1
19639,2,1
19639,29,1
19640,5,2
19640,2,1
19641,62,1
19641,61,1
19642,63,1
19642,65,1
19643,61,3
19643,63,2
19643,66,1
19644,64,1
19644,65,1
19644,62,1
19644,28,1
19645,62,1
19646,63,2
19646,22,1
19647,33,1
19647,44,1
19647,20,1
19648,56,1
19648,61,2
19648,64,3
19649,62,1
19650,26,2
19650,65,1
19650,66,1
19650,63,1
19651,65,1
19651,64,2
19652,62,1
19652,64,1
19653,36,1
19653,62,1
19653,61,1
19653,64,1
19654,64,1
19654,61,1
19654,66,1
19654,28,1
19655,56,3
19655,66,1
19655,62,1
19655,64,1
19655,63,1
19656,63,2
19656,61,3
19657,46,2
19658,65,1
19658,14,1
19658,66,1
19658,42,1
19659,62,1
19659,59,2
19659,58,1
19660,64,1
19660,65,1
19661,27,1
19661,64,2
19662,37,1
19662,7,3
19662,65,3
19663,65,1
19663,47,1
19663,30,1
19663,63,1
19664,65,1
19664,66,1
19664,61,2
19665,54,1
19665,45,3
19665,62,2
19665,66,1
19665,61,1
19666,63,1
19666,66,1
19667,65,1
19667,61,1
19667,64,1
19667,66,1
19668,66,1
19668,63,1
19669,65,2
19669,64,1
19669,66,1
19670,65,1
19670,63,1
19670,66,1
19670,15,1
19671,61,1
19671,63,1
19671,64,2
19671,62,1
19671,18,1
19672,66,1
19672,64,2
19672,62,1
19672,38,2
19673,62,1
19673,66,1
19673,65,1
19673,63,1
19673,13,2
19674,49,1
19674,65,1
19674,61,1
19675,65,1
19675,62,1
19675,64,1
19676,65,3
19676,63,1
19676,64,1
19677,33,3
19677,66,1
19677,65,1
19678,59,1
19678,1,2
19679,62,3
19679,65,1
19680,65,3
19680,63,1
19680,57,1
19681,22,1
19681,56,1
19682,25,1
19682,10,1
19682,24,1
19683,24,1
19683,22,1
19684,23,1
19684,25,1
19684,41,1
19685,24,1
19685,25,1
19685,23,1
19686,22,1
19686,24,1
19686,23,1
19687,25,1
19687,22,2
19687,23,2
19687,24,1
19688,60,1
19688,20,2
19688,25,1
19689,25,1
19689,24,2
19690,24,2
19690,22,1
19690,23,1
19691,23,1
19691,24,2
19691,22,2
19691,52,1
19692,24,1
19692,22,1
19692,23,1
19693,25,2
19693,23,1
19693,7,2
19694,24,1
19694,23,1
19695,25,3
19695,24,1
19696,25,3
19696,23,1
19697,23,1
19697,25,1
19697,24,1
19697,22,2
19698,23,1
19698,20,1
19698,22,1
19698,25,1
19699,25,1
19699,24,3
19699,23,1
19700,23,1
19700,59,1
19700,22,1
19700,10,1
19700,25,1
19701,22,1
19701,24,1
19701,23,1
19702,4,1
19702,25,1
19703,22,1
19703,3,1
19703,24,2
19703,31,1
19704,24,1
19704,25,2
19705,24,2
19705,23,1
19705,22,1
19706,24,1
19707,22,1
19707,25,1
19708,25,2
19708,24,2
19708,23,1
19709,28,1
19709,23,1
19710,22,3
19710,8,1
19710,25,1
19711,22,1
19711,25,1
19712,22,2
19712,23,1
19713,23,1
19713,25,1
19714,40,1
19714,25,1
19715,23,1
19715,24,1
19715,25,1
19716,24,1
19716,25,1
19716,23,1
19717,60,2
19717,23,1
19718,24,1
19718,22,1
19719,57,1
19719,48,2
19719,25,1
19720,24,1
19720,25,1
19721,59,1
19721,64,1
19722,69,1
19722,54,1
19723,51,1
19723,60,1
19723,57,1
19723,69,1
19724,70,1
19724,66,1
19724,58,1
19724,62,1
19725,65,2
19726,70,1
19726,59,2
19727,66,1
19727,57,2
19727,70,3
19728,57,1
19728,28,1
19729,63,1
19729,25,1
19729,7,2
19729,58,1
19729,70,1
19730,65,1
19730,55,1
19731,60,1
19731,53,1
19731,52,1
19732,68,1
19732,48,1
19732,56,1
19733,55,1
19733,61,2
19733,19,1
19734,60,3
19734,7,1
19734,52,1
19735,51,1
19735,62,3
19735,65,1
19736,65,1
19736,67,1
19736,29,1
19737,24,1
19737,13,1
19738,68,1
19738,59,1
19738,55,1
19739,51,2
19739,57,1
19740,57,1
19740,32,1
19740,25,1
19741,53,1
19741,58,1
19741,66,1
19742,67,1
19742,1,1
19742,60,1
19743,54,1
19743,65,1
19744,63,2
19744,66,1
19744,61,2
19745,65,1
19745,23,2
19746,7,2
19746,68,2
19746,66,1
19747,53,2
19747,63,2
19747,62,1
19747,57,1
19748,37,1
19748,54,1
19748,53,1
19748,67,1
19749,64,2
19749,57,1
19749,70,1
19750,58,2
19750,7,1
19750,51,3
19751,69,2
19751,61,1
19752,64,1
19752,63,1
19753,26,3
19753,68,3
19754,58,2
19754,57,3
19754,7,1
19755,35,1
19755,57,1
19756,61,1
19756,64,1
19757,70,1
19757,64,1
19757,61,2
19758,60,1
19758,63,1
19758,55,1
19758,38,1
19759,68,2
19759,21,1
19759,66,1
19760,55,1
19760,64,2
19760,54,1
19761,67,2
19761,68,1
19762,35,2
19762,67,1
19762,70,1
19763,25,1
19763,67,1
19764,10,1
19764,60,2
19764,36,1
19765,69,1
19765,36,1
19766,68,1
19766,53,2
19767,2,2
19767,67,1
19767,56,1
19768,68,1
19768,11,2
19768,36,2
19769,69,1
19769,35,1
19770,69,1
19770,59,2
19770,70,1
19771,2,3
19771,58,1
19771,36,1
19771,17,1
19772,70,1
19772,69,2
19772,35,2
19772,68,1
19773,69,1
19773,68,1
19773,70,1
19774,67,3
19774,68,1
19774,20,1
19775,67,1
19775,36,1
19776,31,1
19776,67,1
19776,68,1
19776,70,1
19777,35,2
19777,36,3
19777,70,3
19778,67,1
19779,43,1
19779,35,1
19780,36,1
19780,67,1
19780,69,1
19781,69,1
19781,35,1
19781,18,1
19782,69,1
19782,68,2
19782,26,2
19783,69,1
19783,67,1
19783,36,1
19784,58,1
19784,67,1
19784,70,1
19784,1,1
19784,49,1
19785,69,1
19785,13,1
19785,70,1
19786,36,1
19786,28,1
19786,67,1
19787,69,3
19788,36,1
19788,68,1
19788,67,1
19788,70,1
19789,35,1
19789,69,1
19790,37,1
19790,45,1
19790,35,1
19791,67,1
19791,69,1
19791,36,1
19792,36,1
19792,70,1
19793,35,1
19793,67,2
19793,70,1
19794,68,1
19794,36,1
19794,35,2
19795,35,1
19796,69,1
19796,9,3
19797,67,1
19797,70,1
19797,36,1
19798,67,1
19799,69,2
19799,35,1
19799,50,2
19799,36,1
19799,3,1
19800,70,2
19800,69,1
19800,67,1
19800,22,3
19801,29,1
19801,55,1
19802,18,1
19802,34,1
19802,19,1
19803,19,1
19803,24,1
19804,30,1
19804,7,1
19804,18,3
19805,19,2
19805,59,1
19806,18,1
19806,29,1
19807,19,2
19807,34,2
19808,34,1
19808,16,1
19808,18,1
19809,34,1
19809,19,1
19809,18,1
19809,29,1
19810,34,1
19810,54,1
19811,4,1
19811,29,1
19812,29,1
19812,34,1
19812,48,1
19812,19,3
19813,19,1
19813,29,1
19813,34,2
19813,18,1
19813,26,1
19814,18,1
19814,29,1
19814,19,1
19814,34,1
19814,21,1
19815,29,1
19815,19,2
19815,34,2
19815,11,1
19816,18,1
19816,32,2
19816,29,1
19817,19,1
19817,29,1
19817,34,2
19817,18,1
19818,24,1
19818,18,3
19819,19,1
19819,34,1
19819,23,1
19820,34,3
19820,19,1
19821,5,1
19821,29,2
19822,18,2
19822,19,1
19823,34,1
19823,17,3
19823,19,3
19824,19,1
19824,34,1
19824,36,1
19825,18,1
19825,1,1
19826,29,1
19826,18,1
19826,27,1
19827,26,1
19827,29,1
19827,34,2
19827,18,1
19828,57,1
19828,18,1
19829,18,1
19829,19,1
19829,34,2
19829,39,1
19830,29,1
19830,8,1
19830,6,2
19831,34,1
19831,15,1
19831,18,1
19831,40,2
19831,29,1
19832,11,1
19832,34,1
19832,18,1
19832,19,1
19833,29,1
19833,50,1
19833,34,1
19833,20,1
19834,29,2
19834,19,1
19835,34,3
19835,49,2
19835,18,2
19836,29,1
19836,18,1
19836,19,1
19837,59,1
19837,18,1
19837,5,1
19837,42,1
19838,18,1
19838,29,1
19839,19,1
19839,29,1
19840,29,1
19840,38,2
19840,53,1
19841,19,1
19841,29,1
19841,18,2
19842,29,1
19842,56,2
19842,18,1
19843,34,1
19843,19,1
19843,18,1
19843,28,1
19844,19,1
19844,18,1
19845,37,2
19845,14,2
19845,43,1
19846,30,1
19846,18,1
19847,26,1
19847,57,1
19848,7,1
19848,54,1
19849,34,1
19849,15,2
19849,29,1
19849,19,3
19850,18,1
19850,34,1
19850,60,1
19850,19,2
19851,29,1
19851,19,1
19851,18,1
19852,9,1
19852,51,2
19852,19,2
19853,34,1
19853,18,1
19853,19,1
19854,34,1
19854,29,1
19855,29,1
19855,19,1
19855,18,1
19856,10,1
19856,29,2
19856,18,1
19856,34,1
19857,19,1
19857,34,1
19857,18,1
19857,29,2
19858,18,1
19859,37,2
19859,18,1
19860,34,1
19860,17,1
19861,2,1
19862,29,2
19862,18,2
19863,18,1
19863,20,1
19863,34,1
19863,29,1
19864,29,3
19864,18,2
19864,6,1
19865,34,1
19865,21,1
19865,29,1
19866,29,2
19866,18,1
19866,39,1
19867,29,1
19867,34,2
19867,18,1
19868,18,1
19868,53,1
19868,29,1
19869,18,3
19869,19,1
19869,10,1
19869,29,2
19870,19,1
19870,34,1
19871,21,1
19871,55,1
19871,34,1
19872,18,2
19872,34,2
19872,29,1
19873,34,1
19873,40,1
19874,35,1
19874,34,3
19875,29,1
19875,55,1
19875,18,1
19876,19,1
19876,49,1
19877,29,1
19877,19,1
19877,18,1
19877,9,2
19878,29,1
19878,18,1
19878,21,1
19878,22,2
19879,19,1
19880,29,1
19881,33,1
19881,31,2
19881,30,1
19882,31,2
19882,32,1
19883,33,1
19883,37,1
19883,30,1
19884,32,1
19884,30,1
19885,29,1
19885,31,1
19886,3,1
19886,28,1
19887,28,1
19888,29,2
19888,28,1
19888,30,1
19888,40,2
19889,31,1
19889,29,1
19889,9,1
19890,32,1
19890,29,2
19890,5,1
19891,28,2
19891,30,2
19892,28,1
19892,30,1
19893,7,2
19893,29,1
19894,48,1
19894,30,1
19895,30,2
19895,12,1
19896,52,1
19896,28,1
19897,33,3
19897,29,3
19897,31,1
19897,2,1
19898,22,1
19898,30,1
19899,55,1
19899,29,1
19899,33,1
19899,47,1
19900,33,1
19900,29,1
19900,31,1
19900,32,1
19901,32,1
19901,30,2
19902,31,1
19902,30,2
19903,28,1
19903,24,1
19903,30,1
19904,30,1
19904,31,2
19905,32,1
19905,33,1
19905,28,1
19905,29,1
19906,16,1
19906,32,1
19906,31,2
19907,32,1
19907,9,1
19907,28,1
19908,31,1
19908,33,1
19908,5,1
19909,30,1
19910,12,2
19910,30,2
19911,28,1
19911,30,1
19912,30,3
19912,28,1
19912,31,1
19912,22,1
19913,31,1
19913,25,1
19914,30,1
19914,28,2
19915,32,1
19915,33,1
19915,50,1
19916,30,1
19916,33,1
19917,45,1
19917,30,1
19917,33,1
19918,33,1
19918,32,2
19918,3,1
19919,29,1
19919,30,1
19920,33,1
19920,30,1
19921,75,2
19921,15,1
19921,74,2
19922,77,2
19922,46,1
19923,45,1
19923,77,1
19924,7,2
19924,74,1
19925,75,2
19925,80,1
19926,77,1
19926,16,1
19926,76,3
19926,78,1
19927,77,1
19927,80,1
19928,73,1
19928,51,1
19928,71,1
19929,78,1
19929,72,1
19929,80,2
19930,78,2
19930,72,1
19930,79,1
19930,47,2
19930,31,1
19931,73,1
19931,77,1
19931,47,2
19932,72,1
19932,80,1
19932,11,2
19932,71,1
19933,74,1
19933,79,1
19934,80,3
19934,78,1
19934,76,1
19935,73,1
19935,77,1
19935,50,1
19936,74,1
19936,76,2
19936,72,1
19936,73,1
19937,79,1
19937,3,1
19937,78,1
19938,23,1
19938,77,1
19939,73,1
19939,72,1
19939,76,1
19939,74,1
19940,71,1
19940,75,2
19940,79,1
19941,72,2
19941,75,2
19941,12,2
19942,51,1
19942,32,1
19943,71,1
19943,2,1
19944,78,1
19944,80,2
19944,74,1
19944,77,1
19945,80,2
19945,77,1
19945,72,1
19946,71,1
19946,5,2
19946,13,1
19947,77,1
19947,75,1
19947,52,1
19948,25,1
19948,8,1
19949,51,1
19949,75,1
19949,71,1
19949,72,1
19950,78,1
19950,24,1
19951,76,1
19951,71,2
19951,73,1
19952,42,3
19952,78,2
19952,80,3
19952,12,1
19953,33,1
19953,79,1
19953,75,2
19953,74,1
19954,74,1
19954,45,1
19955,79,1
19955,75,1
19955,72,1
19955,71,1
19956,75,1
19956,74,2
19957,80,1
19957,78,1
19957,71,1
19957,79,1
19958,74,1
19958,72,1
19958,77,3
19958,76,1
19959,80,1
19959,75,1
19959,77,1
19960,23,1
19960,51,1
19960,47,1
19961,35,3
19961,39,1
19962,69,1
19962,70,2
19963,27,1
19963,68,1
19963,67,1
19964,68,1
19964,41,1
19965,33,1
19965,19,3
19966,68,1
19967,35,3
19967,57,1
19968,68,1
19968,35,1
19968,70,1
19968,69,1
19969,36,2
19969,67,1
19969,15,1
19970,36,1
19970,70,1
19970,35,1
19970,32,1
19971,69,1
19971,51,1
19971,67,1
19972,68,1
19972,6,1
19972,49,1
19972,13,1
19973,52,1
19973,36,1
19974,36,1
19974,69,3
19975,69,2
19975,70,1
19975,22,1
19976,10,1
19976,35,1
19977,35,2
19977,36,1
19977,69,1
19978,68,1
19978,70,1
19979,68,1
19979,31,1
19979,70,1
19980,70,3
19980,35,1
19981,70,1
19981,46,1
19981,35,1
19982,67,1
19982,34,2
19982,69,1
19983,6,1
19984,36,1
19984,7,1
19984,23,1
19985,35,1
19985,70,1
19986,68,1
19986,19,2
19986,6,1
19986,36,3
19987,4,1
19987,69,1
19987,36,2
19988,70,1
19988,67,1
19989,67,1
19989,35,1
19989,36,2
19990,26,1
19990,69,1
19991,70,2
19991,35,1
19991,69,1
19991,24,1
19991,26,1
19992,67,2
19992,35,1
19992,58,1
19993,70,2
19993,36,1
19993,67,1
19993,20,1
19994,36,3
19995,67,1
19995,69,1
19996,55,1
19996,59,1
19997,69,2
19997,67,2
19998,49,1
19998,70,1
19998,16,1
19999,69,1
19999,67,1
20000,70,1
20000,34,1
20001,8,1
20001,2,2
20002,12,1
20002,3,2
20003,4,1
20003,9,1
20003,1,1
20003,5,1
20004,2,1
20005,6,3
20005,5,2
20005,53,1
20005,39,1
20006,6,1
20006,1,1
20007,5,1
20008,29,1
20008,2,1
20008,51,2
20008,42,1
20009,34,1
20009,1,3
20010,2,2
20010,6,1
20010,40,1
20011,9,1
20011,8,2
20011,4,1
20012,3,1
20012,48,1
20013,3,1
20014,2,1
20014,8,1
20015,1,2
20015,2,2
20015,8,1
20015,9,1
20016,2,1
20016,31,1
20016,48,1
20016,1,1
20017,6,1
20017,5,1
20017,8,2
20017,9,2
20018,4,1
20018,1,1
20018,8,2
20019,19,1
20019,4,1
20019,5,1
20020,53,1
20020,2,2
20020,9,1
20021,4,1
20021,5,1
20021,6,1
20021,2,1
20022,9,2
20022,3,3
20023,9,1
20023,27,2
20024,49,1
20024,9,1
20025,37,1
20025,3,1
20025,6,1
20026,9,1
20026,6,1
20026,5,1
20027,8,2
20028,7,3
20028,9,2
20028,3,1
20029,2,1
20029,7,1
20030,6,2
20031,9,2
20031,6,2
20031,8,1
20031,1,1
20032,31,1
20032,38,1
20032,6,1
20033,4,2
20033,50,1
20033,1,1
20033,5,1
20034,3,1
20034,7,2
20035,7,1
20035,9,2
20036,25,1
20036,4,1
20037,4,1
20037,9,2
20037,6,1
20038,1,1
20038,56,1
20039,1,1
20039,24,1
20039,5,2
20040,16,1
20040,39,1
20041,23,1
20041,24,1
20041,22,1
20041,47,1
20042,22,1
20042,25,1
20042,23,1
20043,25,1
20043,22,1
20043,57,1
20044,24,1
20044,14,1
20044,22,1
20044,25,2
20045,25,1
20045,46,1
20046,23,1
20046,59,1
20047,24,1
20047,22,1
20047,23,1
20047,2,1
20048,24,2
20048,17,1
20048,23,1
20049,24,3
20049,23,1
20050,35,1
20050,4,1
20051,25,1
20051,23,1
20052,22,3
20052,28,1
20053,19,1
20053,23,1
20054,16,1
20055,23,1
20055,22,1
20055,24,1
20055,7,1
20056,22,3
20056,23,1
20057,24,2
20057,6,1
20057,22,1
20058,22,1
20059,24,1
20059,25,1
20060,24,1
20060,23,1
20061,23,1
20061,22,1
20061,7,1
20062,31,2
20062,22,1
20062,23,1
20062,24,1
20063,23,1
20063,22,1
20064,35,3
20064,23,3
20064,22,2
20064,25,1
20065,24,3
20065,57,3
20066,22,1
20066,5,1
20067,25,1
20067,22,1
20067,30,1
20068,23,1
20068,25,1
20068,11,1
20069,22,1
20069,23,1
20070,23,1
20070,22,1
20071,34,1
20071,23,1
20072,8,1
20072,54,1
20072,24,1
20072,23,1
20073,22,1
20073,24,1
20073,25,1
20073,23,3
20074,23,1
20074,22,2
20075,40,1
20075,45,1
20076,24,1
20076,44,1
20077,25,1
20077,24,2
20078,22,1
20079,24,1
20079,11,1
20079,25,1
20080,43,2
20080,23,1
20081,39,2
20081,28,1
20082,30,1
20082,32,1
20082,5,1
20082,29,1
20083,28,1
20083,32,1
20083,31,1
20083,30,2
20084,28,1
20084,33,1
20085,34,1
20085,31,1
20086,32,3
20086,29,1
20087,32,1
20087,30,1
20087,28,1
20087,33,1
20088,29,1
20088,31,1
20088,35,1
20089,20,1
20090,28,1
20090,30,1
20091,33,1
20091,28,1
20092,29,1
20092,33,1
20093,58,1
20093,32,2
20093,28,1
20094,30,1
20094,29,2
20095,51,1
20095,31,1
20096,33,1
20096,31,1
20096,28,1
20096,30,1
20097,30,1
20097,33,2
20097,32,1
20098,29,1
20098,24,1
20098,6,2
20099,33,2
20099,32,1
20099,31,1
20099,28,3
20100,51,1
20100,52,1
20100,33,1
20101,29,1
20101,30,1
20102,29,1
20102,14,1
20102,32,1
20103,30,1
20103,34,1
20104,30,2
20104,33,1
20105,33,1
20105,32,1
20105,3,1
20106,33,1
20106,29,2
20106,30,1
20107,30,1
20107,56,2
20107,31,2
20107,29,1
20108,33,1
20108,30,1
20109,15,3
20110,32,1
20110,33,1
20110,24,1
20110,31,2
20111,29,1
20111,32,1
20111,28,2
20112,30,1
20112,33,1
20112,31,2
20113,33,1
20113,57,1
20114,33,1
20114,29,1
20114,30,2
20115,33,2
20115,31,1
20115,30,1
20116,29,1
20116,28,1
20117,28,2
20118,30,1
20118,28,1
20118,33,1
20118,29,1
20119,31,1
20119,29,1
20120,21,1
20120,29,2
20121,37,1
20121,22,1
20122,22,1
20122,24,2
20123,25,1
20123,45,1
20123,58,1
20123,22,1
20124,23,1
20124,22,3
20125,23,1
20125,22,3
20126,23,1
20126,51,1
20126,22,1
20127,23,2
20127,13,1
20127,25,1
20127,22,1
20128,24,1
20128,22,2
20128,37,1
20129,24,1
20129,25,2
20130,23,3
20130,25,3
20130,7,3
20131,37,1
20131,58,2
20131,24,1
20131,23,3
20132,22,1
20132,23,2
20132,41,1
20133,28,1
20133,25,1
20134,24,1
20134,2,1
20134,15,1
20135,25,1
20135,24,1
20136,25,2
20136,41,1
20137,23,2
20137,24,1
20138,24,1
20138,22,1
20139,22,1
20139,23,1
20139,25,2
20140,25,1
20141,24,1
20141,25,3
20141,22,1
20142,22,1
20142,12,2
20142,24,1
20143,24,1
20143,22,1
20143,25,1
20144,23,3
20144,22,1
20145,25,1
20145,24,1
20146,22,1
20146,23,1
20147,25,2
20147,13,1
20148,2,1
20148,33,1
20148,25,1
20148,37,2
20149,25,2
20150,51,1
20150,23,1
20150,22,1
20151,23,1
20151,24,1
20152,24,1
20152,25,1
20152,9,1
20153,57,1
20153,24,1
20154,53,1
20154,23,1
20155,47,1
20155,22,1
20155,23,1
20156,24,1
20156,22,1
20157,25,1
20157,23,1
20157,22,1
20158,25,3
20158,23,1
20158,29,1
20159,22,1
20159,23,1
20160,24,1
20160,20,1
20160,23,1
20161,30,1
20161,29,1
20162,2,1
20162,30,1
20163,30,1
20163,33,1
20164,31,1
20164,32,3
20164,30,1
20164,29,1
20164,39,1
20165,29,1
20165,31,2
20165,30,1
20165,11,1
20165,26,1
20166,33,1
20166,29,2
20167,28,2
20167,32,1
20167,29,1
20168,30,1
20168,28,1
20168,33,1
20168,32,1
20169,32,1
20169,30,1
20169,41,1
20170,6,1
20170,30,1
20170,32,2
20171,29,2
20171,31,1
20172,32,1
20172,30,3
20172,27,3
20173,30,1
20173,25,1
20173,35,1
20174,30,1
20175,16,1
20175,28,1
20175,29,1
20176,33,1
20176,32,1
20176,29,1
20177,15,1
20177,30,2
20178,33,1
20178,29,2
20178,28,2
20178,30,1
20179,28,1
20179,55,1
20179,30,1
20180,33,1
20180,29,1
20180,28,1
20181,28,1
20181,32,1
20181,29,1
20182,15,1
20182,32,1
20183,32,1
20183,31,1
20183,30,1
20184,44,1
20184,30,1
20184,29,1
20185,31,1
20185,33,1
20186,31,1
20186,29,1
20186,33,1
20187,33,1
20187,28,1
20188,32,1
20188,33,1
20188,28,1
20189,33,2
20189,29,1
20189,32,1
20190,31,1
20190,29,1
20191,28,2
20191,31,1
20191,29,1
20192,28,1
20192,33,1
20192,35,1
20193,31,2
20193,49,2
20193,29,1
20194,52,1
20194,22,1
20194,30,1
20194,2,1
20195,31,1
20195,48,1
20195,33,2
20195,30,1
20196,28,1
20196,29,2
20197,46,1
20197,32,1
20197,29,1
20197,56,1
20198,28,1
20198,30,1
20199,30,1
20199,28,1
20199,33,1
20200,22,1
20200,32,1
20201,6,2
20201,5,2
20201,60,1
20202,5,1
20202,7,1
20203,1,1
20203,9,1
20203,5,1
20203,6,1
20204,7,1
20204,9,1
20204,3,1
20204,2,1
20205,5,1
20205,8,1
20206,6,1
20206,3,1
20207,8,1
20207,5,2
20208,2,1
20208,8,1
20208,48,2
20209,5,2
20209,26,1
20209,7,1
20210,1,2
20211,5,2
20212,35,2
20212,6,1
20213,7,1
20213,2,1
20213,3,1
20214,5,1
20214,9,1
20214,8,2
20215,56,1
20215,52,1
20216,4,1
20216,1,1
20217,1,3
20217,8,1
20217,4,1
20217,7,3
20218,1,3
20219,7,1
20219,17,1
20220,4,1
20220,9,2
20220,3,2
20220,11,3
20221,44,1
20221,4,1
20222,9,1
20222,4,1
20223,6,3
20223,8,1
20224,7,2
20224,5,1
20224,3,1
20224,42,2
20225,2,1
20225,1,1
20226,4,1
20226,6,1
20227,9,1
20227,2,1
20228,15,1
20228,28,1
20228,23,1
20229,14,1
20229,7,1
20230,47,1
20230,5,1
20231,4,1
20231,49,2
20231,28,1
20231,21,1
20232,59,1
20232,12,2
20233,1,1
20233,4,1
20233,7,1
20234,7,1
20234,1,1
20234,2,1
20235,4,1
20235,3,1
20235,8,1
20236,4,1
20237,3,1
20237,6,1
20238,7,1
20239,11,1
20239,9,1
20240,21,1
20240,6,1
20241,23,1
20241,24,1
20241,22,2
20242,23,2
20242,24,1
20242,25,1
20243,25,1
20243,24,1
20243,17,2
20244,23,1
20244,22,1
20245,30,1
20245,24,1
20245,22,1
20246,25,1
20246,52,1
20246,24,2
20247,22,2
20247,24,1
20247,23,1
20247,25,1
20248,23,1
20248,22,3
20249,23,1
20249,25,2
20250,23,2
20250,24,3
20250,22,1
20250,25,1
20250,6,1
20251,22,1
20251,25,1
20252,23,1
20252,25,1
20252,22,1
20253,15,2
20253,24,1
20253,23,1
20254,23,1
20254,25,2
20255,23,1
20255,25,2
20256,46,1
20256,7,1
20256,24,1
20256,22,1
20256,25,1
20257,50,2
20257,45,1
20257,17,1
20258,7,1
20258,24,1
20259,25,1
20259,2,1
20259,22,1
20260,25,1
20260,49,2
20260,23,1
20260,24,2
20261,24,1
20261,16,2
20262,12,1
20262,23,1
20262,14,1
20263,29,1
20263,47,1
20264,25,1
20264,22,2
20265,22,1
20265,33,1
20265,24,1
20266,23,1
20266,24,1
20266,22,1
20267,24,2
20267,23,1
20268,24,1
20268,38,1
20269,22,1
20269,24,1
20269,25,2
20270,23,1
20270,30,1
20271,24,2
20271,25,1
20271,55,2
20272,9,1
20272,23,3
20273,22,1
20273,51,1
20273,11,1
20274,24,1
20274,51,1
20274,22,1
20274,25,1
20274,23,1
20275,23,1
20275,22,1
20276,22,1
20276,47,1
20277,22,1
20277,28,1
20278,23,1
20278,24,1
20278,36,1
20279,52,1
20279,22,1
20279,25,1
20280,23,1
20280,24,1
20281,3,1
20281,9,1
20282,2,1
20282,32,1
20282,8,1
20283,1,1
20283,3,1
20283,49,2
20283,58,2
20284,5,1
20284,9,3
20284,4,1
20285,58,1
20285,9,1
20286,8,3
20286,1,1
20286,5,1
20287,4,1
20287,8,2
20287,6,1
20288,8,2
20288,2,1
20289,1,1
20289,7,1
20290,8,1
20290,4,1
20291,1,1
20291,34,1
20291,47,1
20291,5,2
20292,17,1
20293,7,1
20293,6,1
20293,5,2
20294,1,1
20294,6,1
20294,2,1
20295,8,1
20295,7,1
20296,2,2
20296,4,1
20297,54,3
20297,7,3
20297,6,1
20297,3,2
20298,13,2
20298,9,1
20298,2,1
20298,20,1
20299,4,3
20299,6,1
20300,6,1
20300,5,1
20301,3,2
20301,8,1
20301,6,1
20302,9,1
20302,33,1
20302,2,3
20303,9,1
20303,36,1
20303,59,1
20304,3,2
20304,4,1
20304,7,1
20305,4,1
20306,3,1
20306,4,1
20307,1,1
20307,7,1
20308,6,1
20308,9,2
20308,43,1
20309,8,1
20309,12,1
20310,6,1
20310,3,1
20310,5,1
20311,5,1
20311,2,1
20312,7,1
20312,2,1
20312,19,1
20313,8,1
20313,2,1
20314,23,3
20314,47,1
20314,4,1
20315,1,2
20315,9,1
20316,2,1
20316,4,1
20316,3,1
20317,50,1
20317,2,1
20317,1,1
20318,2,3
20318,39,2
20319,5,1
20319,1,1
20320,4,1
20320,2,3
20320,42,3
20321,6,1
20321,9,1
20322,1,1
20322,4,2
20323,4,2
20324,6,1
20324,7,1
20324,8,1
20325,9,2
20325,6,1
20326,2,1
20326,6,1
20326,9,1
20326,3,1
20327,7,1
20327,2,1
20328,2,1
20328,1,1
20328,4,1
20329,6,1
20329,41,1
20330,8,1
20330,6,1
20331,4,1
20331,31,1
20331,29,1
20332,59,1
20333,2,1
20333,46,1
20333,31,1
20334,3,2
20334,40,1
20334,2,1
20335,4,1
20335,45,1
20335,5,1
20335,9,1
20336,3,1
20336,8,1
20336,7,1
20337,3,1
20337,1,1
20338,5,1
20338,23,1
20338,6,1
20339,49,1
20339,4,1
20340,44,3
20340,8,1
20341,4,1
20341,1,1
20341,50,1
20342,1,1
20342,7,1
20342,42,1
20342,27,3
20342,8,3
20343,9,1
20343,5,1
20343,32,2
20343,49,3
20344,6,1
20345,6,1
20345,4,1
20346,2,1
20347,9,1
20347,6,1
20348,3,3
20348,54,1
20349,53,1
20349,1,2
20349,6,1
20350,1,1
20351,6,1
20351,4,1
20351,3,1
20351,2,1
20351,26,1
20352,4,2
20353,7,1
20353,8,1
20353,3,3
20354,7,1
20354,3,1
20355,2,1
20355,3,2
20356,1,1
20357,20,1
20357,9,1
20358,21,1
20358,7,1
20358,18,1
20358,8,1
20359,34,1
20359,17,1
20360,3,2
20360,9,1
20361,7,1
20362,3,1
20362,6,3
20363,3,2
20364,5,1
20364,8,1
20365,8,1
20365,1,1
20366,6,1
20366,1,1
20366,2,2
20366,8,1
20367,2,1
20367,29,1
20367,52,1
20367,13,1
20368,33,1
20368,7,1
20369,7,1
20369,3,1
20369,49,1
20369,5,1
20370,5,1
20370,8,1
20371,60,1
20371,2,1
20371,4,1
20372,5,1
20372,4,1
20373,24,3
20373,8,2
20373,34,1
20374,5,1
20374,8,1
20375,8,2
20375,3,1
20375,9,1
20375,32,1
20376,4,1
20376,6,1
20377,8,1
20377,3,1
20378,8,1
20378,45,1
20379,8,1
20380,9,1
20380,28,1
20381,24,2
20381,35,1
20381,46,1
20381,9,1
20382,2,1
20383,8,1
20383,1,1
20383,9,2
20384,5,2
20384,7,1
20385,8,1
20385,32,1
20385,1,1
20386,2,1
20386,6,1
20386,7,1
20387,8,1
20387,7,1
20387,4,1
20387,2,1
20388,1,1
20388,6,2
20388,5,1
20389,3,1
20389,9,1
20389,2,1
20390,31,1
20390,9,1
20391,1,1
20391,4,1
20391,7,1
20392,6,1
20392,1,2
20393,9,1
20393,1,1
20394,5,2
20394,1,1
20394,3,1
20395,28,2
20395,4,3
20395,5,3
20396,8,1
20396,9,1
20396,6,2
20396,7,1
20397,30,1
20398,4,3
20398,8,1
20398,48,1
20398,5,1
20399,2,1
20399,6,1
20399,5,1
20400,1,2
20400,6,1
20401,29,2
20401,18,3
20401,34,2
20401,4,1
20402,34,1
20402,19,1
20402,29,1
20403,19,2
20403,34,1
20403,42,1
20404,34,3
20404,18,1
20404,26,1
20404,38,1
20405,29,1
20405,18,1
20405,32,1
20406,34,1
20406,18,1
20407,18,1
20407,19,1
20407,34,1
20408,10,1
20408,19,1
20409,13,1
20409,18,1
20409,14,1
20410,18,1
20410,19,1
20410,34,1
20411,29,1
20411,34,1
20411,18,1
20411,19,2
20412,34,1
20412,19,1
20412,18,1
20413,29,1
20413,19,1
20413,38,1
20413,18,3
20414,19,1
20414,3,1
20414,29,1
20415,19,1
20415,18,1
20415,34,2
20415,29,1
20416,19,1
20416,29,1
20416,34,1
20417,19,3
20417,29,1
20417,18,1
20418,19,2
20419,19,1
20419,18,1
20419,29,2
20420,34,1
20420,29,1
20420,19,1
20421,36,1
20421,34,1
20422,18,1
20422,19,1
20423,29,3
20423,18,1
20424,19,1
20424,29,1
20425,18,1
20425,34,1
20425,31,1
20425,29,1
20426,18,1
20426,19,1
20426,10,2
20427,19,1
20427,18,1
20428,9,1
20428,34,2
20429,34,1
20429,8,1
20430,19,1
20430,59,1
20431,34,1
20431,29,1
20431,24,1
20431,19,1
20432,57,2
20432,38,1
20432,29,1
20433,56,1
20433,34,1
20433,40,1
20433,11,1
20433,29,1
20434,18,1
20434,19,1
20435,29,1
20435,20,1
20436,41,1
20436,29,1
20436,18,1
20437,18,2
20438,54,1
20438,34,1
20438,29,1
20439,34,1
20439,29,1
20439,18,1
20439,31,2
20439,60,1
20440,29,2
20441,22,1
20441,16,1
20442,24,1
20442,22,1
20443,24,2
20443,3,1
20444,6,1
20444,22,1
20444,24,1
20445,22,1
20445,23,1
20445,14,2
20445,24,1
20446,25,1
20446,22,1
20446,24,1
20447,23,1
20447,52,1
20447,24,1
20448,56,2
20448,24,1
20448,23,1
20448,25,2
20449,23,2
20449,25,1
20449,42,1
20449,24,1
20449,59,1
20450,22,1
20450,15,1
20451,22,2
20452,23,1
20452,24,1
20452,25,1
20452,1,1
20453,22,1
20453,24,1
20453,23,1
20453,25,1
20454,24,1
20454,9,1
20455,23,1
20455,54,2
20455,25,1
20456,25,2
20456,19,1
20457,49,1
20457,23,1
20457,22,2
20457,25,1
20458,26,1
20458,23,2
20459,25,3
20459,24,1
20460,22,1
20460,24,3
20460,23,1
20461,22,1
20461,24,1
20461,23,1
20462,24,2
20462,25,1
20462,22,2
20462,23,1
20462,41,1
20463,22,1
20463,24,1
20464,24,1
20464,25,1
20465,38,1
20465,22,1
20465,24,1
20466,46,1
20466,51,1
20466,25,2
20466,43,1
20466,23,1
20467,28,1
20467,22,1
20467,25,1
20467,23,1
20468,22,1
20469,20,1
20469,25,1
20469,21,1
20470,15,3
20470,23,2
20471,22,1
20471,25,1
20472,23,1
20472,22,3
20472,24,1
20473,5,1
20473,22,1
20473,23,1
20474,24,1
20474,22,1
20474,23,2
20475,25,2
20475,22,1
20476,25,1
20476,24,1
20476,22,1
20477,22,2
20477,23,1
20478,24,1
20478,25,1
20479,24,1
20479,31,1
20480,23,1
20481,9,2
20481,6,1
20482,1,3
20482,8,1
20483,42,1
20483,12,2
20483,7,1
20483,14,3
20484,9,1
20484,4,1
20484,25,1
20485,5,1
20485,3,2
20486,3,1
20486,5,1
20487,8,3
20487,5,1
20488,1,1
20488,7,2
20488,5,1
20489,1,1
20489,9,1
20490,7,1
20490,9,2
20490,2,1
20491,3,1
20491,2,1
20492,3,2
20492,35,2
20492,52,1
20492,6,2
20493,3,1
20493,1,1
20493,47,2
20494,6,2
20494,5,1
20494,1,2
20495,1,1
20495,57,1
20496,3,1
20496,2,1
20497,2,1
20497,5,1
20498,1,1
20498,8,1
20499,5,1
20499,9,2
20499,4,2
20500,25,1
20501,9,1
20501,4,1
20502,36,3
20502,7,2
20502,8,1
20502,6,3
20503,5,1
20503,7,1
20504,14,1
20504,8,2
20504,6,1
20505,7,2
20505,3,1
20505,6,1
20506,9,1
20506,3,1
20507,6,1
20507,1,1
20508,57,1
20508,5,1
20508,3,1
20509,8,1
20509,2,1
20510,11,1
20510,23,1
20510,7,1
20510,4,1
20511,7,2
20511,9,1
20512,2,1
20512,6,1
20513,11,1
20513,4,1
20514,1,1
20514,9,1
20514,54,1
20515,3,2
20515,8,1
20516,8,1
20516,3,2
20516,1,1
20516,9,1
20517,7,1
20517,32,1
20518,17,2
20519,3,2
20520,3,1
20520,8,2
20521,29,1
20521,53,2
20521,32,1
20522,33,1
20522,30,1
20522,31,2
20523,38,1
20523,30,1
20524,29,1
20524,31,1
20524,32,3
20524,30,1
20525,58,1
20525,32,2
20526,32,1
20526,33,2
20527,33,1
20527,31,1
20527,30,2
20528,33,1
20528,28,2
20528,32,1
20528,55,1
20529,30,1
20529,31,1
20530,33,1
20530,28,1
20531,31,1
20531,32,1
20531,28,1
20532,30,3
20532,31,2
20532,29,2
20532,32,1
20533,29,2
20533,32,1
20533,21,1
20533,28,1
20534,32,2
20534,29,1
20534,33,1
20534,30,2
20535,29,1
20535,15,1
20535,31,1
20535,33,1
20536,31,1
20536,30,1
20537,4,1
20537,28,1
20537,31,1
20537,29,1
20538,30,2
20538,29,1
20539,30,3
20539,32,1
20540,29,3
20540,31,1
20540,33,1
20541,30,2
20541,55,2
20541,39,1
20542,33,1
20542,42,1
20542,30,1
20542,32,1
20543,28,1
20543,31,1
20543,32,2
20543,33,1
20544,12,1
20544,33,1
20544,29,1
20545,33,1
20545,30,1
20546,33,1
20546,31,1
20547,33,1
20547,32,1
20548,30,1
20548,16,1
20549,32,1
20549,46,1
20549,31,1
20550,28,1
20550,29,3
20550,32,1
20551,18,1
20551,17,1
20551,30,2
20552,22,3
20552,55,1
20553,28,1
20553,56,1
20553,33,1
20553,58,2
20554,28,1
20554,33,2
20554,32,1
20554,29,2
20555,29,1
20555,20,1
20556,29,1
20556,2,1
20557,31,1
20557,32,1
20557,28,1
20557,30,1
20558,55,1
20558,46,1
20558,28,1
20558,13,3
20559,31,1
20559,33,1
20559,32,1
20560,33,2
20560,29,1
20561,66,2
20561,62,2
20561,64,1
20562,61,1
20562,6,1
20563,64,2
20563,65,1
20563,62,1
20564,66,2
20564,64,1
20564,32,1
20564,52,1
20564,61,1
20565,34,1
20565,62,1
20566,64,2
20566,50,1
20566,63,2
20566,61,2
20567,62,2
20567,34,1
20567,61,1
20568,63,2
20568,66,1
20568,61,1
20568,10,1
20569,63,1
20569,65,3
20570,64,2
20570,66,1
20571,66,2
20571,61,2
20572,30,1
20572,35,1
20573,26,2
20573,64,2
20574,66,1
20574,63,1
20574,64,1
20575,61,2
20576,34,1
20576,65,1
20576,63,2
20577,63,1
20577,65,2
20578,65,1
20578,49,1
20578,63,1
20578,62,1
20579,64,2
20579,63,1
20579,1,1
20580,64,1
20580,65,2
20581,64,1
20581,18,2
20581,24,1
20581,61,1
20582,61,3
20582,63,1
20582,65,1
20583,66,1
20583,20,1
20584,62,1
20584,64,1
20584,11,1
20584,52,1
20585,35,1
20585,62,1
20586,63,1
20586,61,1
20586,32,2
20586,64,1
20587,42,1
20587,65,1
20587,62,1
20588,61,1
20588,64,1
20589,1,1
20589,62,1
20590,62,1
20591,64,2
20591,10,1
20592,63,1
20592,66,1
20593,63,1
20593,61,1
20593,66,1
20594,64,1
20594,62,1
20594,45,1
20594,1,1
20594,61,2
20595,61,1
20595,66,1
20596,61,3
20597,61,2
20597,62,1
20597,66,1
20598,16,1
20599,63,1
20599,62,1
20600,64,1
20600,65,1
20600,23,1
20601,9,2
20602,9,1
20602,15,1
20603,2,2
20603,4,1
20604,9,1
20604,5,1
20604,4,1
20605,4,1
20605,51,1
20605,6,1
20606,8,2
20606,2,2
20606,7,2
20607,2,2
20607,9,2
20607,8,1
20608,6,1
20608,9,1
20609,3,1
20609,15,1
20610,8,1
20610,6,2
20610,3,2
20611,8,1
20611,2,1
20612,6,1
20612,2,2
20612,1,1
20612,5,2
20613,8,1
20613,7,1
20613,6,1
20614,57,1
20614,5,1
20615,1,1
20615,53,1
20616,7,1
20616,22,1
20616,20,1
20617,4,1
20617,54,3
20617,6,1
20618,1,2
20618,9,1
20619,17,1
20619,9,2
20619,1,1
20620,58,3
20620,8,2
20620,30,1
20621,7,1
20621,6,1
20622,1,1
20622,4,2
20623,2,1
20623,7,3
20623,6,1
20624,5,1
20624,1,1
20624,13,1
20625,4,1
20625,30,1
20625,9,1
20626,2,1
20626,8,1
20626,26,1
20627,5,1
20627,8,1
20627,7,1
20628,15,1
20628,6,2
20628,51,1
20629,8,1
20629,27,1
20630,7,1
20630,5,2
20631,7,1
20631,9,1
20631,5,1
20632,8,2
20632,55,1
20632,9,1
20633,4,1
20634,4,1
20634,7,1
20634,2,2
20635,2,1
20635,1,1
20636,4,1
20636,8,1
20636,3,1
20636,7,1
20637,6,2
20637,9,1
20638,9,1
20638,6,1
20638,7,1
20639,9,1
20639,3,1
20639,13,2
20640,2,1
20640,48,1
20641,4,1
20641,9,2
20641,7,1
20642,3,1
20642,7,1
20643,9,1
20644,8,1
20644,2,2
20644,1,1
20644,4,1
20645,1,1
20646,5,2
20646,8,1
20646,1,1
20646,38,1
20647,5,1
20647,2,1
20647,6,1
20647,4,1
20648,7,1
20648,27,1
20648,33,1
20648,47,1
20649,6,1
20650,7,2
20650,56,1
20650,9,3
20650,6,1
20651,12,1
20651,3,1
20651,9,1
20651,1,1
20652,59,1
20652,4,1
20652,3,3
20652,1,1
20653,2,1
20654,3,1
20654,5,2
20654,9,1
20655,3,1
20655,48,1
20656,7,2
20656,8,3
20657,2,2
20657,3,1
20657,12,3
20658,4,1
20659,56,1
20659,12,1
20660,16,1
20661,3,1
20661,5,3
20662,20,1
20662,7,1
20662,46,1
20663,8,1
20663,4,1
20664,8,1
20664,2,1
20664,7,2
20664,5,1
20665,6,1
20665,5,1
20665,1,2
20666,6,1
20666,30,1
20666,34,1
20667,16,1
20667,8,2
20667,2,1
20668,3,1
20668,13,1
20668,2,2
20669,3,1
20669,1,1
20670,9,1
20670,6,1
20670,3,1
20671,5,2
20671,4,2
20672,3,1
20673,5,1
20673,1,1
20674,6,1
20674,2,2
20674,4,1
20675,5,2
20675,2,2
20676,60,2
20676,8,1
20676,1,1
20677,6,2
20677,7,1
20677,31,1
20678,3,1
20678,2,1
20678,5,1
20678,8,2
20679,4,2
20679,6,1
20680,5,1
20680,9,1
20680,8,1
20681,42,1
20681,23,1
20681,38,1
20682,64,1
20682,29,1
20682,66,1
20682,62,1
20683,46,1
20684,64,1
20684,51,1
20684,62,1
20685,14,1
20685,66,1
20685,65,1
20686,11,1
20686,61,2
20686,63,1
20687,62,1
20687,66,1
20688,63,1
20689,63,1
20689,64,1
20690,62,1
20690,61,1
20691,62,1
20691,44,1
20692,64,1
20692,65,1
20692,66,1
20693,66,1
20693,61,1
20693,65,1
20694,62,1
20694,63,1
20694,66,1
20695,36,1
20695,61,1
20696,62,1
20696,63,3
20696,61,1
20697,64,1
20697,56,1
20697,65,1
20697,66,1
20698,59,1
20698,30,1
20699,25,1
20699,7,1
20700,28,1
20700,63,1
20700,62,1
20701,2,1
20701,61,1
20701,63,1
20702,63,1
20702,39,1
20702,66,1
20702,64,2
20703,61,1
20703,63,1
20703,37,1
20704,17,1
20705,65,1
20705,66,1
20705,19,1
20705,61,1
20706,63,1
20706,64,1
20706,42,1
20707,63,1
20708,61,2
20708,4,2
20709,65,1
20709,61,1
20710,61,1
20710,62,2
20710,63,1
20711,65,1
20711,64,1
20711,66,1
20712,62,1
20712,63,1
20712,64,1
20713,32,1
20713,61,1
20713,15,1
20713,66,1
20714,35,2
20714,61,1
20714,66,1
20715,61,1
20715,12,3
20715,62,1
20716,11,1
20716,61,2
20716,66,1
20717,65,1
20717,66,1
20717,63,1
20718,62,1
20718,61,1
20719,51,1
20719,61,1
20719,62,1
20719,64,2
20720,64,1
20720,61,1
20720,66,1
20721,59,1
20722,43,2
20722,56,1
20723,56,2
20723,59,1
20723,60,1
20723,57,1
20724,58,1
20724,56,3
20725,58,1
20725,60,1
20725,59,1
20725,43,1
20726,60,1
20726,58,1
20726,59,1
20727,57,2
20727,58,1
20727,59,1
20727,56,2
20728,57,3
20728,56,1
20728,58,1
20728,59,3
20728,60,1
20729,56,1
20729,37,1
20730,59,2
20730,56,1
20730,58,2
20731,58,1
20731,60,1
20731,59,1
20732,56,3
20732,59,1
20732,57,1
20733,60,2
20733,56,1
20733,54,1
20734,60,1
20734,59,1
20735,47,1
20735,60,1
20735,1,1
20736,59,1
20736,56,1
20736,58,1
20737,57,1
20737,60,2
20737,56,1
20737,16,1
20738,8,1
20738,57,1
20739,56,1
20739,58,1
20740,56,1
20740,16,1
20740,10,2
20741,59,1
20741,60,1
20741,56,1
20741,25,2
20742,10,2
20742,60,1
20742,58,1
20743,59,1
20743,9,2
20743,60,1
20744,58,1
20744,17,1
20745,58,1
20745,59,1
20746,60,1
20747,56,1
20747,59,1
20747,57,2
20747,42,2
20748,56,1
20748,60,1
20749,47,2
20749,56,3
20749,60,3
20749,57,1
20749,59,1
20750,59,1
20750,60,1
20751,42,2
20751,58,3
20751,57,1
20752,56,1
20752,58,1
20752,7,1
20752,57,2
20753,54,1
20753,56,1
20753,60,1
20753,16,1
20754,58,2
20754,60,1
20754,56,1
20754,57,3
20754,1,1
20755,57,1
20755,58,1
20755,4,1
20756,56,1
20756,58,1
20757,56,1
20757,58,1
20757,59,1
20758,60,1
20758,58,2
20758,56,1
20758,59,1
20759,59,1
20759,57,1
20759,21,1
20759,60,1
20760,60,1
20760,56,1
20761,31,1
20761,19,1
20762,34,2
20762,19,1
20763,19,2
20763,15,1
20763,18,1
20764,34,3
20764,29,2
20765,19,1
20765,18,1
20765,52,1
20766,34,1
20766,29,1
20766,19,1
20767,29,1
20767,18,1
20767,34,3
20768,18,2
20768,52,1
20769,33,1
20769,4,1
20769,29,2
20769,18,2
20770,18,1
20770,52,2
20770,29,1
20770,19,2
20770,10,2
20771,19,1
20771,34,1
20771,29,1
20771,18,3
20772,18,1
20772,30,1
20773,23,1
20773,19,1
20773,34,2
20773,18,1
20774,18,1
20774,34,1
20774,19,1
20775,34,1
20775,19,1
20775,29,1
20776,23,1
20776,54,3
20777,45,1
20777,34,2
20777,18,2
20777,19,1
20778,34,1
20778,19,1
20778,18,1
20779,29,3
20779,34,1
20779,4,1
20779,42,1
20780,19,1
20781,18,3
20782,18,2
20782,29,1
20782,31,1
20783,34,1
20783,18,1
20783,19,1
20784,34,1
20784,16,1
20784,32,1
20785,34,1
20785,29,2
20785,18,1
20785,19,1
20786,19,2
20786,54,1
20786,18,1
20787,47,1
20787,49,2
20787,29,1
20788,19,1
20788,29,1
20788,5,2
20789,34,1
20789,10,3
20789,19,1
20790,34,1
20790,19,1
20791,18,1
20792,29,1
20792,19,2
20793,9,1
20793,29,1
20794,19,1
20794,29,1
20795,19,2
20795,18,1
20795,29,1
20796,19,1
20796,29,1
20796,18,1
20797,34,1
20797,18,1
20797,48,2
20798,18,1
20798,34,1
20798,19,1
20799,29,2
20799,34,1
20799,18,1
20799,19,2
20800,19,1
20800,36,1
20801,23,1
20802,14,1
20802,23,1
20803,60,1
20803,22,1
20803,25,2
20803,30,1
20804,24,1
20804,29,3
20804,22,1
20805,42,3
20805,23,1
20805,22,1
20806,22,2
20806,24,3
20806,23,1
20806,25,1
20806,3,1
20807,22,1
20807,6,1
20807,30,1
20808,55,1
20808,25,1
20808,37,1
20809,22,1
20809,19,1
20810,23,3
20810,41,1
20811,34,1
20811,51,1
20812,22,1
20812,24,1
20812,27,1
20813,25,1
20813,24,1
20814,20,1
20814,22,1
20814,24,1
20815,25,1
20815,22,2
20815,23,1
20816,25,1
20816,23,1
20817,23,2
20817,22,1
20818,24,1
20818,23,2
20819,22,1
20819,23,1
20820,24,2
20820,25,1
20820,22,1
20820,47,1
20821,24,1
20821,22,1
20821,23,1
20821,25,3
20822,22,1
20822,23,1
20822,24,1
20822,35,1
20823,25,1
20823,22,1
20823,47,1
20823,45,2
20824,25,3
20824,33,1
20825,9,1
20825,25,1
20826,24,1
20826,22,1
20826,42,1
20826,25,1
20827,22,1
20827,51,1
20828,24,1
20828,25,1
20829,24,1
20829,23,1
20830,24,1
20830,23,2
20830,22,1
20831,29,1
20831,22,1
20832,24,1
20832,39,2
20832,25,1
20833,25,1
20833,24,3
20834,48,1
20834,23,2
20835,18,1
20835,22,1
20835,23,2
20836,23,1
20836,2,1
20836,24,1
20836,25,2
20837,23,1
20837,22,1
20838,22,3
20838,25,1
20838,23,1
20839,25,2
20839,14,1
20839,22,1
20840,23,2
20841,7,1
20841,2,1
20841,6,1
20842,1,1
20842,59,2
20842,9,1
20843,5,2
20843,4,1
20843,7,1
20843,2,1
20844,4,1
20844,3,3
20845,8,1
20845,28,2
20845,2,1
20846,54,1
20846,5,1
20847,2,2
20847,5,1
20847,9,1
20848,6,1
20848,7,1
20848,4,1
20849,1,1
20849,45,1
20849,2,1
20850,5,1
20850,9,1
20851,7,1
20851,52,1
20851,8,1
20851,5,1
20852,7,2
20853,29,1
20853,30,1
20854,1,1
20854,4,1
20855,5,1
20855,4,1
20855,8,1
20856,6,1
20857,36,1
20857,23,1
20857,7,2
20858,4,1
20858,9,1
20859,3,1
20859,9,1
20860,9,2
20860,7,1
20861,1,1
20861,5,1
20862,9,1
20862,5,1
20862,3,1
20863,5,1
20863,3,1
20863,26,1
20864,2,1
20864,14,2
20864,37,1
20864,5,3
20865,6,1
20865,5,1
20865,3,1
20866,28,1
20866,5,1
20867,23,1
20867,7,2
20868,24,2
20868,9,2
20868,26,1
20869,2,1
20869,6,1
20870,19,1
20870,5,1
20870,45,2
20871,29,1
20871,25,2
20872,7,1
20872,9,2
20873,6,1
20873,7,1
20873,4,1
20874,7,1
20874,48,2
20874,1,1
20874,58,1
20875,6,1
20875,1,1
20875,11,1
20875,7,1
20875,3,2
20876,9,1
20876,5,1
20876,7,1
20877,6,1
20877,46,1
20877,13,1
20877,11,2
20878,3,1
20878,6,2
20878,5,1
20879,44,1
20879,18,3
20879,1,1
20880,3,3
20880,16,3
20881,69,1
20881,35,1
20881,31,2
20882,13,1
20882,36,1
20882,70,1
20883,52,1
20883,67,1
20883,36,1
20884,70,1
20885,68,1
20885,35,2
20885,36,1
20885,67,1
20886,35,1
20886,67,1
20887,36,1
20887,69,1
20887,68,2
20887,34,1
20888,70,1
20888,68,1
20888,36,1
20888,69,1
20889,36,1
20889,35,3
20890,54,1
20890,70,1
20891,70,1
20891,67,1
20892,36,2
20892,67,1
20893,67,1
20894,26,2
20894,69,1
20894,35,1
20895,68,1
20895,52,1
20895,32,1
20895,69,1
20896,35,1
20896,67,1
20897,35,1
20897,15,1
20898,35,3
20898,67,1
20899,35,2
20899,70,1
20900,70,1
20900,68,1
20901,35,1
20901,69,2
20902,70,1
20902,67,1
20902,36,3
20903,35,1
20903,36,1
20904,69,1
20904,35,3
20905,56,2
20905,19,1
20905,67,1
20905,69,1
20906,67,1
20906,70,1
20906,68,1
20907,67,1
20907,69,1
20907,31,1
20908,69,1
20908,36,1
20909,68,2
20909,10,1
20910,36,1
20910,69,1
20910,70,1
20910,67,1
20911,69,1
20911,67,1
20911,70,1
20912,49,2
20912,67,3
20913,50,1
20913,67,1
20913,70,2
20913,9,3
20914,67,1
20914,36,1
20914,35,1
20915,36,1
20915,35,1
20915,67,1
20916,21,3
20916,68,1
20916,69,1
20917,70,1
20917,16,1
20917,10,1
20917,67,1
20918,70,1
20918,36,1
20919,69,1
20919,35,1
20919,70,2
20919,18,1
20920,5,1
20920,10,1
20920,67,2
20921,5,2
20921,16,1
20922,15,2
20922,30,2
20923,16,1
20923,26,2
20924,13,2
20924,2,1
20925,13,1
20925,38,1
20925,12,1
20926,15,1
20926,12,1
20927,10,1
20927,26,3
20927,12,1
20928,12,1
20928,14,1
20929,30,2
20929,45,1
20930,30,1
20930,38,1
20930,12,2
20931,11,1
20931,13,1
20931,16,3
20932,11,1
20932,10,1
20932,15,2
20933,13,2
20934,13,1
20934,19,2
20935,11,1
20935,48,1
20935,13,1
20936,15,1
20936,13,1
20936,12,1
20937,22,3
20937,15,1
20938,14,1
20938,12,1
20939,11,1
20939,16,1
20940,12,1
20940,15,1
20941,16,1
20941,54,1
20941,13,1
20942,10,1
20942,12,1
20942,14,1
20942,16,3
20943,14,1
20944,12,3
20944,14,1
20944,10,3
20945,10,1
20945,11,3
20945,13,1
20946,15,2
20946,12,1
20946,14,1
20947,16,1
20947,12,1
20947,14,1
20947,11,1
20948,14,1
20948,15,1
20949,10,2
20949,16,1
20950,38,2
20950,49,1
20950,13,1
20951,29,2
20951,13,1
20952,10,1
20952,11,1
20952,13,1
20953,11,2
20953,16,1
20954,10,1
20955,56,2
20955,13,2
20955,14,1
20956,16,2
20956,11,1
20956,12,1
20957,13,1
20957,10,1
20957,12,1
20958,15,1
20958,23,1
20958,13,1
20958,11,1
20959,16,1
20960,15,1
20960,14,1
20960,6,1
20961,29,1
20961,18,3
20961,34,1
20961,46,1
20962,34,1
20962,19,1
20963,29,1
20963,6,2
20963,34,1
20964,18,1
20964,19,1
20964,29,1
20965,34,1
20965,13,1
20965,29,3
20966,18,3
20966,50,1
20966,31,1
20966,19,1
20967,2,1
20967,38,2
20967,8,1
20968,13,1
20968,29,3
20968,18,1
20969,29,1
20970,29,1
20970,34,1
20971,29,2
20971,56,1
20972,29,2
20972,39,1
20972,34,1
20973,29,1
20973,11,1
20974,29,1
20974,19,1
20975,18,3
20975,29,1
20976,34,1
20976,18,1
20977,7,1
20977,17,3
20977,50,1
20978,18,1
20978,29,1
20979,29,1
20979,34,1
20979,19,1
20980,34,1
20980,29,1
20981,18,1
20981,29,2
20982,34,1
20982,18,2
20982,29,1
20983,19,1
20983,34,1
20984,18,1
20984,29,1
20985,19,1
20985,32,1
20985,18,3
20986,18,2
20986,34,1
20986,13,1
20987,19,2
20987,18,1
20988,24,1
20988,19,1
20989,34,1
20989,18,1
20989,19,1
20989,26,1
20990,19,1
20990,29,2
20990,24,1
20990,18,1
20991,29,3
20991,20,1
20991,34,1
20991,32,1
20992,8,2
20992,19,1
20993,18,1
20993,54,1
20994,19,1
20994,34,2
20994,29,1
20994,38,2
20995,19,1
20995,34,2
20995,29,1
20996,59,1
20996,34,1
20997,18,2
20997,34,2
20998,3,1
20998,34,1
20998,19,1
20999,48,1
20999,34,2
20999,19,2
21000,29,2
21000,34,1
21001,66,1
21001,65,2
21002,66,2
21002,65,2
21003,64,1
21003,61,1
21004,62,1
21005,64,1
21005,63,1
21005,61,1
21006,62,1
21006,63,2
21007,63,1
21007,62,1
21007,31,1
21007,20,1
21008,25,1
21008,63,1
21008,65,2
21009,38,1
21009,63,1
21010,12,1
21010,64,2
21011,48,1
21011,63,2
21012,64,1
21012,62,1
21012,61,1
21012,56,1
21012,66,3
21013,61,3
21013,65,1
21013,19,1
21014,62,2
21015,61,2
21015,63,1
21016,61,3
21016,62,2
21017,63,1
21017,61,2
21017,65,1
21018,63,1
21019,62,1
21019,52,1
21019,61,1
21019,65,1
21020,63,1
21021,65,1
21022,63,2
21022,1,1
21022,64,1
21023,65,1
21024,64,1
21024,28,1
21024,31,1
21024,61,1
21025,65,1
21025,64,1
21025,62,1
21026,61,1
21026,57,2
21026,64,1
21026,63,2
21027,63,1
21027,65,1
21027,61,3
21028,63,1
21029,61,2
21029,63,1
21029,66,1
21030,62,1
21030,61,1
21031,62,2
21032,61,1
21032,62,1
21032,66,1
21032,65,1
21033,65,2
21033,64,2
21033,66,2
21033,15,1
21034,61,1
21034,66,1
21034,63,3
21034,65,1
21035,66,1
21035,65,1
21035,63,1
21036,37,1
21036,64,2
21036,62,1
21037,62,1
21037,64,1
21037,41,1
21037,61,1
21038,63,2
21038,64,1
21039,13,1
21039,30,1
21040,62,1
21040,61,3
21040,3,1
21041,69,1
21041,68,2
21041,70,1
21042,36,1
21042,68,1
21042,25,1
21043,69,1
21043,68,2
21043,55,2
21044,37,1
21044,70,1
21044,35,3
21045,67,1
21045,68,1
21045,70,3
21045,38,2
21046,70,1
21046,67,1
21046,35,2
21046,38,1
21046,68,1
21047,70,2
21047,60,1
21048,70,1
21049,37,3
21049,69,2
21049,70,1
21050,67,1
21050,68,3
21051,70,1
21051,36,1
21051,69,1
21052,70,1
21052,67,3
21053,35,1
21053,36,2
21053,59,1
21054,36,1
21054,1,1
21054,59,3
21055,67,1
21055,36,2
21055,27,3
21055,51,1
21056,70,1
21056,35,1
21057,2,1
21057,36,1
21057,17,1
21057,13,1
21058,70,1
21058,69,2
21058,35,1
21059,36,1
21059,67,1
21059,68,1
21060,68,1
21060,67,1
21060,36,1
21061,35,1
21061,36,1
21061,69,1
21062,70,1
21062,68,1
21062,69,3
21063,67,1
21063,30,1
21064,35,1
21064,36,1
21064,67,1
21065,48,1
21065,70,1
21066,67,3
21066,69,1
21066,35,1
21067,48,1
21067,30,1
21068,36,1
21068,67,1
21068,44,1
21068,70,1
21069,68,1
21069,69,1
21069,34,2
21070,67,1
21070,17,1
21070,6,1
21071,36,3
21071,67,3
21072,68,1
21072,69,3
21073,68,1
21073,49,1
21073,70,1
21074,69,1
21074,70,2
21074,36,2
21074,67,1
21075,67,1
21075,36,1
21075,35,1
21075,59,2
21076,70,2
21077,68,1
21078,20,1
21078,69,1
21078,70,1
21078,35,1
21079,26,1
21079,35,1
21080,35,1
21080,69,1
21081,30,1
21081,20,1
21082,50,1
21082,27,3
21083,33,1
21083,30,1
21083,42,1
21084,43,3
21084,31,2
21085,31,1
21085,33,2
21085,30,1
21086,13,1
21086,32,1
21086,43,1
21087,55,1
21087,29,2
21087,28,2
21088,29,1
21088,28,1
21088,40,1
21089,29,1
21089,30,1
21090,32,1
21090,49,1
21091,29,2
21091,35,1
21092,28,1
21092,33,1
21092,31,2
21092,16,3
21093,29,1
21093,26,1
21093,30,1
21094,30,2
21094,32,1
21094,28,1
21095,15,1
21096,29,1
21096,28,1
21096,31,1
21096,30,3
21097,32,3
21097,59,1
21097,29,2
21098,30,1
21098,32,1
21098,26,1
21099,26,1
21099,32,1
21100,27,2
21100,31,1
21100,33,1
21101,35,2
21101,33,3
21101,30,1
21102,13,1
21102,32,1
21102,28,1
21103,33,2
21103,39,1
21103,30,1
21103,32,1
21104,33,1
21104,30,1
21105,29,2
21105,8,1
21106,33,1
21106,29,1
21107,53,1
21107,30,1
21108,33,1
21108,32,1
21108,30,1
21109,30,1
21109,32,1
21109,33,1
21110,29,1
21111,28,2
21111,30,1
21111,33,1
21111,5,2
21112,32,1
21112,31,2
21112,28,1
21112,29,1
21113,29,1
21113,28,1
21114,30,1
21115,54,1
21115,28,1
21115,29,1
21115,32,2
21115,31,1
21116,33,2
21116,32,1
21116,31,1
21117,28,1
21117,30,2
21117,33,3
21118,29,2
21118,32,1
21118,55,1
21118,30,1
21119,29,1
21119,37,1
21120,29,3
21120,32,1
21121,6,1
21121,1,1
21121,14,1
21122,8,2
21122,43,1
21122,1,1
21123,8,1
21123,5,3
21124,5,1
21124,4,2
21124,1,1
21125,2,1
21125,5,1
21125,4,1
21126,4,1
21126,7,1
21127,56,1
21127,7,1
21128,1,1
21128,20,1
21129,2,1
21129,8,1
21129,1,1
21129,47,1
21130,1,1
21130,8,2
21130,2,1
21131,60,1
21131,8,1
21132,5,1
21132,1,2
21132,2,2
21133,2,1
21133,8,1
21134,2,1
21134,8,1
21135,7,3
21135,6,1
21135,8,1
21135,5,1
21136,8,1
21136,33,3
21137,7,1
21138,2,2
21138,4,2
21139,5,1
21139,7,1
21139,6,1
21140,40,1
21140,5,1
21141,60,1
21142,9,1
21142,35,1
21143,1,1
21144,5,1
21144,9,1
21144,6,1
21144,1,1
21144,37,1
21145,9,1
21145,8,1
21146,7,1
21147,1,1
21147,5,1
21148,5,1
21148,8,2
21148,4,1
21148,6,1
21149,4,1
21149,2,1
21150,7,1
21150,4,1
21151,1,1
21151,9,1
21151,2,1
21152,37,2
21152,50,1
21152,2,1
21152,28,1
21153,6,1
21153,12,1
21154,3,3
21154,2,1
21154,27,1
21155,6,1
21155,59,1
21155,8,1
21155,5,1
21155,3,1
21156,4,1
21156,3,1
21156,6,1
21157,3,1
21157,2,1
21157,6,1
21157,9,1
21158,2,1
21158,9,1
21158,3,1
21159,5,1
21160,3,1
21160,8,1
21161,35,1
21161,68,1
21161,36,1
21162,70,3
21162,41,1
21163,69,1
21163,35,1
21163,5,1
21164,70,1
21164,36,1
21165,7,2
21165,35,1
21165,33,1
21165,5,1
21165,69,1
21166,69,1
21166,36,1
21167,67,2
21167,19,1
21167,36,1
21168,69,2
21168,35,1
21169,69,2
21169,68,1
21169,67,1
21169,36,1
21170,69,1
21170,67,1
21171,68,1
21171,36,1
21172,36,1
21172,69,1
21172,67,1
21173,70,1
21173,69,1
21173,35,2
21174,69,1
21174,37,1
21174,49,1
21174,46,1
21174,5,1
21175,57,1
21175,68,1
21175,67,1
21176,36,1
21176,67,1
21177,35,2
21177,69,2
21177,70,1
21178,67,1
21178,36,1
21179,36,1
21179,68,1
21180,70,1
21180,36,1
21181,26,1
21181,67,1
21181,70,1
21181,14,1
21182,69,2
21182,67,1
21183,29,2
21183,28,1
21184,35,1
21185,67,3
21185,35,1
21185,69,2
21185,25,2
21186,70,1
21186,68,1
21187,68,1
21187,35,1
21187,36,3
21188,35,1
21188,70,1
21188,42,1
21189,9,1
21189,36,1
21190,68,1
21190,67,1
21191,68,2
21192,35,1
21192,67,3
21192,69,1
21193,69,1
21193,17,1
21193,43,1
21193,41,1
21194,70,1
21194,68,1
21195,43,1
21195,36,1
21196,25,1
21197,8,1
21197,69,1
21197,70,2
21198,7,1
21198,35,1
21199,69,1
21199,68,2
21199,67,1
21200,35,1
21200,46,1
21200,68,1
21201,61,2
21201,63,1
21202,64,1
21202,62,1
21203,65,1
21204,61,2
21204,64,1
21204,42,1
21205,61,3
21205,66,2
21205,62,1
21206,65,2
21206,66,1
21207,11,1
21207,62,1
21207,20,1
21207,5,1
21208,65,1
21209,65,1
21209,66,1
21210,57,1
21210,40,1
21210,61,1
21210,66,2
21211,61,1
21211,49,1
21211,64,1
21211,65,1
21212,66,1
21212,65,1
21212,64,1
21213,63,1
21213,23,1
21213,65,3
21214,47,2
21214,61,1
21214,66,1
21214,41,1
21215,63,1
21215,11,1
21215,66,2
21215,19,1
21216,36,1
21216,46,2
21217,65,1
21217,64,2
21217,8,1
21218,64,1
21218,66,1
21218,57,1
21219,66,1
21220,61,1
21220,59,1
21220,62,1
21221,65,1
21221,62,1
21221,61,1
21221,66,1
21222,65,1
21222,61,3
21222,62,1
21223,65,1
21223,13,1
21224,66,1
21224,63,1
21224,61,1
21225,66,1
21226,63,1
21226,52,2
21226,12,1
21226,66,1
21227,64,1
21227,65,3
21228,63,1
21228,65,2
21228,61,2
21229,63,1
21229,66,1
21230,43,1
21230,64,1
21231,57,1
21231,66,2
21231,64,1
21232,66,1
21232,63,3
21233,63,1
21233,64,1
21233,62,1
21234,62,1
21234,66,1
21234,61,1
21234,40,1
21235,62,2
21235,61,1
21235,63,1
21235,66,1
21235,65,1
21236,62,3
21236,65,1
21237,66,2
21237,65,1
21237,61,1
21238,62,1
21238,26,1
21239,61,1
21240,30,1
21240,63,2
21240,42,1
21241,41,1
21241,39,2
21242,37,2
21242,60,1
21242,38,1
21242,41,1
21243,39,1
21243,46,1
21244,40,1
21244,37,1
21244,39,1
21244,42,1
21245,38,1
21245,40,1
21245,16,1
21246,37,2
21246,40,1
21246,52,1
21247,39,1
21247,42,1
21247,19,1
21248,25,1
21248,40,1
21248,41,1
21248,13,1
21248,38,1
21249,37,1
21249,40,2
21250,8,1
21250,38,1
21250,39,1
21251,41,2
21251,37,1
21251,39,1
21252,42,1
21252,39,1
21253,45,1
21253,37,1
21254,30,1
21254,37,1
21254,41,1
21255,27,2
21255,41,1
21255,40,1
21256,40,1
21256,37,1
21256,38,1
21257,38,1
21257,37,1
21257,40,1
21257,42,1
21257,39,1
21258,37,1
21258,40,1
21258,38,1
21259,15,1
21259,38,1
21259,29,1
21260,37,1
21260,41,1
21260,9,1
21260,39,1
21261,37,1
21261,40,1
21261,42,1
21261,39,1
21262,41,3
21262,38,1
21263,40,1
21263,35,1
21264,2,1
21264,51,2
21264,39,1
21264,42,1
21265,42,1
21265,52,1
21265,41,1
21265,39,1
21266,46,1
21266,40,1
21266,42,1
21266,41,1
21267,39,1
21267,40,1
21268,40,1
21268,37,1
21268,50,1
21268,54,3
21269,53,1
21269,38,1
21269,37,1
21270,42,1
21270,30,1
21271,11,1
21271,42,1
21272,38,1
21272,41,1
21273,37,1
21273,40,1
21273,41,1
21274,37,1
21274,11,1
21275,41,2
21275,40,1
21276,37,1
21276,40,1
21277,41,2
21277,37,2
21277,40,1
21277,52,1
21277,42,1
21278,37,3
21278,38,1
21278,42,2
21279,39,1
21279,40,1
21279,21,1
21280,40,2
21280,39,2
21280,42,1
21281,7,3
21281,1,2
21281,2,1
21282,3,1
21282,2,1
21283,3,1
21283,9,3
21283,6,1
21284,6,2
21284,5,1
21284,9,2
21285,40,1
21285,7,2
21285,36,1
21286,50,1
21286,5,1
21287,57,1
21287,3,1
21288,5,1
21288,3,1
21288,6,1
21289,1,1
21289,16,1
21289,9,1
21290,12,1
21290,5,1
21291,34,1
21291,4,1
21291,18,1
21291,2,2
21292,5,1
21292,8,1
21292,9,1
21292,35,1
21293,5,1
21293,8,1
21294,5,1
21294,9,1
21294,3,1
21294,8,1
21295,5,1
21295,2,2
21296,1,1
21296,9,1
21297,3,2
21297,5,1
21297,7,1
21298,8,1
21298,3,1
21298,4,3
21299,1,1
21299,9,2
21299,7,2
21299,8,1
21300,36,1
21300,5,1
21301,1,1
21301,8,1
21301,2,1
21302,7,1
21302,5,1
21302,6,2
21303,5,1
21303,8,1
21303,2,1
21304,9,1
21304,5,1
21305,6,1
21306,28,1
21306,5,1
21306,7,1
21307,7,2
21307,4,1
21308,5,1
21309,4,1
21309,1,1
21310,9,1
21310,6,1
21310,7,1
21310,34,2
21310,31,1
21311,7,2
21311,5,1
21311,6,1
21311,2,1
21312,5,1
21312,7,3
21313,6,1
21313,4,1
21313,2,1
21314,8,1
21314,4,1
21315,3,1
21315,7,1
21315,9,1
21315,25,1
21316,5,1
21316,1,1
21317,5,1
21317,9,1
21318,13,1
21318,7,1
21319,5,1
21319,8,1
21320,5,1
21320,9,1
21320,4,3
21321,14,1
21321,12,1
21322,12,2
21322,11,1
21322,10,1
21322,13,2
21323,14,1
21323,12,1
21323,15,1
21323,3,3
21324,14,2
21324,34,1
21325,16,1
21325,11,1
21325,13,1
21326,50,1
21326,16,1
21326,11,2
21327,54,1
21327,14,3
21327,12,2
21327,17,2
21328,15,2
21328,26,1
21329,10,1
21329,14,1
21330,10,1
21330,15,1
21331,13,1
21331,15,1
21331,11,1
21332,14,2
21332,16,1
21332,11,2
21333,10,1
21333,14,1
21334,12,1
21334,25,1
21335,10,1
21335,14,1
21335,12,1
21336,13,1
21337,56,1
21337,28,1
21338,14,1
21338,13,1
21338,16,2
21339,12,1
21340,15,2
21341,10,1
21341,12,1
21341,14,1
21342,57,2
21342,16,1
21342,52,1
21342,13,1
21342,15,1
21343,15,1
21343,12,1
21344,14,3
21344,11,1
21344,15,1
21344,10,1
21345,26,1
21345,10,1
21346,12,1
21346,14,1
21346,16,2
21347,13,1
21347,15,1
21347,16,2
21347,12,1
21348,53,1
21348,11,1
21348,13,1
21349,31,1
21349,16,1
21350,14,1
21350,10,1
21351,15,1
21351,14,1
21351,13,1
21352,14,1
21352,11,1
21352,12,1
21353,13,1
21353,56,1
21353,3,1
21354,10,1
21354,14,2
21354,35,1
21355,19,1
21355,13,1
21355,53,1
21356,10,1
21356,48,1
21356,11,1
21357,14,1
21357,28,1
21358,21,2
21358,12,1
21358,13,1
21359,14,1
21359,15,1
21359,11,1
21360,38,1
21360,15,2
21361,32,1
21361,28,1
21362,30,1
21362,26,3
21362,29,1
21363,29,1
21363,30,1
21363,32,1
21363,33,1
21364,32,1
21364,30,1
21365,30,1
21365,52,1
21365,32,1
21365,29,1
21365,31,1
21366,30,1
21366,32,1
21367,30,1
21367,31,1
21368,28,2
21369,30,1
21369,50,1
21369,31,1
21370,32,1
21370,28,1
21371,29,1
21371,28,1
21371,33,1
21372,31,2
21372,32,1
21373,28,1
21373,29,1
21373,30,1
21373,14,1
21374,30,1
21374,31,1
21374,32,1
21374,19,1
21375,29,1
21376,32,1
21376,29,1
21376,31,1
21377,32,1
21377,28,1
21377,55,1
21378,29,3
21378,30,1
21378,31,1
21378,28,1
21379,31,1
21379,29,1
21379,32,1
21379,35,1
21380,31,1
21380,29,2
21380,28,1
21381,28,2
21381,30,3
21381,29,1
21382,33,1
21382,43,2
21382,28,1
21383,28,1
21383,33,1
21383,30,1
21383,5,1
21384,28,1
21384,12,1
21385,33,1
21385,30,1
21385,44,1
21386,9,1
21386,28,3
21387,32,1
21387,29,1
21387,30,2
21388,28,1
21388,29,3
21388,3,1
21388,31,1
21389,28,1
21389,24,1
21390,30,1
21390,32,1
21391,30,1
21391,28,1
21392,30,1
21392,31,1
21392,28,1
21392,32,1
21393,29,1
21393,9,2
21393,33,1
21394,41,1
21394,28,3
21395,31,1
21395,53,1
21395,12,3
21396,28,1
21396,29,1
21396,32,1
21396,30,1
21397,32,2
21397,33,2
21397,31,1
21398,33,1
21398,31,1
21398,29,1
21399,29,3
21399,32,1
21400,28,1
21400,24,1
21401,23,1
21401,20,1
21402,23,2
21402,24,2
21403,23,1
21403,21,1
21403,9,2
21403,22,3
21404,42,1
21404,34,1
21404,21,2
21405,42,1
21405,74,1
21405,25,1
21406,10,1
21406,74,2
21406,13,2
21407,74,1
21407,24,1
21408,24,1
21408,21,1
21408,20,1
21409,75,1
21409,22,2
21410,21,1
21410,75,1
21410,30,1
21411,22,1
21411,24,1
21412,23,1
21412,25,3
21413,74,3
21413,24,1
21413,75,1
21413,17,1
21414,23,1
21414,24,1
21415,22,1
21415,25,1
21415,23,1
21415,75,1
21416,24,1
21416,21,1
21417,74,1
21417,25,1
21418,20,1
21418,75,1
21418,23,3
21418,38,1
21419,51,1
21419,3,1
21420,22,2
21420,23,1
21420,21,1
21421,20,1
21421,10,1
21422,20,1
21422,75,1
21423,45,1
21423,23,1
21423,24,1
21423,37,1
21423,74,1
21424,74,1
21424,23,2
21425,13,2
21425,24,2
21425,23,3
21426,28,1
21426,21,1
21426,20,1
21427,75,1
21427,48,2
21427,14,1
21428,21,1
21429,24,1
21429,23,1
21430,24,1
21430,74,3
21430,3,1
21431,74,1
21431,36,1
21432,24,1
21433,21,1
21433,23,1
21433,24,1
21434,22,3
21434,6,1
21435,75,2
21435,57,1
21435,20,1
21436,46,1
21436,24,1
21436,21,1
21437,22,1
21438,23,1
21438,22,1
21439,75,1
21439,20,1
21439,23,2
21440,14,1
21441,23,3
21441,22,1
21442,23,1
21442,20,1
21442,22,1
21443,20,2
21443,22,1
21443,6,1
21444,22,1
21444,40,2
21445,75,1
21445,24,1
21445,21,1
21446,74,1
21446,21,1
21446,24,2
21447,21,1
21447,11,1
21448,20,1
21448,21,1
21448,74,1
21448,75,1
21448,25,1
21449,23,1
21449,20,1
21450,22,2
21451,24,1
21451,75,1
21452,12,3
21452,24,3
21452,53,1
21453,75,1
21453,74,1
21453,34,1
21453,21,1
21454,21,1
21454,22,1
21454,31,1
21455,23,2
21455,3,1
21455,21,1
21456,21,1
21456,74,1
21457,74,1
21457,25,1
21457,21,3
21458,21,1
21458,75,1
21458,23,1
21459,20,1
21459,23,3
21459,74,1
21460,25,2
21460,13,1
21460,22,1
21460,20,1
21461,25,1
21461,75,1
21461,74,2
21461,23,1
21462,74,1
21462,22,1
21463,75,1
21463,25,1
21463,21,2
21464,29,1
21464,25,3
21464,50,1
21464,20,1
21464,21,1
21465,74,1
21465,20,2
21466,23,3
21467,20,2
21467,24,2
21467,74,1
21467,21,1
21467,23,1
21468,48,1
21468,25,1
21468,23,1
21468,21,1
21469,22,1
21469,23,1
21469,21,1
21470,22,2
21470,47,1
21470,20,1
21470,25,2
21470,34,1
21471,75,1
21471,21,1
21471,42,1
21472,20,3
21472,23,1
21473,16,1
21473,24,1
21474,21,1
21474,20,1
21475,20,1
21475,23,1
21476,74,1
21476,23,1
21476,20,1
21476,12,2
21477,11,1
21477,25,1
21478,27,1
21478,25,1
21478,24,1
21478,75,1
21479,21,1
21479,22,1
21479,20,1
21480,50,1
21480,24,1
21481,30,1
21481,33,1
21481,29,1
21482,33,1
21482,32,2
21482,28,1
21482,30,1
21483,41,3
21483,29,1
21483,28,1
21484,28,1
21484,29,2
21485,33,1
21485,28,1
21486,30,1
21486,31,1
21487,22,1
21487,28,1
21487,2,1
21488,28,1
21488,29,1
21489,32,3
21489,33,1
21489,38,1
21490,28,1
21490,29,1
21490,30,2
21490,32,3
21491,29,1
21491,31,2
21492,32,1
21492,28,1
21493,28,1
21493,33,1
21493,16,1
21493,43,1
21494,32,1
21494,33,2
21494,31,1
21495,28,2
21495,32,1
21496,31,1
21496,45,2
21497,47,1
21497,31,1
21497,29,1
21498,30,1
21498,32,1
21499,11,2
21499,29,1
21500,30,1
21500,33,1
21501,29,2
21501,30,1
21502,32,1
21502,33,1
21503,18,1
21504,32,1
21504,30,2
21505,30,1
21505,31,1
21505,32,1
21505,33,2
21506,29,2
21506,47,1
21506,30,1
21506,33,1
21506,49,2
21507,28,1
21507,30,2
21508,28,1
21508,17,1
21508,33,1
21509,29,1
21509,3,1
21509,26,3
21509,28,1
21509,33,1
21510,33,1
21510,29,1
21510,32,1
21511,28,1
21511,54,3
21511,31,2
21512,33,1
21512,31,1
21512,59,1
21512,32,1
21513,33,1
21513,12,1
21514,40,1
21514,56,3
21514,31,1
21514,29,1
21514,32,1
21515,32,1
21515,31,1
21516,30,2
21516,29,1
21516,32,1
21517,56,1
21517,32,1
21517,30,1
21518,30,1
21518,32,1
21518,31,1
21518,28,1
21519,4,1
21519,33,2
21519,27,1
21520,36,2
21520,32,1
21520,27,1
21521,8,1
21521,9,1
21521,1,1
21522,2,1
21522,5,1
21523,6,1
21523,1,1
21524,3,1
21524,5,1
21524,7,2
21525,40,2
21525,9,1
21526,7,1
21526,6,1
21527,3,1
21527,14,1
21528,4,1
21528,2,1
21528,56,1
21529,9,2
21529,6,2
21529,49,3
21529,37,1
21530,4,1
21530,6,2
21530,2,2
21531,1,1
21531,9,1
21532,6,1
21532,3,2
21532,7,1
21533,6,1
21533,1,1
21533,8,1
21533,7,2
21533,5,1
21534,7,1
21534,33,2
21535,1,1
21536,4,2
21536,6,1
21537,1,1
21538,3,1
21538,1,1
21538,32,2
21539,1,1
21539,6,1
21540,2,1
21540,1,1
21541,41,1
21541,2,1
21542,48,1
21542,3,1
21543,4,1
21543,6,2
21543,2,2
21544,40,1
21544,9,2
21544,19,1
21545,6,1
21545,3,1
21545,9,1
21546,1,1
21546,9,2
21547,1,1
21547,25,1
21547,7,1
21548,54,1
21548,6,1
21549,8,1
21549,26,1
21549,2,1
21550,4,1
21550,5,1
21550,2,1
21551,38,3
21551,4,1
21552,7,2
21552,1,2
21553,6,1
21553,9,1
21553,5,2
21553,1,1
21554,42,1
21554,19,2
21554,7,1
21555,5,2
21555,3,1
21555,2,1
21555,7,1
21556,1,2
21556,41,1
21557,2,1
21557,4,2
21557,1,1
21558,4,1
21558,59,1
21559,42,1
21559,4,1
21560,2,1
21560,1,1
21560,5,1
21561,75,1
21561,23,1
21561,25,1
21561,34,2
21561,24,3
21562,21,2
21562,24,1
21562,22,1
21563,16,1
21563,21,1
21564,20,1
21564,27,1
21565,7,1
21566,25,1
21566,15,1
21566,24,1
21566,22,1
21567,42,2
21567,25,2
21567,20,1
21567,74,1
21568,23,1
21568,74,3
21568,25,2
21569,74,1
21569,22,1
21569,23,1
21570,21,1
21570,39,1
21570,23,2
21571,20,1
21571,25,3
21572,33,1
21572,20,1
21572,23,1
21573,21,1
21573,25,1
21574,25,1
21574,20,1
21574,75,3
21575,25,1
21575,74,2
21576,58,2
21576,45,1
21577,45,1
21577,24,3
21578,17,1
21578,21,2
21578,24,1
21579,75,1
21579,21,1
21580,23,1
21580,42,1
21581,30,1
21581,22,1
21582,74,1
21582,23,1
21582,24,1
21583,24,1
21583,25,1
21583,23,1
21584,60,1
21584,24,1
21585,21,1
21585,23,1
21586,23,1
21586,21,2
21587,32,1
21587,21,1
21588,7,1
21588,22,1
21589,35,1
21589,37,1
21590,74,1
21590,20,2
21590,23,1
21591,22,1
21591,74,2
21591,23,1
21592,22,1
21593,21,1
21593,23,2
21593,24,1
21594,24,2
21594,22,1
21594,20,1
21595,23,1
21595,74,2
21595,40,1
21595,22,1
21596,24,1
21596,33,1
21596,23,1
21597,20,1
21597,8,1
21598,58,1
21598,74,1
21599,24,1
21599,20,3
21599,25,2
21599,75,1
21600,40,2
21600,22,2
21601,64,1
21601,65,1
21601,66,1
21602,61,1
21602,64,1
21602,8,1
21603,61,2
21603,3,1
21603,63,1
21604,61,2
21604,63,2
21605,61,1
21605,66,1
21605,64,1
21606,63,1
21606,61,1
21606,21,1
21607,66,1
21607,24,2
21608,66,1
21608,65,1
21608,5,1
21609,63,1
21609,32,1
21609,62,1
21610,63,1
21610,61,1
21611,65,3
21611,63,1
21611,62,2
21611,66,1
21611,64,1
21612,61,1
21613,62,1
21613,66,1
21613,64,2
21614,15,3
21614,62,1
21614,66,1
21615,66,1
21615,61,1
21616,64,1
21616,65,2
21616,63,3
21616,66,1
21617,15,1
21617,5,3
21618,64,1
21618,65,1
21618,63,1
21619,66,1
21620,65,1
21620,66,1
21621,61,1
21621,40,1
21622,66,2
21622,58,1
21622,65,1
21622,63,1
21623,63,1
21623,61,1
21624,65,1
21624,66,1
21624,62,1
21625,64,2
21626,66,1
21626,62,1
21626,64,1
21627,61,2
21627,65,1
21627,66,1
21628,61,1
21628,42,2
21628,36,2
21629,54,1
21629,64,1
21629,65,1
21629,66,3
21630,65,1
21630,63,2
21631,65,1
21631,64,1
21631,63,1
21631,62,1
21632,61,1
21632,62,2
21633,62,3
21633,43,1
21633,64,2
21634,61,2
21635,63,1
21635,65,1
21636,63,1
21636,64,1
21637,39,1
21637,66,2
21637,36,3
21638,62,1
21638,31,1
21638,64,1
21638,66,1
21639,58,2
21639,61,1
21639,14,1
21640,66,1
21640,63,2
21641,34,1
21641,19,3
21641,17,1
21641,18,1
21642,19,1
21642,18,1
21642,29,2
21643,29,1
21643,18,1
21644,58,1
21644,34,1
21644,29,1
21645,34,1
21645,45,3
21646,29,2
21646,47,2
21646,19,2
21646,18,3
21647,29,1
21647,19,2
21647,34,1
21647,18,1
21648,34,1
21648,39,1
21648,19,1
21648,18,1
21649,18,1
21649,29,1
21650,18,1
21650,19,1
21651,18,1
21651,19,1
21651,29,1
21652,34,1
21652,18,1
21652,29,1
21653,19,1
21653,34,1
21653,18,2
21653,29,1
21654,18,2
21654,29,1
21655,18,1
21655,34,2
21655,19,3
21656,18,2
21656,19,2
21657,19,1
21657,34,2
21657,38,1
21657,18,1
21657,20,1
21658,29,1
21658,18,1
21659,3,3
21659,19,1
21660,26,1
21660,19,1
21660,18,1
21661,18,1
21661,52,1
21661,21,1
21661,48,1
21662,34,1
21662,25,1
21663,18,1
21663,34,2
21663,29,1
21664,19,3
21664,45,1
21664,34,3
21665,19,1
21665,34,1
21665,35,1
21666,19,1
21666,57,2
21666,18,1
21667,18,1
21667,34,1
21668,34,1
21668,29,1
21668,16,1
21669,19,1
21669,29,1
21670,34,1
21670,41,1
21670,29,1
21671,18,1
21671,34,2
21671,19,1
21672,18,2
21672,19,1
21673,19,1
21673,29,1
21674,18,1
21674,19,2
21675,29,1
21675,23,1
21676,34,1
21676,29,1
21676,19,1
21677,29,1
21677,34,1
21677,7,1
21678,34,2
21678,18,1
21678,54,2
21679,29,1
21679,18,1
21679,10,1
21679,19,1
21680,16,1
21680,34,1
21680,29,1
21680,18,1
21681,53,1
21681,70,1
21681,68,1
21682,68,1
21682,70,1
21683,36,3
21683,40,1
21683,53,1
21683,34,1
21684,9,1
21685,6,3
21685,14,1
21686,30,1
21686,20,1
21687,70,1
21687,69,1
21688,46,1
21688,68,1
21689,70,1
21689,67,3
21689,43,1
21690,70,2
21690,35,1
21690,69,1
21691,36,1
21691,28,1
21691,35,2
21692,68,1
21692,35,1
21693,67,1
21693,69,1
21693,70,1
21693,68,1
21694,9,1
21694,35,1
21694,69,1
21694,68,1
21695,30,1
21695,35,1
21695,68,2
21696,36,1
21696,67,1
21696,69,2
21696,35,1
21697,69,1
21698,68,1
21698,70,1
21699,67,1
21700,43,1
21700,36,1
21701,68,1
21701,36,1
21702,49,1
21702,67,1
21703,67,1
21703,70,1
21704,36,1
21704,69,1
21705,67,1
21705,70,1
21706,35,2
21706,69,1
21707,35,1
21707,67,1
21708,67,1
21708,68,1
21708,36,1
21709,69,1
21709,67,1
21709,68,1
21710,69,1
21710,67,1
21710,70,1
21711,35,1
21712,69,1
21712,70,1
21712,67,3
21713,36,1
21713,70,1
21713,39,1
21714,33,1
21714,35,2
21714,57,1
21715,70,1
21715,27,1
21716,69,2
21716,36,1
21717,52,1
21717,43,1
21717,68,1
21717,69,1
21718,67,1
21718,35,1
21718,1,1
21719,36,1
21719,35,2
21720,70,1
21720,60,1
21720,28,1
21720,67,1
21721,41,1
21721,40,1
21721,42,1
21721,39,1
21722,10,1
21722,42,1
21722,40,2
21722,41,2
21723,42,1
21723,40,1
21723,30,2
21724,13,2
21724,54,1
21724,11,1
21725,41,1
21725,40,1
21725,39,2
21726,39,1
21726,37,2
21726,38,1
21726,40,1
21726,51,2
21727,39,3
21727,8,2
21727,40,1
21728,41,1
21728,40,1
21728,39,2
21728,42,1
21729,37,1
21729,39,1
21729,38,1
21730,42,2
21730,39,2
21730,40,1
21730,55,1
21731,21,2
21731,60,1
21731,42,2
21731,40,1
21732,26,1
21732,42,1
21732,60,1
21732,57,1
21732,38,2
21733,39,1
21733,41,1
21733,3,1
21733,58,2
21734,39,1
21734,41,1
21734,38,1
21735,54,1
21735,40,1
21735,41,1
21736,34,1
21736,39,2
21737,37,3
21737,17,1
21737,38,1
21738,41,1
21738,40,1
21739,38,1
21739,34,1
21740,37,1
21740,42,1
21740,34,1
21740,40,1
21740,39,1
21741,53,1
21741,40,1
21742,38,1
21742,40,1
21742,47,1
21742,39,1
21743,41,1
21743,46,2
21743,4,1
21743,39,2
21744,38,1
21744,39,2
21744,19,1
21744,41,1
21745,39,1
21745,38,2
21745,44,1
21746,40,2
21746,41,1
21746,37,1
21747,39,1
21747,38,1
21748,39,2
21748,38,1
21748,37,1
21749,41,1
21749,38,1
21749,25,2
21750,42,1
21750,38,1
21750,37,1
21751,19,1
21751,42,1
21752,42,1
21752,41,1
21753,38,1
21753,34,1
21753,41,1
21754,42,1
21754,37,1
21754,38,2
21755,39,1
21755,38,1
21755,42,1
21756,38,1
21756,37,1
21757,39,1
21757,40,1
21757,41,1
21757,42,1
21758,38,1
21758,23,1
21759,27,1
21759,37,1
21760,42,3
21760,3,1
21761,54,1
21761,66,3
21761,12,1
21762,64,1
21762,46,1
21762,66,1
21763,63,1
21763,61,2
21763,62,1
21763,65,3
21764,15,1
21764,62,1
21765,62,1
21765,65,1
21766,61,1
21766,63,2
21767,64,1
21767,66,2
21767,63,1
21768,61,1
21768,66,1
21768,64,3
21769,65,1
21769,63,1
21770,66,1
21770,49,1
21770,65,1
21771,64,3
21771,66,1
21771,61,1
21771,38,1
21771,9,1
21772,62,1
21772,65,1
21773,61,1
21773,62,1
21773,20,1
21774,62,1
21774,64,2
21775,61,1
21775,64,1
21776,66,2
21776,64,1
21777,65,2
21777,61,2
21777,66,2
21777,48,1
21777,62,1
21778,63,1
21778,66,1
21779,62,1
21779,65,1
21779,61,1
21780,63,1
21781,48,1
21781,58,1
21781,66,1
21781,61,1
21782,61,1
21783,61,2
21784,62,1
21784,64,1
21785,64,1
21785,26,1
21786,61,1
21786,65,1
21786,62,2
21786,63,1
21787,3,1
21787,61,1
21787,64,1
21788,63,1
21789,61,2
21789,57,2
21790,61,1
21790,64,1
21791,65,1
21791,25,3
21791,62,1
21792,66,1
21792,64,1
21793,66,1
21793,32,1
21794,61,2
21794,64,1
21794,66,2
21795,63,1
21795,10,2
21795,64,1
21795,66,1
21796,65,1
21796,42,1
21797,64,1
21797,66,1
21797,61,1
21798,66,1
21798,51,1
21798,63,1
21799,62,2
21799,65,3
21800,65,2
21800,62,1
21801,8,1
21801,7,1
21801,43,1
21802,5,1
21802,4,1
21803,9,1
21803,1,1
21803,8,2
21803,4,1
21803,27,1
21804,2,1
21804,4,1
21804,8,1
21804,1,1
21805,5,1
21805,50,1
21805,6,1
21805,1,1
21806,1,1
21806,4,2
21807,9,1
21807,1,1
21808,4,1
21808,6,3
21808,18,1
21808,9,1
21808,5,1
21809,5,1
21809,21,1
21810,45,2
21810,9,1
21810,29,1
21811,24,1
21811,2,1
21812,3,2
21812,7,1
21813,3,1
21813,5,1
21813,7,1
21814,7,1
21814,30,1
21815,45,1
21815,7,1
21816,7,2
21816,5,1
21816,4,1
21816,35,1
21817,4,1
21818,4,2
21818,7,1
21818,9,1
21818,6,1
21818,45,3
21819,2,1
21819,7,1
21819,5,1
21820,5,1
21820,3,1
21821,9,1
21821,8,1
21822,51,1
21822,8,1
21822,3,1
21822,5,2
21823,35,1
21823,2,1
21824,9,1
21824,4,1
21824,8,1
21825,3,2
21825,26,3
21826,58,1
21826,1,1
21826,5,1
21827,9,2
21827,7,1
21828,2,1
21829,4,3
21829,7,2
21829,24,1
21830,7,1
21831,3,1
21831,6,1
21832,2,1
21832,3,1
21833,1,2
21833,3,1
21834,1,1
21834,30,1
21835,12,2
21835,21,1
21835,3,1
21835,9,2
21836,5,1
21836,6,1
21836,3,1
21837,8,1
21838,5,2
21838,4,2
21838,8,1
21839,8,1
21839,2,1
21840,3,1
21840,9,3
21841,55,1
21841,65,2
21842,18,1
21842,63,1
21843,2,2
21843,62,1
21843,17,1
21844,37,1
21844,18,1
21844,63,1
21845,47,1
21845,63,2
21845,66,3
21846,65,1
21846,63,1
21847,61,2
21847,62,2
21847,40,1
21847,63,1
21848,65,1
21848,47,1
21849,45,1
21850,3,1
21851,63,3
21851,66,1
21852,66,1
21853,61,1
21853,17,1
21854,40,1
21854,61,1
21855,63,2
21855,62,1
21855,65,1
21855,61,1
21856,2,1
21856,66,1
21856,65,1
21857,63,1
21857,66,1
21857,65,1
21858,61,2
21858,64,1
21858,66,1
21859,66,1
21859,20,1
21860,66,1
21860,64,1
21860,65,1
21861,61,1
21861,63,1
21862,64,3
21862,65,1
21863,65,1
21863,62,2
21864,61,2
21864,64,1
21865,64,1
21865,62,1
21865,65,1
21865,61,1
21866,59,1
21866,26,1
21866,61,1
21867,14,1
21867,62,1
21868,43,1
21868,62,1
21869,61,2
21869,63,1
21870,66,1
21870,57,1
21871,66,1
21871,65,2
21871,62,1
21871,61,1
21872,66,1
21872,62,1
21872,61,1
21873,65,2
21873,45,1
21874,63,1
21874,65,1
21875,65,1
21875,63,1
21876,65,1
21876,63,1
21877,62,1
21877,50,1
21877,66,1
21878,62,1
21878,63,1
21879,64,1
21880,11,1
21880,61,1
21880,65,1
21880,30,1
21880,62,1
21881,41,1
21881,34,1
21882,29,1
21882,34,2
21882,18,1
21883,29,1
21883,18,1
21884,18,1
21884,34,1
21885,29,3
21885,14,1
21886,19,2
21886,18,1
21886,29,1
21887,34,2
21887,19,1
21887,18,1
21887,33,1
21887,29,1
21888,34,1
21888,29,1
21888,19,1
21889,18,1
21889,29,1
21889,7,3
21890,19,1
21890,13,1
21890,18,1
21891,34,2
21891,19,1
21891,29,1
21892,19,2
21892,34,1
21893,25,1
21893,29,1
21893,19,1
21894,24,3
21894,18,1
21895,19,1
21895,18,2
21896,18,1
21897,19,3
21897,18,2
21897,29,1
21898,18,1
21898,58,1
21898,40,1
21899,29,1
21899,18,1
21900,32,1
21900,34,2
21901,34,2
21901,29,1
21901,19,1
21901,18,2
21902,19,1
21902,34,2
21902,29,1
21903,34,1
21903,18,1
21903,19,1
21903,29,1
21904,29,2
21904,18,1
21905,34,3
21905,20,1
21905,29,1
21905,1,1
21906,1,1
21906,19,1
21906,52,1
21907,34,1
21907,19,1
21908,29,2
21908,34,1
21909,18,1
21909,34,1
21910,18,3
21910,34,2
21910,29,1
21911,18,1
21911,24,1
21912,19,1
21912,34,1
21912,18,1
21913,35,1
21913,3,2
21913,34,1
21914,29,1
21914,34,2
21914,19,1
21914,18,3
21915,19,1
21915,29,1
21915,18,1
21916,8,1
21916,18,3
21917,29,1
21917,19,1
21917,34,2
21918,43,1
21919,34,2
21919,18,1
21919,19,2
21919,14,1
21920,37,1
21920,19,2
21921,13,1
21921,15,1
21921,10,3
21921,12,1
21922,14,1
21922,10,1
21922,12,3
21922,13,2
21923,10,1
21923,16,1
21923,13,1
21924,14,1
21924,9,2
21925,29,1
21925,6,1
21925,13,1
21925,15,1
21926,12,1
21926,16,1
21926,10,1
21927,13,1
21927,52,1
21927,38,1
21927,59,1
21928,11,1
21928,14,2
21928,13,1
21929,12,1
21929,15,1
21929,28,1
21930,12,1
21930,14,2
21931,16,1
21931,10,1
21932,10,2
21933,13,1
21933,14,1
21933,21,1
21934,15,1
21934,14,1
21934,12,1
21934,10,1
21935,51,1
21935,13,2
21936,56,1
21936,10,1
21937,13,1
21937,14,1
21937,16,1
21938,15,3
21938,12,3
21938,16,1
21939,5,2
21939,14,1
21940,15,2
21940,13,1
21941,12,2
21941,14,1
21941,7,1
21942,11,1
21942,14,1
21943,15,1
21943,22,1
21944,13,1
21944,11,1
21944,16,1
21944,20,1
21945,13,1
21945,48,1
21945,10,1
21946,11,1
21946,48,3
21946,16,1
21947,15,1
21947,34,1
21947,11,1
21947,14,1
21948,11,1
21948,34,1
21948,15,1
21949,10,1
21949,15,2
21949,11,1
21950,15,2
21950,12,1
21951,56,1
21951,14,1
21951,15,2
21952,14,1
21952,9,3
21953,14,1
21953,15,1
21953,10,2
21954,12,1
21954,15,2
21954,13,1
21955,46,1
21955,5,1
21955,13,1
21955,12,2
21956,15,1
21956,16,1
21957,14,1
21957,55,2
21957,10,2
21958,7,1
21958,8,1
21959,16,1
21959,36,1
21960,16,1
21960,19,2
21960,11,1
21961,34,2
21961,18,1
21961,19,1
21962,29,1
21962,19,2
21963,19,1
21963,18,3
21963,29,1
21964,34,1
21964,36,1
21965,29,3
21965,18,2
21965,10,1
21966,18,1
21966,47,2
21967,55,1
21967,29,2
21967,18,2
21967,15,1
21967,60,1
21968,18,3
21968,44,3
21968,34,1
21969,57,1
21969,18,2
21969,1,2
21970,29,1
21971,19,1
21971,29,2
21972,29,1
21972,6,2
21972,19,1
21972,11,1
21973,18,1
21974,18,2
21974,29,2
21974,15,1
21975,52,1
21975,19,1
21976,29,1
21976,18,1
21977,18,1
21978,34,1
21978,29,1
21978,18,1
21978,19,1
21979,14,1
21979,29,1
21979,18,1
21979,19,1
21979,42,1
21980,34,1
21980,51,1
21980,19,1
21981,18,1
21981,29,1
21982,34,1
21982,29,1
21982,18,1
21982,9,1
21982,19,1
21983,18,1
21983,19,1
21983,51,1
21984,34,1
21984,19,2
21984,29,2
21984,4,1
21985,18,1
21985,3,1
21986,19,1
21987,14,1
21987,8,1
21988,34,1
21988,18,1
21988,46,1
21989,16,1
21989,19,1
21989,34,1
21989,29,1
21990,19,1
21990,18,1
21991,4,1
21991,29,2
21991,18,1
21992,58,1
21992,55,1
21992,34,1
21993,18,1
21993,19,2
21994,19,1
21994,18,1
21995,29,1
21995,40,2
21995,18,1
21996,19,2
21997,29,1
21997,34,1
21997,44,1
21997,18,1
21998,29,1
21998,34,1
21998,19,1
21998,25,1
21999,50,1
21999,9,2
22000,39,1
22000,34,1
22000,19,2
22000,18,3
22001,22,1
22001,23,1
22001,25,1
22001,42,1
22002,23,1
22002,22,1
22002,26,1
22002,33,1
22003,23,1
22003,22,1
22003,24,1
22004,22,1
22004,24,2
22005,26,1
22005,22,1
22005,23,1
22005,32,1
22006,22,1
22006,25,1
22006,24,1
22006,48,1
22007,10,1
22008,25,1
22008,23,3
22009,23,1
22009,22,1
22009,6,2
22009,25,3
22010,22,1
22010,24,1
22011,22,1
22011,23,1
22011,25,1
22012,23,2
22012,24,1
22013,18,2
22013,4,2
22013,22,1
22014,22,1
22014,23,1
22015,9,1
22015,25,1
22016,1,1
22016,22,1
22016,32,2
22017,25,1
22017,22,1
22017,24,1
22018,43,1
22018,24,1
22018,22,1
22019,22,1
22019,25,1
22019,23,1
22019,24,1
22020,23,1
22020,24,1
22021,25,1
22021,22,2
22021,24,1
22022,8,1
22022,15,1
22022,42,1
22022,22,1
22023,25,1
22023,19,2
22023,23,1
22024,24,2
22024,23,1
22025,22,1
22025,59,1
22025,25,2
22026,22,1
22026,25,1
22026,24,1
22027,23,1
22027,60,1
22027,8,1
22028,22,2
22028,26,1
22028,25,3
22028,23,1
22029,23,1
22029,24,1
22029,22,1
22030,23,1
22030,24,1
22031,24,1
22032,25,1
22032,24,1
22033,23,1
22033,9,2
22033,22,1
22034,46,1
22034,41,1
22034,58,1
22035,25,1
22035,23,1
22036,22,1
22036,24,1
22036,25,1
22036,23,1
22037,22,1
22037,24,1
22037,25,1
22038,23,1
22039,23,2
22039,25,2
22040,24,1
22040,22,1
22041,2,3
22041,7,1
22042,58,1
22042,2,1
22042,4,1
22042,49,1
22043,6,1
22043,4,1
22044,9,2
22044,6,1
22045,1,1
22045,5,1
22045,7,1
22045,6,1
22046,1,1
22046,7,1
22046,2,1
22047,46,1
22047,8,2
22047,3,2
22048,6,1
22048,2,1
22048,1,1
22049,1,1
22049,7,1
22049,5,1
22050,1,1
22050,9,1
22050,5,1
22050,6,2
22051,4,1
22051,12,1
22051,6,1
22051,5,1
22052,5,1
22053,8,1
22054,8,1
22054,1,3
22055,2,1
22055,29,1
22056,7,2
22056,6,1
22056,3,1
22057,1,1
22057,9,1
22058,9,3
22058,7,1
22058,5,1
22058,4,1
22059,2,1
22059,8,2
22059,42,1
22059,3,1
22060,7,1
22060,3,1
22061,8,1
22061,5,1
22062,2,1
22063,4,1
22063,45,1
22063,3,1
22064,1,2
22064,2,2
22064,5,1
22065,44,1
22065,7,1
22065,5,1
22065,3,1
22066,3,1
22066,6,1
22066,9,1
22067,4,1
22067,8,1
22067,5,1
22068,8,1
22068,6,2
22069,1,2
22069,25,1
22069,7,2
22069,5,1
22070,8,1
22070,1,1
22071,9,1
22071,5,1
22071,8,1
22072,9,1
22072,26,1
22072,10,1
22073,5,1
22074,4,1
22074,6,1
22075,9,1
22075,1,1
22075,2,2
22076,3,2
22076,4,1
22076,6,1
22077,20,1
22077,3,1
22078,3,1
22078,9,1
22079,1,1
22079,2,2
22080,7,1
22081,8,1
22081,7,2
22081,6,1
22082,5,3
22082,9,1
22082,6,1
22083,6,1
22083,7,1
22084,23,1
22084,9,1
22084,2,1
22084,34,1
22085,52,1
22085,1,1
22085,3,1
22085,7,1
22086,3,1
22086,60,1
22086,9,1
22087,42,1
22087,6,1
22087,9,1
22088,4,1
22088,6,1
22088,3,3
22088,9,1
22089,3,1
22089,7,3
22089,2,1
22089,9,1
22090,7,1
22090,2,1
22091,7,1
22091,6,1
22091,16,1
22092,6,1
22092,1,1
22092,9,1
22093,5,1
22093,7,1
22094,4,2
22094,6,1
22095,3,1
22095,14,1
22095,7,1
22096,54,1
22096,3,1
22096,2,1
22096,4,1
22097,6,1
22097,3,1
22098,9,1
22098,4,2
22098,6,1
22099,4,1
22099,9,1
22099,6,1
22100,15,2
22100,3,1
22101,6,1
22101,7,1
22102,1,1
22102,17,1
22103,36,2
22103,6,1
22104,4,1
22105,9,1
22105,1,1
22105,6,1
22106,1,1
22106,7,2
22106,4,1
22107,3,2
22107,28,1
22108,7,1
22108,3,2
22108,6,2
22109,9,1
22109,38,1
22109,25,1
22109,4,1
22110,8,1
22110,4,1
22110,5,2
22111,9,1
22111,8,1
22111,30,1
22112,5,2
22112,6,3
22113,31,1
22113,1,1
22113,4,1
22114,2,1
22114,1,1
22114,59,1
22114,8,1
22115,15,1
22115,1,2
22116,7,1
22117,7,1
22117,2,1
22118,4,1
22118,8,1
22118,1,3
22119,5,1
22119,8,1
22119,6,1
22120,6,3
22121,32,1
22121,44,1
22121,29,2
22122,33,1
22122,28,2
22123,30,1
22123,32,1
22124,29,1
22124,38,1
22124,50,1
22125,32,1
22125,57,1
22125,33,1
22126,60,1
22126,31,1
22126,29,1
22127,32,1
22127,29,1
22127,30,1
22127,28,1
22128,28,1
22128,29,1
22129,30,1
22129,33,1
22130,29,3
22130,28,1
22130,31,1
22131,31,1
22131,32,1
22131,46,1
22132,30,1
22132,32,1
22133,32,1
22133,31,1
22133,10,1
22133,33,1
22134,29,1
22134,21,1
22135,31,3
22135,29,1
22135,28,1
22135,58,1
22136,32,1
22136,53,1
22136,33,1
22137,32,1
22137,28,1
22138,28,1
22138,57,2
22138,31,1
22139,33,1
22139,31,3
22139,23,2
22139,32,1
22140,33,1
22140,20,1
22141,33,1
22141,31,1
22142,6,1
22142,31,1
22142,29,3
22143,32,1
22143,30,1
22144,32,1
22144,30,1
22145,46,1
22145,31,1
22146,31,1
22146,33,1
22146,18,1
22147,29,1
22147,30,1
22147,28,1
22148,29,1
22148,30,1
22148,28,1
22148,11,1
22149,30,2
22149,13,1
22149,33,1
22150,28,1
22150,59,1
22151,1,1
22151,54,3
22151,33,1
22152,28,1
22152,29,1
22152,33,1
22153,31,1
22153,33,1
22153,30,1
22153,19,1
22154,6,1
22154,32,1
22154,31,1
22155,30,1
22155,29,2
22156,30,1
22156,32,1
22156,28,2
22157,28,1
22157,30,2
22158,15,1
22158,28,1
22159,30,1
22159,28,1
22159,29,1
22160,33,1
22160,32,1
22160,28,2
22160,41,1
22161,2,1
22161,7,3
22161,4,1
22162,5,1
22162,40,2
22162,9,1
22163,1,1
22163,5,1
22163,9,1
22164,16,1
22164,9,1
22165,52,1
22165,36,1
22165,7,1
22166,4,2
22166,7,1
22166,8,1
22166,6,2
22167,8,1
22167,9,1
22168,3,1
22168,9,1
22169,9,1
22169,6,1
22169,39,1
22169,2,1
22170,9,1
22170,50,1
22170,2,1
22171,3,1
22171,7,1
22172,2,1
22172,7,2
22172,3,1
22173,5,1
22173,3,1
22173,2,1
22173,35,1
22174,8,1
22174,1,1
22174,58,1
22175,8,1
22175,44,1
22175,4,3
22176,9,2
22176,5,1
22176,7,1
22177,9,1
22178,8,1
22178,52,1
22179,4,1
22179,5,2
22180,8,1
22180,6,2
22181,1,1
22181,7,2
22181,8,1
22181,5,1
22182,2,1
22182,57,1
22182,5,1
22182,17,1
22183,7,2
22183,5,1
22183,50,1
22183,3,1
22184,1,1
22184,22,1
22184,3,1
22185,6,1
22185,7,1
22186,39,2
22186,5,1
22187,6,1
22187,55,1
22188,2,1
22188,42,1
22188,1,1
22188,5,1
22188,9,1
22189,2,3
22189,6,1
22189,7,1
22190,53,1
22190,5,1
22191,3,1
22191,2,3
22192,8,1
22192,4,1
22193,7,1
22193,3,1
22193,2,1
22194,1,1
22194,2,1
22194,43,2
22194,60,1
22195,5,1
22195,6,1
22195,1,1
22196,4,1
22196,7,2
22197,5,1
22197,9,1
22197,6,3
22198,2,1
22198,1,1
22198,5,1
22198,3,1
22198,4,1
22199,8,2
22200,24,1
22200,7,2
22201,67,1
22201,4,1
22202,36,2
22202,69,1
22202,67,1
22203,70,1
22203,68,1
22204,67,1
22204,68,1
22205,21,2
22206,69,1
22206,35,1
22206,33,1
22206,6,1
22207,69,1
22207,68,1
22208,35,1
22208,68,1
22209,36,1
22209,70,1
22210,69,1
22210,67,1
22210,70,1
22210,36,1
22211,36,1
22211,24,1
22212,36,1
22212,69,1
22212,70,1
22213,36,1
22213,58,2
22214,70,1
22215,35,1
22215,67,1
22216,56,1
22216,35,1
22216,67,1
22216,36,1
22217,69,1
22218,59,1
22218,45,1
22218,70,1
22218,69,1
22219,36,1
22219,41,2
22219,49,1
22219,35,3
22220,69,1
22221,67,1
22221,69,1
22221,70,1
22222,35,1
22222,70,1
22223,25,1
22223,68,1
22223,70,1
22224,48,1
22224,67,1
22224,70,1
22225,36,1
22225,29,1
22225,35,1
22226,67,1
22226,37,1
22226,70,1
22226,69,1
22226,68,1
22227,69,1
22227,70,1
22228,68,1
22228,69,1
22228,37,2
22228,35,1
22229,67,1
22229,20,1
22230,67,2
22230,55,1
22231,67,1
22232,4,1
22232,35,1
22232,70,1
22233,35,1
22233,70,1
22234,35,1
22234,36,1
22234,70,1
22235,25,1
22235,68,1
22236,67,1
22237,8,1
22237,35,2
22237,30,1
22238,46,3
22238,35,2
22239,35,2
22239,67,1
22240,36,1
22240,15,1
22241,6,2
22241,25,1
22241,23,1
22241,22,2
22241,38,2
22242,24,2
22242,22,1
22243,22,1
22243,24,1
22243,23,1
22244,22,1
22244,34,1
22245,22,2
22245,27,1
22245,25,1
22246,23,1
22246,25,1
22246,24,2
22247,25,1
22247,24,1
22248,25,2
22248,23,1
22249,23,1
22249,25,1
22250,25,1
22250,23,2
22251,22,1
22251,24,1
22251,23,1
22251,50,1
22252,23,1
22252,25,1
22253,25,1
22253,23,1
22254,36,1
22254,60,1
22254,52,1
22255,24,2
22255,25,1
22255,18,3
22255,23,1
22256,24,1
22256,27,1
22256,23,1
22256,25,3
22256,22,1
22257,23,1
22257,25,2
22258,25,1
22258,27,1
22259,24,2
22259,10,2
22259,23,1
22260,24,2
22261,22,1
22261,60,1
22262,22,1
22262,24,1
22262,25,1
22262,47,2
22263,26,1
22263,23,1
22264,22,1
22264,24,1
22264,52,1
22265,24,1
22265,19,2
22266,23,1
22266,6,1
22266,25,1
22267,24,2
22267,25,1
22267,21,1
22268,23,1
22268,25,1
22269,23,1
22269,24,1
22269,22,1
22270,24,2
22270,26,2
22270,23,2
22271,25,1
22271,24,1
22272,23,1
22273,24,1
22273,25,3
22273,22,1
22273,23,1
22274,24,1
22274,25,1
22274,37,1
22275,24,1
22275,22,1
22276,23,1
22276,24,1
22276,16,1
22276,54,1
22277,25,2
22277,21,1
22278,22,2
22278,25,1
22278,35,1
22278,23,2
22279,24,1
22279,22,1
22279,23,1
22280,51,1
22280,24,1
22281,18,1
22281,34,1
22281,29,1
22282,18,1
22282,19,1
22282,29,1
22283,29,1
22283,30,1
22284,18,1
22284,10,1
22285,19,1
22285,18,1
22285,34,1
22285,24,2
22286,19,1
22286,51,1
22287,29,1
22288,44,1
22288,29,1
22289,54,1
22289,19,1
22290,18,1
22290,19,3
22290,29,1
22291,18,1
22291,29,1
22292,34,1
22292,19,1
22293,54,1
22293,34,1
22293,8,1
22294,34,1
22294,2,2
22295,29,2
22295,19,3
22296,33,1
22296,60,2
22296,18,1
22297,11,1
22297,18,1
22297,34,1
22298,18,1
22298,19,1
22299,29,1
22299,34,3
22299,36,1
22300,18,2
22300,29,2
22301,18,2
22301,32,1
22301,49,2
22301,19,1
22302,16,1
22302,29,3
22302,18,1
22303,18,1
22303,34,1
22303,13,1
22303,29,1
22304,18,1
22304,34,1
22304,29,1
22305,19,1
22305,29,2
22306,29,3
22306,18,1
22306,15,1
22307,33,2
22307,60,1
22307,39,1
22307,18,1
22308,19,2
22308,18,1
22309,34,2
22309,18,1
22309,50,2
22309,14,1
22310,19,1
22310,34,3
22311,18,1
22311,34,1
22312,34,1
22312,18,1
22312,1,1
22313,29,2
22313,34,1
22313,10,1
22313,5,1
22314,34,1
22314,19,1
22314,26,1
22314,31,1
22315,18,1
22315,29,1
22315,19,3
22315,51,2
22316,29,1
22316,19,3
22316,2,1
22317,18,1
22317,19,1
22318,29,1
22318,18,1
22319,34,2
22319,18,2
22320,29,3
22320,19,2
22321,19,1
22321,18,1
22321,29,1
22322,7,1
22322,19,1
22323,34,2
22323,33,2
22324,39,1
22324,29,2
22325,51,1
22325,21,1
22325,18,1
22326,46,1
22326,34,1
22326,24,2
22327,49,3
22327,44,1
22328,13,3
22328,29,1
22328,18,1
22329,34,1
22329,29,1
22329,19,1
22330,9,2
22330,34,2
22330,29,2
22330,18,1
22330,19,3
22331,29,1
22331,18,1
22331,19,1
22332,19,1
22333,18,1
22333,57,1
22333,34,1
22334,29,1
22334,34,1
22334,21,1
22334,3,1
22335,29,1
22335,34,1
22336,18,3
22336,29,1
22337,29,1
22337,34,1
22337,18,3
22338,46,1
22338,34,1
22338,18,2
22338,29,2
22339,34,1
22339,19,1
22340,29,1
22340,34,1
22340,18,1
22341,18,1
22341,19,1
22342,34,1
22342,29,1
22343,57,1
22343,19,1
22343,29,1
22344,19,1
22344,18,1
22344,34,3
22345,19,2
22345,18,2
22345,59,1
22346,19,1
22346,18,2
22347,29,1
22347,19,3
22348,29,1
22348,46,1
22349,19,1
22349,29,1
22350,51,2
22350,19,2
22350,18,1
22351,34,1
22351,18,3
22351,29,1
22352,18,1
22352,29,1
22352,19,1
22353,19,1
22354,29,3
22354,15,1
22354,19,1
22354,18,1
22355,18,1
22355,51,1
22356,34,1
22356,19,1
22357,18,2
22357,34,1
22358,18,1
22358,19,1
22359,19,1
22359,29,2
22359,34,1
22360,51,1
22360,49,2
22360,29,1
22361,37,1
22361,36,1
22362,42,1
22362,41,1
22363,42,1
22363,39,1
22364,38,3
22364,37,1
22364,31,1
22365,38,1
22365,51,1
22365,40,1
22366,39,1
22366,42,3
22366,27,1
22367,48,2
22367,15,1
22368,38,1
22368,4,1
22369,41,1
22369,37,1
22369,39,1
22369,38,1
22370,45,1
22370,40,1
22371,38,1
22371,57,1
22371,37,1
22371,41,1
22372,37,1
22372,38,1
22372,42,1
22373,40,1
22373,3,1
22374,39,2
22374,40,1
22374,33,1
22375,41,3
22375,40,1
22375,39,1
22376,38,3
22376,37,1
22376,40,1
22376,28,1
22377,41,1
22377,42,1
22377,37,2
22378,40,1
22378,39,1
22378,41,1
22379,38,1
22379,44,2
22379,42,1
22380,41,1
22380,39,1
22381,41,2
22381,39,1
22381,6,1
22381,37,1
22382,42,1
22382,41,1
22382,37,1
22383,41,1
22383,40,2
22383,58,1
22384,38,1
22384,42,1
22384,39,1
22384,41,1
22385,24,1
22385,33,1
22386,41,1
22386,37,1
22386,39,1
22387,16,1
22387,38,1
22387,41,1
22387,42,1
22388,41,1
22388,53,1
22388,13,1
22389,46,2
22389,51,1
22389,14,1
22390,40,2
22390,37,1
22390,45,1
22391,37,1
22391,20,1
22391,39,1
22392,38,1
22392,41,1
22392,39,1
22392,40,1
22393,40,3
22393,39,1
22393,38,1
22393,37,1
22394,41,1
22394,37,2
22394,38,1
22395,37,1
22395,31,1
22395,42,1
22396,37,1
22396,40,1
22397,42,1
22397,37,1
22397,40,1
22398,39,2
22398,41,1
22398,3,3
22399,43,1
22399,26,1
22399,41,2
22400,39,1
22400,42,3
22400,37,2
22401,11,2
22401,13,1
22401,16,2
22401,59,1
22402,2,1
22402,12,1
22402,15,1
22403,10,2
22403,13,1
22403,15,1
22404,13,1
22404,14,1
22404,16,1
22405,10,2
22405,11,1
22405,12,1
22406,12,3
22406,14,1
22407,11,1
22407,15,1
22408,24,1
22408,15,1
22408,11,1
22409,12,1
22409,16,1
22410,11,1
22410,13,1
22411,17,1
22411,41,1
22412,14,1
22412,16,1
22412,13,1
22413,11,2
22413,27,2
22413,12,1
22413,15,1
22414,15,1
22414,10,1
22415,11,1
22415,16,1
22416,16,1
22416,10,2
22417,12,1
22417,52,1
22418,16,1
22418,11,1
22419,30,1
22419,25,2
22420,11,1
22420,15,1
22421,11,1
22421,16,1
22422,28,1
22422,13,1
22423,16,2
22423,12,1
22423,11,1
22424,11,1
22424,10,1
22424,13,1
22424,15,1
22425,10,1
22425,14,1
22425,11,2
22426,12,1
22426,13,1
22426,54,2
22427,33,1
22427,37,1
22427,13,2
22427,14,1
22428,10,1
22429,13,2
22429,12,1
22430,52,1
22430,12,1
22430,15,3
22430,16,1
22431,12,1
22431,15,1
22432,15,1
22432,17,2
22432,12,1
22432,14,1
22433,23,1
22433,13,1
22434,15,1
22434,10,1
22434,59,2
22434,16,1
22435,15,1
22436,37,1
22436,11,1
22436,10,2
22437,14,1
22437,15,1
22438,10,1
22438,14,1
22439,15,1
22439,19,2
22440,14,2
22440,10,1
22441,19,1
22442,22,2
22442,18,1
22442,29,1
22443,34,1
22443,19,3
22444,18,1
22444,19,1
22445,18,1
22445,20,1
22446,18,1
22446,34,1
22446,44,1
22447,18,1
22448,19,1
22448,29,1
22448,60,2
22449,18,1
22449,34,1
22450,34,1
22450,29,1
22450,53,1
22451,18,1
22452,2,1
22452,12,1
22453,29,3
22453,19,2
22454,19,1
22454,34,1
22454,6,1
22455,18,1
22455,51,1
22456,44,1
22456,7,1
22456,34,1
22457,3,1
22457,29,1
22458,19,1
22458,18,1
22459,18,1
22459,19,1
22460,29,1
22460,42,1
22460,18,1
22460,34,2
22460,19,3
22461,18,1
22461,19,1
22461,34,1
22461,29,1
22462,19,1
22462,34,1
22463,29,1
22463,19,1
22463,18,1
22464,34,1
22464,19,1
22464,18,1
22464,29,1
22464,41,1
22465,29,1
22465,54,1
22466,29,1
22467,18,2
22468,18,2
22468,19,1
22469,34,2
22469,19,1
22470,34,1
22470,19,1
22471,19,2
22471,29,1
22471,18,1
22471,23,1
22472,15,1
22472,18,1
22472,29,1
22472,19,1
22472,34,1
22473,29,2
22473,50,1
22473,18,1
22474,18,1
22474,29,1
22474,19,1
22474,31,1
22474,10,1
22475,18,3
22475,29,1
22475,34,1
22475,19,3
22476,29,1
22476,19,1
22476,53,2
22476,58,1
22477,41,1
22477,34,1
22477,51,1
22478,29,2
22478,34,1
22478,18,1
22479,58,1
22479,34,1
22480,34,1
22480,29,1
22481,12,1
22481,16,1
22482,10,1
22482,13,1
22483,12,2
22483,37,1
22484,14,1
22484,11,1
22484,13,1
22485,13,1
22485,14,1
22486,11,1
22486,17,1
22487,11,1
22487,10,1
22488,14,1
22488,10,3
22488,16,1
22489,16,1
22489,12,1
22490,11,1
22490,10,3
22490,12,1
22490,13,1
22491,13,3
22491,11,1
22492,15,1
22492,12,2
22492,14,1
22493,12,1
22493,13,2
22493,16,2
22494,13,1
22494,10,3
22495,15,1
22495,12,1
22495,14,2
22496,14,1
22496,12,1
22497,12,1
22497,16,2
22498,13,1
22498,12,1
22499,15,1
22499,12,1
22499,16,1
22500,16,1
22500,15,1
22500,10,1
22501,12,1
22501,16,1
22502,11,1
22502,10,2
22503,11,1
22503,16,1
22504,15,3
22504,35,1
22505,40,1
22505,10,1
22505,18,1
22506,45,2
22506,36,1
22507,16,1
22507,10,3
22508,14,1
22508,12,2
22509,12,1
22509,15,3
22510,16,1
22510,13,1
22511,58,1
22511,10,3
22511,16,1
22512,13,1
22512,11,1
22513,11,1
22513,10,2
22514,12,1
22514,15,2
22515,10,1
22515,14,1
22515,38,3
22516,13,2
22516,38,1
22516,4,1
22517,11,1
22517,12,1
22517,1,1
22518,11,1
22518,16,1
22518,27,1
22519,12,1
22519,14,2
22519,22,1
22520,11,1
22520,16,1
22520,12,1
22521,56,3
22521,70,1
22522,68,1
22522,63,1
22523,69,2
22523,68,1
22523,58,1
22524,25,1
22524,42,1
22524,56,1
22525,60,1
22525,53,1
22526,56,1
22526,47,2
22526,68,1
22527,63,1
22527,29,1
22528,46,1
22528,59,1
22528,64,1
22529,56,1
22529,58,2
22529,70,1
22529,9,1
22530,59,1
22530,51,1
22531,54,1
22531,69,1
22532,54,1
22532,57,1
22532,67,1
22532,5,3
22533,66,1
22533,69,1
22533,52,1
22533,23,2
22534,65,1
22534,58,1
22535,58,1
22535,52,1
22536,54,1
22536,52,1
22536,58,1
22537,52,1
22537,57,2
22538,66,1
22538,70,1
22538,67,1
22539,67,1
22539,58,1
22539,52,1
22539,62,2
22540,53,1
22540,60,2
22541,31,1
22541,52,1
22541,53,2
22541,33,1
22541,59,1
22542,69,1
22542,62,1
22543,57,1
22543,4,2
22544,52,1
22544,70,1
22544,59,3
22544,62,1
22545,63,1
22545,68,1
22545,55,1
22545,59,2
22546,53,1
22546,55,1
22546,56,1
22547,58,1
22547,34,1
22547,42,1
22548,51,1
22548,68,1
22549,65,1
22549,44,2
22549,68,1
22550,70,1
22550,53,1
22551,67,1
22551,65,1
22551,58,1
22552,50,1
22552,69,2
22552,61,1
22552,17,1
22553,14,1
22554,3,2
22554,70,2
22554,46,1
22554,6,1
22555,57,3
22555,69,1
22555,52,1
22555,66,1
22555,61,2
22556,65,1
22556,51,1
22557,63,1
22557,69,3
22557,55,1
22558,14,1
22558,54,1
22558,32,1
22559,56,1
22559,52,3
22559,69,1
22560,60,1
22561,26,1
22561,18,1
22561,34,1
22561,33,3
22562,18,1
22562,29,1
22563,18,1
22563,9,2
22563,2,1
22563,29,1
22564,9,1
22564,19,1
22564,18,1
22564,24,1
22565,35,1
22565,34,2
22565,18,1
22565,29,1
22566,18,1
22566,19,2
22566,29,2
22567,29,2
22567,52,1
22567,32,1
22568,18,1
22568,45,1
22568,19,1
22569,19,1
22569,29,1
22570,29,1
22570,12,1
22570,34,3
22571,18,1
22571,48,1
22572,18,1
22572,29,1
22572,32,1
22573,19,1
22573,34,1
22573,29,1
22573,18,2
22574,29,1
22574,18,2
22575,59,3
22576,34,1
22576,19,1
22576,29,1
22577,19,1
22577,34,1
22577,35,1
22578,29,1
22578,25,1
22579,19,2
22579,29,2
22579,34,2
22580,29,1
22580,8,1
22580,21,1
22581,27,2
22581,19,1
22582,34,2
22582,26,1
22583,18,1
22583,38,1
22583,34,1
22584,54,1
22584,34,1
22584,19,1
22585,18,3
22586,19,3
22586,34,1
22586,18,1
22587,34,1
22587,47,1
22588,23,2
22589,34,1
22589,29,1
22589,3,1
22589,18,1
22590,34,3
22590,18,1
22590,19,2
22590,29,1
22591,34,1
22591,57,1
22591,19,1
22591,29,1
22592,29,1
22592,18,1
22593,19,1
22593,34,1
22593,18,1
22593,27,3
22594,18,1
22595,19,1
22595,18,2
22596,29,1
22596,3,1
22596,34,1
22597,4,1
22597,29,1
22598,29,1
22598,19,2
22598,18,1
22598,34,1
22599,18,2
22599,19,1
22600,19,1
22601,18,2
22601,20,1
22602,19,1
22602,29,1
22603,54,1
22603,29,3
22603,27,1
22603,19,1
22604,29,2
22604,18,1
22605,18,2
22605,19,1
22606,30,1
22606,29,1
22606,18,1
22607,34,1
22607,29,1
22608,34,1
22608,19,1
22609,29,1
22609,51,1
22609,18,3
22609,13,1
22609,19,1
22610,29,1
22610,54,1
22610,18,1
22611,29,1
22611,18,1
22611,19,1
22612,19,1
22613,47,1
22613,27,1
22613,9,1
22614,18,3
22614,19,1
22615,18,1
22615,34,1
22615,11,1
22616,18,1
22616,35,1
22616,34,2
22617,19,1
22617,4,1
22617,29,1
22617,52,1
22618,18,2
22619,29,1
22619,59,1
22619,34,1
22619,18,1
22620,8,1
22620,36,1
22621,19,1
22621,34,1
22622,18,1
22623,51,3
22623,34,1
22623,19,1
22624,19,1
22624,18,1
22625,29,1
22625,18,1
22626,34,1
22626,19,1
22626,14,1
22626,58,1
22627,18,1
22627,34,3
22627,12,1
22628,18,1
22628,34,1
22629,18,1
22629,19,2
22630,27,1
22630,34,2
22630,18,1
22631,18,1
22631,29,1
22631,37,1
22631,51,1
22632,18,3
22632,56,2
22632,19,1
22633,34,1
22633,18,1
22633,19,1
22633,59,1
22633,46,1
22634,29,2
22634,34,2
22634,19,3
22635,1,3
22635,18,1
22635,19,3
22635,29,2
22636,29,2
22636,19,1
22636,1,1
22637,19,2
22638,19,1
22639,18,3
22639,19,2
22639,29,2
22640,52,1
22640,19,1
22640,29,1
22641,25,1
22641,20,1
22641,24,1
22642,25,1
22642,23,2
22643,75,1
22643,23,1
22643,8,1
22643,24,2
22644,23,1
22644,5,2
22644,25,3
22645,20,1
22645,27,1
22645,21,1
22645,17,1
22646,25,1
22646,22,1
22646,41,1
22647,25,1
22647,20,1
22648,75,2
22648,25,3
22648,20,1
22648,9,1
22649,21,1
22649,75,1
22649,74,1
22650,74,1
22650,20,1
22651,74,1
22651,23,1
22652,24,1
22652,21,2
22653,52,1
22653,23,1
22654,74,1
22654,21,2
22654,25,1
22655,74,1
22655,8,3
22655,24,1
22656,25,2
22656,39,1
22657,14,1
22657,21,1
22657,75,1
22658,23,1
22658,20,1
22658,37,1
22659,74,1
22659,28,1
22660,23,1
22660,53,2
22660,25,1
22660,74,1
22661,25,1
22662,20,1
22662,15,1
22662,16,1
22663,25,1
22663,74,2
22664,74,1
22664,25,2
22664,21,2
22665,25,1
22665,20,1
22666,21,1
22666,50,2
22667,24,1
22667,21,1
22667,44,1
22667,75,1
22667,54,1
22668,48,1
22668,75,1
22668,21,1
22669,23,1
22669,24,1
22669,60,1
22670,75,1
22670,74,1
22670,22,1
22670,21,1
22671,27,1
22671,20,1
22671,21,1
22671,25,1
22672,23,2
22672,25,1
22673,48,1
22673,24,2
22674,56,2
22674,75,1
22674,74,1
22675,24,1
22676,22,1
22676,23,1
22677,25,1
22677,14,2
22678,25,1
22678,75,1
22678,21,3
22679,23,1
22679,18,1
22679,22,1
22679,75,1
22679,74,1
22680,24,1
22680,21,1
22680,20,1
22681,22,1
22681,24,2
22682,25,1
22682,24,1
22682,4,1
22682,35,1
22683,23,1
22683,24,2
22684,23,1
22684,24,1
22685,25,1
22685,24,2
22685,22,1
22686,48,1
22686,23,1
22686,24,1
22686,53,1
22686,22,2
22687,15,1
22687,25,1
22688,22,2
22688,49,1
22688,47,1
22689,24,1
22689,34,2
22689,22,1
22690,25,1
22690,22,1
22690,2,1
22691,23,1
22691,33,2
22691,24,2
22691,22,1
22691,48,2
22692,23,1
22692,22,1
22692,19,1
22692,16,1
22693,25,1
22693,22,1
22693,23,1
22694,22,1
22694,25,1
22695,25,2
22695,22,1
22695,20,1
22696,23,3
22696,24,2
22696,13,1
22697,25,1
22697,24,1
22698,19,1
22698,25,1
22698,22,1
22698,35,1
22699,24,1
22699,22,1
22700,22,1
22700,25,2
22701,25,3
22701,3,1
22701,22,1
22701,24,1
22702,22,1
22702,25,1
22702,24,1
22703,23,2
22703,22,1
22704,25,1
22704,24,1
22705,25,1
22705,24,3
22705,16,1
22706,25,1
22706,23,1
22706,24,1
22707,22,1
22708,25,1
22708,24,1
22709,45,1
22709,24,1
22710,23,2
22710,22,1
22710,34,1
22710,24,1
22710,25,1
22711,24,1
22711,25,1
22712,18,1
22712,25,1
22712,23,1
22713,21,1
22713,22,1
22713,23,1
22713,60,1
22714,24,1
22714,25,1
22714,23,1
22714,57,2
22715,22,2
22715,34,1
22716,23,2
22716,24,1
22716,3,1
22716,13,1
22717,23,2
22717,22,1
22717,24,1
22717,47,1
22718,25,1
22718,22,1
22718,24,1
22718,23,3
22719,23,1
22719,25,2
22719,30,1
22720,52,1
22720,23,1
22721,38,1
22721,40,1
22721,41,1
22722,40,1
22722,37,1
22722,38,1
22723,42,1
22723,40,1
22724,37,1
22724,41,1
22724,38,3
22725,42,1
22725,37,1
22726,38,1
22726,42,1
22726,39,1
22727,21,1
22727,41,1
22728,37,1
22728,23,1
22728,38,1
22729,41,1
22729,34,1
22729,40,1
22729,45,1
22730,42,1
22730,17,3
22730,39,1
22730,40,1
22731,39,1
22731,41,1
22731,40,1
22731,42,1
22732,4,3
22732,42,1
22732,12,1
22732,37,1
22733,57,1
22733,42,1
22733,49,1
22733,37,1
22733,58,1
22734,39,1
22734,41,1
22734,40,1
22734,38,1
22735,38,1
22735,41,1
22735,37,1
22736,38,2
22736,39,1
22737,39,1
22737,55,1
22737,41,1
22738,39,1
22738,41,1
22739,40,1
22739,5,1
22739,37,2
22740,39,1
22740,37,2
22741,41,1
22741,37,1
22741,40,1
22742,41,1
22742,37,1
22742,47,2
22742,48,1
22743,40,1
22743,38,1
22744,40,3
22744,7,1
22744,42,3
22744,31,1
22745,42,2
22745,41,1
22745,39,1
22746,41,1
22746,12,1
22746,42,2
22746,35,1
22747,42,1
22747,53,1
22747,40,1
22747,39,1
22748,40,1
22748,42,1
22748,38,2
22749,37,1
22749,39,1
22749,41,1
22750,42,1
22750,37,1
22751,37,1
22751,38,2
22751,42,1
22751,40,1
22752,42,1
22752,39,2
22753,41,3
22753,37,1
22753,42,1
22754,41,3
22754,1,2
22755,41,1
22755,38,1
22755,40,1
22755,18,1
22756,38,1
22756,42,1
22756,41,1
22757,39,1
22757,42,1
22757,41,1
22757,37,1
22758,38,1
22758,39,1
22758,37,1
22759,12,1
22759,38,1
22759,42,1
22760,41,1
22760,37,3
22761,58,1
22761,17,1
22761,57,1
22762,54,1
22762,60,1
22762,57,1
22762,59,1
22762,56,1
22763,6,1
22763,58,2
22763,60,1
22764,59,1
22764,57,1
22765,58,1
22765,56,1
22765,59,2
22766,45,1
22766,22,1
22767,56,1
22767,59,1
22768,50,1
22768,60,1
22769,59,1
22769,57,2
22769,60,1
22769,56,1
22770,59,1
22770,56,1
22770,58,1
22771,60,3
22771,59,1
22772,56,1
22772,57,1
22773,56,1
22773,58,3
22774,58,1
22774,52,1
22774,59,2
22775,56,1
22775,45,1
22775,59,1
22775,60,1
22776,56,2
22776,57,2
22776,1,1
22777,6,1
22777,56,1
22777,57,2
22778,56,1
22778,60,1
22778,57,1
22779,59,1
22780,19,2
22780,59,1
22780,58,1
22780,28,1
22781,32,1
22781,57,1
22782,56,1
22782,58,1
22782,59,1
22783,56,1
22783,34,1
22783,57,3
22784,56,1
22784,59,1
22784,19,1
22785,58,1
22785,57,3
22785,22,2
22786,60,1
22786,58,1
22786,56,1
22786,3,1
22787,56,1
22787,58,1
22787,7,1
22788,57,1
22788,58,2
22788,56,1
22789,58,1
22789,56,1
22789,59,1
22790,37,1
22790,56,1
22790,57,1
22790,59,1
22790,60,2
22791,56,1
22791,22,1
22791,59,1
22791,58,1
22792,56,1
22792,50,1
22792,58,3
22792,59,1
22793,59,1
22793,57,1
22793,56,1
22793,58,1
22794,56,1
22794,59,1
22794,58,2
22795,59,1
22795,60,1
22795,57,1
22796,58,2
22796,60,2
22796,56,3
22797,60,1
22797,59,1
22797,57,1
22797,51,1
22797,58,2
22798,60,1
22798,57,1
22798,56,1
22799,8,1
22799,57,2
22799,59,1
22800,56,1
22800,59,1
22801,16,1
22802,16,1
22802,6,1
22803,10,1
22803,16,1
22804,13,1
22804,11,1
22804,12,3
22804,8,1
22805,16,1
22805,12,1
22805,10,2
22806,15,1
22806,16,1
22806,10,1
22807,13,1
22807,51,1
22807,12,2
22808,16,1
22809,11,1
22809,36,1
22809,14,1
22810,16,1
22810,11,1
22811,11,2
22811,12,1
22812,15,1
22812,14,2
22812,10,1
22813,14,1
22813,16,1
22814,15,1
22814,12,1
22815,15,1
22815,14,1
22815,13,2
22816,56,1
22816,15,1
22816,12,2
22817,10,1
22817,15,3
22817,14,2
22818,15,1
22818,16,1
22818,11,1
22819,10,2
22819,14,1
22820,11,1
22820,13,2
22821,14,1
22822,26,1
22822,10,1
22823,13,1
22823,11,1
22823,12,1
22823,40,1
22824,41,1
22824,11,2
22825,16,1
22825,14,1
22825,15,1
22826,30,2
22826,15,1
22827,15,1
22827,23,1
22827,14,1
22827,13,2
22827,9,1
22828,12,1
22828,15,2
22828,14,1
22829,10,1
22829,16,2
22830,41,1
22830,14,1
22831,13,2
22831,12,2
22831,11,2
22832,14,1
22832,12,1
22833,11,2
22833,13,1
22833,16,1
22834,11,2
22834,12,3
22835,10,1
22835,13,1
22835,15,1
22835,11,1
22836,16,2
22836,11,1
22836,12,1
22836,15,1
22837,12,1
22837,14,1
22837,36,2
22838,12,1
22838,13,1
22838,14,1
22838,15,2
22839,1,1
22839,11,2
22839,15,1
22840,12,1
22840,11,1
22841,25,1
22841,43,1
22841,46,1
22842,24,1
22842,22,1
22842,25,2
22843,23,1
22843,24,1
22843,22,2
22844,23,1
22844,38,1
22844,51,1
22844,24,1
22844,22,1
22845,23,2
22845,42,1
22845,24,1
22846,40,1
22846,22,1
22847,22,1
22847,25,1
22847,24,2
22848,23,1
22849,25,1
22849,32,1
22849,23,1
22850,33,1
22850,22,2
22850,25,1
22851,24,2
22851,42,1
22851,45,1
22852,22,1
22853,23,1
22853,25,1
22854,29,1
22854,35,1
22855,22,1
22855,25,1
22855,46,1
22856,23,1
22856,2,1
22856,22,1
22857,24,1
22857,22,1
22857,48,1
22858,23,2
22858,29,1
22859,23,1
22859,30,1
22860,24,2
22861,25,1
22861,36,1
22861,23,2
22861,24,1
22862,24,1
22862,23,1
22862,25,1
22863,44,1
22863,22,1
22864,23,3
22864,22,1
22865,25,1
22865,22,1
22865,24,1
22866,24,1
22866,32,1
22866,22,1
22867,23,1
22867,25,1
22868,22,1
22868,25,1
22869,25,1
22869,23,1
22869,22,1
22870,22,2
22870,28,2
22870,23,1
22871,22,1
22872,26,2
22872,23,1
22872,25,1
22872,24,1
22873,24,1
22873,23,1
22873,22,2
22874,23,1
22874,28,1
22874,29,1
22875,22,2
22875,24,1
22875,25,1
22876,22,1
22876,23,2
22877,24,1
22877,22,1
22877,29,2
22878,60,1
22878,22,2
22878,25,1
22879,24,1
22879,32,3
22879,22,1
22879,23,1
22880,6,1
22880,36,1
22881,40,1
22881,25,1
22882,23,2
22882,24,1
22882,22,2
22882,25,3
22883,54,1
22883,25,1
22884,25,1
22885,24,1
22885,45,1
22885,7,1
22886,14,1
22886,23,1
22886,25,1
22887,24,1
22887,23,1
22887,22,1
22888,24,1
22888,25,1
22888,22,1
22889,25,1
22889,22,3
22890,46,1
22890,24,1
22890,25,1
22891,23,1
22891,57,1
22891,46,1
22891,22,1
22891,42,1
22892,25,1
22892,22,1
22893,24,1
22893,22,1
22893,23,1
22894,22,1
22894,25,1
22894,24,2
22895,22,2
22895,23,1
22895,10,2
22895,24,1
22896,25,1
22896,23,2
22896,2,1
22897,24,1
22897,23,2
22897,32,1
22898,7,1
22898,23,1
22899,25,1
22899,24,1
22900,24,2
22900,22,1
22900,48,1
22900,39,3
22901,24,3
22901,23,1
22901,25,1
22901,22,1
22902,23,1
22902,24,1
22902,25,1
22903,25,1
22903,24,1
22903,22,3
22904,23,2
22904,22,1
22904,25,2
22905,22,1
22905,23,1
22905,25,1
22906,22,1
22906,18,1
22907,25,1
22908,22,1
22908,25,1
22909,23,1
22909,43,1
22909,25,1
22910,25,1
22910,23,1
22910,24,1
22911,37,1
22911,6,1
22911,22,1
22911,23,1
22912,59,1
22912,25,1
22912,45,2
22913,34,2
22913,23,1
22914,25,1
22914,23,1
22914,10,2
22915,23,3
22915,22,1
22915,24,1
22916,24,3
22916,22,2
22916,25,1
22917,25,1
22917,22,1
22918,24,3
22918,22,1
22919,24,1
22919,25,1
22920,25,1
22920,24,1
22920,58,1
22920,23,1
22921,10,1
22921,33,1
22921,12,1
22922,12,1
22922,11,1
22922,46,1
22923,16,2
22923,13,1
22923,10,1
22924,16,1
22924,36,1
22925,14,3
22925,11,2
22925,16,1
22926,14,1
22926,10,1
22927,12,1
22927,11,1
22927,31,2
22928,13,2
22928,14,1
22928,10,1
22929,16,1
22929,12,2
22929,52,1
22929,14,1
22930,14,1
22930,12,2
22930,35,1
22930,10,1
22931,11,1
22931,47,2
22931,10,1
22931,14,1
22932,12,1
22932,10,1
22933,14,2
22933,12,2
22933,16,1
22934,10,2
22934,16,1
22935,10,1
22935,60,2
22936,14,1
22936,11,1
22937,10,1
22937,11,1
22937,9,1
22938,13,1
22938,16,1
22939,12,1
22939,16,1
22939,14,1
22939,15,1
22940,25,1
22940,24,1
22941,11,1
22942,34,2
22942,13,1
22942,16,1
22943,10,1
22943,13,1
22943,16,2
22944,26,1
22944,33,1
22944,11,1
22945,16,1
22945,19,1
22945,15,1
22946,50,1
22946,13,1
22947,14,1
22947,15,1
22947,32,1
22948,14,1
22948,16,1
22948,13,1
22948,32,1
22949,13,2
22949,10,2
22949,48,1
22950,28,1
22950,12,1
22951,15,1
22951,14,1
22952,14,1
22953,38,1
22953,15,1
22953,14,1
22954,14,1
22954,11,1
22954,5,1
22955,12,1
22955,17,1
22956,10,2
22956,15,1
22956,16,2
22957,13,1
22958,14,1
22958,13,3
22958,26,1
22959,15,1
22959,50,1
22960,15,1
22960,10,1
22960,12,1
22960,16,1
22960,52,3
22961,15,1
22961,10,1
22961,12,1
22961,16,1
22962,14,1
22963,10,1
22963,16,1
22964,12,1
22964,11,1
22965,52,2
22965,10,2
22965,15,3
22966,14,1
22966,15,1
22966,11,1
22967,10,1
22967,15,1
22968,15,2
22968,12,1
22969,14,1
22969,45,1
22970,16,1
22970,10,1
22971,10,1
22971,16,1
22972,12,1
22972,16,2
22973,16,1
22974,10,1
22974,16,1
22974,15,1
22975,10,1
22975,11,1
22975,60,1
22975,30,1
22976,16,1
22976,15,1
22976,12,1
22977,53,1
22977,42,1
22977,14,1
22978,11,1
22978,34,2
22979,12,1
22979,15,1
22980,12,1
22980,14,2
22981,16,1
22981,15,1
22982,15,2
22982,56,1
22982,10,1
22983,46,1
22983,32,1
22984,16,1
22984,14,1
22984,15,2
22985,13,1
22985,11,1
22986,14,1
22986,15,1
22986,12,1
22987,50,1
22987,12,1
22987,15,1
22987,11,1
22988,22,1
22988,14,2
22988,21,2
22988,12,1
22989,16,1
22989,12,1
22990,13,3
22990,16,1
22990,22,1
22991,14,1
22991,11,1
22992,14,1
22992,9,1
22992,11,1
22993,15,1
22993,47,1
22993,20,2
22994,13,1
22994,10,2
22995,16,1
22995,12,1
22996,12,2
22996,36,1
22996,16,1
22997,10,2
22997,14,1
22998,55,1
22998,43,1
22998,12,1
22998,11,1
22999,13,1
22999,14,1
23000,13,1
23000,16,1
23000,9,1
23001,18,1
23001,19,1
23002,37,1
23002,29,2
23002,34,1
23003,19,1
23004,18,1
23004,11,1
23005,18,1
23005,19,1
23006,19,1
23006,18,1
23006,34,1
23007,4,1
23007,29,1
23007,18,1
23008,18,1
23008,24,1
23008,19,1
23009,9,1
23009,18,2
23010,19,1
23010,29,3
23011,18,1
23011,56,1
23011,19,1
23011,29,2
23012,34,1
23012,15,1
23012,19,1
23013,18,1
23013,26,1
23014,34,3
23014,18,1
23014,19,1
23015,29,1
23015,18,1
23015,19,1
23016,18,1
23016,34,1
23016,22,1
23016,19,1
23017,29,1
23017,19,1
23018,57,1
23018,29,3
23019,29,2
23019,19,1
23020,19,1
23020,29,1
23020,34,1
23020,18,1
23021,34,1
23021,18,1
23021,29,1
23021,5,2
23021,19,2
23022,59,1
23022,5,1
23023,29,1
23023,1,2
23024,34,1
23024,19,1
23025,19,1
23025,29,2
23025,59,1
23026,29,1
23026,34,2
23026,17,2
23026,18,1
23027,19,1
23027,29,1
23028,19,2
23028,29,2
23028,34,3
23028,25,1
23029,39,1
23029,34,1
23030,18,1
23030,34,1
23030,19,1
23030,29,1
23031,12,1
23031,29,1
23031,18,2
23031,34,1
23032,34,1
23032,29,1
23032,19,1
23033,8,1
23033,60,1
23033,34,1
23034,29,1
23034,19,1
23034,18,1
23035,38,1
23035,34,1
23036,19,1
23036,29,2
23037,25,1
23037,18,2
23037,45,1
23037,29,3
23038,18,1
23038,56,2
23038,45,1
23039,18,1
23039,47,1
23039,19,1
23039,35,1
23039,34,1
23040,11,1
23040,18,2
23041,32,1
23041,74,2
23041,22,2
23041,20,1
23042,21,1
23042,20,2
23042,25,1
23043,34,1
23043,12,1
23043,74,2
23043,25,1
23044,20,2
23044,74,1
23044,75,1
23044,5,1
23045,21,1
23045,74,1
23045,25,1
23046,74,1
23046,23,1
23046,24,3
23047,24,1
23047,50,1
23047,25,1
23048,23,1
23048,31,1
23048,20,2
23049,20,1
23049,75,2
23049,11,1
23049,21,1
23050,25,1
23050,23,2
23051,25,1
23051,22,3
23052,22,1
23052,24,1
23053,24,1
23053,23,1
23053,75,2
23054,23,1
23055,25,2
23055,48,1
23056,1,3
23057,22,1
23057,45,3
23057,23,1
23058,20,1
23058,75,2
23058,25,1
23059,20,1
23059,23,1
23059,21,1
23060,55,1
23060,1,1
23060,6,2
23061,20,2
23061,25,1
23062,24,1
23062,75,1
23062,23,1
23063,22,1
23063,20,1
23064,20,1
23064,22,1
23064,25,2
23065,48,1
23065,32,1
23065,22,1
23065,1,1
23066,74,1
23066,48,1
23066,20,2
23067,60,1
23068,2,1
23069,75,1
23069,24,1
23070,23,2
23070,21,1
23071,28,1
23071,20,1
23071,75,2
23072,58,1
23072,25,1
23073,8,1
23073,22,1
23073,6,2
23074,74,1
23074,24,1
23075,74,1
23075,25,1
23076,21,1
23076,23,1
23077,23,1
23077,75,2
23077,22,1
23078,48,3
23078,21,3
23078,4,3
23079,25,1
23079,21,1
23079,38,1
23080,22,1
23081,19,1
23081,29,1
23081,18,1
23082,19,1
23082,29,1
23082,25,1
23083,18,1
23083,26,1
23083,29,1
23084,29,1
23084,19,1
23085,18,1
23085,29,1
23085,34,1
23086,29,1
23086,34,1
23087,19,1
23087,34,2
23088,19,1
23088,34,1
23089,34,1
23089,19,2
23089,29,1
23089,42,2
23090,9,1
23090,19,1
23091,19,1
23091,18,1
23092,50,1
23092,29,1
23092,19,1
23093,19,1
23093,18,1
23094,29,2
23094,53,2
23095,43,1
23095,18,1
23096,18,1
23096,57,1
23096,29,1
23096,59,1
23097,29,1
23097,34,1
23097,19,3
23098,34,2
23098,19,1
23098,18,1
23099,18,1
23099,34,1
23100,34,1
23100,59,2
23100,50,1
23101,29,1
23101,18,3
23101,19,1
23102,19,1
23102,45,1
23102,59,1
23102,34,1
23103,53,1
23103,2,2
23104,34,1
23104,18,1
23104,19,1
23104,29,2
23105,19,1
23105,29,2
23105,18,1
23106,29,1
23106,19,3
23106,34,1
23107,19,1
23107,18,1
23108,18,1
23108,19,1
23108,22,2
23109,29,2
23109,18,1
23109,19,1
23110,34,1
23110,29,1
23110,18,1
23111,54,1
23111,18,1
23111,15,1
23112,18,1
23112,29,1
23113,53,2
23113,34,1
23114,18,1
23115,56,1
23115,29,1
23115,57,1
23116,34,2
23116,29,1
23116,48,1
23117,29,1
23117,34,1
23118,37,1
23118,19,1
23118,18,1
23119,29,1
23119,18,1
23119,19,1
23120,34,2
23120,29,1
23120,18,1
23121,39,1
23121,14,1
23121,15,1
23122,11,1
23122,16,2
23122,23,1
23123,11,1
23123,13,1
23124,12,3
23124,16,1
23124,13,1
23124,10,1
23125,14,1
23125,11,1
23126,12,1
23126,10,1
23126,1,1
23127,12,1
23127,11,1
23127,10,2
23127,14,1
23128,21,1
23128,12,1
23128,15,2
23128,14,2
23129,10,1
23129,16,1
23129,14,1
23129,15,1
23129,11,1
23130,12,1
23131,12,1
23131,16,1
23132,10,1
23132,12,1
23132,13,2
23133,13,1
23133,11,1
23134,12,1
23134,16,1
23135,10,1
23135,36,1
23136,13,2
23136,16,2
23136,8,1
23137,12,1
23137,10,3
23137,11,2
23138,15,1
23138,16,2
23139,10,1
23139,15,1
23139,9,2
23140,16,1
23140,10,1
23141,13,1
23141,43,2
23141,16,1
23142,11,1
23142,15,2
23142,38,1
23142,16,1
23143,10,2
23143,12,1
23144,13,1
23144,14,1
23145,14,1
23146,8,1
23146,10,1
23146,16,2
23147,12,1
23147,16,1
23147,13,2
23147,23,1
23148,15,2
23148,11,1
23148,13,2
23149,16,1
23149,10,2
23150,11,1
23150,36,1
23151,1,2
23151,13,1
23151,15,1
23152,11,1
23152,13,1
23152,14,1
23153,10,2
23153,11,1
23153,14,2
23153,12,2
23154,13,1
23154,16,1
23155,16,2
23155,14,3
23156,16,1
23156,9,1
23157,12,1
23157,13,1
23158,10,1
23158,26,1
23159,14,1
23159,16,1
23159,12,1
23160,14,1
23160,16,1
23161,9,1
23162,6,1
23162,25,1
23162,9,1
23163,36,1
23163,9,1
23164,4,1
23164,5,1
23165,1,1
23165,7,1
23166,4,1
23166,1,1
23166,2,1
23166,9,2
23166,3,1
23167,4,2
23167,51,2
23167,1,1
23168,34,1
23168,2,1
23169,6,1
23169,9,3
23169,3,1
23170,9,1
23170,4,2
23171,3,1
23171,8,1
23171,7,1
23172,8,2
23172,5,1
23173,2,1
23173,45,1
23174,1,1
23174,7,1
23174,8,1
23174,11,2
23175,7,3
23175,58,1
23175,9,2
23176,6,1
23176,5,3
23176,1,1
23176,9,1
23177,1,1
23177,3,1
23177,8,1
23178,4,1
23178,11,1
23179,1,1
23179,5,2
23179,22,1
23179,9,1
23180,1,1
23180,8,1
23180,5,3
23181,5,2
23181,4,2
23181,6,2
23182,2,1
23182,5,2
23183,7,1
23183,3,1
23184,3,2
23184,12,1
23185,4,1
23185,2,1
23185,3,1
23185,8,1
23186,1,1
23186,24,2
23186,9,1
23186,3,1
23186,8,1
23187,2,1
23187,1,1
23188,3,1
23188,1,1
23188,5,1
23189,1,1
23189,3,2
23190,15,3
23190,26,2
23190,1,1
23191,2,2
23191,7,1
23192,35,1
23192,9,2
23193,53,2
23193,30,1
23193,9,1
23194,6,1
23194,3,1
23195,13,1
23195,2,2
23195,3,2
23195,59,1
23196,7,1
23197,9,1
23197,2,2
23198,26,1
23198,3,1
23199,2,1
23199,6,3
23200,8,1
23200,1,1
23201,48,1
23201,69,2
23202,69,1
23202,67,1
23203,35,1
23203,36,1
23204,3,1
23204,69,1
23205,34,1
23205,69,1
23206,36,1
23207,12,1
23207,67,1
23208,35,1
23208,67,1
23208,36,1
23209,14,1
23209,69,1
23210,69,1
23210,36,1
23211,67,1
23211,30,1
23212,70,1
23213,32,1
23213,68,1
23213,46,2
23213,67,1
23214,69,1
23214,15,1
23214,68,1
23215,68,1
23215,67,1
23216,2,1
23216,69,2
23217,35,1
23217,70,1
23217,68,1
23218,70,1
23218,55,1
23219,35,2
23219,69,1
23219,23,1
23220,3,1
23220,28,1
23220,69,1
23220,35,1
23221,35,1
23221,21,1
23222,36,1
23222,68,2
23223,55,1
23223,16,1
23224,70,1
23225,36,1
23225,69,3
23225,68,1
23226,23,1
23226,70,1
23227,69,1
23227,36,1
23227,67,1
23228,30,2
23228,36,1
23228,67,1
23229,67,1
23229,70,1
23229,69,1
23229,13,1
23230,70,1
23230,68,1
23231,70,1
23231,69,1
23232,35,1
23232,6,1
23232,68,1
23233,67,1
23233,36,3
23233,35,1
23234,69,1
23234,68,1
23235,32,1
23235,68,1
23235,69,2
23236,68,1
23236,35,1
23236,70,2
23236,52,2
23236,51,1
23237,67,2
23237,35,1
23237,70,1
23237,16,1
23238,70,1
23238,69,1
23238,35,1
23239,36,1
23239,35,3
23240,68,1
23240,69,1
23240,18,2
23241,64,2
23241,23,1
23242,66,1
23242,61,1
23243,2,1
23244,61,1
23244,64,1
23244,62,1
23244,63,1
23245,65,1
23246,65,2
23246,64,1
23246,66,1
23246,62,1
23247,66,1
23247,61,1
23247,62,1
23248,66,1
23248,61,1
23248,55,1
23248,25,1
23249,66,1
23249,49,1
23249,62,1
23250,64,1
23250,63,1
23250,62,2
23251,64,1
23251,4,2
23252,64,1
23252,66,1
23253,61,1
23253,63,1
23254,63,1
23254,44,1
23254,62,1
23255,62,1
23255,63,1
23255,64,1
23256,62,1
23256,61,2
23257,62,1
23257,65,1
23258,66,1
23258,62,2
23259,65,2
23259,64,2
23259,62,1
23259,14,1
23260,61,1
23260,31,1
23260,63,1
23260,23,1
23261,61,1
23261,62,1
23262,65,1
23262,63,2
23262,64,1
23262,53,1
23263,62,1
23264,62,1
23264,29,3
23264,19,1
23264,65,1
23265,63,2
23265,39,2
23265,62,1
23265,66,2
23266,65,1
23266,64,1
23266,62,1
23267,61,1
23267,62,1
23268,64,1
23268,62,1
23268,65,1
23269,62,1
23270,64,1
23270,61,1
23271,63,1
23271,61,1
23271,62,1
23271,42,1
23272,64,1
23272,62,3
23273,63,1
23273,64,1
23273,66,1
23273,57,2
23274,61,1
23274,44,1
23274,43,1
23274,59,1
23275,61,1
23275,17,1
23276,62,3
23276,66,1
23277,61,1
23277,64,2
23277,3,1
23278,36,1
23278,25,1
23279,63,1
23279,64,1
23279,62,1
23280,63,1
23280,64,2
23281,61,1
23282,55,1
23282,60,1
23282,59,1
23283,54,1
23283,64,1
23283,60,1
23284,68,2
23284,13,2
23284,66,2
23285,61,2
23285,53,1
23286,30,1
23286,66,1
23286,63,1
23286,54,1
23287,70,1
23287,56,2
23287,68,1
23288,59,1
23288,63,1
23289,53,1
23289,28,1
23289,68,1
23289,55,1
23290,60,1
23290,55,1
23291,69,1
23291,63,2
23291,53,1
23292,57,1
23292,52,1
23293,55,1
23293,58,1
23293,57,1
23294,56,1
23294,54,1
23295,8,1
23295,33,1
23296,69,2
23296,53,1
23297,6,1
23298,59,1
23298,64,1
23299,55,1
23299,57,1
23299,18,1
23300,54,1
23300,58,2
23300,53,1
23301,61,1
23301,58,2
23302,68,2
23302,42,1
23302,46,1
23303,57,1
23303,48,1
23303,53,2
23304,51,1
23304,52,1
23304,53,1
23304,63,1
23305,6,1
23305,70,1
23305,57,1
23305,52,1
23306,63,1
23306,56,2
23306,61,1
23307,70,3
23307,61,2
23307,52,1
23308,66,1
23308,62,1
23309,56,1
23309,53,1
23309,51,1
23310,62,1
23310,52,1
23311,57,1
23311,61,1
23311,51,1
23311,52,1
23311,65,1
23312,41,1
23312,57,1
23313,6,1
23313,63,3
23313,48,2
23314,61,1
23314,56,1
23314,57,1
23315,58,1
23315,51,1
23315,55,1
23316,58,1
23316,57,1
23316,66,2
23317,59,1
23317,57,2
23317,60,1
23318,56,1
23318,67,1
23319,63,1
23319,68,1
23319,58,1
23320,5,3
23320,55,1
23321,68,1
23321,35,1
23321,36,1
23321,67,1
23322,36,1
23322,35,1
23323,69,1
23324,36,1
23324,35,1
23325,36,1
23325,59,1
23326,36,1
23326,67,1
23326,35,1
23327,70,2
23327,67,1
23327,35,2
23327,36,1
23328,70,1
23328,35,1
23328,68,1
23329,68,1
23330,70,1
23330,36,1
23331,35,2
23331,68,1
23332,36,2
23332,20,3
23332,69,1
23333,69,2
23333,36,1
23334,68,3
23334,35,2
23335,69,1
23335,70,1
23336,70,1
23336,57,1
23336,36,1
23337,36,2
23338,68,1
23338,36,1
23339,67,1
23340,35,2
23340,26,3
23341,68,1
23341,7,2
23341,52,1
23341,1,1
23342,70,1
23342,68,1
23343,69,1
23343,44,1
23343,70,1
23344,8,1
23344,68,1
23345,47,1
23345,67,1
23345,69,1
23346,54,2
23346,67,1
23346,68,1
23347,35,1
23348,36,2
23348,70,1
23349,67,2
23349,69,1
23349,36,2
23350,34,1
23350,69,1
23351,68,3
23351,46,1
23351,67,1
23351,18,1
23352,36,1
23352,68,1
23352,67,1
23353,10,1
23353,67,1
23354,14,1
23354,36,2
23354,35,1
23354,69,1
23354,68,1
23355,69,1
23355,35,1
23356,67,1
23356,35,1
23356,19,1
23356,36,1
23357,2,1
23357,69,1
23358,42,1
23358,50,1
23359,68,2
23359,67,1
23360,69,1
23360,41,1
23361,8,1
23361,9,1
23362,3,3
23362,2,2
23362,9,1
23363,5,1
23363,1,1
23364,8,2
23364,5,1
23365,4,3
23365,7,1
23365,6,2
23365,44,3
23365,3,1
23366,3,1
23366,8,1
23366,5,3
23366,9,1
23367,8,2
23367,7,1
23368,3,1
23368,6,3
23368,9,1
23369,4,1
23369,12,1
23369,2,1
23370,48,1
23370,3,2
23370,7,2
23371,4,2
23371,6,1
23371,2,1
23371,3,1
23372,4,1
23372,12,1
23372,7,1
23373,1,1
23373,7,1
23374,8,1
23374,6,1
23375,8,1
23375,7,1
23375,3,2
23376,6,1
23376,3,2
23376,9,1
23377,1,1
23377,50,1
23378,6,1
23378,51,1
23379,5,1
23379,8,1
23379,58,2
23380,1,1
23380,4,2
23380,8,1
23381,1,1
23381,2,1
23382,5,1
23382,6,1
23382,10,1
23383,7,1
23383,3,1
23383,9,1
23384,7,1
23384,3,1
23384,28,1
23385,9,1
23385,2,1
23386,1,1
23386,52,1
23386,5,1
23387,31,1
23387,7,1
23387,6,1
23388,7,1
23388,1,2
23389,9,2
23389,2,1
23389,7,1
23389,23,1
23390,38,1
23390,1,1
23391,2,2
23391,3,2
23392,1,2
23392,55,1
23392,8,2
23393,3,1
23393,5,2
23394,5,1
23394,4,3
23394,8,1
23394,6,1
23395,1,1
23395,8,1
23396,14,2
23396,9,1
23397,9,1
23397,6,1
23397,3,1
23398,16,2
23398,1,1
23399,2,1
23399,10,2
23400,5,1
23400,1,1
23401,8,1
23401,1,1
23402,3,1
23402,8,2
23403,2,1
23403,9,2
23403,7,1
23403,1,1
23403,8,1
23404,2,1
23404,7,2
23404,3,1
23404,4,2
23405,4,2
23405,47,1
23405,36,1
23406,6,1
23406,8,1
23407,3,1
23407,7,1
23408,7,1
23408,6,1
23408,5,1
23409,39,1
23409,8,1
23409,3,2
23410,25,1
23410,6,3
23410,9,1
23411,7,2
23411,6,1
23412,9,1
23412,7,1
23413,3,1
23413,6,1
23413,4,1
23414,7,1
23414,1,1
23414,2,2
23414,8,1
23415,9,1
23415,6,3
23415,53,1
23415,29,1
23416,3,1
23416,57,1
23417,7,1
23418,7,1
23418,4,1
23418,15,1
23419,9,1
23419,4,2
23419,7,1
23420,4,2
23420,46,1
23421,6,1
23421,4,1
23421,5,1
23422,1,1
23422,25,2
23423,9,1
23423,7,1
23423,4,1
23423,2,1
23424,3,2
23424,2,1
23425,7,1
23425,5,1
23426,53,1
23426,9,1
23426,1,1
23427,8,1
23427,39,1
23427,9,1
23428,31,1
23428,1,1
23429,7,1
23429,9,1
23430,6,2
23430,34,1
23430,5,1
23430,1,1
23431,7,1
23431,45,1
23431,9,2
23432,4,1
23432,9,1
23433,3,1
23433,24,2
23433,2,1
23434,7,2
23434,6,1
23434,14,1
23434,1,1
23435,5,1
23435,6,1
23435,2,1
23435,9,1
23435,43,1
23436,7,1
23436,8,2
23437,7,1
23437,25,1
23437,9,1
23438,3,2
23438,2,2
23439,6,1
23439,9,1
23440,5,1
23440,3,1
23440,2,3
23441,64,1
23441,61,3
23442,64,1
23442,12,2
23443,61,1
23443,16,1
23443,65,1
23444,63,1
23444,61,1
23445,62,1
23445,65,1
23446,7,2
23447,64,1
23447,6,1
23448,61,1
23448,11,1
23449,65,2
23449,9,1
23450,15,3
23450,64,2
23450,56,1
23451,62,2
23451,63,1
23451,30,1
23451,64,1
23452,62,1
23452,8,2
23452,65,1
23453,33,1
23453,65,1
23454,66,2
23454,61,1
23455,15,1
23455,22,1
23456,35,1
23456,62,1
23456,65,1
23457,62,1
23457,65,1
23457,66,1
23458,63,1
23458,64,1
23458,62,1
23459,66,1
23459,63,1
23459,50,1
23460,65,1
23460,66,1
23460,63,2
23460,64,3
23461,63,1
23461,65,1
23461,62,1
23462,65,1
23462,61,1
23462,63,1
23462,8,1
23463,65,2
23463,61,2
23464,7,1
23464,61,2
23465,66,1
23465,62,1
23465,53,1
23466,53,1
23466,28,2
23467,66,1
23467,65,1
23467,64,1
23468,62,1
23468,61,1
23468,66,1
23468,32,1
23469,62,1
23469,65,1
23469,61,1
23470,52,1
23470,41,2
23470,63,1
23471,62,1
23472,63,1
23472,50,1
23472,64,1
23472,61,3
23473,65,1
23474,66,2
23474,63,1
23475,65,2
23475,33,1
23475,64,1
23475,62,1
23476,65,1
23476,6,2
23476,62,1
23477,62,1
23477,7,2
23478,63,1
23478,51,1
23478,11,1
23479,64,1
23479,65,2
23479,47,1
23479,63,1
23480,65,1
23480,64,1
23480,34,1
23480,66,2
23481,33,2
23481,29,2
23481,30,1
23482,30,3
23482,29,1
23482,33,1
23483,30,1
23483,28,1
23483,59,1
23484,28,2
23485,30,2
23485,29,1
23485,33,1
23486,57,1
23486,28,1
23486,31,1
23487,26,1
23487,32,1
23487,29,1
23488,32,1
23488,31,2
23489,33,1
23489,29,2
23490,30,2
23490,32,1
23491,30,1
23491,23,1
23492,31,1
23492,32,1
23492,33,1
23492,28,1
23492,30,1
23493,29,1
23494,28,3
23495,30,1
23495,32,2
23495,33,1
23496,1,1
23496,29,1
23496,42,1
23497,21,1
23497,30,1
23497,26,1
23498,32,1
23498,33,1
23498,50,1
23498,28,1
23499,29,1
23499,30,1
23499,46,1
23500,30,1
23500,31,1
23501,32,1
23501,31,1
23501,28,1
23502,30,1
23503,22,1
23503,29,1
23503,58,1
23504,30,1
23504,31,1
23505,30,1
23505,31,3
23505,29,2
23506,31,2
23506,32,1
23506,29,1
23507,51,1
23507,29,1
23507,31,1
23507,33,1
23507,32,1
23508,31,1
23508,28,1
23508,54,3
23508,33,3
23509,31,2
23509,32,1
23509,29,1
23510,29,1
23510,12,1
23510,18,1
23511,32,1
23511,29,2
23511,30,1
23512,30,1
23512,32,1
23512,33,1
23513,29,3
23513,30,1
23513,48,2
23514,30,1
23514,31,1
23514,28,1
23514,33,1
23514,13,2
23515,60,1
23515,28,1
23515,30,2
23515,33,1
23516,30,1
23516,60,2
23516,28,1
23517,33,2
23517,29,2
23517,31,1
23517,32,1
23518,33,1
23518,32,1
23519,30,1
23519,48,1
23519,33,1
23519,28,2
23519,31,1
23520,36,1
23520,28,1
23521,45,1
23522,37,1
23522,22,1
23522,33,2
23523,32,1
23523,33,2
23523,28,1
23524,33,1
23524,31,1
23524,20,1
23524,17,1
23525,31,1
23525,32,1
23526,32,1
23526,31,1
23526,17,1
23526,30,1
23527,29,1
23527,28,2
23528,32,1
23528,30,1
23529,32,1
23529,31,1
23529,28,3
23529,46,2
23530,31,1
23530,34,1
23531,33,1
23531,52,1
23532,23,1
23533,29,1
23533,8,2
23533,54,2
23533,30,1
23534,31,2
23534,56,1
23534,32,2
23534,33,1
23535,29,2
23535,21,1
23536,30,1
23536,31,1
23536,32,1
23536,42,2
23537,30,1
23537,33,1
23538,32,1
23538,31,1
23539,32,1
23539,33,2
23540,29,1
23540,3,2
23541,31,1
23541,57,1
23541,29,1
23542,30,3
23542,32,2
23542,28,1
23543,33,1
23543,60,1
23543,29,3
23544,32,1
23544,28,1
23545,33,1
23545,30,1
23546,32,1
23546,33,2
23546,31,1
23546,30,1
23547,32,1
23547,30,1
23548,31,1
23548,55,1
23549,32,1
23549,10,1
23549,29,1
23550,28,1
23550,29,1
23550,33,1
23551,4,1
23552,29,1
23552,36,1
23552,30,1
23553,32,1
23553,30,1
23553,29,1
23554,29,2
23554,32,1
23555,28,1
23555,44,1
23556,31,2
23556,41,2
23556,28,1
23557,33,2
23557,7,1
23557,29,1
23558,33,1
23558,52,2
23558,29,1
23558,28,1
23559,29,1
23559,30,1
23559,32,1
23559,28,1
23560,33,2
23560,29,3
23560,31,1
23561,62,1
23561,19,1
23562,63,3
23562,62,1
23562,15,1
23563,38,2
23563,64,2
23564,17,1
23564,63,2
23564,66,1
23564,61,2
23565,65,1
23565,20,1
23565,66,1
23566,61,1
23566,18,1
23567,36,1
23567,63,1
23567,39,1
23568,4,1
23568,65,1
23569,65,1
23569,66,3
23570,64,1
23571,66,2
23572,61,2
23573,64,1
23573,65,1
23573,33,1
23574,63,1
23574,66,1
23575,61,1
23575,64,1
23575,46,2
23576,25,1
23576,61,1
23577,62,2
23577,64,1
23578,61,1
23578,63,1
23578,48,2
23579,62,1
23579,65,1
23579,63,1
23580,63,1
23581,66,1
23581,34,1
23582,66,1
23582,6,3
23582,48,1
23582,64,1
23583,64,1
23583,61,1
23584,31,1
23584,63,1
23585,62,1
23585,24,1
23586,65,1
23586,61,1
23587,63,2
23587,64,1
23588,65,1
23588,33,1
23588,63,3
23588,66,1
23588,64,1
23589,64,1
23589,65,1
23590,66,2
23590,65,1
23591,61,1
23591,64,1
23591,66,2
23592,58,1
23592,63,1
23592,66,2
23592,64,1
23593,61,1
23593,66,1
23593,65,1
23594,63,1
23594,62,1
23595,66,1
23595,63,2
23595,64,1
23596,61,1
23596,63,1
23596,66,1
23597,65,1
23597,61,1
23598,63,1
23598,49,1
23599,64,1
23599,65,1
23600,62,1
23600,63,1
23601,19,1
23601,34,3
23601,18,1
23602,18,1
23602,34,1
23602,53,1
23603,18,1
23603,19,1
23604,19,1
23604,18,1
23604,37,2
23604,29,1
23605,55,1
23605,19,1
23605,18,1
23605,29,1
23606,19,1
23606,34,1
23606,29,1
23606,18,1
23607,50,1
23607,19,1
23607,34,1
23607,29,1
23608,20,1
23608,19,1
23608,34,1
23609,18,1
23609,34,1
23609,40,1
23609,24,1
23610,19,2
23610,29,1
23610,14,1
23610,25,1
23611,18,1
23611,29,1
23611,28,1
23612,56,1
23612,19,1
23613,25,1
23613,18,1
23613,29,1
23614,34,1
23614,1,1
23615,18,1
23615,19,1
23615,29,2
23615,34,1
23616,34,3
23616,29,1
23616,18,1
23616,19,2
23617,58,1
23617,19,2
23618,24,1
23618,18,2
23619,29,2
23619,18,3
23620,29,3
23620,18,1
23621,19,1
23622,8,1
23622,12,1
23623,29,1
23623,40,1
23623,34,2
23623,60,3
23624,18,1
23624,19,1
23624,29,1
23625,34,1
23625,45,1
23625,19,1
23626,18,3
23626,25,1
23626,29,1
23626,31,1
23627,8,3
23627,29,1
23628,48,1
23628,23,1
23628,19,1
23629,34,1
23629,18,1
23630,29,2
23630,57,1
23631,34,1
23631,18,1
23631,19,1
23631,37,1
23632,19,1
23632,18,1
23632,29,3
23633,16,1
23633,19,1
23634,19,1
23634,18,1
23635,49,2
23635,52,2
23636,19,1
23636,34,1
23636,16,2
23637,34,1
23637,18,1
23638,3,1
23638,34,2
23639,35,1
23639,12,1
23640,34,2
23640,56,1
23640,29,1
23640,18,1
23641,29,1
23641,30,1
23641,31,2
23642,33,1
23642,28,1
23642,30,2
23642,29,1
23643,29,2
23643,43,1
23643,15,1
23644,31,1
23644,28,1
23645,29,1
23645,30,1
23645,41,1
23646,33,1
23646,30,1
23646,31,1
23647,28,1
23647,16,1
23648,31,3
23648,30,1
23649,34,1
23649,20,1
23649,32,1
23650,29,1
23650,32,1
23651,28,2
23651,20,1
23651,31,3
23652,32,1
23652,29,1
23653,28,2
23653,14,1
23654,30,2
23654,28,1
23655,32,1
23655,29,2
23655,33,2
23655,40,1
23655,7,2
23656,31,2
23656,48,1
23656,30,1
23657,30,1
23657,32,1
23657,28,2
23658,29,1
23658,30,1
23658,31,1
23658,24,1
23659,32,2
23659,31,1
23659,17,2
23659,30,1
23659,29,2
23660,13,1
23660,58,1
23661,28,1
23661,53,1
23661,33,1
23662,28,1
23662,32,1
23662,30,1
23663,58,2
23663,28,1
23663,56,1
23663,32,1
23664,32,1
23664,28,1
23664,30,1
23665,33,1
23665,29,3
23665,32,1
23665,28,1
23666,31,1
23666,32,1
23666,28,1
23667,30,2
23667,33,1
23668,33,1
23668,32,2
23668,31,1
23668,28,1
23669,33,1
23669,28,1
23670,3,2
23670,30,1
23670,9,3
23671,28,1
23671,31,1
23672,30,1
23672,28,1
23673,30,1
23673,31,2
23674,39,1
23674,31,1
23675,28,2
23675,32,2
23675,29,1
23676,29,1
23676,31,1
23676,30,1
23676,33,1
23677,31,1
23677,30,1
23677,33,2
23678,44,1
23678,31,1
23679,31,1
23679,32,1
23679,30,3
23680,31,1
23680,33,1
23680,32,2
23681,62,2
23681,65,2
23682,64,1
23682,65,1
23683,61,1
23684,63,1
23684,66,1
23685,63,1
23685,66,2
23685,15,1
23686,48,1
23686,63,1
23687,61,2
23687,66,1
23688,66,1
23688,65,1
23688,63,2
23689,63,1
23689,10,2
23690,62,1
23690,64,1
23691,39,1
23691,62,1
23691,61,1
23692,66,1
23692,64,1
23692,15,2
23693,66,1
23693,61,1
23694,65,1
23694,42,1
23694,63,1
23695,47,1
23695,66,1
23695,20,1
23696,42,2
23696,63,1
23696,66,2
23696,65,1
23697,65,1
23697,64,2
23697,66,1
23698,61,1
23698,62,2
23699,64,2
23700,62,2
23700,5,2
23700,50,1
23701,66,1
23701,64,1
23702,63,1
23702,53,1
23702,62,1
23703,51,1
23703,61,1
23703,65,1
23704,62,1
23704,46,1
23704,64,1
23704,66,1
23705,66,1
23705,62,2
23705,65,2
23705,32,1
23705,61,2
23706,61,2
23706,65,1
23707,64,1
23707,63,1
23708,65,1
23708,61,1
23709,57,1
23709,19,1
23709,62,2
23710,63,1
23710,62,1
23711,3,1
23711,61,2
23711,66,1
23712,64,1
23712,61,1
23713,61,1
23713,63,3
23714,64,1
23714,61,1
23714,65,1
23715,65,1
23715,61,1
23715,66,1
23716,66,1
23716,63,1
23716,61,1
23716,48,1
23717,62,2
23717,64,1
23717,65,1
23718,62,1
23718,64,1
23718,9,1
23719,63,1
23719,65,1
23719,62,1
23720,65,1
23720,64,1
23721,74,2
23721,73,2
23722,71,1
23722,80,2
23722,78,2
23723,73,2
23723,75,2
23723,76,1
23724,74,1
23724,72,2
23724,71,2
23725,76,1
23725,60,1
23726,78,1
23726,77,1
23726,71,1
23727,79,1
23727,75,1
23728,72,1
23728,73,1
23728,74,1
23728,78,2
23729,33,1
23729,75,2
23729,76,1
23729,80,1
23730,77,1
23730,78,1
23730,75,2
23731,77,1
23731,59,2
23731,41,1
23731,72,1
23732,43,1
23732,73,1
23732,34,1
23732,79,1
23732,80,1
23733,73,1
23733,72,1
23733,13,1
23734,75,1
23734,13,1
23734,60,1
23734,71,1
23735,79,1
23735,73,1
23736,80,1
23736,73,1
23736,78,1
23737,71,1
23737,42,1
23738,42,1
23738,12,1
23739,75,1
23739,77,2
23739,76,1
23740,71,1
23740,78,1
23740,74,1
23740,77,1
23741,52,1
23741,28,1
23741,78,1
23742,49,1
23742,43,1
23743,54,2
23743,74,1
23743,76,1
23744,77,1
23744,73,1
23744,59,2
23745,73,3
23745,75,2
23745,77,1
23745,22,1
23746,58,1
23746,74,1
23746,37,1
23747,72,1
23747,75,1
23747,78,3
23747,76,1
23748,72,3
23748,73,1
23749,80,2
23749,71,1
23749,7,1
23750,76,1
23750,75,1
23750,51,1
23751,74,1
23751,79,1
23752,2,1
23752,72,2
23752,78,1
23753,77,2
23753,56,1
23754,78,1
23754,75,1
23754,74,1
23754,76,1
23755,77,1
23755,80,1
23755,79,1
23756,79,1
23756,73,1
23757,71,1
23757,72,1
23757,74,3
23758,72,1
23758,75,1
23758,47,2
23759,72,3
23759,47,1
23760,79,1
23760,78,1
23761,32,1
23761,16,1
23762,30,3
23762,28,1
23762,8,1
23763,30,2
23763,33,2
23763,32,2
23764,28,2
23764,41,3
23765,42,1
23765,36,1
23766,31,3
23766,30,1
23767,29,2
23767,28,1
23768,31,1
23768,30,1
23769,16,2
23769,30,1
23769,39,2
23769,32,1
23770,28,1
23770,32,1
23770,30,1
23770,33,1
23771,32,1
23771,29,1
23771,47,2
23771,31,1
23771,30,1
23772,31,1
23772,40,1
23772,29,1
23773,31,2
23773,30,3
23773,29,1
23773,33,1
23773,36,1
23774,28,1
23774,31,1
23774,29,1
23774,33,1
23775,33,1
23775,31,2
23775,43,1
23776,31,2
23776,55,1
23776,7,1
23777,31,3
23777,28,1
23777,32,1
23777,33,1
23777,27,1
23778,30,2
23778,29,1
23778,33,1
23778,31,1
23778,28,2
23779,53,1
23779,28,1
23780,30,1
23780,34,1
23781,29,1
23781,30,2
23782,29,2
23782,33,1
23782,31,1
23782,30,1
23783,29,2
23783,31,2
23783,32,1
23784,33,1
23784,31,1
23784,24,3
23785,30,3
23786,57,1
23786,29,1
23786,28,1
23786,30,1
23787,31,1
23787,33,1
23787,30,2
23788,30,1
23788,33,2
23789,29,1
23789,53,2
23790,31,1
23790,30,1
23790,29,1
23791,33,1
23791,28,1
23792,28,1
23792,30,1
23792,33,1
23792,32,2
23793,33,2
23793,31,1
23793,30,2
23794,35,1
23794,29,1
23795,33,2
23795,30,3
23796,32,1
23796,29,1
23796,31,1
23796,56,1
23796,28,1
23797,31,2
23797,32,1
23798,29,1
23798,32,1
23798,31,1
23799,28,1
23799,32,1
23800,31,1
23800,35,1
23800,28,1
23801,67,2
23801,69,2
23801,70,1
23802,45,1
23802,53,1
23802,70,1
23802,67,2
23803,36,1
23803,35,1
23803,70,1
23803,8,3
23804,40,1
23804,70,2
23804,32,2
23805,67,2
23805,18,1
23805,35,1
23805,9,1
23806,69,1
23806,67,1
23806,35,1
23807,36,1
23807,68,1
23807,67,2
23808,70,1
23808,68,1
23809,6,1
23809,68,2
23809,67,2
23810,13,1
23810,69,1
23811,70,1
23811,69,1
23812,69,2
23812,46,2
23812,35,1
23812,70,1
23812,68,1
23813,35,1
23813,23,3
23813,67,1
23814,41,1
23814,70,1
23815,70,3
23815,57,1
23815,67,1
23816,69,1
23816,7,1
23816,36,1
23817,35,1
23817,70,2
23817,36,1
23818,35,1
23819,13,2
23819,67,1
23820,42,1
23820,67,3
23821,70,3
23822,68,2
23822,16,1
23823,54,3
23823,67,1
23823,68,2
23824,69,1
23824,20,1
23824,36,2
23825,67,1
23825,26,2
23825,21,1
23826,68,1
23826,36,1
23826,67,2
23826,35,1
23827,35,1
23827,67,1
23827,70,1
23827,36,1
23827,68,2
23828,28,1
23829,70,1
23830,69,1
23830,36,1
23831,67,1
23831,70,1
23832,36,1
23832,35,1
23833,36,2
23833,23,2
23834,67,1
23834,68,1
23835,10,1
23835,35,1
23835,67,1
23836,69,1
23836,70,1
23836,67,1
23837,70,1
23837,2,1
23838,67,2
23838,70,1
23839,68,1
23839,25,1
23840,36,2
23841,22,1
23841,25,1
23842,24,1
23842,23,1
23842,22,2
23842,46,1
23843,23,1
23843,22,1
23844,24,2
23844,25,1
23844,22,1
23845,25,1
23845,22,2
23846,24,1
23846,30,1
23847,23,1
23847,25,2
23848,23,2
23848,12,1
23849,22,1
23850,25,1
23850,22,1
23851,23,1
23851,24,1
23852,25,3
23852,22,2
23853,55,1
23853,25,1
23854,58,1
23854,23,1
23854,22,1
23855,23,1
23855,22,1
23856,22,1
23856,24,2
23856,25,1
23857,25,1
23857,32,1
23857,23,1
23858,22,1
23858,8,2
23859,10,1
23859,58,1
23859,23,3
23860,24,2
23860,19,1
23861,23,1
23861,24,3
23862,24,2
23862,25,1
23862,23,1
23863,23,1
23863,25,3
23864,24,1
23864,23,1
23864,25,1
23865,23,1
23865,22,1
23866,24,1
23866,22,1
23867,24,1
23867,25,1
23868,22,1
23868,23,2
23868,25,2
23869,22,1
23870,22,3
23870,23,1
23871,22,1
23871,43,1
23872,22,1
23872,25,1
23873,23,1
23873,25,1
23873,22,1
23874,11,2
23874,22,1
23874,1,1
23875,24,1
23875,26,1
23875,23,1
23876,25,1
23876,52,1
23876,23,1
23877,22,1
23877,24,2
23878,22,1
23878,24,1
23879,22,1
23879,24,1
23880,22,1
23880,23,1
23881,34,1
23881,33,1
23881,29,1
23881,18,1
23881,51,1
23882,29,1
23882,19,1
23883,19,1
23883,18,1
23883,34,1
23883,29,1
23884,19,1
23884,35,1
23884,14,1
23885,34,1
23885,29,1
23885,46,1
23886,29,1
23886,11,1
23886,1,1
23887,29,3
23887,19,1
23887,14,1
23888,22,1
23888,18,1
23889,34,2
23889,1,2
23889,18,1
23890,18,2
23890,19,3
23891,26,1
23891,34,1
23891,29,1
23891,9,1
23892,19,1
23892,18,1
23892,22,1
23892,29,1
23893,19,3
23893,34,1
23893,20,1
23893,35,1
23894,18,1
23894,29,1
23895,19,1
23895,29,1
23896,18,1
23896,19,1
23896,11,1
23897,19,1
23897,59,1
23897,34,1
23898,18,1
23898,29,1
23899,34,1
23899,55,1
23900,19,1
23900,18,1
23900,28,1
23900,31,1
23901,49,2
23901,19,1
23902,34,1
23902,19,1
23903,18,1
23903,15,1
23903,34,2
23904,34,1
23904,29,1
23904,18,1
23904,40,1
23905,34,1
23905,29,1
23905,52,1
23905,19,1
23906,19,2
23906,18,1
23906,29,1
23907,18,1
23907,4,1
23907,19,1
23908,29,1
23908,50,1
23908,19,2
23908,34,1
23909,29,2
23909,39,1
23910,27,1
23910,29,1
23910,23,1
23910,19,1
23911,29,1
23911,34,1
23911,20,1
23912,29,3
23912,32,1
23912,57,3
23913,29,2
23914,18,1
23914,46,1
23915,18,3
23916,34,1
23916,6,2
23916,18,1
23916,29,1
23917,18,1
23917,29,1
23917,34,2
23918,29,1
23918,18,1
23918,49,3
23918,36,1
23919,19,1
23919,29,1
23919,18,1
23919,48,1
23920,34,1
23920,19,2
23920,18,1
23921,9,1
23921,1,1
23922,50,1
23922,2,1
23923,11,2
23923,5,1
23924,24,2
23925,8,1
23925,33,1
23925,9,1
23926,1,1
23926,49,1
23926,6,1
23926,3,1
23927,9,1
23927,4,1
23927,3,1
23928,4,1
23928,6,1
23929,5,2
23929,22,1
23930,50,1
23930,3,1
23930,1,1
23931,4,1
23931,8,1
23932,14,1
23932,8,1
23932,1,1
23932,3,1
23933,1,1
23934,9,1
23934,23,1
23935,21,1
23935,3,3
23936,2,1
23936,22,1
23937,4,1
23937,5,2
23938,6,1
23938,7,1
23938,28,2
23938,2,1
23939,9,3
23939,3,1
23940,4,1
23940,9,1
23940,5,1
23941,38,1
23941,7,1
23941,4,2
23942,2,3
23942,1,1
23943,9,1
23943,1,1
23943,4,2
23944,4,1
23944,3,1
23945,21,3
23945,3,2
23946,7,1
23946,41,1
23947,9,1
23947,4,1
23947,5,1
23948,3,1
23949,2,1
23949,4,2
23949,40,1
23950,5,1
23950,2,1
23951,6,1
23952,7,3
23952,1,1
23952,3,2
23953,28,1
23953,3,1
23953,1,1
23953,8,1
23954,5,1
23954,3,1
23954,4,1
23955,9,1
23956,8,1
23956,1,1
23957,6,1
23957,8,1
23957,2,1
23958,7,2
23958,9,1
23958,1,3
23958,27,1
23959,4,1
23959,9,2
23960,2,1
23960,1,1
23961,77,2
23961,71,1
23961,72,2
23961,54,1
23961,80,1
23962,14,1
23962,27,3
23963,75,1
23963,78,2
23963,71,1
23964,73,1
23964,75,1
23964,71,1
23965,27,1
23965,24,3
23966,80,1
23966,72,1
23966,79,1
23966,78,1
23966,74,1
23967,75,1
23967,76,1
23967,73,1
23967,78,1
23968,54,1
23968,71,1
23968,79,1
23969,77,1
23969,74,1
23969,72,1
23969,80,1
23970,75,1
23970,80,1
23970,79,1
23970,74,1
23970,76,1
23971,71,1
23971,80,1
23972,72,1
23972,76,1
23972,41,1
23972,77,1
23973,76,1
23973,80,1
23974,6,1
23974,16,1
23975,75,1
23975,76,1
23975,3,1
23976,46,1
23976,75,3
23976,74,2
23976,80,1
23977,75,3
23977,77,1
23977,79,1
23978,77,1
23978,80,1
23978,73,1
23978,75,1
23979,80,2
23979,71,1
23980,72,1
23980,73,1
23980,33,2
23981,74,3
23981,59,1
23981,79,1
23982,77,1
23982,72,2
23982,29,1
23983,80,1
23983,74,1
23983,79,1
23984,3,1
23984,76,1
23984,80,1
23985,16,1
23985,72,1
23986,75,1
23986,78,1
23987,72,1
23987,80,1
23988,72,1
23988,80,1
23988,73,1
23988,79,2
23989,77,1
23989,75,1
23990,80,2
23990,38,1
23990,78,2
23991,80,1
23991,58,1
23991,73,1
23991,74,1
23992,45,1
23992,80,1
23993,79,1
23993,74,1
23993,73,3
23994,71,1
23994,76,3
23995,41,1
23995,77,1
23995,75,2
23996,77,1
23996,26,1
23997,75,2
23997,59,1
23997,76,1
23998,74,1
23998,10,1
23998,80,1
23999,42,1
23999,72,1
23999,58,1
23999,71,1
24000,79,3
24000,71,1
24001,8,2
24002,9,1
24002,8,1
24002,3,3
24002,6,1
24003,6,1
24003,5,1
24004,6,1
24004,9,1
24005,2,1
24005,5,1
24005,7,1
24006,3,1
24006,9,1
24007,2,1
24007,6,1
24008,19,1
24008,11,1
24009,1,2
24009,8,3
24009,4,1
24010,14,1
24010,3,1
24010,5,2
24010,44,1
24011,9,1
24011,8,1
24012,8,1
24012,9,1
24013,5,1
24013,46,1
24014,26,1
24014,8,2
24014,9,1
24015,1,1
24015,4,1
24015,3,3
24015,45,1
24016,4,1
24017,6,2
24017,58,1
24018,19,1
24018,9,1
24019,5,1
24019,37,1
24019,35,1
24020,4,1
24020,6,3
24020,17,1
24021,3,1
24021,18,1
24021,1,1
24022,3,1
24022,8,1
24022,43,2
24023,2,1
24024,6,1
24024,9,1
24025,6,1
24025,26,3
24026,5,1
24026,3,1
24027,16,1
24028,27,2
24028,36,1
24028,29,2
24028,15,1
24029,3,3
24030,4,1
24030,5,1
24031,7,1
24031,8,2
24031,48,1
24032,23,1
24033,7,1
24033,39,1
24033,37,1
24034,6,1
24034,5,1
24035,5,1
24035,1,2
24036,1,1
24036,6,1
24036,2,2
24036,4,1
24037,8,1
24037,3,1
24038,1,1
24038,8,1
24038,7,3
24039,1,1
24039,8,1
24039,18,1
24039,9,2
24040,8,2
24040,3,3
24041,6,1
24041,2,2
24041,43,1
24042,6,1
24042,9,1
24042,22,1
24043,11,1
24043,6,1
24044,6,1
24044,7,1
24045,8,1
24045,3,1
24046,6,1
24046,4,1
24047,5,1
24047,3,1
24047,6,1
24048,6,1
24048,7,1
24049,6,1
24049,13,1
24049,1,1
24050,1,1
24050,3,2
24051,1,1
24051,8,1
24052,2,1
24053,7,1
24053,5,1
24054,36,1
24054,9,1
24055,3,1
24055,6,1
24055,5,1
24056,7,1
24056,43,1
24056,4,2
24057,6,1
24057,53,1
24058,8,2
24058,15,1
24058,1,1
24058,2,1
24059,7,2
24059,9,1
24059,8,1
24060,2,1
24061,23,1
24061,44,3
24061,74,1
24062,20,3
24062,32,1
24062,25,2
24063,46,2
24063,22,1
24064,37,1
24064,21,1
24064,14,1
24064,22,2
24065,24,1
24065,22,1
24065,20,1
24065,21,1
24066,74,2
24066,24,1
24066,21,3
24067,21,1
24067,20,1
24067,25,1
24068,23,1
24068,20,1
24069,20,1
24069,22,3
24070,22,1
24070,75,2
24071,74,1
24071,21,1
24072,20,1
24072,24,1
24073,10,1
24073,24,3
24073,22,1
24074,25,1
24074,23,1
24075,24,1
24075,16,1
24075,20,1
24075,22,1
24076,16,1
24076,23,3
24077,25,1
24077,14,2
24077,22,2
24077,24,1
24077,20,1
24078,25,1
24078,5,2
24078,10,2
24079,20,1
24079,25,1
24079,39,1
24080,25,1
24080,24,2
24081,75,1
24081,23,1
24082,21,1
24082,5,1
24083,46,2
24084,21,2
24084,74,2
24084,23,1
24084,45,2
24085,75,1
24085,21,1
24086,74,1
24086,21,1
24086,26,1
24087,25,1
24087,74,1
24087,20,1
24088,21,1
24088,6,1
24089,20,2
24089,24,1
24089,21,1
24090,74,1
24090,75,3
24090,24,1
24091,24,1
24091,21,2
24091,20,2
24092,74,1
24092,21,1
24092,75,1
24093,21,1
24093,74,1
24094,11,1
24094,22,1
24095,20,1
24095,23,2
24096,75,1
24096,21,1
24096,20,2
24097,20,1
24097,23,1
24098,74,3
24098,24,1
24098,23,1
24099,23,2
24099,24,1
24100,22,1
24100,13,2
24100,23,2
24100,21,1
24101,23,1
24101,21,1
24101,22,1
24101,20,1
24102,60,1
24102,23,1
24102,25,1
24102,7,1
24103,21,1
24104,74,1
24104,22,1
24105,74,1
24105,38,1
24106,24,1
24106,75,1
24106,25,1
24107,24,3
24107,74,1
24107,23,1
24108,75,1
24108,24,1
24109,20,1
24109,23,1
24109,43,2
24109,58,1
24110,74,1
24110,22,1
24110,20,1
24111,24,1
24111,34,1
24112,22,2
24112,75,1
24113,25,1
24113,24,1
24113,36,3
24114,24,2
24114,22,1
24115,20,1
24115,42,1
24116,20,1
24116,31,1
24117,74,1
24117,75,1
24118,21,1
24118,2,1
24119,22,3
24119,6,1
24119,25,1
24119,20,2
24120,24,1
24120,25,1
24120,43,1
24121,3,1
24121,5,1
24121,9,1
24121,1,1
24122,3,1
24123,7,2
24123,9,2
24123,5,1
24124,7,1
24124,8,2
24124,3,1
24125,8,2
24125,6,1
24125,4,1
24126,4,1
24126,31,1
24127,5,1
24127,3,1
24127,4,1
24128,6,1
24128,5,1
24128,4,1
24129,3,1
24129,48,1
24130,5,1
24130,3,2
24131,8,1
24131,1,3
24131,59,1
24131,6,1
24132,5,1
24132,7,2
24132,38,1
24133,4,2
24133,7,2
24133,1,1
24134,40,1
24134,2,1
24135,9,3
24135,36,1
24136,3,2
24136,5,1
24136,9,1
24137,4,1
24137,8,1
24137,5,1
24138,7,2
24138,5,2
24138,8,2
24139,7,1
24139,4,1
24139,5,1
24140,9,1
24140,4,1
24140,8,1
24140,3,1
24141,7,1
24141,4,1
24141,3,1
24142,37,1
24142,4,1
24143,1,1
24143,44,1
24144,8,1
24144,5,1
24145,23,1
24145,4,2
24145,7,3
24145,8,1
24146,9,1
24147,5,1
24147,7,1
24148,5,1
24148,2,2
24149,4,1
24149,8,1
24150,2,1
24150,3,1
24151,2,1
24151,3,1
24151,4,1
24152,6,1
24152,5,1
24152,2,1
24153,5,1
24153,6,2
24154,2,1
24154,4,1
24155,8,2
24155,3,1
24155,1,1
24156,3,1
24156,60,1
24156,4,1
24156,8,1
24157,9,1
24157,7,3
24158,3,2
24158,1,1
24158,21,1
24158,5,1
24159,9,1
24159,2,1
24160,7,1
24160,4,1
24161,6,1
24161,7,2
24162,2,1
24162,52,2
24163,7,1
24163,2,1
24164,48,1
24164,8,1
24164,4,1
24165,1,1
24165,8,1
24166,4,2
24167,3,1
24167,1,1
24167,7,1
24168,8,1
24168,20,1
24169,9,1
24169,7,1
24170,2,3
24170,3,1
24170,6,1
24170,1,1
24171,2,2
24171,8,2
24171,9,1
24172,6,1
24172,1,1
24173,6,1
24173,1,1
24174,38,3
24174,1,1
24174,7,1
24175,1,2
24175,5,1
24175,7,2
24176,3,1
24176,7,1
24177,1,1
24177,4,2
24178,5,1
24178,1,1
24179,8,1
24179,2,1
24180,26,1
24180,7,1
24180,4,1
24181,49,1
24181,26,1
24181,37,2
24182,3,1
24182,8,1
24182,6,1
24183,3,1
24183,2,1
24183,33,1
24184,6,1
24185,4,1
24186,8,1
24186,4,1
24187,13,1
24187,1,1
24188,3,1
24188,6,1
24188,41,1
24188,1,2
24189,1,1
24189,8,1
24189,3,1
24190,3,1
24190,9,2
24190,8,1
24190,1,1
24191,3,1
24191,5,1
24191,6,2
24191,4,1
24192,5,1
24192,4,1
24192,6,1
24193,2,3
24193,3,2
24193,6,2
24194,7,1
24194,8,1
24194,6,1
24195,4,1
24195,9,1
24196,8,1
24196,5,1
24196,6,3
24196,2,1
24197,6,1
24198,5,2
24198,3,2
24199,2,1
24199,56,1
24199,1,2
24200,7,1
24200,4,1
24201,6,2
24201,42,2
24201,9,1
24202,4,1
24202,8,1
24202,1,1
24203,7,1
24203,4,3
24204,55,1
24204,6,2
24205,1,2
24205,2,3
24205,5,1
24205,12,2
24205,8,1
24206,5,1
24206,3,1
24206,4,1
24207,7,2
24207,3,1
24208,4,1
24208,6,1
24209,5,1
24209,1,1
24210,3,1
24210,9,1
24210,7,2
24211,30,1
24211,1,3
24212,21,1
24212,2,1
24213,2,2
24213,5,2
24213,9,1
24214,4,1
24214,3,2
24214,5,1
24215,7,3
24215,4,1
24216,2,1
24216,1,1
24216,5,1
24217,4,2
24217,6,1
24217,15,1
24217,9,1
24218,8,1
24218,5,1
24219,5,1
24219,8,1
24219,22,1
24220,4,1
24220,8,3
24220,5,1
24221,5,1
24221,32,1
24221,7,1
24222,1,1
24222,3,1
24222,2,1
24223,33,1
24223,48,2
24223,6,1
24224,4,1
24224,5,1
24224,7,1
24224,2,1
24225,3,1
24225,5,1
24225,9,1
24225,1,1
24226,5,1
24226,39,1
24226,9,1
24226,8,2
24227,4,2
24227,6,1
24227,7,1
24227,1,2
24227,2,1
24228,48,1
24228,8,2
24229,20,1
24229,7,1
24229,6,2
24230,4,1
24230,9,1
24230,6,1
24230,2,1
24231,5,1
24231,49,1
24232,24,1
24232,6,1
24232,2,1
24233,9,1
24233,2,2
24234,1,1
24234,6,2
24234,3,1
24234,4,1
24235,3,1
24235,1,1
24236,9,1
24236,5,1
24236,3,1
24236,7,1
24237,9,2
24237,4,2
24237,8,1
24238,28,1
24238,30,1
24238,1,1
24239,6,1
24239,4,1
24240,8,1
24240,4,2
24241,57,1
24241,13,1
24242,10,2
24242,14,1
24243,10,1
24243,12,1
24243,11,1
24244,13,1
24244,16,1
24244,15,1
24245,52,1
24245,28,1
24246,10,1
24246,13,1
24247,10,1
24247,48,3
24247,52,1
24247,11,1
24248,13,1
24248,15,1
24248,11,2
24248,14,1
24249,16,1
24249,14,1
24250,10,1
24250,11,2
24250,13,2
24251,16,1
24251,45,1
24251,15,1
24252,11,1
24252,13,1
24253,14,1
24254,15,1
24255,10,1
24255,13,1
24255,14,1
24256,15,2
24256,12,1
24257,14,2
24257,59,1
24257,15,1
24258,10,1
24258,23,1
24259,29,1
24259,10,1
24259,14,1
24260,16,1
24260,12,1
24260,13,1
24260,11,1
24261,10,1
24261,14,1
24261,13,1
24261,32,3
24262,12,2
24262,14,1
24263,11,1
24264,11,1
24265,14,1
24265,15,1
24265,16,1
24266,8,3
24266,16,1
24266,10,2
24267,16,3
24267,13,3
24267,52,1
24268,16,1
24268,11,1
24269,11,1
24269,13,1
24270,13,1
24270,12,3
24270,14,2
24270,15,1
24271,13,3
24271,16,1
24272,14,1
24272,11,1
24272,10,1
24273,11,1
24274,10,1
24274,24,1
24274,11,1
24274,15,1
24275,10,1
24276,10,1
24276,13,1
24276,14,1
24277,14,1
24278,15,1
24279,16,1
24279,15,1
24280,10,2
24280,14,1
24280,12,1
24280,44,1
24281,16,3
24281,11,1
24282,15,1
24282,16,1
24283,11,1
24283,12,1
24284,12,2
24284,58,1
24284,44,1
24285,15,1
24285,14,1
24285,10,1
24286,14,1
24286,10,1
24287,12,1
24287,13,2
24288,14,1
24288,13,2
24288,56,1
24289,11,1
24289,13,1
24289,10,2
24290,15,1
24290,12,1
24291,10,1
24291,12,2
24292,16,1
24293,16,1
24294,10,1
24295,9,1
24295,14,1
24296,14,2
24296,11,1
24297,11,1
24298,10,1
24298,40,1
24299,12,3
24299,16,1
24299,15,3
24300,10,1
24300,16,1
24300,13,2
24301,59,1
24301,39,1
24301,57,1
24302,57,3
24302,59,1
24302,58,1
24303,4,1
24303,57,1
24304,57,1
24304,12,1
24305,59,3
24305,14,1
24305,57,2
24305,56,1
24306,57,1
24306,59,1
24306,46,1
24307,56,1
24307,8,1
24307,58,3
24307,57,1
24308,6,1
24308,60,1
24308,59,1
24309,59,1
24309,60,3
24310,56,1
24310,59,1
24310,57,1
24310,15,1
24311,60,1
24311,57,1
24312,57,1
24312,60,2
24312,59,1
24313,57,1
24313,5,1
24313,60,2
24314,57,1
24314,27,1
24314,33,2
24315,58,1
24315,57,1
24315,56,3
24315,39,1
24316,56,1
24316,11,3
24316,60,2
24317,59,1
24317,57,1
24318,56,1
24318,59,1
24319,55,1
24319,56,2
24320,43,2
24320,59,1
24321,57,1
24321,30,1
24321,59,1
24322,59,1
24322,60,1
24323,59,1
24323,14,1
24323,25,1
24324,21,1
24324,57,3
24325,59,1
24325,58,1
24325,56,1
24325,57,1
24326,58,1
24326,59,1
24326,47,3
24327,58,1
24327,57,1
24327,56,1
24327,60,1
24328,50,1
24328,60,1
24328,28,1
24328,56,1
24328,59,2
24329,60,1
24329,9,2
24329,56,1
24329,57,1
24330,60,1
24330,57,2
24330,58,1
24330,56,1
24331,57,3
24331,56,1
24331,58,1
24331,59,1
24332,59,1
24332,57,2
24333,59,1
24333,60,1
24333,58,2
24333,52,1
24334,35,1
24334,59,2
24335,58,1
24335,39,2
24335,59,1
24336,58,1
24336,57,2
24336,59,1
24336,60,2
24337,57,1
24337,56,1
24337,58,1
24338,60,1
24339,57,1
24339,60,2
24340,57,1
24340,56,2
24340,58,1
24341,57,1
24341,60,1
24341,11,1
24342,57,1
24342,18,3
24342,58,1
24343,56,1
24343,58,1
24343,26,1
24344,60,1
24344,2,1
24345,59,1
24345,42,1
24345,57,1
24346,58,1
24346,24,1
24346,59,1
24347,60,2
24347,58,1
24348,58,1
24348,47,3
24348,60,1
24349,57,2
24349,58,1
24350,59,1
24350,58,1
24351,60,1
24351,56,2
24351,57,2
24352,58,1
24352,57,1
24352,60,1
24353,58,1
24353,56,1
24354,8,1
24355,10,1
24355,27,1
24356,59,1
24356,58,2
24356,57,1
24357,57,3
24357,36,1
24358,32,1
24358,59,1
24358,58,3
24358,57,1
24359,57,2
24359,59,1
24359,58,1
24360,59,1
24360,58,1
24361,4,1
24361,19,1
24361,29,1
24362,27,3
24362,57,1
24362,19,1
24362,34,1
24363,34,1
24363,29,1
24363,6,1
24364,34,2
24364,16,1
24364,29,1
24365,19,1
24365,18,1
24366,34,1
24366,29,1
24367,34,2
24367,21,1
24367,19,1
24368,19,2
24368,18,2
24368,29,1
24368,15,1
24369,9,1
24369,50,2
24369,18,1
24370,60,1
24370,18,1
24370,34,3
24370,23,1
24371,18,1
24372,29,1
24372,2,1
24373,29,1
24373,18,1
24373,19,1
24373,57,1
24373,26,2
24374,18,2
24374,34,1
24375,34,2
24375,18,1
24376,19,1
24376,18,1
24377,29,1
24377,19,1
24377,18,1
24378,19,1
24378,29,1
24378,3,3
24378,18,1
24379,18,1
24379,15,1
24380,29,1
24380,19,1
24380,23,1
24381,29,1
24381,16,1
24382,29,1
24383,18,1
24383,2,1
24384,29,1
24384,19,1
24384,18,1
24385,18,1
24385,16,2
24385,19,2
24386,29,1
24386,19,1
24386,18,2
24387,19,1
24387,34,1
24387,6,1
24388,18,1
24388,29,2
24389,19,1
24389,18,1
24389,33,3
24389,29,1
24390,18,1
24390,19,1
24390,29,1
24390,9,1
24391,18,1
24391,29,1
24392,19,1
24392,25,1
24392,34,1
24393,34,2
24393,18,1
24393,10,2
24394,18,1
24394,34,1
24394,19,2
24395,18,1
24395,34,1
24396,18,1
24396,29,1
24396,22,3
24396,6,1
24396,19,1
24397,60,1
24397,27,2
24398,34,1
24398,20,1
24398,18,1
24398,19,2
24399,19,1
24399,34,1
24400,19,1
24400,34,1
24400,21,2
24401,19,1
24401,18,1
24402,57,1
24402,29,3
24402,19,1
24403,29,2
24403,18,1
24403,34,1
24404,29,1
24404,34,1
24404,18,1
24405,18,1
24405,44,1
24405,34,1
24406,29,1
24406,19,1
24406,18,1
24407,19,1
24407,34,1
24407,59,2
24407,29,1
24408,29,1
24408,34,1
24409,8,1
24409,19,1
24409,18,1
24410,29,2
24410,19,1
24410,34,3
24411,34,1
24411,18,1
24411,29,1
24412,18,1
24412,29,1
24413,56,1
24413,29,1
24413,18,1
24414,19,1
24415,19,1
24415,31,2
24415,34,1
24415,18,1
24416,18,1
24416,40,1
24416,34,1
24416,29,1
24417,16,1
24417,6,1
24417,18,1
24418,29,2
24418,19,1
24418,34,1
24418,1,1
24419,32,3
24419,34,1
24419,19,2
24420,18,1
24420,34,1
24420,19,2
24421,15,2
24421,59,2
24422,3,2
24422,9,1
24423,15,1
24423,3,2
24424,2,1
24424,1,1
24424,8,1
24425,7,1
24425,5,1
24426,5,1
24426,4,1
24426,8,3
24426,3,1
24427,53,1
24427,8,1
24427,43,1
24428,5,2
24428,2,1
24429,3,1
24430,5,1
24430,9,1
24430,55,2
24431,6,1
24431,2,1
24431,7,1
24432,2,1
24432,9,1
24433,10,1
24433,9,1
24434,11,2
24434,5,1
24434,3,1
24435,22,1
24435,2,1
24436,8,2
24436,1,1
24436,40,1
24437,52,1
24437,1,1
24438,8,1
24438,52,2
24438,19,1
24439,7,1
24439,9,1
24439,3,2
24440,6,1
24440,3,2
24441,7,1
24441,9,1
24441,3,1
24442,6,1
24442,5,1
24443,36,1
24443,7,3
24443,3,3
24444,8,1
24444,4,1
24444,15,2
24445,5,2
24445,2,1
24446,9,2
24446,2,1
24446,7,1
24446,27,2
24447,9,1
24447,5,1
24447,6,1
24448,8,2
24448,6,1
24449,35,1
24450,2,1
24450,3,3
24450,9,1
24451,8,1
24451,9,1
24451,5,1
24452,55,2
24452,4,1
24453,1,1
24453,6,1
24454,25,1
24454,4,1
24454,8,1
24454,9,1
24455,3,1
24455,5,1
24456,5,1
24456,8,1
24456,2,1
24457,8,1
24457,6,1
24457,1,2
24457,3,1
24458,2,1
24458,3,1
24458,8,1
24459,4,1
24459,53,2
24459,5,1
24460,8,1
24460,1,1
24461,3,1
24461,2,2
24461,4,1
24462,9,1
24462,4,1
24463,8,1
24463,3,1
24463,5,1
24463,14,1
24464,45,1
24464,3,1
24464,9,2
24465,4,1
24465,6,2
24466,3,1
24466,9,1
24466,1,1
24467,1,1
24467,2,1
24468,35,1
24468,3,1
24468,4,1
24468,11,1
24469,6,1
24469,3,1
24469,7,1
24470,4,2
24470,5,1
24470,6,2
24470,13,2
24471,8,3
24471,6,2
24471,7,1
24472,3,1
24472,9,1
24472,2,2
24473,2,1
24473,1,1
24474,6,1
24474,55,1
24474,5,1
24474,9,1
24474,2,1
24475,8,3
24475,9,2
24476,3,1
24476,1,1
24476,57,2
24477,8,1
24477,1,1
24478,3,1
24478,5,1
24479,8,2
24479,1,1
24479,39,1
24480,50,1
24480,6,1
24480,3,1
24480,60,2
24481,4,1
24481,6,1
24482,4,1
24483,46,1
24483,3,1
24483,23,1
24484,5,1
24484,7,1
24485,4,1
24485,13,1
24486,2,1
24486,4,3
24486,5,3
24486,8,1
24487,8,1
24487,53,1
24487,4,1
24488,2,1
24489,43,1
24489,7,2
24490,25,1
24490,3,1
24490,5,1
24490,8,1
24491,5,2
24491,15,1
24491,1,1
24492,7,2
24492,9,1
24492,4,1
24493,6,3
24493,1,1
24493,4,1
24493,9,1
24494,2,1
24494,5,2
24495,3,1
24495,37,1
24495,1,1
24496,2,1
24496,5,1
24497,4,1
24497,7,1
24497,3,1
24497,2,1
24498,9,1
24498,14,1
24498,4,1
24499,7,1
24499,18,1
24499,1,1
24500,4,1
24500,39,1
24500,5,2
24501,9,1
24501,2,1
24502,20,3
24502,14,1
24502,4,1
24502,2,2
24503,58,1
24503,37,1
24503,1,1
24504,52,1
24504,16,1
24504,57,1
24504,8,1
24505,6,1
24505,5,1
24505,3,1
24506,9,1
24506,6,1
24506,39,2
24507,2,1
24507,6,1
24507,8,1
24508,2,1
24508,1,3
24508,8,1
24509,7,1
24509,8,1
24509,9,1
24510,9,1
24510,41,2
24510,8,1
24510,6,1
24511,44,1
24511,5,1
24511,8,2
24512,2,1
24512,6,1
24512,43,1
24512,53,1
24512,54,1
24513,4,1
24513,3,1
24513,9,1
24514,4,1
24514,1,1
24514,3,1
24515,49,1
24515,4,1
24515,3,1
24516,3,1
24516,1,2
24516,6,1
24517,9,1
24517,3,1
24517,5,1
24518,5,1
24519,2,1
24520,9,1
24520,4,2
24520,2,1
24521,5,1
24522,3,1
24522,2,1
24523,50,1
24523,7,1
24523,5,3
24524,1,1
24524,3,1
24524,5,1
24525,7,1
24525,6,1
24525,9,1
24526,4,1
24526,38,1
24527,9,1
24527,6,1
24527,8,1
24528,5,1
24528,43,2
24529,1,3
24529,8,1
24530,20,1
24530,2,1
24530,5,1
24531,9,1
24531,3,1
24532,8,1
24532,6,1
24532,1,1
24533,2,2
24533,29,1
24533,43,1
24534,9,3
24534,5,2
24535,4,3
24535,9,1
24535,6,1
24535,8,1
24536,7,1
24536,1,1
24537,41,1
24537,9,1
24537,59,1
24538,6,1
24538,7,1
24538,8,2
24538,2,1
24539,4,1
24540,7,1
24540,6,1
24540,3,1
24541,28,1
24541,30,1
24541,39,1
24542,30,1
24542,33,3
24543,29,2
24543,16,1
24543,19,1
24544,32,1
24544,30,1
24545,33,1
24545,29,1
24546,31,1
24546,33,2
24547,31,1
24547,28,3
24547,30,1
24548,33,1
24548,53,1
24548,30,1
24549,29,1
24549,33,2
24550,33,1
24550,31,1
24551,28,1
24551,33,1
24551,32,1
24551,29,1
24552,29,1
24552,33,1
24552,30,1
24553,31,1
24553,44,3
24554,33,2
24554,28,1
24555,32,2
24555,33,1
24555,29,3
24556,29,1
24556,28,1
24557,33,1
24557,11,1
24558,31,1
24558,29,1
24559,32,1
24559,29,3
24559,28,2
24559,30,2
24560,33,1
24560,36,2
24561,30,1
24561,31,1
24561,28,1
24561,29,1
24561,32,1
24562,51,1
24562,29,1
24563,30,1
24564,29,2
24564,30,2
24564,28,1
24564,32,1
24565,28,1
24565,18,1
24565,13,1
24566,32,1
24566,51,1
24566,30,1
24566,33,1
24567,31,1
24567,28,1
24568,32,1
24568,31,1
24569,29,1
24569,33,1
24569,32,1
24570,33,1
24570,28,1
24571,30,3
24571,28,2
24571,29,1
24572,32,1
24572,29,1
24572,36,1
24573,53,1
24573,33,1
24573,54,1
24573,30,1
24574,32,1
24574,29,1
24574,30,1
24575,30,2
24575,32,1
24576,31,1
24576,30,1
24576,55,1
24577,28,2
24577,33,1
24578,29,1
24578,33,1
24578,31,2
24579,33,3
24579,20,1
24579,30,2
24580,31,1
24580,29,1
24580,28,1
24581,31,1
24581,25,1
24581,53,1
24581,32,1
24582,29,1
24582,30,1
24583,31,1
24583,33,3
24584,28,1
24584,30,1
24585,28,3
24585,12,3
24585,32,1
24586,33,1
24586,31,1
24587,31,3
24587,32,1
24588,33,1
24588,28,2
24589,33,1
24589,23,1
24589,28,1
24590,30,2
24590,32,1
24591,32,1
24591,31,1
24591,20,3
24592,13,1
24592,32,1
24593,32,1
24593,28,1
24594,33,1
24594,30,1
24594,32,1
24594,28,1
24595,29,1
24595,28,1
24595,30,1
24596,32,1
24596,29,1
24596,31,1
24597,32,1
24597,28,1
24597,30,1
24598,31,1
24598,33,1
24598,29,1
24599,42,2
24599,29,1
24600,17,1
24601,22,1
24601,23,2
24602,33,1
24602,22,1
24603,24,1
24603,25,1
24604,33,1
24604,24,1
24604,23,1
24605,23,1
24605,24,1
24605,54,1
24606,19,1
24606,22,1
24606,25,1
24607,22,1
24607,14,1
24607,23,1
24608,24,1
24608,3,1
24609,24,3
24609,52,1
24609,42,2
24609,23,1
24609,25,2
24610,22,2
24610,53,1
24611,55,1
24611,25,1
24611,24,2
24611,59,1
24611,23,1
24612,23,1
24612,24,1
24613,22,1
24613,25,1
24614,24,1
24615,22,1
24615,9,1
24615,25,2
24616,24,1
24616,22,1
24616,26,1
24616,23,2
24617,23,1
24617,24,2
24617,22,1
24617,25,1
24618,4,2
24618,24,2
24618,25,1
24619,25,1
24619,23,1
24620,19,1
24620,26,1
24620,24,1
24621,22,1
24621,52,1
24622,24,1
24622,55,1
24622,45,1
24622,29,1
24623,24,1
24623,47,1
24624,25,2
24624,22,1
24624,24,1
24625,23,1
24625,24,1
24625,25,1
24626,22,1
24626,25,1
24626,23,2
24627,22,1
24627,46,1
24628,28,1
24628,23,2
24629,24,1
24629,25,2
24630,23,1
24630,22,1
24630,24,1
24631,22,1
24631,23,1
24632,25,1
24632,3,1
24632,23,1
24633,23,1
24633,10,1
24634,25,1
24635,22,1
24635,23,1
24636,24,1
24636,22,1
24636,51,2
24636,23,1
24637,26,1
24637,22,1
24637,23,1
24638,23,1
24638,50,3
24639,17,1
24639,34,1
24639,25,2
24640,25,2
24640,24,1
24640,49,3
24640,23,1
24641,24,1
24641,22,1
24642,41,1
24642,24,1
24642,52,2
24642,25,1
24642,57,1
24643,24,1
24643,23,1
24644,25,2
24644,23,3
24644,14,1
24644,24,1
24644,31,1
24645,25,2
24645,24,1
24646,22,1
24646,58,1
24646,25,2
24646,23,3
24646,6,1
24647,22,1
24647,24,1
24647,23,1
24648,16,1
24648,7,1
24649,14,1
24649,45,2
24649,24,2
24649,22,1
24650,25,1
24650,23,1
24650,58,3
24651,23,1
24651,25,1
24652,27,1
24652,25,3
24653,24,1
24653,22,1
24653,21,1
24654,37,1
24654,23,1
24655,25,1
24655,22,1
24655,24,2
24656,23,1
24656,48,1
24656,25,2
24657,23,1
24657,24,1
24658,17,2
24658,22,1
24659,25,1
24659,24,1
24660,23,1
24660,22,2
24660,17,1
24661,8,1
24661,6,1
24662,14,1
24662,9,1
24662,3,1
24663,28,1
24663,8,1
24663,4,2
24663,37,1
24664,31,1
24664,2,1
24664,3,1
24665,33,1
24665,14,1
24666,30,1
24666,6,1
24666,9,1
24667,1,1
24668,8,1
24668,9,1
24668,5,1
24669,19,1
24669,6,1
24669,9,1
24670,3,1
24671,45,1
24671,1,1
24671,28,2
24672,3,1
24672,31,1
24672,49,1
24673,4,1
24674,3,1
24674,15,1
24674,19,1
24675,3,1
24675,4,2
24675,7,1
24676,7,1
24676,39,1
24677,6,1
24677,8,2
24677,7,2
24678,1,1
24678,7,1
24679,1,1
24679,5,1
24680,9,2
24680,1,1
24681,5,1
24681,2,1
24681,7,1
24681,60,1
24682,4,3
24682,7,1
24683,2,1
24683,1,1
24683,8,1
24684,4,1
24684,37,1
24684,3,1
24685,2,3
24685,3,1
24686,1,1
24686,2,1
24687,4,1
24687,6,2
24687,3,1
24688,4,1
24688,5,1
24689,7,1
24689,6,1
24689,8,1
24689,30,1
24690,10,1
24690,51,1
24691,7,1
24691,6,1
24691,3,1
24692,1,1
24692,9,1
24693,5,1
24693,31,1
24694,5,1
24694,2,1
24694,9,1
24695,43,1
24695,7,1
24695,1,1
24696,3,1
24696,8,3
24697,8,1
24697,2,1
24697,5,1
24698,3,2
24698,6,2
24699,2,1
24700,7,1
24700,9,1
24700,5,1
24700,2,1
24701,20,1
24701,3,1
24701,7,1
24701,9,1
24702,6,1
24702,7,1
24702,3,1
24703,6,1
24703,8,2
24703,34,1
24703,7,1
24704,3,1
24704,38,1
24704,46,3
24705,4,1
24705,3,1
24706,5,1
24706,8,1
24706,3,1
24707,7,1
24707,5,2
24707,4,1
24708,7,1
24708,44,1
24709,1,2
24709,7,1
24709,50,1
24710,5,1
24710,8,1
24710,46,2
24711,3,1
24711,7,1
24712,7,2
24712,8,1
24712,2,1
24713,2,1
24714,1,1
24714,3,1
24714,5,2
24715,5,1
24715,4,1
24716,5,1
24716,7,1
24717,5,1
24717,25,2
24717,3,1
24718,5,1
24718,11,1
24719,41,1
24719,2,3
24720,19,1
24720,1,3
24721,38,1
24721,37,1
24721,40,1
24721,39,1
24722,40,1
24722,41,1
24722,50,1
24722,39,1
24722,37,1
24723,39,1
24723,41,1
24723,40,1
24723,37,1
24724,40,1
24724,37,2
24725,39,1
24725,41,1
24725,15,1
24725,42,1
24725,40,1
24726,28,2
24726,40,1
24726,5,1
24726,38,1
24727,42,1
24727,40,2
24728,37,1
24728,40,2
24729,38,1
24729,55,2
24729,39,1
24730,41,1
24730,39,2
24731,19,1
24731,42,1
24732,42,2
24732,14,1
24732,48,2
24733,38,2
24733,42,1
24733,39,1
24733,37,1
24734,42,1
24734,38,1
24734,41,1
24735,40,1
24735,49,1
24735,38,1
24735,41,2
24736,37,2
24736,39,1
24736,40,2
24736,41,1
24737,56,1
24737,41,1
24737,38,2
24737,39,1
24738,47,1
24738,57,1
24738,38,1
24739,41,1
24739,40,1
24740,41,1
24740,33,1
24741,20,2
24741,37,1
24741,42,1
24742,37,1
24742,49,3
24743,39,1
24743,37,1
24743,42,1
24743,40,1
24744,37,1
24744,41,1
24745,40,3
24745,42,1
24745,29,1
24746,39,1
24746,42,1
24746,38,1
24747,42,1
24747,37,1
24747,39,1
24747,20,1
24748,39,1
24748,40,1
24748,23,1
24748,14,1
24749,41,1
24749,38,1
24750,38,1
24750,39,1
24750,42,1
24751,38,2
24751,37,1
24751,45,3
24752,32,1
24752,40,2
24753,42,1
24753,38,3
24754,37,1
24754,22,1
24754,39,1
24754,7,1
24755,40,3
24755,37,1
24755,41,2
24756,39,1
24756,22,1
24757,38,1
24757,6,2
24757,45,1
24757,41,1
24758,39,1
24758,38,1
24758,37,2
24759,40,1
24759,38,2
24759,41,1
24760,37,3
24760,59,3
24760,60,1
24761,38,1
24761,39,2
24762,41,1
24762,10,1
24762,38,1
24762,37,3
24762,60,1
24763,37,1
24763,53,2
24764,41,1
24764,37,1
24765,51,1
24765,37,1
24766,38,1
24766,6,1
24766,39,1
24766,37,1
24767,41,1
24767,39,1
24767,37,1
24767,28,1
24768,41,1
24768,40,3
24768,38,1
24769,8,1
24769,37,1
24769,42,2
24770,39,1
24770,35,1
24770,40,1
24771,40,1
24771,42,1
24771,37,1
24772,42,1
24772,33,1
24772,40,2
24773,42,1
24773,40,2
24773,39,1
24774,37,1
24774,41,1
24775,39,3
24775,41,1
24775,54,2
24775,19,1
24776,40,1
24776,39,1
24777,59,1
24778,39,1
24778,38,1
24779,40,3
24779,38,2
24779,41,1
24780,54,3
24780,37,1
24780,42,3
24781,20,1
24781,30,1
24781,53,1
24782,24,1
24782,25,1
24782,57,1
24782,23,1
24783,22,1
24783,23,1
24784,23,1
24784,24,1
24784,60,1
24785,23,1
24785,55,1
24785,22,1
24785,24,1
24786,23,1
24786,22,1
24787,2,1
24787,57,1
24787,23,1
24788,24,1
24789,53,1
24789,25,1
24789,24,1
24790,23,1
24790,25,1
24790,22,2
24791,23,1
24791,53,1
24791,24,1
24792,22,1
24793,1,1
24794,23,1
24794,22,2
24794,24,1
24795,23,1
24796,22,1
24796,24,2
24797,33,1
24797,2,1
24797,23,1
24798,24,1
24798,22,1
24799,25,1
24799,23,1
24799,47,1
24799,24,1
24800,23,1
24800,40,1
24801,25,2
24801,23,2
24801,24,1
24801,32,1
24802,23,1
24802,25,2
24802,24,1
24803,25,1
24803,22,1
24804,22,1
24804,24,1
24805,25,1
24805,24,1
24805,23,3
24805,22,1
24806,22,1
24806,23,3
24807,25,1
24807,23,1
24807,19,1
24808,1,1
24808,22,1
24809,23,2
24809,29,1
24809,24,1
24810,22,1
24810,23,1
24811,37,1
24811,25,1
24811,22,2
24812,22,2
24812,10,1
24813,22,1
24813,49,1
24813,23,1
24814,25,1
24814,2,1
24814,23,2
24815,22,1
24815,23,1
24815,25,2
24816,24,1
24816,25,1
24816,51,1
24816,23,1
24817,25,1
24817,23,1
24817,24,1
24817,22,1
24818,51,1
24818,22,1
24818,6,1
24819,23,1
24819,14,1
24820,55,1
24820,25,1
24820,23,1
24821,23,1
24821,11,1
24822,23,1
24822,24,2
24822,25,1
24823,24,1
24823,1,1
24823,25,1
24823,16,1
24824,25,2
24824,22,1
24825,22,2
24825,53,1
24825,14,1
24825,23,1
24826,24,2
24826,43,1
24827,22,1
24827,24,1
24827,23,1
24828,23,1
24828,17,1
24828,22,1
24829,23,1
24830,24,1
24830,25,1
24831,25,1
24831,44,1
24831,23,2
24832,25,2
24832,24,1
24832,4,2
24832,23,1
24833,2,1
24833,24,1
24833,25,1
24834,24,1
24834,23,1
24835,25,1
24835,23,1
24835,22,3
24836,23,1
24836,24,1
24837,25,1
24837,23,1
24838,23,1
24838,49,2
24838,22,1
24839,17,1
24839,28,1
24839,24,1
24840,24,1
24840,25,1
24840,34,1
24841,39,1
24841,38,1
24841,42,1
24841,46,1
24842,41,1
24842,40,1
24843,38,2
24843,39,1
24843,41,1
24843,17,1
24844,39,1
24844,40,1
24844,41,1
24844,42,1
24845,43,3
24845,41,3
24846,39,1
24846,40,1
24846,48,1
24846,38,1
24847,31,1
24847,23,1
24847,39,1
24848,42,1
24848,38,1
24848,40,2
24848,22,1
24849,40,1
24849,41,2
24849,38,1
24850,42,1
24850,37,1
24851,38,1
24851,37,2
24852,37,1
24852,41,1
24852,40,1
24853,39,1
24853,37,1
24854,37,2
24854,38,1
24855,41,1
24855,53,1
24855,37,1
24855,12,1
24856,41,1
24856,39,1
24856,6,1
24857,38,1
24857,42,1
24857,40,1
24858,41,1
24858,42,1
24858,20,3
24859,40,2
24859,42,1
24859,37,1
24860,40,1
24860,43,1
24860,39,1
24861,39,1
24861,37,1
24861,38,1
24861,36,1
24862,39,1
24862,42,1
24862,40,1
24863,39,2
24863,42,1
24863,14,1
24864,9,1
24864,31,1
24864,37,2
24864,53,1
24864,40,1
24865,57,1
24865,37,1
24866,40,1
24866,38,1
24866,45,3
24866,48,1
24867,39,1
24867,45,1
24867,40,2
24867,42,2
24868,37,1
24868,41,1
24868,38,1
24868,56,1
24868,40,1
24869,40,2
24869,42,1
24869,39,1
24869,41,1
24869,18,1
24870,40,1
24870,37,1
24870,39,1
24870,29,2
24870,38,1
24871,1,1
24871,39,1
24871,40,1
24871,42,1
24871,41,1
24872,37,1
24872,40,1
24872,41,1
24873,20,1
24873,25,1
24874,37,1
24874,38,1
24874,40,1
24874,41,2
24875,40,1
24875,37,1
24876,39,1
24876,37,2
24876,42,1
24876,11,1
24877,38,1
24877,37,1
24877,18,1
24878,41,1
24878,39,2
24878,17,1
24878,38,1
24879,37,1
24879,41,3
24879,38,1
24880,41,1
24880,38,1
24880,37,1
24881,38,1
24881,59,1
24881,2,2
24882,42,1
24882,41,1
24882,39,2
24883,40,1
24883,38,1
24883,42,1
24883,41,1
24884,37,1
24884,39,1
24884,41,2
24885,39,1
24885,37,1
24886,37,1
24886,38,1
24886,30,1
24886,40,1
24887,39,1
24887,38,2
24887,42,1
24888,38,1
24888,39,1
24888,40,1
24889,49,1
24889,37,1
24889,41,1
24890,40,2
24890,39,1
24890,41,1
24890,37,1
24891,37,1
24891,55,1
24891,38,1
24891,41,3
24892,11,1
24892,37,1
24892,39,2
24892,38,1
24893,39,2
24893,42,1
24893,41,1
24893,6,1
24894,41,1
24894,42,1
24894,38,1
24895,38,1
24895,59,1
24895,30,1
24896,38,2
24896,40,1
24896,52,2
24897,32,1
24897,42,2
24897,37,2
24898,38,1
24898,1,1
24898,37,1
24898,28,1
24898,40,2
24899,40,1
24899,38,1
24899,42,1
24899,37,1
24900,40,3
24900,37,1
24900,39,2
24901,11,3
24902,15,1
24902,25,1
24902,10,2
24902,12,1
24903,14,1
24903,12,1
24903,11,1
24904,12,1
24904,16,1
24905,16,1
24905,2,1
24905,32,1
24906,11,1
24906,13,1
24907,16,1
24907,14,1
24908,7,1
24908,13,1
24909,14,1
24909,13,1
24909,15,1
24909,12,1
24909,50,1
24910,15,1
24910,14,1
24910,12,1
24911,24,1
24911,15,1
24912,52,1
24912,16,1
24912,15,1
24912,54,2
24913,10,3
24913,11,1
24914,10,1
24914,15,1
24915,14,1
24915,13,1
24915,16,3
24916,12,1
24916,13,2
24916,16,1
24917,10,1
24917,12,1
24918,13,2
24918,16,3
24918,10,1
24918,14,1
24919,14,1
24919,12,1
24920,43,2
24920,14,1
24920,15,1
24921,14,1
24921,16,1
24922,11,2
24922,16,1
24923,15,1
24923,13,1
24923,16,1
24923,14,1
24924,11,1
24924,10,3
24924,12,1
24924,31,1
24924,50,1
24925,31,1
24925,16,1
24925,11,3
24926,14,1
24926,12,1
24927,10,1
24927,13,1
24927,25,1
24928,14,3
24928,12,1
24929,10,1
24930,12,1
24930,16,2
24931,15,1
24931,14,1
24932,13,1
24933,16,1
24933,13,1
24934,10,1
24934,12,1
24934,38,1
24934,13,1
24935,15,1
24935,12,1
24935,14,1
24936,39,1
24936,15,1
24937,15,1
24937,10,1
24937,12,1
24937,13,2
24938,11,1
24938,16,1
24939,14,2
24939,23,2
24940,2,1
24940,15,1
24940,11,1
24941,10,1
24941,13,1
24942,7,1
24942,10,2
24943,16,1
24943,12,2
24944,15,1
24944,10,2
24945,36,2
24945,7,1
24945,12,2
24946,15,3
24946,10,1
24947,14,1
24947,16,1
24947,12,1
24948,17,3
24948,36,1
24949,12,1
24949,15,1
24950,45,1
24950,42,1
24950,31,1
24951,14,1
24951,13,1
24951,15,1
24952,13,1
24952,38,1
24952,15,2
24952,12,1
24952,10,1
24953,16,1
24953,36,1
24954,10,1
24954,13,1
24955,11,1
24955,14,1
24955,26,1
24956,10,1
24956,14,1
24956,11,1
24956,13,1
24957,15,1
24957,45,1
24958,16,1
24958,10,1
24958,14,1
24959,23,1
24960,16,1
24960,15,1
24961,52,1
24961,40,2
24961,43,1
24961,42,1
24962,54,1
24962,42,1
24963,39,1
24963,37,1
24963,42,1
24963,13,1
24964,42,2
24964,10,2
24964,39,2
24965,4,1
24965,42,1
24965,39,2
24965,37,1
24966,39,1
24966,40,2
24966,21,1
24967,37,1
24967,36,1
24967,40,1
24968,60,1
24968,42,1
24968,39,1
24969,6,1
24969,39,1
24969,38,1
24970,39,1
24970,37,1
24971,37,1
24971,41,3
24971,38,2
24972,42,1
24972,39,2
24973,37,1
24973,39,1
24974,41,1
24974,37,1
24974,42,1
24974,39,1
24975,41,2
24975,37,3
24975,39,1
24976,40,1
24976,33,1
24976,58,1
24977,50,3
24977,31,1
24977,40,1
24977,39,1
24977,37,3
24978,42,1
24978,41,1
24978,38,1
24978,40,2
24978,37,1
24979,41,1
24979,38,1
24979,37,1
24979,42,1
24980,40,1
24980,38,1
24980,42,3
24981,41,1
24981,56,1
24982,37,1
24982,39,1
24982,40,2
24983,11,1
24983,6,2
24984,42,1
24984,38,1
24984,41,1
24984,39,1
24985,31,1
24985,38,1
24985,40,3
24985,39,1
24986,26,1
24986,40,1
24986,38,2
24987,39,1
24987,41,2
24988,13,1
24988,39,1
24988,26,1
24989,39,3
24989,48,1
24989,38,1
24989,37,2
24990,38,1
24990,40,1
24990,42,1
24990,39,1
24991,37,1
24991,40,1
24991,51,1
24992,34,1
24992,39,1
24992,37,2
24993,41,2
24993,42,2
24994,41,1
24994,42,1
24994,22,1
24995,40,1
24995,41,1
24995,42,1
24995,37,1
24996,60,2
24996,40,1
24997,42,1
24997,39,1
24997,40,1
24997,38,1
24998,37,1
24998,39,1
24998,42,2
24999,37,1
24999,42,1
24999,38,1
25000,37,1
25000,38,1
25000,43,1
25001,40,1
25001,42,2
25002,37,1
25002,41,1
25002,38,1
25003,41,1
25003,1,1
25003,38,2
25004,38,1
25004,32,2
25004,41,1
25005,42,1
25005,37,2
25005,40,1
25006,40,1
25006,38,1
25006,25,1
25006,37,2
25007,13,1
25007,40,1
25007,38,1
25007,41,1
25007,37,1
25008,41,1
25008,38,1
25008,42,1
25009,41,1
25009,38,1
25009,39,1
25009,42,2
25010,37,1
25010,18,1
25010,41,1
25011,41,1
25011,42,1
25012,37,1
25012,42,2
25012,40,2
25012,39,1
25013,39,1
25013,40,1
25013,37,1
25014,39,1
25014,37,1
25014,38,1
25015,38,1
25015,40,1
25015,51,1
25015,26,1
25015,9,1
25016,39,1
25016,37,1
25017,40,1
25017,42,1
25017,37,1
25018,38,1
25018,41,1
25018,39,3
25018,40,1
25019,39,3
25019,41,1
25019,37,1
25019,22,1
25019,42,1
25020,38,1
25020,37,3
25021,4,1
25021,1,1
25021,39,2
25022,3,1
25022,20,1
25022,2,2
25022,9,1
25023,8,1
25023,2,1
25024,4,1
25024,7,1
25024,1,1
25025,8,1
25025,6,1
25026,8,1
25026,7,1
25027,7,1
25027,2,2
25028,49,3
25028,3,1
25028,5,1
25029,6,1
25029,1,1
25029,5,2
25030,1,1
25030,5,2
25030,9,1
25031,8,1
25031,9,1
25032,6,2
25032,9,1
25032,1,2
25032,3,1
25033,7,2
25033,56,1
25033,6,2
25033,5,1
25034,4,2
25035,6,2
25035,9,1
25036,7,1
25036,8,1
25036,4,2
25037,1,1
25037,4,1
25038,4,1
25038,3,2
25039,6,2
25039,7,2
25039,9,1
25040,6,1
25040,50,2
25040,1,1
25041,5,1
25041,8,1
25041,11,1
25042,2,2
25042,3,1
25043,5,1
25043,7,1
25043,47,1
25043,3,1
25044,4,1
25044,42,1
25045,1,1
25045,4,1
25045,6,1
25046,2,1
25046,9,1
25046,8,2
25047,6,1
25047,3,1
25047,8,1
25047,2,1
25048,58,1
25048,2,3
25049,9,1
25050,4,1
25050,1,1
25051,3,3
25051,6,1
25051,7,1
25052,36,1
25052,7,1
25053,47,1
25053,3,1
25054,5,1
25054,4,1
25054,1,2
25055,43,1
25055,8,1
25056,1,1
25056,9,1
25057,17,1
25057,7,2
25058,7,1
25058,57,3
25059,3,3
25059,1,2
25060,56,1
25060,22,1
25060,6,1
25061,9,2
25061,2,1
25061,5,1
25061,6,1
25062,6,1
25062,37,1
25062,2,2
25063,7,1
25063,9,2
25063,2,1
25064,2,1
25064,29,1
25065,8,1
25065,54,1
25066,6,3
25066,2,1
25066,28,1
25067,1,1
25067,9,1
25068,2,1
25068,3,2
25068,8,1
25069,8,1
25069,3,1
25070,7,1
25070,9,1
25070,8,2
25070,2,1
25071,2,1
25071,1,1
25071,35,1
25072,4,1
25072,7,1
25072,6,1
25073,1,1
25073,6,1
25073,4,2
25074,1,1
25074,3,1
25075,7,1
25075,2,1
25076,1,2
25076,8,1
25077,3,1
25077,9,1
25078,4,1
25078,15,1
25079,12,1
25079,7,1
25080,1,2
25080,6,1
25080,7,1
25081,43,1
25081,24,1
25082,31,1
25082,32,1
25083,22,1
25083,25,1
25083,56,1
25084,24,1
25084,23,1
25084,22,1
25085,22,1
25085,24,1
25085,55,2
25086,33,1
25086,22,1
25086,24,1
25087,24,1
25087,23,1
25087,9,1
25088,23,1
25089,25,2
25089,23,1
25089,24,1
25090,26,1
25090,22,1
25090,24,1
25091,14,1
25091,22,1
25092,24,1
25092,22,3
25092,11,1
25093,24,2
25093,14,1
25094,23,1
25094,24,1
25094,43,1
25094,37,1
25095,24,1
25095,25,1
25095,22,1
25095,4,1
25096,25,1
25096,23,1
25097,24,1
25097,23,2
25097,25,1
25097,22,1
25098,23,3
25098,24,3
25098,54,1
25099,24,1
25099,25,1
25100,25,1
25100,22,1
25100,24,2
25101,23,1
25101,20,1
25102,23,1
25102,57,1
25102,24,1
25103,22,2
25103,25,1
25103,57,1
25104,23,2
25104,22,1
25105,46,3
25105,31,3
25105,24,1
25106,24,2
25106,25,1
25106,26,1
25107,25,1
25107,22,1
25107,24,1
25107,23,1
25108,25,1
25108,23,1
25109,21,1
25109,23,1
25109,25,2
25110,23,1
25110,22,2
25110,25,2
25111,24,1
25111,22,1
25112,24,1
25113,60,3
25113,8,1
25113,24,3
25114,25,1
25114,53,1
25114,23,1
25115,22,2
25115,23,1
25116,3,1
25116,17,1
25116,22,1
25117,25,1
25117,10,1
25118,24,1
25118,55,2
25118,22,1
25119,53,1
25119,25,2
25120,25,1
25120,12,1
25121,22,1
25122,23,1
25122,22,1
25123,24,1
25123,25,1
25124,25,1
25125,24,1
25125,56,1
25125,49,2
25125,44,1
25126,24,2
25126,25,1
25127,23,1
25128,24,1
25128,42,3
25129,22,1
25129,25,1
25130,22,1
25130,24,1
25131,22,1
25131,24,2
25131,23,2
25131,11,1
25131,39,1
25132,23,1
25132,25,1
25133,24,1
25134,25,1
25134,24,1
25134,23,1
25135,51,1
25135,24,1
25135,22,1
25136,25,1
25136,23,1
25136,24,3
25137,22,2
25137,35,1
25138,25,1
25138,23,2
25138,60,1
25139,31,1
25139,30,1
25139,24,1
25140,38,2
25140,22,1
25140,24,1
25141,27,1
25141,3,1
25141,4,1
25142,5,1
25142,7,1
25142,4,2
25143,34,1
25143,2,2
25143,7,1
25143,5,1
25144,1,1
25144,7,1
25145,7,1
25145,9,1
25146,9,1
25147,7,1
25147,4,1
25148,9,1
25148,5,2
25149,9,1
25150,26,1
25150,7,2
25151,7,1
25151,9,1
25152,4,1
25152,55,2
25152,1,1
25152,8,1
25153,4,2
25153,5,1
25154,7,1
25154,9,1
25155,9,1
25156,6,3
25156,2,1
25156,17,1
25156,1,2
25157,5,1
25157,9,1
25158,60,1
25158,9,2
25159,3,2
25159,31,2
25160,2,1
25160,8,1
25160,7,1
25160,36,1
25161,2,1
25161,3,3
25161,8,1
25162,59,2
25162,2,1
25163,1,2
25163,8,1
25164,2,1
25164,7,1
25164,23,1
25165,4,1
25165,6,1
25166,8,1
25166,9,1
25167,2,1
25167,3,1
25167,7,1
25167,8,1
25168,33,1
25168,8,1
25169,3,1
25169,45,1
25170,4,1
25170,8,1
25171,5,1
25171,9,1
25172,9,1
25172,8,1
25173,2,1
25173,9,2
25173,8,1
25173,3,1
25174,4,1
25175,3,1
25175,6,2
25175,2,1
25176,1,1
25176,8,1
25177,14,1
25177,6,1
25177,5,1
25178,4,1
25178,6,1
25179,23,1
25179,3,1
25180,2,1
25180,6,1
25181,3,1
25181,6,1
25181,59,3
25182,22,1
25182,6,1
25182,5,1
25183,16,1
25183,5,1
25183,2,1
25183,4,2
25184,8,1
25185,4,1
25185,1,1
25186,1,1
25186,6,1
25186,2,1
25187,7,1
25187,8,1
25187,9,1
25187,3,2
25188,8,3
25188,7,1
25189,4,1
25189,9,1
25189,7,1
25190,29,3
25191,7,1
25191,21,1
25192,5,1
25192,7,1
25193,1,2
25193,3,1
25193,7,1
25194,3,1
25194,8,1
25194,7,1
25195,4,1
25195,37,1
25196,2,1
25197,44,1
25197,5,1
25197,7,1
25198,8,2
25198,9,2
25198,7,1
25199,1,1
25199,2,2
25199,4,1
25199,3,2
25200,9,1
25200,35,1
25201,18,1
25201,7,1
25202,34,1
25202,19,1
25202,21,1
25203,19,1
25203,18,1
25204,18,2
25204,29,1
25204,19,1
25205,19,1
25205,29,1
25205,18,1
25206,29,1
25206,19,1
25206,45,1
25206,50,2
25207,29,1
25207,34,1
25207,18,1
25207,19,1
25207,35,1
25208,19,1
25208,15,1
25209,8,3
25209,18,1
25209,29,1
25210,29,1
25210,39,2
25210,34,1
25211,34,1
25211,29,2
25211,18,1
25212,19,1
25212,45,1
25212,29,2
25213,19,3
25213,29,1
25213,26,1
25214,24,1
25214,29,1
25214,47,2
25215,54,1
25215,19,1
25215,18,1
25215,52,2
25216,12,1
25216,54,1
25216,29,1
25216,18,1
25217,19,1
25217,29,3
25218,18,1
25218,19,1
25218,46,1
25218,44,1
25219,34,1
25219,29,1
25219,19,2
25219,18,1
25219,59,1
25220,29,2
25221,8,2
25221,34,1
25221,29,1
25222,18,1
25222,34,2
25223,34,1
25223,29,1
25223,53,1
25223,18,2
25224,29,1
25224,18,1
25224,34,1
25224,19,1
25224,27,1
25225,19,1
25225,18,3
25226,19,1
25226,34,1
25226,18,1
25226,42,1
25227,29,1
25227,34,2
25227,19,1
25228,18,2
25228,19,1
25228,34,2
25229,34,1
25229,19,1
25229,18,1
25230,29,3
25230,34,1
25230,18,1
25230,41,1
25231,19,1
25231,29,1
25231,34,1
25232,29,2
25232,18,1
25232,34,1
25232,19,1
25232,1,1
25233,19,1
25233,34,2
25233,29,1
25233,18,1
25234,29,1
25234,18,1
25235,34,1
25235,19,1
25236,19,2
25236,34,1
25236,23,1
25236,29,1
25237,34,1
25237,19,1
25237,29,1
25237,18,1
25238,29,1
25238,19,2
25239,15,1
25239,29,2
25240,35,1
25240,18,1
25241,34,2
25241,18,1
25241,51,1
25242,34,1
25242,18,1
25242,21,1
25243,29,1
25243,18,1
25243,2,1
25243,34,2
25244,18,1
25244,19,1
25244,43,1
25245,43,1
25246,19,1
25246,29,1
25246,18,1
25246,58,1
25247,34,1
25247,19,2
25247,29,3
25247,18,1
25248,18,1
25248,10,1
25249,29,1
25249,18,2
25249,34,1
25249,19,3
25250,18,2
25250,19,1
25251,29,1
25251,9,1
25252,38,1
25252,9,2
25253,18,1
25253,19,1
25254,19,1
25254,29,1
25254,10,1
25255,18,1
25255,19,1
25256,34,1
25256,3,1
25256,41,1
25257,19,1
25257,18,3
25257,34,3
25258,29,1
25258,34,1
25258,19,1
25258,18,1
25259,18,3
25259,19,1
25260,59,1
25261,56,1
25261,77,1
25262,80,3
25262,75,2
25263,73,2
25263,74,1
25263,80,1
25263,77,1
25263,40,1
25264,80,1
25264,73,1
25264,77,1
25265,48,2
25265,74,1
25265,77,1
25265,73,1
25266,75,1
25266,76,1
25266,72,1
25267,79,1
25267,77,1
25267,75,2
25268,79,1
25268,72,3
25268,75,1
25269,77,1
25269,79,1
25270,71,2
25270,49,1
25271,77,1
25271,71,1
25271,80,1
25271,76,1
25272,8,1
25272,79,2
25273,77,2
25273,79,1
25273,39,1
25273,71,1
25274,56,2
25274,73,1
25274,80,1
25275,74,2
25275,71,1
25275,72,2
25276,78,1
25276,30,2
25277,45,1
25277,75,3
25277,71,1
25277,32,1
25278,46,1
25278,73,1
25278,76,1
25279,41,1
25279,78,2
25279,71,2
25279,35,1
25280,37,1
25280,52,1
25280,39,2
25281,79,1
25281,71,1
25281,75,1
25281,74,1
25282,80,1
25282,24,1
25282,44,1
25283,80,1
25283,74,1
25283,76,1
25284,72,1
25284,76,2
25285,39,1
25285,71,1
25285,80,1
25286,54,1
25286,77,1
25286,78,1
25286,75,1
25287,74,1
25287,77,1
25287,45,1
25288,71,1
25288,72,1
25288,76,1
25288,51,1
25289,79,1
25289,78,1
25289,76,1
25290,80,1
25290,71,2
25290,73,1
25290,74,1
25290,77,1
25291,77,1
25291,73,1
25291,76,1
25292,74,1
25292,25,1
25293,73,1
25293,57,1
25293,31,1
25293,74,2
25293,53,1
25294,73,1
25294,74,1
25294,71,1
25295,80,1
25295,56,1
25296,74,1
25296,80,1
25296,42,1
25297,77,1
25297,59,1
25298,13,1
25298,73,1
25298,71,1
25298,79,1
25299,71,2
25299,77,1
25299,72,1
25300,80,1
25300,76,1
25300,5,1
25300,73,1
25301,79,2
25301,52,1
25301,76,1
25302,73,3
25302,78,2
25302,71,1
25303,77,1
25303,72,1
25304,74,2
25304,72,1
25304,77,1
25305,71,1
25305,78,1
25305,77,1
25306,80,1
25306,77,1
25306,75,1
25307,80,1
25307,76,1
25307,2,1
25308,73,1
25308,79,1
25308,71,1
25308,72,1
25308,77,1
25309,73,1
25309,75,1
25309,74,1
25310,71,3
25310,73,1
25310,76,1
25310,75,1
25311,75,1
25311,80,1
25311,74,1
25312,80,2
25312,71,1
25312,74,1
25313,79,1
25313,72,2
25314,43,1
25314,77,1
25314,71,1
25315,74,1
25315,80,1
25315,71,1
25315,78,1
25316,71,1
25316,73,1
25317,77,1
25317,80,1
25317,1,1
25317,16,1
25318,78,1
25318,79,1
25318,73,1
25319,78,2
25319,73,2
25320,29,1
25320,71,2
25320,46,1
25321,56,1
25321,17,1
25322,60,2
25322,14,1
25323,13,1
25323,58,1
25323,60,1
25323,59,1
25324,60,1
25324,57,1
25325,57,1
25325,58,1
25326,59,1
25326,2,2
25327,60,1
25327,18,1
25327,56,1
25327,57,1
25328,57,2
25328,10,1
25328,50,2
25328,56,1
25329,56,2
25329,58,3
25329,60,1
25330,56,1
25330,60,1
25330,34,1
25331,59,1
25331,11,1
25331,57,3
25332,60,1
25332,59,1
25333,58,1
25333,57,2
25333,56,1
25334,29,1
25334,59,2
25334,57,1
25334,49,2
25335,60,1
25335,58,1
25335,57,1
25336,3,1
25336,56,1
25337,34,2
25337,60,1
25338,60,3
25338,24,2
25339,56,2
25339,60,1
25339,50,1
25339,58,1
25340,2,1
25340,59,1
25341,60,1
25341,22,1
25341,59,1
25342,57,3
25342,60,2
25343,56,1
25343,60,1
25343,59,1
25344,57,1
25344,56,1
25344,60,1
25345,59,1
25345,56,2
25345,60,2
25345,58,2
25345,18,1
25346,59,2
25346,57,1
25346,58,1
25346,5,2
25347,56,1
25347,3,1
25348,60,1
25348,57,1
25348,56,1
25349,57,1
25349,39,2
25349,56,1
25349,58,2
25350,58,1
25350,59,2
25350,57,3
25351,56,1
25351,60,1
25351,58,2
25352,58,1
25352,59,1
25353,13,1
25353,49,1
25354,57,1
25354,56,1
25355,58,3
25355,2,1
25356,58,1
25356,57,1
25357,59,1
25358,60,2
25359,60,1
25359,56,1
25359,59,1
25360,23,1
25360,59,2
25360,60,1
25361,40,2
25361,44,1
25361,60,1
25362,58,1
25362,15,1
25363,58,1
25363,56,2
25363,52,1
25364,57,1
25364,22,1
25364,56,1
25364,3,2
25365,17,1
25365,56,1
25365,57,1
25366,56,1
25366,42,1
25366,54,1
25367,59,1
25367,56,1
25367,58,1
25368,56,3
25368,60,1
25368,57,1
25369,60,3
25369,57,1
25370,58,1
25370,57,1
25370,60,2
25371,58,1
25371,57,2
25371,60,1
25372,56,1
25372,7,1
25372,57,3
25372,58,1
25373,56,1
25373,57,1
25373,59,1
25373,23,1
25374,54,2
25374,58,1
25375,60,1
25375,57,1
25375,37,1
25376,60,2
25376,59,2
25376,15,1
25377,60,1
25377,11,1
25377,56,2
25378,58,1
25378,59,1
25378,56,1
25379,56,1
25379,57,1
25379,59,1
25380,56,1
25380,58,1
25381,7,1
25381,9,1
25381,10,1
25381,12,1
25381,45,1
25382,15,3
25382,14,1
25382,55,1
25383,14,1
25383,15,3
25384,11,1
25384,16,1
25385,13,2
25385,14,1
25386,18,1
25386,14,1
25386,13,1
25387,10,1
25387,11,1
25387,54,1
25388,10,3
25388,13,1
25389,13,1
25389,14,1
25389,12,1
25389,15,1
25390,12,2
25391,14,1
25391,12,1
25391,10,1
25391,16,1
25392,16,1
25392,10,1
25393,10,1
25393,56,1
25393,25,1
25394,15,1
25394,14,1
25394,16,1
25395,20,1
25395,28,2
25395,34,1
25396,11,1
25396,15,1
25396,12,1
25397,16,2
25397,2,1
25397,10,2
25398,15,1
25398,10,1
25398,31,1
25398,12,1
25399,10,1
25399,14,2
25400,16,2
25400,11,1
25400,15,1
25400,14,1
25401,13,1
25401,12,1
25401,11,1
25401,16,1
25401,14,2
25402,16,2
25402,15,1
25402,12,3
25403,12,2
25403,13,1
25403,52,2
25403,14,1
25404,16,1
25404,15,1
25405,14,3
25406,10,2
25406,15,2
25407,13,1
25407,14,1
25407,16,1
25408,16,1
25408,15,2
25409,15,1
25409,43,2
25409,16,1
25410,10,3
25410,50,1
25410,15,1
25410,8,2
25411,11,1
25411,43,1
25411,12,1
25412,42,1
25412,11,1
25412,18,2
25413,13,1
25413,15,1
25413,11,1
25414,11,1
25414,13,2
25415,10,1
25415,11,1
25416,12,1
25416,11,2
25416,14,1
25416,16,1
25416,10,1
25417,60,1
25417,12,2
25417,59,1
25417,23,1
25418,15,1
25418,16,1
25418,11,1
25419,12,1
25419,16,3
25420,14,1
25420,15,1
25420,12,2
25421,14,1
25421,15,1
25421,12,1
25422,11,3
25422,14,1
25422,16,3
25423,60,1
25423,15,1
25423,12,3
25424,14,1
25424,51,2
25425,12,1
25425,10,1
25425,14,1
25426,13,1
25426,15,1
25427,16,1
25427,15,2
25428,10,1
25428,12,1
25428,26,2
25428,14,1
25428,13,1
25429,10,1
25429,11,1
25429,15,1
25430,15,1
25430,10,1
25431,15,1
25431,11,1
25432,13,1
25432,16,1
25433,16,2
25433,15,2
25434,13,2
25434,14,1
25435,12,1
25435,10,2
25435,14,1
25436,40,1
25436,13,1
25436,8,1
25437,16,1
25437,12,2
25437,38,2
25438,41,1
25438,15,1
25438,14,1
25439,56,1
25439,10,2
25439,15,1
25439,12,1
25440,15,1
25440,13,1
25440,10,1
25441,71,2
25441,18,1
25442,72,1
25442,76,3
25442,21,1
25442,73,2
25443,74,1
25443,59,1
25443,40,2
25443,76,1
25444,72,1
25444,23,1
25445,79,2
25445,72,1
25446,76,1
25446,73,1
25446,80,1
25447,80,1
25447,27,1
25448,72,2
25448,31,3
25448,4,1
25449,76,1
25449,71,2
25449,9,1
25449,20,1
25449,72,1
25450,76,3
25450,38,1
25450,71,1
25451,43,1
25452,51,1
25452,72,1
25452,78,2
25453,75,2
25453,72,3
25453,73,1
25453,79,1
25454,74,2
25454,76,1
25454,75,1
25455,79,1
25455,36,1
25455,40,1
25455,75,2
25456,77,2
25456,45,1
25456,80,1
25457,80,1
25457,24,1
25457,77,1
25457,76,1
25457,43,1
25458,71,1
25458,76,1
25458,80,1
25458,74,2
25459,71,1
25459,18,1
25459,74,1
25460,6,1
25461,24,3
25461,73,2
25462,72,1
25462,74,1
25462,80,1
25462,29,1
25463,79,1
25463,76,1
25463,41,1
25463,54,1
25464,72,1
25464,75,2
25465,79,1
25465,78,1
25465,77,1
25466,79,1
25466,77,1
25466,76,1
25467,78,2
25467,73,1
25467,30,1
25467,77,1
25468,56,2
25468,6,1
25469,75,1
25469,79,2
25469,73,1
25470,75,1
25470,73,1
25471,47,1
25471,71,1
25472,75,1
25472,57,1
25472,9,1
25472,58,1
25472,71,1
25473,71,1
25473,79,1
25474,77,2
25474,72,2
25474,79,1
25475,71,1
25475,78,1
25475,73,2
25475,72,1
25476,71,1
25476,78,1
25476,74,1
25476,73,1
25477,72,2
25477,78,1
25477,74,3
25478,18,1
25478,80,1
25479,76,1
25479,71,1
25480,74,1
25480,36,1
25481,25,2
25481,72,1
25481,79,1
25482,6,2
25482,76,1
25483,71,1
25483,75,1
25483,79,1
25483,78,3
25484,71,1
25484,77,1
25485,71,1
25485,78,2
25485,73,1
25486,77,1
25486,74,2
25486,32,1
25487,72,1
25487,78,1
25487,76,1
25488,71,1
25488,75,1
25489,74,1
25489,47,1
25489,75,2
25489,79,1
25490,77,2
25490,72,1
25491,72,1
25491,19,1
25492,20,1
25492,78,1
25492,76,1
25493,73,1
25493,76,1
25493,78,1
25493,72,1
25494,77,1
25494,3,1
25494,71,1
25495,76,1
25495,72,1
25495,78,1
25495,71,1
25496,29,1
25496,75,1
25497,78,1
25497,29,1
25497,74,1
25498,72,1
25498,74,1
25498,77,1
25499,78,2
25499,80,1
25499,72,1
25499,71,1
25500,72,1
25500,75,1
25500,78,1
25501,18,1
25501,42,1
25502,19,1
25502,34,1
25502,18,2
25502,29,1
25502,22,1
25503,29,1
25503,18,1
25504,21,2
25504,29,1
25504,34,2
25504,18,3
25505,18,2
25505,29,1
25506,34,1
25506,19,1
25506,18,1
25506,47,3
25506,29,1
25507,34,1
25507,29,1
25507,18,1
25507,21,1
25508,29,3
25508,18,1
25508,50,1
25508,19,1
25509,29,1
25509,18,1
25509,34,1
25509,19,1
25510,34,1
25510,29,1
25511,29,1
25511,52,2
25512,18,1
25512,57,1
25512,8,1
25512,10,1
25513,29,1
25514,34,1
25514,18,1
25514,29,1
25515,29,1
25515,34,1
25515,55,1
25516,29,1
25516,34,1
25517,18,1
25518,29,3
25518,18,1
25518,34,1
25519,10,1
25520,19,1
25520,18,1
25521,29,1
25521,18,1
25521,34,1
25522,18,1
25522,26,1
25523,19,1
25523,4,1
25523,18,3
25524,34,1
25524,18,2
25524,19,1
25525,34,3
25525,19,1
25526,29,3
25526,18,1
25527,19,1
25527,18,1
25527,29,1
25527,34,1
25528,19,1
25528,16,2
25529,49,1
25529,19,1
25529,29,1
25530,34,2
25530,29,1
25530,7,1
25530,19,1
25531,34,1
25531,18,1
25531,29,2
25532,5,1
25532,18,2
25533,29,1
25533,18,1
25534,34,2
25534,18,2
25535,19,1
25535,34,1
25536,34,1
25536,18,2
25536,19,1
25537,17,1
25537,34,1
25537,19,2
25537,58,1
25538,34,1
25538,19,1
25539,31,1
25539,34,2
25539,18,1
25540,34,1
25540,29,1
25540,7,2
25540,18,1
25540,50,3
25541,34,1
25541,60,1
25542,29,1
25542,34,1
25542,18,3
25543,18,1
25543,20,1
25544,34,2
25544,19,1
25544,17,1
25545,19,2
25545,18,1
25546,18,1
25547,59,1
25547,19,1
25547,34,2
25548,15,1
25548,18,1
25548,29,1
25549,29,1
25549,35,2
25550,34,1
25550,56,1
25550,29,3
25551,29,2
25551,48,1
25551,34,1
25552,19,1
25552,59,1
25553,19,1
25553,29,3
25554,19,1
25554,29,1
25555,29,1
25555,19,3
25556,19,1
25556,34,2
25556,43,1
25557,34,1
25557,18,1
25557,19,1
25558,34,1
25558,29,2
25558,19,1
25559,18,1
25559,51,1
25559,34,1
25560,47,1
25560,54,1
25560,18,2
25560,19,2
25561,29,1
25561,2,1
25561,1,1
25561,3,1
25562,3,1
25562,4,1
25563,3,1
25563,5,1
25564,5,1
25564,2,1
25565,5,2
25565,8,1
25565,3,1
25566,3,1
25567,20,2
25567,6,1
25567,1,1
25567,9,1
25567,11,1
25568,9,3
25568,6,1
25568,7,2
25569,2,2
25569,9,1
25570,4,1
25570,8,1
25571,3,3
25571,6,1
25571,7,2
25572,8,2
25572,9,1
25572,5,1
25573,8,1
25574,16,2
25574,2,1
25574,9,1
25575,5,1
25575,6,1
25575,2,1
25576,6,1
25576,17,1
25577,5,1
25577,52,1
25578,6,1
25578,3,1
25578,7,3
25579,13,1
25579,7,1
25580,4,1
25580,9,1
25580,24,1
25581,4,1
25581,7,1
25582,3,1
25582,9,1
25582,26,1
25583,51,1
25583,29,1
25584,5,1
25584,8,2
25584,4,1
25585,1,1
25585,6,1
25586,9,1
25586,8,1
25586,43,1
25586,5,1
25587,9,1
25587,51,1
25588,4,1
25588,9,1
25588,5,1
25589,24,1
25589,2,1
25589,5,1
25590,6,1
25590,7,1
25591,14,2
25591,8,1
25592,3,1
25592,9,1
25592,6,1
25593,1,1
25593,8,1
25593,6,1
25594,9,1
25594,5,1
25595,19,1
25596,9,3
25596,4,1
25597,2,1
25597,7,1
25598,60,1
25598,4,1
25599,5,1
25600,38,1
25600,9,1
25600,4,1
25601,4,1
25601,41,1
25601,30,1
25602,27,2
25602,1,1
25602,4,2
25603,9,1
25603,6,1
25603,37,1
25603,2,1
25604,2,1
25604,8,1
25604,41,2
25605,1,1
25605,4,3
25606,6,1
25606,49,1
25606,58,1
25606,8,1
25607,51,1
25607,2,3
25607,6,1
25607,9,1
25608,8,1
25608,4,1
25608,6,2
25608,3,1
25609,1,1
25609,20,3
25609,7,1
25609,9,2
25610,2,1
25610,1,1
25610,8,2
25610,5,3
25611,4,1
25611,1,1
25612,40,1
25612,3,1
25612,25,2
25612,5,1
25613,5,1
25613,9,1
25613,4,1
25614,5,1
25614,2,1
25615,4,1
25615,8,1
25615,3,1
25615,2,3
25616,3,1
25616,5,1
25616,8,1
25617,1,1
25617,5,1
25617,7,1
25618,6,1
25618,26,1
25618,7,1
25618,55,2
25619,4,1
25619,8,1
25619,1,1
25620,5,1
25621,23,1
25621,22,1
25622,23,1
25622,25,1
25622,27,1
25623,24,1
25623,23,1
25624,25,3
25624,23,1
25625,22,1
25625,10,1
25625,23,1
25626,25,1
25626,21,1
25627,58,2
25627,25,1
25627,20,1
25627,22,1
25628,22,1
25628,25,1
25629,24,1
25629,23,2
25629,22,1
25629,25,1
25629,43,2
25630,24,1
25630,21,1
25631,23,1
25631,56,2
25632,22,1
25632,21,1
25632,24,1
25632,45,1
25633,24,2
25633,23,1
25634,22,1
25635,23,2
25635,52,1
25635,7,1
25636,24,1
25636,22,1
25636,19,1
25637,25,1
25637,55,1
25638,25,1
25638,23,2
25638,58,1
25639,22,2
25639,25,1
25640,23,1
25640,22,1
25641,46,1
25641,24,2
25641,23,1
25642,12,1
25642,22,1
25643,24,1
25643,25,1
25643,23,1
25644,25,1
25644,24,1
25645,23,2
25645,22,2
25645,25,1
25646,23,1
25646,14,1
25647,22,1
25647,23,1
25648,24,1
25648,48,1
25649,24,1
25649,25,3
25649,60,2
25649,41,1
25650,49,1
25650,25,3
25650,24,1
25650,23,1
25651,24,1
25651,31,2
25651,22,1
25651,25,3
25652,22,2
25652,2,1
25653,25,1
25653,23,1
25653,22,1
25654,23,2
25654,22,1
25655,22,1
25655,24,1
25655,25,1
25655,37,1
25656,59,1
25656,24,1
25657,22,1
25657,25,2
25657,23,2
25658,25,1
25658,54,1
25659,23,3
25659,22,1
25660,25,1
25660,24,1
25661,25,1
25661,22,1
25662,59,1
25662,49,1
25662,24,1
25663,24,1
25663,25,1
25664,23,1
25664,22,1
25664,24,1
25665,27,1
25665,25,1
25666,24,1
25666,22,1
25666,23,1
25666,6,1
25667,25,2
25667,36,1
25667,53,1
25668,24,1
25668,23,1
25668,25,1
25668,22,1
25669,25,1
25669,17,1
25670,22,1
25670,42,1
25670,23,1
25670,15,1
25670,25,1
25671,24,1
25671,25,1
25671,45,1
25672,23,1
25672,22,1
25672,24,1
25673,25,1
25673,23,1
25673,24,1
25673,22,1
25674,6,1
25674,22,1
25675,52,1
25675,22,1
25675,25,1
25676,22,1
25676,13,1
25677,24,2
25677,23,1
25677,25,2
25677,22,2
25678,6,1
25678,25,1
25679,25,1
25679,57,2
25679,23,1
25680,24,1
25680,25,1
25680,23,1
25681,18,2
25681,19,1
25682,18,2
25682,19,2
25682,47,1
25683,19,1
25683,21,1
25683,34,3
25684,26,1
25684,34,1
25684,19,1
25685,18,1
25686,19,1
25686,29,1
25687,29,1
25687,19,1
25687,34,1
25688,19,1
25688,18,1
25689,18,2
25689,34,2
25689,29,1
25690,18,3
25690,29,1
25690,19,1
25691,29,1
25692,30,2
25692,18,1
25692,21,2
25693,18,1
25693,29,2
25693,36,1
25694,19,2
25694,18,1
25694,29,1
25694,58,2
25694,42,1
25695,29,1
25695,47,1
25695,18,1
25696,28,1
25696,52,3
25697,19,1
25697,29,2
25698,39,1
25698,34,1
25698,19,1
25698,18,1
25698,59,1
25699,19,1
25699,52,1
25700,18,1
25700,19,2
25700,56,1
25701,34,3
25701,18,1
25701,29,1
25701,52,1
25701,19,1
25702,34,1
25702,19,1
25703,19,1
25703,34,1
25703,2,1
25704,34,1
25704,29,1
25704,19,3
25704,18,1
25704,16,1
25705,19,1
25705,29,1
25705,34,1
25706,19,1
25706,34,3
25706,47,1
25707,29,1
25707,34,1
25708,18,2
25708,34,1
25708,29,1
25709,60,1
25709,18,1
25710,36,1
25710,29,1
25711,34,1
25711,18,2
25712,18,1
25712,43,1
25713,19,1
25713,8,1
25714,19,3
25715,18,1
25715,19,1
25716,29,1
25716,34,1
25717,59,1
25717,29,1
25718,19,1
25718,45,1
25719,37,1
25719,29,1
25719,51,1
25720,18,1
25720,34,3
25721,8,1
25721,18,1
25722,26,1
25722,34,2
25723,34,1
25723,18,1
25723,19,1
25724,29,1
25724,19,1
25724,33,1
25724,3,1
25724,34,1
25725,34,1
25725,19,1
25725,29,2
25726,18,1
25726,34,1
25726,39,3
25726,19,1
25727,18,1
25727,29,3
25727,19,1
25727,34,1
25728,18,1
25728,29,1
25729,34,2
25729,31,1
25729,29,1
25730,14,1
25730,34,1
25730,19,3
25730,18,1
25731,19,1
25731,18,1
25732,31,1
25732,2,1
25732,29,1
25733,29,1
25733,19,1
25734,18,1
25735,52,1
25735,34,1
25735,19,1
25736,17,2
25736,29,1
25737,29,2
25737,34,1
25737,18,1
25737,19,1
25737,56,1
25738,19,1
25739,19,2
25739,34,1
25739,18,1
25740,18,1
25740,29,1
25741,11,2
25741,10,1
25742,15,1
25742,12,1
25743,11,1
25743,14,3
25743,10,2
25744,12,1
25744,14,1
25745,13,1
25746,58,1
25746,16,1
25746,11,1
25747,12,1
25747,10,2
25747,15,1
25748,16,1
25748,14,1
25748,11,1
25749,16,1
25750,9,3
25750,10,2
25750,50,1
25750,14,1
25751,11,1
25751,39,1
25752,10,2
25752,16,1
25752,14,1
25753,11,1
25754,11,1
25754,10,2
25755,12,1
25755,15,1
25755,10,2
25755,11,2
25756,15,1
25756,21,1
25756,11,2
25757,11,1
25757,15,1
25757,12,3
25758,10,1
25758,12,2
25758,46,1
25759,14,1
25759,48,1
25759,10,1
25760,15,1
25760,14,1
25761,14,1
25761,15,1
25761,12,2
25762,12,1
25762,11,2
25763,13,1
25763,11,1
25763,9,1
25763,16,1
25764,10,1
25764,13,1
25765,11,2
25765,12,1
25765,14,1
25765,15,1
25766,14,1
25767,15,1
25767,10,2
25768,10,1
25768,48,2
25769,15,1
25769,11,3
25770,10,1
25770,15,1
25770,6,1
25771,34,1
25771,15,1
25771,12,1
25771,13,1
25771,11,1
25772,14,1
25772,29,1
25772,10,1
25773,46,1
25773,13,1
25774,12,1
25774,16,3
25775,14,2
25775,13,1
25775,16,1
25776,10,1
25776,12,3
25776,11,1
25776,16,1
25777,16,3
25777,13,1
25778,15,3
25778,13,2
25779,12,1
25779,15,1
25779,13,1
25780,11,1
25780,14,1
25780,39,1
25780,29,1
25781,16,2
25781,3,1
25782,15,2
25782,16,1
25782,14,1
25782,12,1
25783,16,1
25783,12,1
25784,14,1
25785,11,1
25785,16,2
25785,12,1
25785,15,1
25786,16,1
25786,15,1
25786,10,3
25787,13,1
25787,15,1
25787,10,1
25788,14,1
25788,12,2
25788,11,1
25788,10,1
25789,28,1
25789,20,1
25790,14,1
25790,5,2
25790,11,1
25791,13,1
25791,14,1
25791,21,1
25792,59,3
25792,15,2
25792,43,1
25792,13,1
25793,14,1
25793,16,1
25793,15,1
25794,49,2
25794,11,1
25794,12,1
25794,10,2
25795,27,2
25795,16,1
25796,31,1
25796,13,1
25797,17,1
25797,14,1
25797,25,2
25798,16,1
25798,11,1
25798,13,1
25799,12,1
25799,13,1
25799,25,1
25800,11,1
25800,10,1
25801,22,1
25802,74,1
25802,9,1
25803,75,1
25803,25,2
25803,23,1
25803,22,1
25804,22,2
25804,23,2
25805,20,1
25805,24,1
25805,23,1
25806,22,1
25807,23,2
25807,5,2
25808,21,2
25808,49,1
25809,22,1
25809,74,1
25810,22,1
25810,26,2
25811,75,1
25811,23,2
25811,22,1
25812,24,1
25812,21,1
25813,75,1
25813,74,2
25813,20,1
25814,25,1
25814,22,1
25814,74,1
25815,24,3
25815,23,1
25815,22,1
25815,74,1
25815,25,1
25816,23,1
25816,74,3
25816,24,1
25817,24,1
25817,16,3
25818,24,2
25818,23,1
25819,22,1
25819,21,1
25819,25,2
25820,13,1
25820,22,2
25821,23,1
25821,54,1
25822,15,1
25822,21,1
25823,24,1
25823,75,2
25823,22,1
25824,22,1
25825,23,1
25825,20,1
25825,1,1
25826,75,1
25826,10,1
25827,20,1
25827,74,1
25827,24,1
25828,23,1
25828,24,1
25828,31,1
25829,21,3
25830,24,2
25830,25,2
25831,23,1
25831,14,1
25832,24,1
25832,20,2
25832,25,1
25833,74,1
25833,24,1
25834,20,1
25835,24,1
25835,75,1
25835,19,1
25836,48,1
25836,26,1
25837,75,1
25837,24,1
25838,75,1
25838,21,1
25838,25,1
25839,24,2
25839,23,1
25839,21,1
25840,34,1
25840,21,1
25840,24,1
25841,23,1
25841,46,1
25841,21,1
25841,22,1
25842,21,3
25842,25,1
25842,32,1
25842,23,3
25843,3,1
25843,74,1
25844,12,1
25844,21,2
25844,74,1
25844,25,1
25844,24,1
25845,24,1
25845,7,1
25846,75,1
25846,25,1
25846,23,1
25847,74,1
25847,29,1
25848,21,1
25848,23,1
25848,19,1
25849,23,1
25849,20,1
25849,75,2
25850,25,1
25850,22,1
25850,75,1
25851,24,1
25851,75,1
25851,25,2
25852,32,1
25852,75,1
25853,24,2
25853,21,1
25853,28,1
25854,25,1
25854,20,1
25854,22,1
25854,21,1
25855,23,1
25855,74,1
25855,22,1
25856,33,1
25856,54,1
25856,74,2
25856,44,1
25856,23,1
25857,74,1
25857,24,1
25857,23,2
25857,20,2
25858,20,2
25859,53,2
25859,20,1
25859,21,1
25859,23,1
25859,8,3
25860,74,1
25860,23,1
25860,17,1
25861,8,1
25861,3,2
25862,9,3
25862,4,1
25862,11,2
25863,9,1
25863,7,1
25864,6,3
25864,3,1
25865,54,1
25865,9,3
25865,20,1
25866,6,1
25866,8,1
25866,3,1
25867,1,1
25867,21,1
25867,2,3
25867,7,1
25868,9,1
25868,6,1
25868,1,1
25869,4,1
25869,3,1
25869,5,1
25869,6,1
25870,3,1
25870,8,1
25870,2,1
25871,7,1
25871,17,2
25871,3,1
25872,6,1
25873,8,2
25873,6,1
25873,9,1
25874,42,1
25874,9,3
25874,47,3
25875,8,1
25876,6,1
25876,9,1
25877,3,1
25877,1,1
25877,9,1
25878,3,1
25878,2,1
25878,9,1
25879,2,1
25879,8,1
25879,9,1
25880,4,1
25880,39,1
25880,1,1
25881,7,1
25881,2,1
25882,1,1
25882,5,1
25883,6,1
25883,31,1
25883,5,1
25884,4,1
25884,5,1
25884,2,1
25884,1,1
25885,9,3
25885,6,1
25885,1,2
25886,1,1
25886,24,1
25887,7,1
25887,3,2
25887,5,3
25888,3,1
25888,5,1
25888,4,1
25889,59,1
25889,5,1
25890,3,1
25890,7,1
25891,1,1
25891,8,2
25891,4,1
25892,7,1
25892,6,1
25893,3,1
25893,7,1
25894,4,1
25894,5,2
25894,3,1
25895,31,2
25895,4,1
25895,5,1
25896,7,2
25896,5,1
25897,1,1
25897,46,1
25897,4,1
25898,2,1
25898,1,2
25899,9,1
25899,56,1
25900,3,3
25900,4,1
25900,2,1
25901,1,1
25901,24,1
25902,2,1
25902,5,1
25902,20,1
25902,3,2
25903,8,1
25903,16,1
25903,5,1
25903,44,1
25904,5,1
25904,4,1
25904,52,1
25905,2,3
25905,9,1
25905,50,1
25905,7,1
25906,8,2
25906,7,2
25907,5,1
25907,3,1
25907,6,1
25908,4,3
25908,1,1
25908,6,2
25908,10,1
25908,8,2
25909,4,1
25909,10,1
25909,2,1
25910,1,2
25910,2,1
25910,3,2
25911,9,1
25911,7,1
25911,3,2
25912,5,2
25912,54,2
25912,2,1
25913,3,1
25913,8,1
25914,4,1
25914,46,1
25914,2,1
25914,9,2
25915,4,1
25915,3,1
25916,3,2
25916,50,1
25917,7,1
25917,8,1
25917,36,1
25918,8,2
25918,1,1
25918,7,2
25918,9,2
25918,6,1
25919,8,2
25919,5,3
25919,6,1
25920,55,2
25920,15,1
25920,7,1
25921,14,1
25921,12,2
25922,10,1
25922,15,1
25923,10,3
25923,28,1
25923,13,1
25924,11,2
25924,14,1
25924,15,1
25924,10,1
25925,19,1
25925,16,3
25925,11,1
25926,49,2
25926,16,1
25927,11,1
25927,24,1
25927,14,1
25927,10,1
25928,15,1
25928,13,3
25928,11,1
25928,14,1
25928,16,1
25929,14,1
25929,10,1
25929,12,1
25930,10,1
25930,16,1
25930,13,1
25931,55,1
25931,12,1
25931,11,1
25932,12,1
25932,10,1
25932,16,2
25932,14,1
25933,12,1
25933,14,1
25933,33,1
25934,14,1
25934,15,1
25935,16,2
25935,10,1
25935,60,1
25936,11,1
25936,38,1
25937,11,1
25937,19,1
25937,10,1
25938,16,1
25938,7,1
25939,13,3
25939,43,1
25940,13,1
25940,14,1
25940,21,2
25941,16,1
25941,13,1
25941,15,1
25942,15,1
25942,13,3
25943,10,1
25943,13,1
25943,17,2
25944,11,2
25944,42,1
25944,15,1
25944,14,1
25945,13,1
25945,12,1
25946,14,1
25947,14,1
25947,11,1
25948,12,1
25948,11,1
25949,13,1
25949,14,1
25950,14,1
25950,15,1
25951,20,1
25951,11,1
25952,10,1
25952,13,2
25953,11,1
25953,12,2
25954,14,1
25954,11,1
25955,13,1
25955,14,1
25956,14,1
25957,14,1
25957,16,1
25957,2,1
25957,11,1
25958,16,1
25958,13,1
25958,11,1
25958,12,1
25959,47,2
25959,15,1
25960,11,1
25960,15,2
25961,15,2
25962,12,2
25963,12,1
25963,10,1
25963,13,2
25963,14,1
25964,11,1
25964,15,1
25964,16,2
25965,12,1
25965,7,2
25965,11,1
25966,50,2
25966,11,3
25967,11,1
25967,10,2
25968,12,1
25968,10,1
25969,13,2
25969,12,1
25970,33,2
25970,10,1
25970,11,1
25970,16,1
25971,13,1
25971,12,2
25971,38,1
25971,15,1
25972,12,2
25972,58,3
25972,13,1
25973,20,1
25973,15,1
25973,55,1
25974,10,2
25974,11,2
25974,55,1
25975,15,1
25975,13,1
25975,16,1
25975,14,2
25976,22,1
25976,15,2
25977,11,1
25977,14,2
25977,16,1
25978,14,1
25978,16,2
25978,13,1
25979,16,1
25979,10,1
25979,13,2
25980,15,2
25980,16,1
25981,5,1
25981,3,2
25981,2,2
25982,3,1
25982,2,1
25983,6,1
25983,7,1
25983,42,2
25984,8,1
25984,25,1
25985,4,2
25985,49,2
25985,9,1
25986,1,1
25986,6,1
25986,7,1
25986,13,1
25987,8,2
25988,21,1
25988,6,1
25988,16,1
25989,26,1
25989,32,1
25989,2,1
25990,9,1
25990,47,1
25991,5,1
25991,1,2
25992,2,1
25992,8,2
25993,8,1
25993,4,1
25994,11,1
25994,4,1
25994,6,1
25995,5,1
25995,9,1
25995,2,1
25996,9,1
25996,8,1
25997,6,1
25997,29,2
25998,50,1
25998,3,1
25998,9,1
25998,7,1
25999,6,2
25999,2,1
26000,5,1
26000,2,1
26000,13,1
26001,8,1
26001,9,1
26002,40,1
26002,2,2
26003,5,1
26003,8,1
26003,1,1
26003,31,1
26003,11,1
26004,7,1
26004,4,1
26005,9,1
26005,7,1
26006,9,1
26006,52,1
26006,8,1
26007,28,1
26007,58,2
26007,7,1
26008,7,1
26008,1,1
26008,9,1
26009,42,2
26009,58,1
26010,7,1
26010,29,1
26010,12,1
26011,9,1
26011,1,1
26011,5,1
26011,6,1
26012,9,1
26012,2,1
26013,1,1
26013,3,1
26013,6,1
26013,25,1
26013,35,1
26014,1,1
26014,4,1
26015,5,1
26016,4,1
26016,1,1
26016,16,1
26017,22,1
26017,12,1
26017,51,1
26018,8,1
26018,6,1
26019,6,1
26019,1,1
26019,3,1
26019,8,1
26019,9,1
26020,5,1
26020,4,1
26020,9,1
26021,6,1
26021,44,1
26021,8,1
26021,7,1
26022,9,2
26022,8,2
26023,2,1
26023,8,1
26023,3,1
26024,6,1
26024,38,1
26024,3,1
26024,2,1
26025,1,1
26025,6,1
26025,9,2
26026,8,1
26026,7,1
26027,38,1
26027,18,2
26028,1,1
26028,5,1
26028,58,1
26029,2,1
26029,9,1
26029,8,3
26030,9,2
26030,5,2
26031,6,3
26032,9,1
26032,4,2
26033,2,1
26033,3,2
26034,4,1
26034,6,1
26035,49,1
26035,3,1
26036,5,1
26036,8,1
26037,4,1
26037,7,1
26037,15,1
26037,3,2
26038,5,1
26038,9,1
26039,3,2
26039,1,1
26040,6,1
26040,7,1
26040,5,1
26041,14,2
26041,10,1
26041,16,1
26042,14,1
26042,15,1
26042,16,1
26043,11,2
26043,15,2
26043,13,1
26044,4,1
26044,11,1
26044,12,2
26045,33,1
26045,16,1
26045,13,1
26046,18,1
26046,58,1
26046,14,1
26047,10,3
26047,12,1
26047,14,2
26048,58,1
26048,12,2
26049,51,2
26049,12,1
26050,10,1
26050,45,1
26051,37,1
26051,32,1
26052,13,1
26052,10,2
26053,14,3
26053,13,2
26054,16,1
26054,15,1
26054,13,1
26055,16,1
26055,14,3
26056,14,1
26056,13,1
26056,15,1
26057,10,1
26057,15,2
26057,37,1
26057,11,1
26057,13,1
26058,10,1
26058,14,1
26059,16,1
26059,10,2
26060,16,1
26060,14,3
26061,11,1
26062,36,1
26062,11,1
26062,48,1
26062,14,2
26063,13,2
26064,13,1
26064,15,1
26065,11,2
26065,60,1
26065,12,1
26066,10,1
26066,19,1
26066,14,1
26067,12,1
26068,13,1
26068,12,1
26068,11,1
26069,15,1
26069,10,1
26070,14,2
26070,11,1
26071,21,1
26071,15,1
26071,5,1
26072,13,1
26072,14,1
26073,23,2
26073,10,1
26074,11,1
26074,16,3
26074,12,1
26074,24,1
26075,11,3
26075,12,1
26075,15,1
26076,26,3
26076,7,2
26077,13,2
26077,55,2
26077,10,1
26078,14,1
26078,1,1
26078,15,1
26079,14,3
26079,12,2
26079,10,1
26080,16,1
26080,30,1
26081,12,1
26081,15,2
26081,47,1
26082,13,1
26082,14,1
26082,21,1
26083,16,1
26083,46,1
26084,11,1
26084,14,1
26084,27,1
26085,15,2
26085,10,1
26086,12,2
26086,13,1
26086,16,1
26087,24,2
26087,35,1
26088,10,1
26088,16,3
26088,14,1
26089,13,1
26089,15,1
26090,14,1
26091,16,2
26091,14,1
26091,15,1
26092,26,1
26092,11,1
26092,29,1
26093,14,1
26093,11,1
26093,12,1
26094,10,1
26094,11,1
26095,11,1
26095,12,1
26096,13,1
26096,15,2
26096,11,1
26097,10,1
26097,16,2
26097,14,1
26098,35,1
26098,14,2
26098,16,1
26099,16,1
26099,13,1
26100,16,1
26100,19,1
26100,59,1
26100,10,2
26101,52,1
26101,3,1
26101,37,1
26101,7,1
26102,1,1
26102,7,1
26102,13,2
26103,6,2
26103,9,1
26103,5,1
26103,1,1
26104,8,1
26105,2,1
26105,6,3
26106,8,1
26106,2,1
26106,6,1
26107,3,1
26107,8,1
26107,1,1
26108,6,1
26108,5,1
26108,7,1
26108,1,1
26109,1,1
26109,3,1
26109,4,2
26110,3,2
26110,5,1
26111,7,2
26111,9,1
26111,1,1
26112,5,1
26112,1,1
26112,6,1
26113,8,1
26113,5,1
26113,7,1
26114,2,1
26114,7,1
26115,6,1
26115,3,1
26115,7,2
26116,8,1
26116,56,1
26117,7,1
26117,4,2
26118,6,1
26119,1,1
26119,4,1
26119,28,1
26119,8,1
26120,6,2
26120,18,1
26121,6,1
26121,2,2
26121,46,1
26121,1,2
26122,2,1
26122,7,1
26123,4,1
26123,8,1
26124,14,1
26124,6,1
26124,8,1
26125,1,1
26125,8,3
26126,8,1
26126,45,1
26126,9,1
26126,5,2
26127,2,1
26127,8,1
26128,5,1
26128,38,1
26128,13,3
26128,6,1
26128,53,1
26129,9,1
26129,1,1
26130,4,2
26130,5,1
26130,3,1
26131,25,1
26131,2,1
26132,7,1
26132,4,1
26133,6,2
26133,45,1
26133,5,1
26134,5,1
26134,7,1
26134,8,1
26135,42,1
26135,2,1
26136,25,1
26136,3,1
26136,9,1
26137,5,1
26137,2,1
26137,8,1
26138,59,1
26138,8,1
26138,3,2
26139,7,1
26139,5,1
26139,9,1
26140,5,1
26140,14,1
26140,3,1
26141,7,2
26141,52,1
26141,6,1
26141,9,3
26142,2,1
26142,6,1
26142,3,1
26143,8,1
26143,7,1
26143,1,2
26144,1,1
26144,5,1
26144,2,1
26145,4,1
26145,9,1
26145,53,1
26146,5,1
26146,1,3
26147,9,1
26148,9,3
26148,4,1
26149,6,2
26149,3,1
26149,1,1
26150,44,1
26150,9,1
26151,3,1
26151,1,1
26151,9,2
26152,7,1
26152,9,2
26152,5,1
26152,2,1
26153,6,1
26153,3,1
26153,2,1
26154,4,1
26154,21,1
26154,1,1
26155,4,1
26155,53,2
26155,36,1
26155,7,1
26156,2,2
26156,6,1
26157,22,3
26157,8,1
26158,3,1
26158,7,1
26158,6,1
26159,2,1
26159,33,1
26159,4,3
26160,7,1
26160,3,1
26161,1,1
26161,4,2
26162,7,1
26162,49,3
26162,34,1
26162,6,1
26163,2,1
26164,5,1
26164,6,1
26165,1,1
26166,6,1
26166,18,1
26167,27,1
26168,32,1
26168,5,1
26169,2,1
26169,3,1
26170,41,1
26170,15,1
26171,8,1
26171,9,1
26172,24,1
26172,4,1
26173,7,2
26173,34,2
26174,1,1
26174,3,1
26175,4,1
26175,5,1
26175,8,1
26176,3,1
26176,4,1
26177,6,2
26177,7,1
26177,1,1
26178,2,2
26178,35,1
26179,2,1
26179,5,1
26179,7,1
26179,1,1
26180,7,1
26180,4,1
26180,3,1
26180,1,1
26181,2,3
26181,38,1
26181,8,1
26182,3,1
26183,22,2
26183,8,1
26183,2,1
26184,5,1
26184,4,2
26185,2,1
26186,9,1
26186,4,2
26186,11,1
26186,7,1
26187,42,1
26187,16,1
26188,6,1
26188,7,3
26188,9,1
26189,3,1
26189,6,1
26189,8,1
26189,5,1
26190,8,1
26190,44,1
26190,2,3
26191,5,1
26191,9,1
26191,3,2
26191,7,1
26192,3,1
26192,6,1
26193,6,1
26193,4,1
26193,8,1
26194,1,2
26194,3,1
26195,6,1
26195,5,2
26195,1,2
26196,3,1
26196,5,1
26197,1,1
26197,2,1
26198,6,1
26198,36,1
26198,7,1
26198,29,1
26199,6,2
26199,4,2
26200,7,1
26200,5,2
26201,40,1
26201,3,3
26202,1,2
26202,4,1
26203,3,1
26203,5,1
26204,8,1
26204,9,1
26204,1,1
26205,8,1
26205,3,1
26205,2,1
26205,33,1
26206,7,1
26206,9,3
26207,27,1
26207,25,1
26207,1,1
26208,2,1
26208,5,1
26209,5,1
26209,52,1
26209,1,1
26210,6,2
26211,8,2
26211,7,1
26212,2,1
26213,4,1
26213,9,1
26214,2,1
26215,8,1
26215,4,1
26216,25,1
26216,6,1
26216,7,1
26216,1,3
26216,4,1
26217,1,2
26218,2,3
26218,4,1
26219,8,1
26219,4,3
26219,59,1
26220,5,1
26220,3,2
26220,7,1
26220,6,2
26221,31,1
26221,59,1
26221,29,1
26222,22,1
26222,29,1
26223,28,2
26223,30,1
26223,29,1
26224,32,1
26224,29,1
26224,33,1
26224,30,1
26225,29,1
26225,32,3
26225,31,1
26226,33,1
26226,7,1
26226,5,1
26227,29,2
26227,28,1
26227,30,1
26228,31,1
26228,30,1
26229,54,1
26229,32,1
26229,30,1
26229,29,2
26230,12,1
26230,32,1
26231,31,1
26231,14,2
26232,32,1
26232,31,1
26232,28,1
26232,30,1
26233,24,2
26233,30,3
26233,9,1
26234,32,3
26234,30,1
26234,41,2
26235,33,2
26235,40,2
26235,36,1
26235,30,2
26236,37,1
26236,29,2
26236,32,1
26236,33,2
26236,31,1
26237,28,3
26237,31,1
26238,33,1
26238,31,1
26239,29,1
26239,13,1
26240,28,2
26240,33,1
26240,30,3
26240,29,1
26240,32,1
26241,33,1
26241,30,1
26242,51,1
26242,31,1
26242,30,1
26243,31,1
26243,12,3
26243,55,1
26244,33,1
26244,40,2
26244,27,1
26245,29,1
26245,28,1
26246,28,1
26246,32,2
26246,21,1
26247,32,1
26247,8,2
26247,5,1
26247,31,1
26248,33,3
26248,32,1
26249,29,1
26249,31,1
26249,53,1
26250,29,1
26250,32,1
26250,28,1
26251,53,1
26251,28,1
26252,34,1
26252,32,1
26252,30,1
26252,28,1
26253,30,1
26253,29,2
26253,31,1
26254,29,2
26254,31,1
26254,7,1
26255,32,1
26255,33,2
26255,30,1
26256,28,1
26256,31,1
26256,29,1
26257,33,1
26257,32,2
26257,45,1
26258,33,1
26258,28,1
26258,30,1
26259,33,1
26259,29,3
26259,21,1
26260,32,1
26260,31,1
26260,28,1
26261,29,2
26261,33,1
26262,4,1
26262,31,1
26262,29,1
26263,28,1
26263,30,1
26264,31,1
26264,30,1
26265,10,1
26265,33,1
26265,21,1
26265,37,1
26266,29,1
26266,33,1
26266,31,1
26266,28,1
26267,55,1
26267,31,1
26267,56,1
26268,33,1
26268,31,1
26268,30,1
26268,29,1
26268,15,1
26269,31,1
26269,29,1
26270,28,1
26271,41,1
26271,29,1
26271,31,1
26271,28,3
26272,33,1
26272,29,2
26272,31,1
26273,28,1
26273,30,1
26273,32,2
26273,33,2
26274,33,1
26274,31,1
26274,40,1
26274,28,1
26275,29,1
26275,2,1
26276,28,1
26276,29,1
26277,33,3
26277,30,1
26277,28,3
26278,6,1
26278,30,1
26278,31,1
26279,30,1
26279,28,2
26279,32,1
26279,29,2
26280,33,2
26280,30,1
26280,28,1
26281,16,1
26281,13,1
26281,15,1
26282,11,1
26282,15,1
26282,39,1
26282,9,1
26283,15,1
26283,16,1
26283,11,1
26284,12,1
26284,13,2
26284,15,2
26285,13,2
26285,12,1
26285,15,1
26285,44,3
26285,10,1
26286,12,3
26286,10,1
26287,15,1
26288,16,2
26288,10,1
26289,13,2
26289,49,2
26289,12,1
26289,16,1
26290,10,1
26291,10,1
26291,11,1
26291,14,1
26291,16,1
26292,15,1
26293,13,1
26293,14,1
26293,11,1
26293,10,1
26293,16,1
26294,35,1
26294,16,1
26294,14,1
26295,11,1
26295,15,1
26295,34,1
26296,15,1
26296,11,1
26296,13,1
26297,14,3
26297,10,1
26298,12,1
26298,11,1
26299,22,1
26299,13,1
26300,59,2
26301,13,1
26301,30,1
26302,23,3
26302,12,1
26302,16,1
26303,13,1
26303,14,1
26303,10,2
26304,12,2
26304,16,1
26305,16,1
26305,11,2
26306,26,2
26306,34,2
26307,12,1
26307,14,1
26307,10,1
26308,15,2
26308,13,2
26308,14,1
26309,11,2
26310,15,3
26310,12,2
26311,10,1
26311,40,1
26311,12,1
26312,11,3
26312,35,1
26312,13,1
26313,12,1
26313,11,1
26314,11,1
26314,15,1
26315,16,1
26315,12,1
26315,1,1
26316,16,1
26316,36,1
26317,11,1
26317,10,1
26317,14,1
26318,11,1
26318,16,1
26319,1,1
26319,13,2
26319,10,1
26319,16,2
26320,16,1
26320,14,1
26320,11,1
26321,16,1
26321,12,1
26321,10,1
26322,13,1
26322,40,1
26322,26,1
26323,14,1
26323,12,1
26324,15,2
26324,13,1
26325,11,1
26325,13,1
26326,13,1
26326,15,2
26327,16,1
26327,13,1
26328,12,2
26328,15,1
26328,8,1
26329,14,1
26329,15,1
26329,50,1
26329,13,1
26330,47,2
26330,13,1
26330,16,1
26331,10,1
26331,13,2
26331,16,1
26332,14,1
26332,15,1
26332,13,2
26333,15,1
26333,13,1
26333,38,1
26334,13,1
26334,10,2
26334,15,1
26334,12,1
26335,12,1
26335,15,1
26336,10,1
26336,16,3
26336,13,1
26337,13,1
26338,11,1
26338,12,3
26338,14,1
26339,14,1
26339,13,1
26339,11,1
26340,15,1
26340,12,1
26340,16,1
26341,15,1
26342,11,1
26342,16,1
26343,5,2
26343,11,2
26344,16,3
26344,11,1
26345,14,1
26345,16,1
26346,14,1
26346,13,1
26347,13,1
26347,60,1
26347,14,1
26348,11,1
26348,15,1
26349,14,1
26349,10,2
26350,10,1
26350,13,1
26351,26,2
26352,15,1
26352,16,1
26353,14,1
26353,15,1
26354,9,1
26354,30,3
26355,13,1
26355,15,1
26356,15,1
26357,10,1
26357,11,1
26357,13,2
26358,15,1
26358,3,2
26358,16,1
26359,13,2
26359,6,2
26360,59,2
26360,16,1
26361,16,1
26361,11,1
26362,13,1
26362,14,1
26363,12,1
26363,14,2
26363,15,1
26364,13,1
26364,11,1
26364,30,1
26365,10,1
26365,30,1
26365,12,1
26366,15,1
26367,16,2
26367,15,2
26367,10,1
26368,15,3
26369,7,1
26369,15,1
26370,13,1
26371,13,1
26371,11,1
26372,14,1
26372,13,1
26372,11,1
26373,13,1
26373,10,1
26374,39,1
26374,12,1
26374,14,1
26375,12,1
26375,14,1
26376,13,1
26376,12,1
26377,11,1
26377,15,3
26378,11,1
26378,14,1
26378,12,2
26379,13,1
26379,14,3
26380,10,1
26380,12,1
26380,31,2
26381,14,2
26381,13,1
26381,12,1
26381,49,1
26382,15,1
26382,13,1
26383,11,1
26383,15,1
26383,10,2
26383,16,1
26384,26,1
26384,13,1
26385,13,1
26385,57,1
26386,16,1
26386,13,2
26386,11,1
26387,10,1
26387,14,1
26387,13,1
26388,16,2
26388,10,1
26388,12,1
26388,14,1
26389,14,1
26389,23,1
26390,13,1
26390,14,1
26390,34,1
26390,12,1
26391,13,1
26391,10,1
26391,16,1
26392,24,1
26392,15,1
26393,15,2
26393,12,1
26393,39,1
26393,10,1
26394,12,1
26394,15,2
26394,16,1
26395,11,3
26395,13,1
26396,12,1
26396,38,1
26397,15,2
26397,12,1
26398,10,1
26398,11,1
26398,15,1
26399,10,1
26399,14,1
26400,11,1
26400,9,1
26401,66,1
26401,64,1
26402,63,1
26402,61,1
26402,53,1
26403,66,1
26403,62,2
26403,61,1
26403,64,1
26404,62,1
26404,66,1
26405,9,2
26405,6,1
26406,65,1
26406,62,2
26407,64,2
26407,62,1
26407,17,1
26408,63,1
26408,61,1
26408,57,3
26409,63,1
26409,59,1
26409,7,1
26410,64,1
26410,61,2
26411,61,1
26411,66,1
26411,65,3
26412,65,1
26412,62,1
26412,64,1
26413,66,1
26413,61,1
26414,63,3
26414,51,1
26414,61,2
26414,62,1
26414,64,1
26415,65,1
26415,62,1
26415,61,2
26416,66,1
26416,63,1
26417,61,1
26417,37,1
26418,52,1
26418,28,3
26418,62,1
26419,66,3
26419,9,1
26420,20,1
26420,65,1
26420,66,1
26420,64,1
26421,61,2
26421,66,1
26421,65,3
26422,65,2
26422,63,1
26422,62,1
26423,66,1
26423,64,1
26423,65,1
26423,46,1
26423,61,1
26424,65,1
26424,63,1
26425,64,1
26425,66,1
26426,46,1
26427,61,1
26428,61,1
26428,65,1
26429,61,2
26429,53,2
26430,61,2
26430,65,1
26430,66,1
26431,45,1
26432,61,1
26432,65,1
26433,63,1
26433,61,1
26433,66,1
26434,65,1
26434,63,1
26435,66,1
26435,65,1
26435,41,2
26436,65,1
26436,41,1
26437,62,1
26437,63,1
26438,53,1
26438,63,1
26438,36,1
26439,63,2
26440,63,1
26440,61,1
26441,66,1
26442,62,1
26443,61,1
26443,64,1
26443,65,1
26444,64,1
26444,65,1
26445,63,1
26445,49,1
26446,61,1
26446,66,1
26446,65,2
26447,65,1
26447,19,1
26447,66,1
26448,7,3
26448,65,1
26449,17,1
26449,63,1
26449,65,1
26449,62,3
26449,61,3
26450,65,1
26450,63,1
26451,62,1
26452,61,1
26452,66,1
26452,55,1
26453,65,1
26453,66,1
26453,61,3
26454,63,1
26455,61,2
26455,65,2
26455,66,1
26456,61,2
26456,65,1
26456,62,1
26457,61,1
26457,65,1
26458,66,1
26458,65,2
26458,63,1
26458,61,1
26459,64,1
26459,43,1
26459,66,1
26459,62,1
26460,66,1
26460,64,1
26461,16,1
26461,14,2
26461,12,1
26462,59,1
26463,11,1
26463,16,1
26463,13,1
26463,15,1
26464,10,1
26464,13,1
26464,12,1
26465,15,1
26465,38,1
26465,13,1
26466,13,1
26466,14,1
26467,16,1
26467,14,1
26467,11,1
26468,11,2
26468,14,1
26468,10,1
26469,13,3
26469,31,1
26470,16,1
26470,14,1
26471,15,2
26471,12,2
26472,14,1
26472,15,2
26473,10,1
26473,16,1
26473,15,1
26474,12,1
26474,13,1
26475,10,1
26475,15,1
26476,11,1
26476,9,1
26476,12,2
26477,39,1
26477,11,1
26477,35,1
26478,56,2
26478,14,1
26479,13,1
26480,16,2
26480,14,1
26481,12,1
26481,15,1
26482,13,1
26482,12,1
26482,15,1
26483,13,2
26483,10,1
26483,15,2
26484,13,2
26484,59,1
26484,11,1
26485,12,1
26485,10,1
26485,13,1
26485,14,2
26486,11,1
26486,16,2
26487,11,1
26487,46,1
26488,15,1
26488,10,2
26489,11,1
26489,12,1
26489,15,1
26490,11,1
26491,10,1
26492,13,1
26492,10,1
26493,60,1
26493,14,1
26494,16,2
26494,12,1
26494,15,1
26494,14,1
26495,13,2
26495,12,1
26496,16,1
26496,11,1
26496,15,1
26497,33,2
26497,16,1
26498,15,3
26498,12,1
26499,56,3
26499,27,1
26499,12,1
26500,12,1
26500,57,1
26500,15,2
26501,15,1
26501,10,1
26501,29,1
26502,16,2
26502,2,1
26502,12,1
26502,15,3
26503,24,1
26503,15,1
26504,11,1
26504,14,1
26505,14,1
26505,10,1
26506,10,1
26506,16,1
26506,13,1
26507,44,1
26507,12,1
26508,11,1
26508,10,1
26508,13,1
26508,28,2
26509,13,2
26509,15,1
26509,10,1
26509,16,1
26509,7,2
26510,12,2
26511,12,1
26512,15,1
26512,16,2
26512,11,3
26513,16,1
26513,14,1
26513,12,1
26514,10,1
26514,14,2
26514,11,1
26515,10,1
26515,11,1
26515,58,1
26515,14,2
26516,11,1
26516,14,1
26516,8,1
26517,14,1
26517,11,1
26518,11,1
26518,12,3
26518,19,1
26518,14,1
26519,15,2
26519,14,1
26520,12,1
26520,22,1
26520,37,1
26521,63,1
26521,39,1
26521,34,1
26522,61,3
26523,66,1
26523,64,1
26523,13,1
26524,62,1
26524,66,1
26524,65,1
26525,65,1
26525,41,1
26525,64,2
26525,63,1
26526,66,1
26526,61,2
26527,66,1
26527,65,1
26527,32,3
26528,63,1
26528,66,1
26528,62,1
26529,62,1
26529,61,1
26529,63,1
26530,23,1
26530,61,2
26530,66,2
26531,66,1
26531,65,1
26532,63,1
26533,61,2
26533,63,1
26534,1,2
26534,65,1
26535,64,1
26536,61,1
26536,62,1
26536,66,1
26537,62,1
26537,63,1
26537,30,1
26538,66,1
26538,61,2
26539,63,1
26539,64,1
26539,8,1
26540,64,1
26541,63,1
26541,62,2
26541,64,1
26542,61,1
26542,64,1
26543,63,1
26543,64,1
26544,65,1
26544,64,1
26544,61,1
26545,64,2
26545,61,2
26545,65,1
26546,65,1
26547,62,1
26547,39,1
26547,15,1
26547,66,1
26548,64,1
26548,35,1
26548,66,2
26549,23,1
26549,64,1
26549,62,2
26550,62,1
26550,63,2
26551,62,1
26551,9,1
26551,64,1
26551,65,1
26551,63,1
26552,62,2
26552,64,1
26553,66,3
26553,63,1
26553,65,1
26554,61,1
26554,13,1
26554,65,1
26555,23,1
26555,49,1
26555,64,1
26556,61,1
26557,46,1
26558,63,1
26558,66,1
26558,64,1
26559,65,1
26559,66,1
26559,63,1
26560,24,1
26560,61,1
26561,61,1
26561,64,3
26562,62,2
26562,63,1
26562,61,1
26563,65,1
26564,62,3
26564,66,1
26564,40,1
26565,28,1
26565,63,2
26566,64,1
26567,63,3
26567,64,1
26568,58,1
26568,61,1
26568,63,1
26569,64,1
26569,7,1
26570,28,1
26571,66,1
26571,65,1
26571,63,1
26572,42,1
26572,65,2
26572,64,1
26573,62,1
26574,61,1
26574,65,1
26574,64,2
26575,61,1
26575,62,2
26576,62,3
26576,66,1
26576,65,2
26577,61,1
26577,16,1
26578,64,1
26578,46,1
26579,63,1
26579,64,1
26579,65,1
26580,61,1
26580,62,1
26581,70,1
26581,46,1
26581,29,1
26582,35,1
26582,68,1
26583,57,1
26583,35,2
26583,69,2
26584,67,1
26584,36,1
26585,20,3
26585,68,1
26585,35,1
26586,70,2
26586,35,1
26587,68,3
26587,36,1
26588,70,1
26588,36,1
26588,69,1
26589,70,1
26589,68,3
26590,35,1
26590,69,1
26591,36,1
26591,35,1
26591,56,1
26591,67,1
26592,70,2
26592,69,1
26592,68,1
26593,68,1
26593,69,2
26594,67,2
26594,68,2
26595,59,3
26595,35,2
26596,68,1
26596,27,1
26596,36,1
26597,36,1
26597,69,1
26598,36,2
26598,67,2
26598,27,1
26599,13,1
26599,18,1
26599,50,1
26599,67,1
26600,38,1
26600,35,1
26600,68,1
26601,67,1
26601,70,1
26602,70,1
26602,36,1
26602,21,1
26603,32,1
26603,31,1
26603,69,1
26604,35,1
26604,36,1
26605,57,1
26605,69,1
26605,44,1
26605,36,2
26605,60,1
26606,70,1
26606,36,2
26606,68,1
26607,52,1
26607,36,1
26607,32,3
26607,69,1
26608,35,1
26608,67,1
26609,68,3
26609,69,2
26610,67,1
26610,41,2
26610,68,1
26611,36,1
26611,70,2
26611,67,1
26612,32,1
26612,55,2
26612,67,1
26613,52,3
26613,32,1
26613,12,1
26613,35,1
26614,36,1
26614,69,3
26615,70,1
26615,14,2
26615,67,1
26616,36,1
26616,67,1
26617,68,1
26617,35,1
26617,46,1
26617,43,1
26618,69,1
26618,67,1
26618,35,1
26619,36,1
26619,69,1
26619,35,1
26620,70,1
26620,67,2
26620,24,1
26621,36,1
26621,67,1
26622,69,1
26622,70,1
26622,68,1
26623,67,1
26623,35,2
26623,36,1
26623,20,1
26624,35,2
26624,70,1
26624,36,1
26625,67,1
26625,35,1
26625,48,3
26626,35,1
26626,70,2
26627,70,1
26627,68,2
26628,69,2
26628,67,1
26629,25,1
26629,68,1
26630,67,2
26631,35,1
26631,48,1
26631,24,3
26631,36,2
26632,54,1
26632,48,2
26633,67,1
26633,68,1
26633,70,2
26634,68,1
26634,36,1
26634,35,1
26635,25,1
26635,68,1
26636,70,1
26637,70,2
26637,19,1
26637,68,1
26638,69,1
26638,68,1
26638,46,3
26639,68,2
26639,67,1
26640,67,1
26640,39,1
26640,68,1
26641,77,1
26641,76,2
26642,75,1
26642,77,1
26643,71,1
26643,76,2
26643,58,1
26643,75,3
26644,55,2
26644,73,2
26645,72,2
26645,73,1
26645,47,1
26646,78,2
26646,31,1
26646,77,1
26646,13,1
26646,79,1
26647,75,1
26647,74,1
26648,36,1
26648,72,1
26649,78,1
26649,76,1
26650,26,1
26650,78,1
26650,34,1
26651,78,1
26651,48,2
26651,2,2
26652,80,1
26652,72,1
26653,71,1
26653,17,1
26653,76,1
26653,72,1
26654,55,1
26654,80,1
26654,27,1
26655,74,1
26655,78,2
26655,77,1
26655,73,3
26656,55,1
26656,75,1
26656,74,1
26656,79,1
26657,80,1
26657,77,1
26658,75,1
26658,78,1
26659,75,1
26659,3,3
26659,77,1
26660,80,1
26660,78,1
26661,75,1
26661,34,1
26661,74,1
26661,46,2
26662,78,1
26662,76,1
26662,55,2
26663,79,1
26663,74,2
26663,40,1
26663,75,1
26664,79,1
26664,73,1
26664,75,1
26664,59,2
26665,80,2
26665,75,1
26665,78,2
26665,74,1
26665,24,1
26666,80,1
26666,73,1
26666,78,1
26666,15,1
26667,79,1
26667,77,2
26667,75,1
26668,76,1
26668,71,1
26668,77,1
26668,80,1
26669,73,1
26669,79,1
26670,45,1
26670,76,2
26671,18,2
26671,73,1
26671,53,1
26672,3,2
26672,33,1
26672,80,1
26673,12,1
26674,71,1
26674,37,2
26674,72,1
26674,75,1
26675,79,1
26675,76,1
26675,22,1
26676,19,1
26676,72,1
26677,77,1
26677,71,1
26677,79,1
26678,78,2
26678,48,1
26679,80,1
26679,73,1
26679,71,1
26680,78,1
26680,72,2
26680,75,1
26681,24,1
26681,49,2
26681,3,3
26681,23,3
26681,73,1
26682,35,1
26682,75,2
26682,74,2
26683,78,1
26683,74,1
26683,80,1
26684,71,2
26684,60,1
26684,44,1
26685,79,1
26685,80,1
26685,72,1
26686,5,1
26686,55,2
26686,76,1
26686,72,1
26687,37,1
26687,71,1
26687,74,1
26688,77,2
26688,71,1
26688,80,1
26689,71,1
26689,78,1
26690,75,1
26690,72,3
26690,74,1
26690,80,1
26691,78,1
26691,71,1
26691,60,1
26692,74,1
26692,49,1
26692,79,1
26693,74,1
26693,72,1
26693,77,1
26693,40,2
26694,71,1
26694,79,1
26694,80,1
26694,41,1
26695,74,1
26695,14,1
26695,72,1
26696,75,1
26696,79,1
26696,11,1
26697,25,1
26697,29,1
26698,80,1
26698,79,1
26698,22,1
26699,29,1
26699,75,1
26699,71,3
26699,74,1
26700,74,1
26700,72,1
26700,80,1
26701,14,1
26701,11,1
26701,7,1
26702,10,1
26703,13,1
26703,49,3
26704,12,1
26704,60,1
26704,10,1
26705,14,3
26705,12,1
26705,11,1
26706,14,1
26706,15,1
26707,13,1
26707,15,1
26708,16,3
26708,12,1
26708,13,2
26709,35,1
26710,10,1
26710,13,1
26710,15,1
26711,15,2
26711,10,3
26711,11,1
26712,15,1
26712,10,1
26712,13,1
26713,16,1
26713,10,1
26714,16,3
26714,13,1
26714,10,1
26715,16,1
26715,15,1
26716,15,1
26716,1,1
26717,15,1
26717,11,1
26718,11,1
26718,13,2
26719,37,2
26719,16,2
26719,23,1
26720,16,1
26720,12,1
26721,35,1
26721,16,1
26722,13,1
26722,19,1
26723,16,1
26723,18,1
26723,7,1
26724,15,1
26725,3,1
26725,16,1
26725,35,1
26726,13,1
26726,16,1
26726,15,2
26727,14,1
26727,13,2
26727,10,1
26728,14,1
26728,11,1
26729,13,1
26729,12,1
26729,15,1
26730,12,1
26730,27,2
26731,16,1
26731,29,1
26731,10,1
26732,11,3
26732,10,1
26733,14,1
26733,12,1
26733,13,1
26733,10,2
26733,11,1
26734,12,1
26734,10,1
26734,18,1
26735,11,1
26735,12,1
26736,10,1
26736,12,1
26737,12,1
26737,10,1
26737,14,1
26738,25,1
26738,16,1
26739,16,1
26740,44,1
26740,43,1
26741,12,1
26741,16,1
26742,16,1
26742,14,1
26742,12,1
26743,16,1
26743,10,2
26743,8,1
26744,16,1
26744,13,1
26744,17,1
26745,19,1
26745,10,1
26745,15,1
26745,3,1
26746,12,1
26746,10,1
26747,13,3
26747,17,2
26748,14,2
26748,15,1
26749,12,2
26749,11,1
26749,15,1
26750,10,1
26750,13,2
26750,16,1
26751,14,2
26751,59,1
26751,38,1
26752,13,3
26752,14,1
26752,11,2
26752,32,1
26753,12,2
26753,14,1
26754,11,1
26754,12,1
26754,43,1
26755,14,2
26755,15,1
26756,35,1
26756,14,1
26757,16,1
26757,14,1
26758,10,2
26758,4,1
26759,8,1
26759,4,1
26759,10,1
26760,11,1
26760,14,1
26760,16,1
26760,13,1
26761,29,3
26761,34,1
26761,19,1
26761,18,1
26761,20,1
26762,19,1
26762,29,1
26762,45,1
26762,18,1
26763,18,1
26763,34,1
26764,19,1
26764,29,2
26765,19,3
26765,18,2
26765,29,1
26766,18,1
26766,34,2
26766,28,1
26766,19,1
26767,6,1
26767,18,1
26768,18,1
26768,19,1
26769,29,2
26769,18,1
26770,18,2
26770,22,3
26770,19,1
26771,19,2
26771,18,1
26772,29,1
26772,8,1
26772,34,2
26772,18,1
26773,18,1
26773,29,1
26774,19,1
26774,24,2
26775,34,1
26775,18,1
26775,29,1
26775,19,1
26776,19,1
26776,29,2
26776,33,1
26777,34,3
26777,18,1
26777,29,1
26777,10,1
26778,36,1
26778,34,1
26778,41,1
26779,19,2
26779,18,1
26779,37,2
26779,29,1
26780,29,1
26780,18,3
26780,34,1
26781,19,1
26782,18,1
26782,19,1
26782,47,1
26782,45,1
26783,34,2
26783,19,2
26783,29,1
26784,29,2
26784,34,2
26784,18,1
26785,34,2
26785,31,1
26785,14,1
26785,19,1
26786,29,1
26786,18,1
26787,18,1
26787,19,2
26787,29,1
26788,18,1
26789,34,3
26789,18,1
26790,18,1
26790,34,1
26791,18,2
26791,12,1
26791,10,3
26791,19,1
26792,19,2
26792,34,1
26793,18,1
26793,34,1
26793,19,1
26793,29,1
26794,19,3
26794,34,2
26794,29,1
26795,19,1
26795,18,1
26795,29,1
26795,49,1
26796,34,1
26796,29,1
26796,18,1
26797,29,1
26797,19,2
26798,34,1
26798,18,1
26799,34,1
26799,29,1
26800,19,1
26800,34,2
26800,27,1
26801,26,1
26801,18,1
26802,18,1
26802,19,1
26803,18,1
26803,29,1
26803,19,1
26804,34,2
26804,18,1
26804,19,1
26805,19,1
26805,29,1
26805,18,2
26806,19,1
26806,34,1
26807,39,1
26807,29,1
26807,5,1
26808,18,2
26808,34,1
26809,36,1
26809,31,1
26810,18,1
26810,34,1
26810,19,1
26810,29,1
26811,19,1
26811,26,1
26812,29,1
26812,19,1
26813,19,1
26813,34,2
26813,29,1
26813,11,1
26814,29,1
26814,34,3
26814,19,1
26814,23,1
26815,29,1
26815,26,1
26815,9,1
26816,29,1
26816,18,1
26816,19,1
26817,19,1
26817,33,1
26818,19,1
26818,34,1
26818,18,1
26818,56,1
26819,15,1
26819,34,1
26819,29,1
26820,34,1
26820,18,1
26820,45,1
26821,69,1
26821,36,1
26822,69,1
26822,35,2
26822,36,1
26822,68,1
26823,52,2
26823,70,1
26823,68,1
26823,58,1
26824,69,1
26824,29,2
26825,70,1
26825,25,1
26825,40,1
26826,36,1
26826,35,1
26827,35,2
26827,70,1
26827,5,2
26828,30,1
26828,11,1
26828,35,1
26828,36,1
26829,26,1
26829,42,1
26829,36,1
26829,70,1
26830,5,1
26830,67,2
26830,12,1
26831,68,1
26831,70,1
26832,36,1
26832,35,1
26832,69,1
26832,32,1
26832,67,1
26833,36,2
26833,69,1
26833,70,1
26833,68,1
26834,70,1
26834,35,1
26835,68,1
26835,51,1
26836,67,1
26836,35,1
26837,68,1
26837,36,2
26838,67,1
26838,35,1
26838,36,3
26838,70,1
26838,68,1
26839,67,1
26839,35,2
26839,70,1
26840,23,1
26840,44,1
26840,36,1
26840,47,1
26841,36,1
26841,68,1
26841,67,1
26842,36,1
26842,70,1
26842,35,2
26843,69,1
26844,69,1
26844,68,1
26845,32,1
26845,11,1
26846,70,2
26846,35,1
26846,46,3
26847,67,1
26847,70,1
26848,67,1
26848,68,1
26849,69,1
26849,67,1
26849,36,1
26849,70,2
26850,68,1
26850,67,1
26850,35,1
26850,69,1
26851,69,2
26851,47,1
26852,68,1
26852,35,1
26853,36,1
26853,35,1
26853,25,3
26854,70,1
26854,36,1
26854,68,1
26855,67,1
26855,8,1
26855,41,1
26855,68,1
26855,69,1
26856,36,2
26856,67,1
26856,69,1
26857,68,1
26857,67,2
26857,69,1
26857,35,1
26858,67,1
26858,35,1
26858,69,1
26859,67,1
26859,27,2
26860,30,1
26860,36,1
26860,67,1
26861,70,2
26861,35,1
26862,36,1
26862,35,1
26862,10,1
26862,3,1
26863,39,1
26863,7,3
26863,67,1
26864,69,1
26864,36,1
26865,36,1
26865,26,1
26866,67,1
26866,35,1
26866,70,1
26867,68,2
26867,35,1
26867,67,2
26868,14,1
26868,35,3
26868,68,1
26869,36,1
26869,70,3
26870,29,2
26870,67,1
26871,68,2
26871,35,1
26871,70,1
26871,36,1
26872,36,2
26872,23,1
26872,67,1
26872,70,3
26873,40,1
26873,36,1
26873,70,1
26873,69,1
26874,11,1
26874,68,1
26875,45,1
26875,36,1
26876,69,1
26876,36,1
26877,36,1
26877,35,1
26878,70,1
26878,50,1
26879,36,2
26880,35,1
26880,36,2
26881,68,1
26881,67,3
26882,35,1
26882,69,1
26882,36,1
26883,38,1
26883,69,1
26883,67,1
26884,36,1
26884,70,1
26884,68,3
26885,35,3
26885,69,1
26885,70,1
26886,2,1
26886,70,1
26887,35,1
26887,69,1
26888,69,1
26888,70,1
26889,69,1
26889,68,1
26890,70,1
26890,69,1
26891,55,1
26891,35,2
26891,69,1
26891,20,1
26891,36,1
26892,33,1
26892,36,2
26892,68,1
26893,70,2
26893,35,1
26894,69,1
26894,35,1
26894,67,1
26895,70,1
26895,69,2
26895,15,1
26896,69,2
26896,68,2
26897,67,2
26897,68,3
26898,33,1
26898,8,1
26899,35,1
26899,40,1
26899,69,1
26900,67,1
26900,35,1
26900,68,1
26900,69,2
26901,67,1
26901,31,1
26901,36,1
26902,47,1
26902,67,1
26903,70,1
26903,28,1
26904,28,1
26905,35,1
26905,68,1
26906,67,1
26906,70,1
26906,36,1
26907,67,1
26908,67,1
26908,70,1
26908,36,1
26909,69,1
26909,67,2
26909,36,1
26910,35,1
26910,36,1
26910,18,1
26910,53,1
26911,70,1
26911,68,1
26911,3,1
26911,67,1
26912,36,1
26912,4,1
26912,68,1
26912,67,1
26913,36,1
26913,67,1
26913,70,1
26913,39,3
26914,45,2
26914,70,1
26914,67,1
26915,67,2
26915,68,2
26915,17,1
26915,36,1
26916,70,1
26917,70,1
26917,35,1
26917,69,1
26917,68,1
26918,69,2
26918,46,1
26918,11,1
26918,36,2
26919,69,1
26919,70,1
26919,36,1
26920,27,1
26920,32,1
26920,35,2
26920,67,2
26921,68,1
26921,67,1
26921,36,1
26922,67,1
26922,35,1
26922,14,1
26923,69,1
26923,20,1
26923,68,2
26923,67,3
26924,67,1
26924,35,1
26924,69,1
26925,20,1
26925,69,1
26926,28,1
26926,35,1
26927,36,1
26928,70,1
26928,17,1
26928,51,1
26929,35,1
26929,68,1
26929,13,3
26930,70,1
26930,69,2
26931,67,1
26932,67,1
26932,8,1
26933,48,1
26933,69,1
26934,68,1
26934,69,1
26934,35,1
26935,69,1
26935,35,1
26935,70,1
26935,67,1
26936,35,2
26936,36,1
26936,69,1
26937,68,1
26937,67,1
26937,35,1
26938,35,1
26938,13,1
26938,54,1
26939,35,1
26939,8,2
26940,68,1
26940,69,1
26941,29,2
26941,28,1
26942,28,2
26942,23,2
26943,33,3
26943,7,1
26944,29,1
26944,32,1
26944,53,1
26945,31,1
26945,29,1
26946,33,1
26946,28,1
26946,48,1
26947,23,1
26947,32,1
26947,50,1
26948,13,1
26948,2,3
26949,33,1
26949,29,1
26949,31,1
26949,28,2
26950,33,1
26950,29,3
26950,5,1
26951,1,3
26951,33,1
26952,30,1
26952,28,1
26952,32,1
26953,32,3
26953,31,1
26953,30,2
26954,32,3
26954,28,1
26954,31,1
26954,29,1
26954,15,2
26955,29,2
26955,32,1
26955,28,1
26956,31,1
26956,48,1
26956,42,1
26956,30,1
26957,30,2
26958,31,1
26958,33,1
26958,32,2
26959,33,1
26959,30,1
26960,31,2
26960,48,1
26960,32,1
26960,28,2
26961,31,2
26961,23,1
26961,28,1
26961,32,1
26962,28,1
26963,30,1
26963,33,1
26964,33,1
26964,28,1
26964,30,1
26965,32,1
26965,30,1
26965,31,1
26965,28,2
26965,33,1
26966,31,1
26966,29,1
26966,30,1
26967,28,1
26967,56,1
26967,58,1
26967,29,1
26968,33,1
26968,32,1
26968,28,1
26969,29,1
26969,54,1
26970,29,1
26970,48,1
26971,32,1
26971,50,1
26971,30,1
26971,29,1
26971,33,1
26972,31,2
26972,8,1
26973,14,2
26973,29,1
26973,28,1
26973,6,3
26974,33,1
26974,32,3
26975,30,1
26975,31,1
26975,7,1
26976,28,1
26976,21,1
26977,33,3
26977,29,1
26978,21,1
26978,28,3
26979,33,2
26979,30,1
26979,4,1
26980,20,1
26980,33,1
26980,30,1
26981,29,1
26981,60,2
26981,33,2
26982,29,2
26982,28,1
26982,30,1
26982,33,1
26983,30,1
26983,47,1
26983,29,1
26984,32,1
26984,31,1
26984,10,1
26985,33,1
26985,10,1
26986,7,3
26986,29,1
26986,31,1
26987,30,1
26987,29,1
26988,33,2
26988,31,1
26989,30,1
26989,28,1
26990,28,1
26990,32,1
26990,29,1
26990,33,1
26991,31,2
26991,42,1
26991,32,1
26991,29,1
26991,28,1
26992,41,1
26992,32,1
26992,33,1
26992,29,2
26993,29,1
26993,33,1
26994,28,1
26994,20,1
26994,30,1
26995,33,1
26995,29,1
26995,36,2
26995,32,1
26996,58,1
26996,41,2
26996,31,1
26996,32,1
26996,12,1
26997,28,2
26997,29,1
26997,59,1
26998,32,2
26998,48,2
26998,33,1
26999,29,1
26999,52,1
27000,33,1
27000,14,1
27000,30,2
27001,75,1
27001,20,1
27002,23,1
27002,52,1
27003,25,1
27003,21,1
27003,74,2
27004,24,1
27004,22,1
27005,20,1
27005,25,1
27006,25,1
27006,74,1
27006,3,1
27007,32,1
27007,22,1
27008,74,1
27008,23,1
27008,25,1
27009,22,1
27010,22,1
27010,74,1
27011,24,1
27011,55,1
27011,22,1
27011,25,1
27012,25,2
27012,20,1
27013,52,1
27013,24,1
27013,58,2
27014,14,1
27014,24,1
27014,20,1
27015,24,1
27015,23,1
27016,75,1
27016,20,1
27017,22,1
27017,25,1
27017,21,1
27017,74,1
27018,1,1
27018,24,1
27018,55,1
27019,20,1
27019,21,1
27020,24,1
27020,23,1
27021,22,1
27021,24,1
27021,33,2
27021,34,3
27022,75,1
27022,25,1
27022,23,1
27023,28,1
27023,74,1
27024,22,3
27024,24,1
27024,23,1
27025,21,2
27025,20,1
27025,75,2
27026,20,1
27026,51,1
27026,21,1
27027,74,1
27027,23,1
27027,20,1
27027,38,1
27028,20,1
27028,23,1
27029,74,1
27029,25,1
27030,25,2
27030,23,1
27030,75,1
27031,21,1
27031,25,2
27032,25,1
27032,74,1
27033,75,1
27033,24,1
27033,22,2
27034,22,1
27034,33,1
27034,24,1
27034,20,1
27035,23,1
27035,24,1
27036,23,2
27036,24,1
27037,23,1
27037,22,1
27037,75,1
27037,41,1
27038,20,1
27038,75,2
27039,25,1
27039,22,1
27039,29,1
27040,21,1
27040,74,1
27040,23,1
27041,24,1
27041,74,1
27041,20,1
27042,24,1
27042,60,1
27042,37,1
27043,21,1
27043,20,2
27044,25,1
27044,10,2
27045,20,1
27046,25,1
27046,24,1
27046,23,1
27046,17,1
27047,25,1
27047,20,1
27048,21,2
27048,40,1
27049,23,1
27049,74,1
27049,20,1
27049,75,1
27050,20,1
27050,39,1
27051,22,1
27051,24,1
27052,25,1
27052,21,1
27053,25,1
27053,20,2
27053,24,1
27054,22,1
27054,74,1
27054,24,1
27055,37,2
27055,23,1
27055,75,1
27056,20,1
27056,23,1
27057,25,1
27057,21,2
27057,23,1
27058,20,1
27058,22,1
27059,19,1
27059,51,1
27060,25,3
27060,21,1
27060,74,3
27061,18,1
27061,19,1
27061,32,1
27062,34,1
27062,18,2
27062,56,2
27063,29,1
27063,18,1
27063,39,1
27064,18,1
27064,34,2
27064,6,1
27064,19,2
27065,19,1
27065,34,1
27065,13,1
27065,29,1
27065,4,2
27066,18,1
27066,19,1
27066,34,1
27067,29,2
27067,30,1
27068,29,1
27068,19,1
27069,14,1
27069,16,1
27069,18,2
27069,29,1
27070,12,1
27070,18,1
27071,19,1
27071,56,1
27072,38,1
27072,18,1
27072,49,1
27073,19,2
27073,29,1
27074,19,1
27074,12,1
27074,18,1
27075,34,1
27075,29,3
27075,18,1
27076,12,1
27076,18,1
27077,29,3
27077,34,1
27078,19,1
27078,29,1
27079,19,1
27080,18,1
27080,19,2
27080,29,1
27081,18,1
27081,34,1
27081,29,1
27081,19,1
27081,2,1
27082,37,3
27082,18,1
27083,18,1
27083,19,1
27084,29,1
27084,45,1
27084,18,1
27085,18,1
27085,34,1
27085,12,1
27085,15,1
27086,34,1
27086,10,1
27086,30,1
27087,29,1
27087,34,1
27087,18,1
27088,18,2
27088,19,1
27089,57,1
27089,42,1
27089,19,1
27089,18,1
27090,29,1
27090,18,2
27091,19,3
27092,18,1
27092,19,1
27092,30,3
27093,34,3
27093,21,1
27094,19,1
27094,18,1
27094,2,1
27095,19,1
27095,29,1
27095,14,1
27095,17,1
27096,29,1
27096,34,1
27097,21,1
27097,36,1
27098,18,1
27098,34,1
27098,19,1
27098,29,2
27098,20,2
27099,24,1
27099,21,1
27100,18,1
27100,39,1
27101,29,1
27101,19,1
27102,19,1
27102,34,1
27102,44,2
27103,29,1
27103,18,1
27104,19,1
27104,29,1
27104,47,1
27105,29,1
27106,34,2
27106,18,1
27106,19,2
27107,29,3
27107,18,1
27107,4,1
27108,29,1
27108,18,1
27108,38,2
27108,27,1
27109,29,1
27110,34,1
27110,6,1
27110,2,1
27111,5,1
27111,19,1
27111,34,1
27111,18,1
27112,34,1
27112,18,1
27113,34,1
27113,49,3
27114,18,1
27114,41,1
27114,29,1
27115,18,1
27115,19,1
27115,29,1
27116,37,2
27116,18,1
27117,34,1
27117,19,2
27117,59,1
27118,34,2
27118,18,1
27118,28,1
27118,54,2
27119,18,1
27119,29,1
27119,10,1
27119,19,1
27120,29,1
27120,19,1
27121,69,1
27121,58,2
27121,68,1
27122,54,1
27122,59,1
27122,23,2
27123,26,1
27123,1,2
27123,67,2
27124,60,1
27124,57,1
27124,53,1
27125,67,1
27125,69,1
27125,55,1
27126,53,1
27126,25,3
27127,53,1
27127,65,1
27127,58,1
27128,69,1
27128,61,1
27128,36,1
27129,51,1
27129,55,1
27129,3,1
27130,67,1
27130,64,1
27131,70,1
27131,61,1
27131,68,1
27132,64,1
27133,63,1
27133,60,3
27134,56,2
27134,2,3
27134,61,1
27135,62,1
27135,52,2
27135,69,1
27136,54,1
27136,63,3
27136,61,1
27136,33,1
27137,53,2
27137,61,1
27138,68,1
27138,52,1
27138,59,1
27139,53,1
27139,56,1
27139,62,2
27140,60,1
27140,67,1
27140,54,2
27141,53,2
27141,67,1
27141,54,1
27142,57,1
27142,56,1
27143,61,1
27143,26,1
27144,15,1
27144,68,1
27145,44,2
27145,60,1
27145,61,1
27145,70,1
27146,51,1
27146,55,1
27146,61,1
27147,58,2
27147,69,1
27148,68,1
27148,53,1
27148,57,1
27149,65,1
27149,56,1
27150,52,1
27150,58,1
27150,60,1
27150,65,1
27150,67,1
27151,60,1
27151,67,1
27151,56,1
27151,51,1
27151,54,1
27152,54,1
27152,52,1
27152,40,1
27153,61,1
27153,60,1
27153,66,1
27154,52,1
27154,58,1
27155,54,2
27155,53,1
27155,63,1
27155,57,1
27155,55,1
27156,52,1
27156,63,1
27156,53,1
27156,55,1
27156,69,1
27157,67,1
27157,64,1
27158,30,1
27158,61,1
27159,54,1
27159,68,2
27160,62,1
27160,43,1
27161,51,1
27161,18,1
27161,62,1
27161,65,2
27162,56,2
27162,66,1
27163,69,1
27163,26,1
27163,58,1
27163,60,1
27164,61,1
27164,63,1
27164,57,3
27165,55,2
27165,52,1
27165,8,1
27166,63,1
27166,70,1
27167,52,1
27167,66,1
27168,55,1
27168,57,1
27168,58,2
27168,35,2
27169,67,1
27169,25,1
27170,58,1
27170,56,2
27170,10,2
27171,52,1
27171,66,1
27171,53,1
27171,54,3
27172,56,1
27172,68,1
27173,26,2
27173,59,1
27174,63,2
27174,69,2
27174,55,1
27174,56,1
27175,12,1
27175,57,1
27176,54,1
27176,61,1
27176,51,1
27177,53,1
27177,30,2
27177,60,1
27178,56,1
27178,58,2
27178,69,1
27179,16,1
27179,55,1
27180,28,1
27180,65,1
27181,33,1
27181,22,1
27181,23,1
27181,25,1
27182,25,1
27182,31,2
27183,24,1
27183,25,1
27183,22,1
27184,24,1
27184,25,3
27184,6,2
27184,23,2
27184,22,1
27185,23,3
27185,25,1
27185,22,1
27186,25,1
27187,25,1
27187,23,1
27188,23,1
27188,22,1
27188,25,1
27188,24,1
27189,23,1
27189,25,1
27189,24,1
27189,45,1
27190,33,1
27190,25,1
27191,22,1
27191,56,1
27191,25,1
27191,24,2
27192,22,1
27192,25,1
27193,24,1
27193,25,1
27194,42,2
27194,34,1
27194,24,1
27195,24,1
27195,25,1
27196,32,1
27196,25,1
27196,22,2
27197,24,1
27197,25,1
27198,25,1
27198,23,1
27198,24,1
27198,1,1
27199,2,1
27199,23,1
27200,24,1
27200,23,2
27201,22,1
27201,23,1
27202,23,1
27202,1,1
27203,38,2
27203,24,2
27203,23,1
27204,23,2
27204,50,1
27204,24,1
27204,7,1
27205,22,1
27205,25,1
27205,24,1
27206,23,1
27206,22,3
27207,23,1
27207,24,1
27207,22,1
27208,23,1
27208,24,1
27208,22,3
27209,44,3
27209,23,1
27209,22,1
27209,24,1
27210,22,1
27210,25,1
27210,42,1
27211,45,1
27211,23,1
27212,24,1
27212,23,2
27212,25,2
27213,23,1
27213,22,1
27214,6,2
27214,23,1
27215,25,2
27215,23,1
27216,22,1
27216,23,1
27216,6,2
27217,25,3
27217,24,1
27217,14,1
27217,23,1
27218,14,3
27218,24,1
27218,22,2
27219,22,1
27219,25,2
27220,24,2
27220,50,1
27220,23,1
27221,23,2
27221,25,1
27221,22,1
27222,25,1
27222,15,1
27223,22,1
27223,25,1
27224,24,3
27224,4,1
27225,22,2
27225,23,1
27225,24,1
27225,25,1
27226,31,1
27226,25,1
27227,23,1
27228,22,1
27228,25,1
27228,23,1
27229,25,1
27229,23,2
27230,25,1
27230,24,1
27230,20,1
27231,22,1
27232,23,1
27232,28,2
27232,25,1
27232,3,1
27233,23,2
27233,24,1
27233,22,1
27234,23,2
27234,25,1
27234,22,1
27235,25,2
27235,24,2
27235,23,1
27236,25,1
27236,23,1
27236,24,1
27237,22,1
27237,23,1
27238,24,2
27238,25,1
27239,25,1
27239,22,1
27240,13,1
27240,24,2
27240,20,1
27241,58,1
27241,69,1
27242,68,1
27242,67,2
27242,36,1
27242,22,1
27243,70,1
27243,36,1
27243,69,1
27244,36,2
27244,68,1
27245,35,1
27245,69,1
27246,70,1
27246,35,1
27247,68,1
27247,67,1
27247,42,2
27248,68,1
27248,70,1
27249,35,2
27250,36,1
27250,69,1
27251,69,1
27251,31,1
27252,67,1
27252,36,2
27253,69,1
27253,35,1
27254,67,1
27254,70,2
27254,69,2
27254,35,2
27255,70,2
27255,35,1
27256,35,1
27256,69,1
27256,68,1
27257,36,1
27257,53,2
27257,67,1
27258,67,1
27258,68,1
27258,69,1
27259,36,1
27259,35,1
27260,36,1
27261,36,3
27261,26,1
27261,67,2
27261,69,1
27261,35,1
27262,3,1
27262,68,1
27262,36,1
27262,70,1
27263,35,1
27263,68,2
27263,52,1
27263,70,2
27264,36,1
27264,67,3
27265,69,1
27265,35,1
27266,14,1
27266,70,1
27267,32,2
27267,11,1
27268,32,1
27268,36,1
27269,69,1
27269,36,1
27269,70,1
27269,56,1
27270,35,1
27270,36,1
27270,44,1
27271,69,1
27271,36,3
27272,70,2
27272,36,1
27273,67,1
27273,68,1
27273,70,1
27274,35,1
27274,68,1
27274,67,1
27274,69,1
27275,35,1
27275,68,1
27275,39,1
27275,69,1
27275,70,2
27276,70,2
27276,67,1
27276,68,1
27277,58,1
27277,68,1
27277,35,1
27277,70,1
27278,36,1
27278,69,1
27279,68,1
27279,36,2
27280,35,1
27281,44,3
27281,69,1
27281,56,1
27281,35,2
27282,68,1
27282,35,1
27283,70,1
27283,36,1
27283,35,1
27283,68,1
27284,35,1
27284,67,1
27284,42,1
27285,67,3
27285,35,1
27285,36,1
27286,68,2
27286,36,2
27287,69,1
27287,68,1
27287,36,1
27288,35,1
27288,70,1
27289,68,1
27290,36,1
27290,67,1
27291,70,1
27291,43,1
27292,36,2
27292,5,1
27293,67,1
27294,55,2
27294,26,1
27294,70,2
27294,36,3
27295,35,1
27295,37,1
27295,6,1
27296,36,1
27296,70,1
27296,38,1
27296,68,1
27297,68,2
27297,60,1
27297,23,1
27298,36,1
27298,68,2
27299,67,1
27299,70,1
27299,69,1
27300,22,1
27300,70,1
27300,68,1
27300,36,1
27301,79,2
27301,73,1
27301,75,1
27302,52,1
27302,76,1
27303,74,1
27303,75,1
27304,79,1
27304,76,1
27304,15,1
27305,77,2
27305,72,1
27305,76,1
27305,71,1
27306,72,1
27306,43,2
27306,71,1
27306,77,1
27306,30,1
27307,22,1
27308,45,1
27308,75,1
27308,80,1
27309,78,3
27309,73,1
27310,73,3
27310,72,1
27310,80,1
27311,73,1
27311,78,1
27312,73,1
27312,71,1
27312,79,1
27313,36,1
27313,78,1
27314,11,1
27315,74,1
27315,78,3
27315,75,1
27316,73,1
27316,78,1
27316,76,1
27317,80,1
27317,31,1
27318,74,1
27318,78,2
27318,75,1
27319,76,2
27319,77,1
27319,72,1
27319,80,2
27319,56,1
27320,55,1
27320,79,1
27320,13,2
27320,76,1
27320,72,1
27321,74,1
27321,76,1
27322,75,1
27322,51,1
27322,72,1
27322,79,1
27323,77,1
27323,79,3
27323,72,1
27324,77,1
27324,52,1
27324,46,1
27325,18,2
27326,74,1
27326,79,3
27326,72,1
27326,44,1
27327,30,1
27327,40,1
27328,76,1
27328,78,1
27328,71,1
27329,73,1
27329,72,1
27329,71,1
27330,80,1
27330,72,1
27331,74,1
27331,44,1
27331,78,2
27332,71,1
27332,36,3
27332,79,1
27332,77,1
27332,72,1
27333,80,1
27333,71,1
27334,80,3
27334,13,1
27334,48,2
27335,76,1
27335,77,1
27335,72,1
27336,71,1
27336,80,1
27336,73,1
27337,77,1
27337,46,1
27337,71,1
27338,56,1
27338,72,1
27338,73,1
27338,17,1
27338,74,1
27339,52,1
27339,78,2
27339,73,1
27339,80,1
27340,80,1
27340,71,1
27340,74,1
27341,80,1
27341,73,3
27341,75,1
27341,14,1
27342,78,1
27342,71,1
27343,75,2
27343,78,3
27343,79,2
27344,73,1
27344,71,1
27344,72,2
27344,75,1
27345,72,2
27345,80,1
27346,74,1
27346,36,1
27346,77,1
27346,76,1
27347,78,1
27347,77,2
27347,76,1
27347,73,2
27347,72,1
27348,71,1
27348,79,1
27348,80,1
27348,75,2
27349,74,1
27349,71,1
27350,75,1
27350,74,1
27350,79,2
27350,72,2
27350,18,1
27351,73,2
27351,20,1
27351,79,1
27351,21,1
27352,71,1
27352,59,1
27353,73,1
27353,44,1
27353,80,1
27353,75,1
27353,21,1
27354,80,1
27354,76,1
27354,79,1
27355,74,1
27355,80,1
27355,79,1
27355,52,1
27356,47,1
27356,72,1
27356,75,2
27357,76,1
27357,77,1
27357,75,1
27358,72,1
27358,80,1
27358,73,1
27358,74,1
27359,40,1
27359,79,1
27360,77,1
27360,78,1
27360,72,1
27361,69,1
27361,70,1
27362,36,2
27362,10,1
27363,36,1
27363,30,3
27363,29,2
27363,19,2
27364,69,1
27364,67,1
27364,70,2
27365,67,3
27365,36,1
27366,70,3
27366,68,3
27366,69,1
27366,67,3
27366,36,1
27367,70,1
27367,69,2
27368,68,1
27368,4,1
27368,31,1
27368,53,1
27368,69,1
27369,12,2
27369,35,1
27369,22,2
27369,69,3
27370,67,1
27370,69,1
27370,16,1
27371,70,1
27371,68,3
27371,67,1
27371,42,1
27372,29,1
27372,5,1
27372,69,2
27373,70,1
27374,35,1
27374,36,3
27375,36,2
27376,35,3
27376,49,1
27376,70,1
27376,69,1
27377,69,1
27377,35,2
27378,68,1
27378,67,1
27378,69,1
27379,52,3
27379,69,1
27379,35,1
27380,36,1
27380,35,1
27380,69,1
27381,57,2
27381,68,1
27382,35,1
27382,30,2
27383,16,1
27384,13,1
27385,36,1
27385,35,2
27386,39,1
27386,23,1
27386,68,1
27386,58,1
27387,28,1
27387,36,1
27387,69,1
27387,60,1
27388,67,2
27388,39,1
27388,52,1
27389,35,2
27389,36,1
27389,69,1
27390,36,1
27391,35,1
27391,68,1
27392,25,1
27392,4,1
27393,5,1
27393,69,1
27393,35,1
27394,68,1
27394,27,1
27394,69,1
27394,21,1
27395,56,1
27395,69,1
27395,68,1
27396,56,1
27396,70,1
27396,48,1
27397,70,3
27397,41,1
27398,70,1
27399,67,1
27399,60,1
27399,35,1
27400,70,1
27400,69,1
27401,70,3
27401,35,1
27402,70,2
27402,36,1
27402,69,3
27403,70,1
27403,68,1
27404,36,1
27404,10,1
27405,58,1
27405,69,1
27405,47,1
27405,19,1
27406,20,1
27406,70,1
27406,36,1
27407,35,1
27407,70,2
27407,69,1
27408,67,1
27408,22,1
27408,35,2
27409,37,1
27409,68,1
27409,70,1
27410,1,1
27410,21,3
27410,67,1
27411,3,1
27412,55,1
27412,70,1
27413,69,1
27413,35,1
27413,67,1
27414,35,1
27414,68,1
27415,67,1
27415,35,3
27415,68,1
27416,70,1
27416,69,3
27417,68,1
27417,35,1
27418,35,1
27418,69,1
27419,68,2
27419,36,1
27419,70,1
27420,70,1
27420,45,1
27420,67,1
27421,2,1
27422,1,2
27422,6,1
27422,34,2
27423,6,1
27423,20,1
27424,6,1
27424,2,1
27425,3,1
27425,2,1
27425,28,2
27425,9,1
27426,37,1
27426,5,3
27426,8,2
27427,9,2
27427,3,1
27428,7,1
27428,8,1
27428,5,1
27429,2,1
27429,6,1
27430,23,1
27430,4,1
27430,3,1
27431,8,1
27431,9,1
27431,15,1
27432,49,1
27432,6,1
27432,2,3
27433,5,1
27433,39,1
27433,36,1
27433,4,1
27434,8,1
27434,3,1
27434,9,1
27435,2,1
27435,35,1
27436,4,1
27436,1,1
27436,7,1
27436,21,1
27437,2,2
27437,12,2
27437,9,2
27438,1,1
27439,1,1
27439,4,2
27440,6,1
27440,7,1
27441,9,2
27441,1,1
27441,4,1
27442,4,1
27443,8,1
27443,1,3
27444,4,1
27444,55,1
27445,6,1
27445,4,1
27446,9,1
27446,4,1
27446,7,1
27447,8,3
27447,5,1
27448,3,3
27448,4,1
27449,3,1
27449,6,1
27450,6,1
27450,3,1
27450,4,1
27451,55,1
27451,2,1
27452,60,2
27452,9,1
27453,51,3
27453,58,1
27453,8,1
27454,3,1
27454,41,1
27454,4,1
27455,5,1
27455,9,1
27455,1,1
27456,7,1
27456,2,1
27457,4,2
27457,6,1
27457,8,1
27457,17,2
27458,3,1
27458,33,1
27459,1,1
27459,4,1
27460,1,1
27460,3,2
27460,7,1
27460,2,1
27461,7,1
27461,48,1
27461,8,1
27461,9,1
27462,9,1
27463,5,1
27463,4,1
27464,51,1
27464,9,1
27465,8,1
27465,9,1
27465,6,1
27466,6,1
27466,44,1
27467,8,1
27467,37,1
27468,5,3
27468,7,1
27468,9,1
27469,54,1
27469,3,1
27470,5,1
27470,6,1
27471,7,1
27471,9,2
27472,38,1
27472,14,1
27472,26,1
27473,5,1
27473,50,1
27474,4,1
27474,9,1
27475,5,1
27475,6,3
27475,9,1
27476,54,1
27476,7,1
27476,1,1
27477,9,2
27477,4,3
27477,3,1
27478,7,3
27478,5,1
27478,45,1
27479,1,1
27479,8,1
27480,9,3
27480,22,1
27480,6,2
27480,13,1
27481,15,2
27481,51,1
27482,12,1
27482,27,1
27483,16,1
27483,15,1
27483,13,1
27484,13,1
27484,11,1
27485,12,1
27486,12,1
27486,16,2
27487,15,1
27487,13,1
27487,20,1
27488,13,2
27489,15,1
27489,12,1
27490,15,1
27490,18,1
27490,11,1
27491,14,2
27491,11,3
27491,3,1
27492,38,2
27492,10,1
27492,13,1
27493,13,1
27493,12,2
27493,14,2
27493,10,1
27494,13,1
27494,50,1
27495,11,2
27495,16,3
27496,10,1
27496,15,1
27496,11,1
27497,11,1
27497,6,1
27497,15,1
27498,50,1
27498,16,1
27498,14,1
27499,14,1
27499,11,1
27499,15,1
27500,14,1
27501,15,1
27502,12,1
27502,16,1
27502,10,1
27502,29,1
27503,14,1
27503,10,1
27503,15,3
27503,37,1
27504,13,1
27504,30,1
27504,11,2
27504,53,1
27505,12,1
27505,10,1
27506,11,2
27506,14,2
27507,19,1
27507,40,1
27507,38,1
27507,10,1
27508,14,1
27508,13,2
27509,12,1
27509,2,3
27509,13,1
27509,11,1
27510,11,2
27510,16,1
27511,10,1
27511,14,1
27511,16,1
27512,38,1
27512,2,2
27513,11,1
27513,15,1
27514,14,1
27514,11,1
27514,15,1
27515,16,1
27515,60,1
27516,16,2
27516,10,1
27517,35,1
27517,11,1
27517,56,1
27517,29,1
27518,12,1
27518,13,1
27519,16,1
27519,10,3
27519,11,1
27519,15,1
27520,12,1
27520,23,1
27521,14,2
27521,10,1
27521,55,2
27522,48,1
27522,13,1
27522,43,1
27522,15,3
27523,11,1
27524,13,1
27524,21,1
27524,16,1
27525,12,1
27525,11,1
27525,14,1
27526,14,1
27526,11,1
27526,10,1
27527,14,1
27527,13,1
27528,38,2
27528,14,1
27528,13,2
27528,12,1
27529,15,1
27529,16,2
27529,24,1
27530,10,1
27530,55,1
27530,13,1
27531,53,2
27531,11,1
27531,12,2
27531,51,1
27531,14,1
27532,11,2
27533,15,1
27533,9,2
27534,10,1
27534,25,1
27535,13,1
27535,15,1
27535,16,1
27536,12,1
27536,15,1
27537,14,1
27537,13,1
27537,29,1
27537,12,1
27538,13,1
27538,12,1
27539,14,1
27539,15,1
27540,12,1
27540,13,1
27541,23,3
27541,25,1
27541,24,1
27542,22,2
27543,25,1
27543,22,1
27544,24,2
27544,25,1
27544,22,1
27545,1,1
27545,24,1
27546,22,1
27546,9,1
27546,24,2
27547,18,2
27547,25,1
27548,25,2
27548,59,1
27548,23,2
27548,22,1
27549,22,1
27549,23,1
27550,60,1
27550,38,1
27550,22,1
27551,24,2
27552,24,1
27552,11,1
27553,13,3
27553,23,1
27554,22,1
27555,22,3
27555,25,1
27556,23,1
27556,25,1
27556,24,2
27557,23,1
27557,24,2
27557,42,1
27558,22,3
27558,25,1
27559,24,1
27559,23,1
27560,24,1
27560,23,1
27560,15,1
27561,23,2
27561,2,2
27562,24,2
27562,25,1
27563,24,1
27563,22,3
27564,24,1
27564,17,3
27564,23,1
27564,25,1
27565,24,3
27566,23,1
27566,28,2
27566,24,1
27567,24,1
27567,25,1
27568,23,1
27568,24,3
27569,17,1
27569,23,1
27570,25,1
27570,23,1
27570,24,1
27571,23,1
27571,25,2
27572,25,1
27572,23,2
27572,15,1
27573,24,1
27573,31,1
27573,23,2
27573,25,1
27574,25,1
27575,25,1
27575,50,1
27576,24,1
27576,23,1
27577,24,1
27577,23,1
27578,22,1
27578,26,1
27578,45,1
27579,22,2
27579,23,1
27579,24,2
27580,24,1
27580,25,2
27580,23,1
27581,24,1
27582,25,1
27582,22,1
27582,9,1
27583,23,1
27583,24,3
27584,24,1
27584,25,1
27584,22,1
27584,57,2
27584,44,1
27585,23,1
27586,23,1
27586,25,1
27586,24,1
27587,24,1
27587,25,1
27587,35,1
27588,24,1
27588,25,1
27589,23,1
27589,22,1
27589,24,1
27589,25,1
27589,20,1
27590,23,1
27590,22,1
27590,24,1
27591,22,2
27591,25,1
27592,21,1
27592,23,1
27593,25,1
27593,30,1
27593,23,1
27593,22,1
27593,24,1
27594,24,1
27594,23,3
27595,22,1
27595,25,1
27595,23,1
27596,23,1
27596,22,1
27597,23,1
27597,25,2
27598,23,2
27598,14,1
27599,23,1
27599,24,1
27600,22,1
27600,25,1
27601,78,1
27601,72,3
27601,13,1
27602,80,1
27602,32,1
27603,73,2
27603,76,1
27603,15,2
27604,76,3
27604,73,1
27605,56,2
27605,25,2
27606,72,1
27606,15,1
27606,79,1
27607,56,1
27607,71,1
27608,72,1
27608,26,1
27608,50,1
27608,53,1
27608,78,2
27609,79,2
27609,77,1
27609,76,1
27609,71,3
27610,71,1
27610,72,1
27610,10,1
27611,74,1
27611,78,1
27612,73,1
27612,48,1
27612,77,1
27613,77,1
27613,80,1
27613,18,1
27614,77,1
27614,78,2
27614,15,3
27615,76,1
27615,72,1
27616,41,1
27616,78,2
27616,80,1
27617,79,1
27617,53,1
27617,72,1
27617,15,2
27618,75,1
27618,73,1
27618,74,1
27618,79,1
27619,74,1
27619,58,1
27619,73,1
27619,76,1
27620,72,1
27620,20,1
27620,10,1
27621,23,1
27621,44,1
27621,79,1
27622,80,1
27622,6,2
27622,77,1
27623,80,3
27623,72,1
27623,32,1
27624,76,1
27624,35,1
27624,79,2
27625,38,1
27625,72,2
27625,75,1
27626,75,1
27626,80,1
27626,79,1
27626,10,1
27627,75,2
27627,80,1
27627,78,3
27628,80,1
27628,78,1
27628,76,1
27628,72,1
27628,74,2
27629,77,1
27629,73,1
27630,79,1
27630,72,1
27630,74,1
27631,73,1
27631,74,1
27631,71,2
27631,78,2
27632,74,1
27632,77,1
27632,71,1
27633,80,2
27633,75,1
27633,19,1
27634,72,1
27634,39,1
27634,77,1
27635,40,1
27635,76,1
27635,5,1
27636,72,1
27636,73,1
27637,75,2
27637,74,1
27637,78,1
27638,76,1
27638,73,1
27639,80,1
27639,8,3
27639,79,1
27639,46,1
27640,79,3
27640,76,1
27640,75,1
27641,79,2
27641,59,1
27642,19,3
27643,77,1
27643,80,2
27644,78,2
27644,79,1
27644,71,1
27645,79,1
27645,74,2
27645,77,1
27646,76,1
27646,78,1
27647,80,1
27647,71,3
27647,72,1
27648,77,1
27648,79,1
27649,76,1
27649,80,1
27649,73,1
27650,75,1
27650,77,1
27651,78,1
27651,73,1
27651,16,2
27652,5,2
27652,80,1
27652,75,1
27653,76,1
27653,78,1
27654,79,2
27654,71,1
27655,56,3
27655,77,1
27655,75,1
27656,76,1
27656,72,1
27657,75,1
27657,46,1
27658,79,1
27658,76,1
27658,75,1
27658,78,1
27658,58,2
27659,74,1
27659,80,1
27659,71,1
27660,71,1
27660,14,1
27660,73,1
27660,76,2
27661,38,1
27661,75,1
27661,72,1
27661,18,2
27662,80,1
27662,73,1
27662,79,1
27663,71,1
27663,80,1
27664,78,1
27664,80,1
27664,72,1
27665,72,1
27665,71,1
27665,76,3
27666,2,1
27666,73,1
27666,80,3
27666,75,1
27667,75,1
27667,74,1
27667,14,1
27667,21,1
27668,74,1
27668,23,1
27668,36,1
27668,80,2
27669,72,2
27669,71,1
27669,77,3
27670,73,1
27670,77,1
27670,76,3
27670,3,1
27670,47,1
27671,72,1
27671,17,1
27671,73,1
27671,37,1
27671,76,1
27672,79,1
27672,71,1
27672,78,1
27673,72,3
27673,75,2
27673,56,1
27674,79,1
27674,76,1
27674,72,2
27675,78,1
27675,71,1
27675,74,1
27675,55,3
27676,73,1
27676,51,1
27676,71,1
27676,72,1
27677,39,2
27677,73,1
27678,73,2
27678,77,1
27679,73,1
27679,4,1
27679,76,1
27679,72,1
27680,73,1
27680,78,1
27680,79,1
27680,19,2
27681,80,1
27681,73,1
27681,77,1
27681,74,1
27682,30,1
27682,75,1
27682,80,1
27683,74,1
27683,73,1
27683,77,1
27684,74,1
27684,71,1
27684,79,1
27684,44,2
27685,30,1
27685,77,2
27685,80,1
27686,45,1
27686,18,1
27687,78,1
27687,71,2
27688,77,1
27688,13,1
27688,71,1
27688,76,1
27689,58,2
27689,80,1
27689,53,1
27690,72,1
27690,74,1
27690,58,1
27691,78,1
27691,77,3
27691,74,1
27692,75,1
27692,74,1
27692,79,1
27693,77,1
27693,71,1
27693,35,1
27694,76,1
27694,74,3
27694,72,3
27694,21,1
27694,73,1
27695,31,1
27695,75,2
27695,77,1
27695,79,1
27695,78,3
27696,71,3
27696,80,1
27696,72,2
27697,74,1
27697,26,2
27698,10,1
27698,78,1
27698,21,1
27699,73,1
27699,74,1
27699,80,1
27700,37,1
27700,80,1
27700,22,1
27700,76,1
27701,73,1
27701,77,1
27701,7,1
27702,79,2
27702,75,1
27703,75,1
27703,76,2
27704,73,1
27704,54,1
27704,76,1
27704,37,2
27705,77,2
27705,71,1
27705,14,1
27705,2,1
27706,72,1
27706,75,3
27706,79,1
27706,74,1
27706,13,1
27707,38,1
27707,71,1
27708,76,3
27708,22,1
27708,74,1
27709,79,1
27709,75,1
27709,73,1
27710,73,1
27710,77,1
27710,71,1
27710,28,1
27711,75,3
27711,74,1
27711,76,2
27712,76,1
27712,77,1
27712,3,1
27713,73,1
27713,9,1
27714,75,2
27714,33,1
27715,77,1
27715,74,1
27715,79,1
27716,77,1
27716,72,1
27716,79,1
27717,72,2
27717,46,1
27718,80,1
27718,77,1
27718,75,1
27719,71,1
27719,19,2
27719,72,1
27719,74,1
27719,22,1
27720,72,2
27720,80,1
27720,16,1
27720,75,1
27720,74,2
27721,30,1
27721,32,1
27722,30,1
27722,32,3
27723,29,1
27723,33,3
27723,60,1
27724,30,1
27724,32,1
27724,29,2
27724,33,1
27725,41,1
27725,32,3
27725,21,1
27725,29,1
27726,30,1
27726,33,1
27727,32,1
27727,33,2
27727,58,1
27727,53,1
27728,32,2
27728,30,2
27728,33,1
27728,29,1
27729,29,1
27729,28,1
27729,48,1
27729,30,1
27730,30,1
27730,28,1
27731,4,2
27731,32,1
27732,28,2
27732,31,3
27733,31,1
27733,5,2
27733,29,1
27733,32,2
27734,30,1
27734,31,1
27734,32,1
27734,33,2
27735,32,1
27735,28,1
27736,29,1
27736,33,1
27736,32,2
27737,33,1
27737,9,1
27737,31,1
27738,29,1
27738,33,1
27738,30,2
27739,28,2
27739,30,1
27740,31,1
27740,33,1
27741,28,1
27741,32,1
27742,33,1
27742,29,1
27742,30,1
27743,31,2
27743,38,1
27744,30,2
27744,29,1
27744,34,2
27744,9,2
27745,33,3
27745,31,1
27745,29,1
27746,55,1
27746,27,1
27746,30,1
27747,32,1
27747,17,1
27747,55,1
27748,29,2
27748,31,1
27748,30,1
27749,33,1
27749,32,1
27749,29,1
27749,57,1
27750,32,1
27750,29,1
27750,28,1
27751,22,1
27752,28,1
27753,30,2
27753,32,1
27753,29,1
27753,28,1
27753,5,1
27754,31,1
27754,19,3
27754,26,1
27754,32,1
27754,30,1
27755,24,1
27755,40,1
27756,31,2
27756,33,2
27757,30,2
27757,33,3
27757,23,1
27758,30,3
27759,3,1
27759,33,2
27759,32,1
27760,4,2
27760,33,1
27760,30,1
27761,33,1
27761,28,1
27762,28,1
27762,58,1
27762,33,3
27762,1,1
27763,40,1
27763,31,1
27763,30,1
27764,33,1
27764,30,1
27764,29,1
27764,42,1
27765,32,1
27765,29,1
27765,28,1
27766,31,2
27766,17,1
27766,33,2
27767,5,1
27767,31,1
27767,32,2
27767,45,1
27768,30,1
27768,28,1
27768,29,1
27769,30,1
27769,32,1
27769,22,1
27770,50,2
27770,30,1
27770,45,1
27771,30,1
27771,33,1
27771,23,3
27772,29,1
27772,31,1
27772,30,1
27773,33,1
27773,28,1
27773,29,1
27774,31,1
27774,59,2
27774,33,1
27775,33,1
27775,31,1
27775,32,1
27776,33,2
27776,43,1
27776,28,1
27777,13,1
27777,11,1
27778,28,1
27778,33,1
27778,32,2
27779,32,1
27779,30,1
27779,33,1
27779,39,1
27779,24,1
27780,31,1
27780,29,1
27781,18,1
27781,29,1
27781,34,1
27782,29,1
27782,18,1
27782,19,3
27783,29,2
27783,18,1
27784,29,1
27784,18,1
27785,29,1
27785,19,1
27785,18,1
27785,34,1
27786,29,1
27786,18,1
27786,15,1
27786,34,1
27787,34,1
27787,36,3
27788,18,1
27788,19,1
27788,34,1
27789,29,2
27789,19,1
27789,39,1
27790,29,3
27790,19,2
27791,27,1
27791,31,1
27792,19,1
27792,18,1
27793,34,1
27793,19,1
27794,29,1
27794,19,1
27795,18,1
27795,29,1
27796,12,1
27796,19,1
27797,23,1
27797,19,1
27798,18,1
27798,29,1
27799,19,1
27799,34,1
27799,29,1
27800,34,2
27800,29,2
27800,18,1
27800,38,1
27800,19,2
27801,21,2
27801,29,2
27802,29,1
27802,20,1
27802,34,1
27803,34,1
27803,18,1
27803,29,1
27804,18,1
27804,5,1
27805,19,1
27805,29,1
27806,29,2
27806,19,1
27806,34,1
27807,57,1
27807,19,1
27807,18,1
27807,34,1
27807,29,1
27808,34,2
27808,29,1
27808,19,1
27809,29,1
27809,19,1
27810,29,2
27810,18,1
27810,19,1
27811,34,1
27811,19,1
27811,48,2
27812,18,1
27812,29,1
27812,34,1
27812,3,1
27813,19,2
27813,31,1
27813,10,1
27813,17,1
27814,50,1
27814,18,1
27814,19,1
27815,29,1
27815,19,1
27816,21,1
27816,29,1
27816,32,1
27817,18,1
27817,29,1
27818,29,1
27819,19,1
27819,18,1
27819,21,1
27820,18,2
27820,19,1
27821,34,2
27821,29,1
27822,18,1
27822,34,1
27822,19,1
27822,13,1
27823,19,1
27823,18,2
27824,11,1
27824,18,1
27824,29,3
27824,40,1
27825,18,2
27825,52,2
27826,36,3
27826,34,1
27827,20,1
27827,19,1
27827,34,3
27828,1,1
27828,29,1
27828,3,2
27829,34,1
27829,48,2
27829,18,1
27829,37,1
27830,19,1
27831,29,1
27831,18,3
27831,34,2
27831,13,1
27831,19,3
27832,5,1
27832,29,1
27832,60,1
27832,34,1
27833,19,1
27833,29,1
27833,34,1
27834,18,1
27834,29,1
27835,19,1
27835,34,1
27835,46,1
27836,18,1
27836,29,1
27837,19,1
27837,34,2
27837,29,1
27838,34,1
27838,18,1
27838,29,1
27839,19,1
27839,34,1
27839,18,1
27840,34,1
27840,12,1
27841,14,1
27841,16,1
27841,13,1
27842,15,1
27842,16,1
27842,10,1
27843,15,1
27843,19,1
27844,12,2
27844,11,1
27844,16,1
27845,16,1
27845,14,1
27845,40,1
27846,13,1
27846,10,1
27846,37,1
27847,16,2
27847,4,1
27847,11,1
27848,15,3
27848,10,1
27848,55,1
27848,13,1
27849,12,1
27849,35,1
27849,14,2
27850,10,1
27850,13,1
27851,15,2
27851,16,1
27851,13,1
27851,12,1
27852,48,2
27852,12,1
27852,27,1
27853,12,1
27853,16,3
27853,13,1
27854,20,1
27854,56,1
27854,15,1
27855,15,1
27855,14,1
27855,12,1
27856,11,1
27856,12,1
27856,13,1
27856,6,1
27857,24,1
27857,15,3
27857,42,1
27858,15,1
27858,10,1
27859,15,1
27859,16,1
27860,11,1
27860,10,2
27860,12,1
27861,16,1
27861,13,1
27861,18,1
27862,15,1
27862,45,1
27863,14,1
27863,12,1
27864,11,1
27864,25,1
27865,12,1
27866,14,1
27866,10,1
27867,45,1
27867,10,1
27867,12,1
27867,13,1
27868,14,1
27868,11,1
27868,43,1
27868,49,1
27869,13,1
27869,11,1
27870,11,3
27870,13,1
27871,10,1
27871,36,1
27872,15,2
27872,16,1
27873,15,1
27873,16,1
27874,12,1
27875,15,2
27875,10,1
27876,16,1
27876,12,1
27876,11,1
27876,14,1
27877,13,1
27878,13,2
27878,10,1
27878,14,2
27878,12,1
27879,14,1
27879,12,1
27879,13,1
27879,10,1
27880,12,2
27880,10,1
27880,14,1
27880,13,1
27881,15,1
27881,10,1
27881,6,1
27882,25,1
27882,16,1
27883,14,1
27883,47,1
27883,11,1
27884,25,1
27884,16,1
27885,14,1
27885,10,1
27886,13,2
27886,47,1
27887,48,1
27887,10,1
27888,9,1
27888,19,1
27888,15,1
27889,11,1
27889,10,1
27889,14,1
27889,13,1
27889,15,3
27890,13,1
27890,38,2
27890,16,2
27890,37,1
27890,14,1
27891,10,1
27891,15,1
27892,56,1
27892,14,2
27892,15,2
27893,16,1
27893,57,2
27894,11,1
27894,8,1
27894,29,2
27894,16,1
27894,9,1
27895,16,1
27895,11,1
27896,47,1
27896,10,1
27896,13,2
27897,10,2
27897,11,2
27897,15,1
27898,13,1
27898,15,1
27899,16,1
27899,38,1
27899,25,1
27900,16,1
27900,13,1
27900,11,2
27901,7,1
27901,9,1
27902,9,1
27902,4,1
27902,43,1
27903,4,1
27903,6,1
27904,6,3
27904,4,1
27905,2,1
27905,4,1
27905,5,1
27905,7,1
27906,4,1
27906,7,2
27906,21,1
27907,2,1
27907,3,1
27908,8,3
27908,4,1
27908,9,1
27909,17,1
27910,2,1
27910,3,3
27911,9,1
27912,1,2
27912,46,1
27913,2,2
27913,9,3
27914,7,2
27914,8,1
27914,5,1
27915,9,1
27915,4,1
27915,3,2
27916,1,1
27916,6,1
27916,5,2
27917,5,1
27917,2,1
27918,2,1
27918,60,1
27918,7,1
27919,7,1
27919,3,1
27919,2,1
27920,6,1
27920,8,1
27920,13,1
27921,45,3
27921,9,2
27922,9,1
27922,8,2
27922,6,2
27923,6,1
27923,9,1
27924,5,1
27924,3,1
27924,1,1
27924,19,1
27924,58,1
27925,1,1
27925,6,1
27925,9,1
27926,46,1
27926,9,3
27926,1,2
27927,2,1
27927,1,1
27928,8,1
27928,2,1
27928,12,1
27928,7,1
27929,1,1
27929,9,1
27930,6,1
27930,9,1
27930,7,1
27931,53,1
27931,7,1
27931,1,2
27931,6,2
27932,9,3
27932,1,2
27933,8,2
27933,26,1
27933,43,2
27934,8,1
27934,6,2
27934,7,1
27935,8,1
27935,4,1
27935,2,2
27935,6,1
27936,9,1
27936,45,1
27936,41,1
27937,4,1
27937,1,1
27937,8,1
27938,9,1
27938,4,2
27939,1,1
27939,47,1
27939,6,3
27940,8,2
27940,6,2
27940,47,3
27940,2,1
27940,7,1
27941,5,1
27941,9,2
27942,9,1
27942,6,1
27942,2,1
27943,8,1
27943,2,1
27943,6,1
27944,6,2
27944,9,1
27944,38,2
27945,4,1
27945,3,1
27945,6,1
27945,45,1
27946,5,1
27946,13,1
27947,7,2
27947,29,2
27948,1,3
27948,5,1
27949,3,3
27949,5,2
27950,2,1
27950,4,1
27950,8,1
27951,4,2
27951,8,2
27952,1,1
27952,53,1
27953,3,1
27953,8,1
27954,5,1
27955,9,1
27955,4,1
27956,9,2
27956,7,1
27956,20,1
27957,6,1
27957,8,1
27958,5,1
27958,8,1
27959,8,2
27959,5,1
27960,2,2
27960,1,1
27961,63,1
27961,64,2
27962,4,1
27962,62,1
27963,64,1
27963,66,1
27964,62,1
27964,53,3
27964,61,1
27965,65,2
27966,61,1
27966,66,1
27966,62,2
27967,64,2
27967,24,1
27968,66,1
27968,7,1
27969,65,1
27969,63,1
27969,66,1
27970,2,1
27970,63,1
27970,3,1
27970,64,1
27971,63,1
27972,65,1
27972,2,1
27973,65,1
27973,63,1
27973,53,1
27974,62,1
27974,61,1
27974,66,1
27975,63,1
27975,62,2
27975,49,1
27976,38,1
27976,63,1
27976,62,1
27977,62,1
27977,64,1
27977,34,1
27977,66,2
27978,61,1
27978,63,1
27978,62,1
27978,64,1
27978,51,1
27979,25,1
27979,6,1
27979,61,1
27980,66,1
27980,11,1
27980,64,1
27981,65,1
27981,63,1
27981,66,1
27982,64,1
27982,65,1
27983,61,1
27983,62,2
27983,64,1
27984,61,1
27984,64,1
27984,63,1
27985,61,1
27985,15,1
27985,30,1
27986,63,1
27986,49,2
27986,61,1
27987,66,3
27987,64,1
27987,10,2
27987,60,1
27987,61,1
27988,7,1
27988,66,1
27988,6,1
27989,62,1
27989,61,1
27990,61,1
27991,63,1
27991,65,1
27992,65,3
27993,66,1
27994,61,1
27994,47,1
27995,64,1
27996,62,1
27996,65,1
27997,61,2
27997,41,1
27997,35,1
27997,65,1
27998,63,1
27998,66,2
27998,65,1
27999,65,1
27999,2,1
28000,19,1
28000,62,2
28000,66,1
28001,64,3
28001,66,1
28001,21,2
28002,61,1
28002,63,1
28003,66,1
28003,33,1
28003,62,1
28004,61,1
28004,64,1
28004,62,1
28004,66,1
28005,36,2
28005,61,1
28006,65,1
28006,63,1
28007,63,1
28007,40,3
28007,17,1
28007,65,2
28008,64,1
28008,57,2
28009,66,3
28010,62,1
28010,64,1
28011,63,1
28012,63,1
28012,62,1
28012,65,1
28013,64,1
28013,65,1
28013,63,2
28013,21,1
28014,65,1
28014,64,1
28014,2,2
28015,66,1
28016,61,1
28016,62,1
28016,66,1
28017,62,3
28017,61,1
28017,63,2
28018,64,1
28018,61,2
28018,48,1
28019,28,1
28019,65,1
28019,10,2
28019,63,2
28020,62,1
28020,49,1
28020,61,1
28021,24,2
28021,9,1
28021,23,1
28022,18,3
28022,22,2
28022,25,1
28023,52,1
28023,58,1
28023,46,1
28024,24,1
28024,22,1
28024,23,1
28025,25,1
28025,47,1
28026,22,1
28026,25,1
28027,24,1
28027,22,1
28027,23,1
28028,22,1
28028,24,1
28028,23,1
28029,57,1
28029,24,1
28029,23,1
28029,16,1
28030,25,1
28030,26,1
28031,55,1
28031,24,1
28032,24,2
28032,25,1
28033,25,2
28033,23,1
28034,25,1
28034,23,1
28035,23,1
28035,25,1
28035,24,1
28035,22,1
28036,36,1
28037,19,1
28037,18,1
28038,23,1
28038,22,1
28038,24,1
28038,25,2
28039,25,2
28039,23,1
28040,25,1
28040,24,1
28040,22,1
28041,22,1
28041,23,1
28041,8,2
28042,25,1
28042,23,1
28042,24,2
28042,22,2
28043,24,1
28043,1,1
28043,9,1
28043,25,1
28044,25,1
28044,42,1
28044,23,1
28045,50,1
28045,24,1
28045,23,1
28046,22,1
28047,22,2
28047,25,2
28048,25,3
28049,25,1
28049,30,2
28050,24,1
28050,17,1
28051,13,1
28051,25,1
28052,23,2
28052,25,1
28052,18,1
28053,23,1
28053,25,2
28054,22,1
28054,11,2
28054,56,1
28055,24,1
28055,23,1
28055,25,1
28055,38,1
28056,22,1
28056,25,2
28057,25,2
28057,23,1
28058,25,2
28058,9,1
28059,25,1
28059,23,1
28060,22,1
28060,23,1
28061,25,2
28061,24,3
28062,24,1
28062,23,1
28062,22,1
28063,24,1
28063,23,2
28063,13,1
28064,17,2
28064,24,1
28064,23,1
28065,52,3
28065,24,1
28066,23,1
28066,24,1
28066,22,1
28067,21,1
28067,22,1
28067,18,1
28068,23,1
28068,22,1
28068,2,1
28069,22,1
28069,8,1
28070,23,1
28070,22,1
28070,56,3
28071,22,1
28071,24,1
28071,23,1
28072,23,1
28073,24,1
28073,42,1
28073,23,1
28073,25,3
28074,24,1
28074,36,1
28074,22,1
28075,22,1
28075,24,2
28075,23,1
28076,23,3
28076,24,2
28076,22,1
28077,25,1
28077,4,1
28077,23,1
28078,22,1
28078,25,1
28078,24,2
28079,22,2
28079,24,1
28079,25,1
28079,17,1
28080,25,1
28080,23,1
28080,24,1
28080,4,1
28081,29,2
28081,31,1
28081,28,1
28081,32,1
28082,12,1
28082,32,1
28082,31,1
28083,30,1
28083,33,2
28084,34,1
28084,28,1
28084,29,1
28084,40,1
28085,22,1
28085,28,1
28086,30,1
28086,31,2
28086,32,2
28087,30,2
28087,19,1
28088,31,1
28088,33,2
28089,35,1
28089,40,1
28090,32,1
28090,16,1
28090,28,3
28091,30,1
28091,29,1
28091,33,1
28092,28,1
28092,11,1
28093,26,1
28093,29,1
28094,28,2
28094,56,1
28095,43,2
28095,31,2
28095,29,1
28096,29,1
28096,46,1
28097,32,1
28097,33,1
28097,28,1
28098,20,1
28098,33,1
28098,30,1
28099,29,1
28099,32,1
28099,17,1
28100,32,1
28100,31,2
28101,58,1
28101,32,1
28101,29,1
28101,31,1
28102,29,1
28102,4,1
28102,32,1
28103,53,1
28103,6,1
28104,31,1
28104,30,1
28104,3,2
28105,20,1
28105,29,1
28106,31,3
28106,32,1
28106,30,1
28106,1,1
28107,29,1
28107,33,1
28107,31,1
28108,26,2
28108,32,1
28109,30,1
28109,33,1
28110,31,1
28110,30,1
28110,33,1
28111,28,2
28111,31,2
28111,24,2
28111,29,1
28112,31,2
28112,29,1
28112,32,1
28113,33,2
28113,28,1
28113,50,1
28113,32,1
28114,31,1
28114,33,1
28114,28,2
28115,29,1
28115,31,1
28115,32,1
28116,29,1
28117,59,1
28117,29,1
28117,28,1
28118,32,2
28118,33,1
28118,31,1
28119,2,1
28119,33,1
28120,30,1
28120,7,1
28121,28,1
28121,30,1
28121,33,1
28121,29,1
28122,30,1
28122,32,1
28123,26,1
28123,28,1
28124,32,1
28124,43,2
28124,33,1
28124,30,1
28125,30,1
28125,29,1
28125,32,1
28126,29,1
28126,40,1
28126,32,1
28126,28,1
28127,30,1
28127,29,1
28127,32,1
28128,33,1
28128,32,1
28129,32,1
28129,28,1
28130,29,1
28130,31,2
28130,32,3
28131,47,1
28131,30,1
28132,31,1
28132,32,1
28132,29,1
28132,30,1
28133,41,1
28133,6,3
28134,25,1
28134,28,1
28134,31,1
28134,30,1
28134,33,1
28135,29,1
28135,32,1
28135,31,1
28136,30,1
28136,11,1
28136,20,1
28137,30,1
28137,32,1
28137,33,1
28138,33,1
28138,32,1
28139,46,1
28139,28,1
28140,31,1
28140,28,1
28140,30,1
28140,29,1
28141,4,1
28141,38,1
28141,19,1
28141,14,1
28142,7,1
28142,8,1
28142,3,2
28143,44,1
28143,9,1
28144,7,2
28144,2,1
28145,7,1
28145,9,1
28145,8,1
28146,5,2
28146,4,1
28147,6,3
28147,60,1
28148,6,1
28148,8,3
28149,9,1
28149,3,1
28149,44,1
28150,5,1
28150,2,1
28151,1,1
28152,3,1
28152,6,1
28153,7,1
28153,32,1
28153,8,1
28154,7,1
28154,5,1
28154,3,1
28155,1,1
28155,3,1
28156,7,1
28156,8,1
28157,8,1
28157,59,1
28157,4,1
28158,8,1
28158,3,1
28158,7,2
28158,9,1
28159,7,1
28159,4,2
28159,8,1
28160,2,1
28160,9,1
28160,3,1
28160,5,1
28161,40,1
28161,9,2
28162,1,2
28162,3,1
28163,7,1
28163,2,1
28163,3,1
28164,9,3
28164,2,1
28164,17,1
28164,7,1
28165,9,1
28165,2,1
28165,3,1
28166,1,1
28166,6,1
28166,4,2
28166,32,1
28166,2,2
28167,2,1
28167,7,1
28167,8,2
28168,7,1
28168,6,1
28168,9,1
28169,6,1
28169,4,1
28169,1,1
28169,9,2
28170,7,1
28170,3,1
28170,2,1
28171,8,1
28171,1,1
28171,3,1
28172,6,2
28172,9,1
28172,2,1
28172,4,2
28173,17,1
28174,8,1
28174,6,1
28175,5,1
28175,8,3
28176,6,1
28176,3,1
28177,5,1
28177,6,1
28178,4,2
28178,34,1
28178,2,1
28179,48,1
28179,16,1
28180,1,1
28180,6,1
28181,57,1
28181,7,1
28181,1,1
28182,58,1
28182,5,1
28182,4,1
28183,6,1
28183,3,1
28183,9,1
28184,7,2
28184,3,2
28184,2,3
28185,5,1
28185,2,1
28185,3,1
28185,6,1
28186,8,1
28186,5,1
28186,7,1
28187,2,1
28187,6,1
28187,5,2
28188,4,1
28188,9,1
28189,6,1
28189,8,2
28190,55,1
28190,7,1
28190,6,1
28191,1,2
28191,7,1
28191,2,1
28192,11,1
28192,3,2
28193,9,1
28193,3,1
28193,7,1
28193,6,1
28194,3,1
28194,10,1
28195,1,3
28195,7,1
28196,2,1
28196,7,1
28196,9,1
28197,8,1
28197,6,2
28197,15,1
28197,3,1
28198,7,1
28198,2,1
28199,10,1
28199,2,1
28199,3,1
28200,6,1
28200,3,1
28201,14,1
28201,46,1
28201,12,1
28202,16,1
28202,32,2
28202,12,2
28203,14,1
28203,13,1
28203,10,1
28203,11,1
28203,56,1
28204,32,2
28204,16,1
28205,10,1
28206,49,2
28206,14,1
28207,16,1
28207,12,1
28207,10,1
28208,11,1
28209,10,1
28209,14,2
28210,10,2
28210,13,1
28210,16,1
28211,49,3
28211,14,1
28212,16,1
28212,10,1
28212,32,1
28212,12,1
28212,15,1
28213,25,3
28213,46,1
28213,16,1
28214,10,1
28214,12,1
28214,11,1
28215,60,1
28215,14,2
28216,10,1
28216,15,3
28217,15,1
28217,10,1
28218,14,1
28218,15,1
28218,13,2
28219,13,1
28219,16,1
28219,12,1
28220,12,1
28220,11,1
28220,13,1
28220,15,1
28220,10,1
28221,16,2
28221,14,1
28221,47,1
28221,15,1
28221,10,1
28222,11,1
28222,10,1
28223,15,2
28223,12,1
28223,29,1
28223,11,2
28224,16,1
28225,16,1
28225,10,1
28226,10,1
28226,15,1
28227,16,1
28227,10,1
28227,11,1
28228,51,1
28228,11,1
28229,13,2
28229,11,1
28229,12,1
28230,13,2
28230,15,1
28230,11,1
28230,27,2
28231,11,1
28231,13,2
28232,13,2
28232,16,2
28233,16,3
28233,10,1
28234,10,1
28234,13,2
28234,16,1
28234,21,1
28234,11,2
28235,12,1
28235,50,2
28236,13,1
28236,54,1
28237,10,1
28237,13,1
28237,11,1
28238,14,1
28238,15,1
28238,11,1
28239,15,1
28239,57,1
28240,16,1
28240,15,1
28240,10,2
28241,11,1
28241,16,1
28241,32,2
28242,16,1
28242,13,1
28242,10,1
28243,7,2
28243,15,1
28244,10,1
28244,13,1
28244,15,1
28245,12,1
28246,16,1
28246,10,1
28246,15,1
28247,12,1
28247,15,1
28247,13,1
28247,14,1
28248,44,1
28248,46,1
28249,16,2
28249,10,1
28250,10,1
28250,15,1
28251,10,1
28251,12,1
28252,14,1
28252,48,1
28252,35,2
28252,40,1
28253,11,1
28253,31,1
28253,57,1
28254,14,1
28254,16,1
28254,12,1
28255,16,1
28255,12,1
28255,15,1
28256,10,1
28256,12,1
28257,12,1
28257,44,1
28258,14,3
28258,13,1
28259,16,1
28259,12,1
28259,14,1
28260,11,1
28260,12,1
28260,15,1
28260,14,1
28261,1,3
28262,5,2
28262,3,1
28262,1,1
28263,9,1
28263,5,1
28263,6,1
28264,2,1
28264,8,1
28264,4,1
28264,3,2
28264,1,1
28265,7,1
28265,5,2
28266,9,2
28266,5,1
28266,30,1
28266,2,1
28267,56,1
28267,19,1
28267,4,1
28268,41,1
28268,2,2
28268,19,2
28268,1,2
28268,5,1
28269,8,2
28270,2,1
28270,35,3
28270,55,3
28270,5,2
28271,1,1
28271,4,1
28272,48,1
28272,9,1
28272,3,1
28273,1,1
28273,9,1
28274,8,1
28274,46,1
28275,8,1
28275,4,1
28275,7,3
28276,29,1
28276,5,1
28277,4,1
28277,8,1
28278,23,2
28278,29,1
28279,6,1
28279,7,2
28279,27,2
28279,8,1
28280,8,1
28280,21,1
28281,4,2
28281,25,1
28281,9,1
28282,2,1
28282,15,1
28283,33,2
28283,6,1
28283,7,3
28284,7,1
28284,9,1
28285,9,1
28285,7,1
28285,4,1
28285,2,2
28286,1,1
28286,6,1
28286,5,2
28287,1,1
28287,5,1
28287,12,1
28287,7,2
28288,9,1
28288,8,1
28288,3,1
28289,9,1
28289,3,1
28289,2,1
28290,6,1
28290,5,1
28290,7,1
28291,7,1
28291,8,1
28291,1,2
28291,2,1
28292,7,2
28292,3,1
28293,1,2
28293,6,1
28294,34,1
28294,6,1
28295,8,2
28295,4,1
28295,9,1
28296,6,1
28296,9,1
28297,9,1
28297,16,1
28298,8,1
28299,1,1
28299,5,1
28300,30,3
28300,7,1
28300,3,2
28300,8,1
28301,5,1
28301,9,1
28302,6,2
28302,5,1
28302,16,1
28303,7,2
28303,8,1
28303,43,1
28303,2,1
28304,1,1
28304,2,2
28305,56,1
28305,9,3
28306,2,1
28306,6,2
28307,55,1
28307,8,1
28307,7,1
28307,9,1
28308,6,1
28308,3,1
28309,9,1
28309,5,1
28309,6,1
28310,2,1
28310,6,3
28310,8,1
28310,1,1
28311,39,1
28311,6,1
28312,4,1
28312,9,1
28313,4,1
28313,5,1
28314,1,1
28314,4,2
28314,5,1
28315,44,1
28315,3,1
28315,1,2
28316,1,1
28317,9,1
28317,7,1
28318,2,1
28319,13,1
28319,4,1
28320,7,1
28320,4,1
28320,5,2
28320,9,1
28321,1,1
28322,4,1
28322,5,2
28322,9,1
28322,8,1
28322,6,1
28323,5,1
28323,23,1
28323,54,1
28323,4,1
28324,1,2
28324,8,1
28325,15,1
28325,6,1
28326,9,1
28326,6,1
28327,7,3
28327,9,1
28327,6,1
28328,7,1
28328,39,1
28328,45,1
28329,9,1
28329,2,2
28329,4,2
28330,9,1
28330,2,1
28330,6,1
28331,1,1
28331,7,1
28331,3,1
28332,8,2
28332,7,2
28333,7,2
28333,11,1
28333,2,1
28334,5,1
28335,9,1
28335,5,1
28336,24,2
28336,7,1
28336,8,1
28336,40,1
28337,1,1
28337,5,1
28338,2,2
28338,1,1
28339,38,1
28339,7,1
28340,8,1
28340,1,1
28340,5,1
28341,6,2
28341,3,1
28342,5,1
28342,4,1
28343,6,1
28343,8,1
28343,59,1
28343,4,1
28344,19,1
28344,8,1
28344,1,1
28345,1,2
28345,9,1
28346,31,1
28346,12,3
28347,7,1
28347,4,1
28347,8,1
28348,1,1
28348,9,1
28349,5,2
28349,8,1
28350,47,1
28350,8,1
28351,6,1
28351,8,1
28351,5,1
28352,4,1
28352,6,1
28353,3,1
28353,4,2
28354,40,1
28354,2,1
28355,2,1
28355,3,1
28355,20,1
28355,1,1
28356,6,1
28356,8,1
28357,7,1
28358,8,1
28358,5,2
28359,4,1
28359,7,1
28359,3,1
28359,37,1
28360,8,2
28360,3,1
28361,9,1
28361,5,1
28361,1,1
28362,9,1
28362,47,1
28362,5,1
28362,1,1
28362,6,1
28363,6,1
28363,8,1
28363,14,1
28364,5,2
28364,3,1
28365,8,1
28366,6,1
28366,7,2
28367,9,1
28368,4,1
28368,9,1
28368,8,1
28369,10,1
28369,2,2
28369,7,1
28370,1,1
28370,8,1
28371,4,1
28371,3,1
28371,6,1
28371,9,1
28371,2,1
28372,4,2
28372,1,1
28372,9,2
28373,1,2
28373,13,1
28373,8,1
28373,5,2
28374,6,1
28374,7,2
28375,8,1
28376,21,1
28376,7,1
28377,20,1
28377,6,2
28377,8,1
28378,9,1
28378,29,1
28378,5,2
28379,6,1
28379,1,1
28380,9,2
28380,4,3
28380,2,1
28381,22,1
28381,23,1
28381,25,1
28381,75,2
28382,21,1
28383,21,1
28383,23,1
28384,23,2
28384,74,2
28384,25,1
28384,24,1
28385,35,1
28385,21,3
28385,34,1
28386,20,1
28387,75,2
28387,21,1
28387,24,1
28388,25,1
28388,22,1
28388,24,1
28389,75,1
28389,23,2
28389,22,1
28389,74,1
28390,20,2
28391,23,1
28391,25,1
28392,6,2
28392,24,1
28392,56,2
28392,22,1
28393,25,1
28394,20,1
28394,23,1
28394,33,1
28395,22,1
28395,23,1
28395,35,1
28395,8,1
28396,22,2
28396,75,2
28396,24,1
28396,74,1
28397,21,2
28397,52,2
28397,10,1
28398,26,2
28398,23,1
28398,25,2
28399,35,1
28399,74,1
28399,22,1
28400,58,1
28400,22,1
28401,25,1
28401,11,1
28402,23,1
28402,21,1
28402,24,1
28403,21,1
28403,22,1
28404,21,1
28404,3,1
28404,23,1
28405,23,1
28405,75,1
28405,20,2
28406,23,1
28406,22,2
28406,39,1
28406,31,1
28407,22,1
28407,74,1
28407,25,1
28408,74,1
28408,21,1
28408,23,1
28408,25,2
28408,22,3
28409,23,1
28409,74,1
28409,25,1
28410,74,1
28410,21,1
28410,25,1
28410,12,3
28411,74,1
28411,75,2
28411,32,1
28412,24,1
28412,21,1
28412,75,1
28413,23,1
28413,25,1
28414,20,1
28415,20,1
28415,25,1
28415,21,2
28416,10,1
28416,20,1
28417,25,1
28417,11,2
28418,23,2
28418,22,1
28419,57,2
28419,24,3
28420,23,1
28420,74,1
28420,21,1
28421,59,2
28421,24,1
28421,20,1
28422,51,1
28422,75,1
28422,25,1
28423,23,1
28423,75,1
28423,24,1
28424,21,1
28424,74,1
28424,24,1
28425,22,1
28426,20,1
28427,22,3
28427,24,1
28427,20,2
28428,25,3
28428,22,1
28428,20,1
28429,75,1
28429,21,1
28429,20,1
28429,52,1
28430,75,1
28430,20,2
28431,24,1
28431,21,1
28431,20,2
28432,25,2
28432,22,2
28433,23,1
28433,20,1
28433,22,1
28433,74,1
28434,24,1
28434,21,1
28434,74,1
28435,25,1
28435,14,1
28435,24,1
28436,23,1
28437,60,1
28437,24,1
28438,74,1
28438,22,1
28439,22,1
28439,74,2
28439,25,1
28440,22,1
28440,21,1
28440,20,1
28441,39,1
28441,38,1
28442,40,2
28442,37,1
28442,47,1
28442,39,1
28443,9,1
28443,42,1
28444,39,1
28444,37,1
28444,44,1
28444,40,1
28445,31,1
28445,40,1
28445,39,1
28445,41,1
28446,42,1
28446,41,1
28447,39,1
28447,37,1
28447,21,1
28448,40,2
28448,41,1
28448,49,1
28448,39,1
28449,41,1
28449,42,1
28449,40,1
28450,37,2
28450,25,1
28450,42,1
28451,37,1
28451,47,1
28451,39,1
28451,40,1
28452,42,1
28452,3,1
28453,40,1
28453,42,1
28453,39,1
28453,38,1
28454,41,1
28454,42,3
28454,38,1
28455,25,1
28455,39,1
28455,45,3
28455,42,1
28455,38,1
28456,39,1
28456,38,1
28456,5,1
28456,40,1
28457,38,2
28457,41,3
28458,22,1
28458,8,3
28459,37,2
28459,38,2
28459,39,1
28459,42,1
28459,41,1
28460,42,1
28460,38,1
28461,39,1
28461,40,1
28462,29,1
28462,40,1
28463,38,1
28463,53,1
28463,47,1
28463,41,2
28464,37,1
28464,51,2
28464,41,1
28464,39,2
28465,37,2
28465,18,1
28466,39,1
28466,41,1
28466,38,1
28466,37,1
28466,42,1
28467,56,2
28467,1,1
28467,49,1
28468,39,1
28468,40,1
28469,41,1
28469,55,2
28469,42,2
28470,37,1
28470,41,3
28470,40,1
28471,57,1
28471,41,1
28471,40,1
28471,39,1
28472,1,1
28472,39,1
28473,41,1
28473,38,1
28473,40,1
28473,17,1
28474,41,2
28474,39,1
28475,45,1
28475,38,1
28476,24,2
28476,9,3
28476,37,2
28476,42,1
28477,1,1
28477,3,1
28478,43,1
28478,40,1
28479,37,1
28479,40,3
28479,26,3
28480,41,2
28480,40,1
28480,37,1
28480,42,1
28481,38,1
28481,41,2
28482,47,1
28482,40,1
28482,38,2
28482,42,1
28483,39,1
28483,37,1
28483,42,1
28484,42,1
28484,39,1
28484,38,1
28485,42,1
28485,39,1
28485,38,1
28485,40,1
28486,38,1
28486,37,2
28486,39,1
28486,1,2
28487,38,1
28487,42,1
28487,39,1
28488,55,1
28488,42,1
28488,38,3
28488,20,1
28488,37,2
28489,41,1
28489,15,1
28489,37,3
28489,39,1
28490,50,1
28490,17,1
28490,38,2
28491,42,2
28491,40,1
28491,23,3
28492,37,1
28492,42,1
28492,41,2
28493,38,1
28493,42,1
28493,37,1
28494,37,1
28494,40,1
28494,38,1
28494,39,1
28495,37,1
28495,38,1
28495,41,2
28495,42,1
28496,42,1
28496,40,1
28496,41,1
28497,41,1
28497,39,1
28497,37,1
28498,39,1
28498,42,1
28499,37,1
28499,41,1
28499,22,1
28500,42,1
28500,39,1
28500,38,1
28500,37,2
28501,24,1
28501,22,1
28502,25,1
28502,22,1
28503,22,1
28503,50,1
28503,25,1
28504,22,1
28504,25,1
28504,24,1
28505,23,1
28505,25,1
28506,25,1
28506,44,2
28507,32,1
28507,22,1
28508,22,3
28508,25,1
28509,60,1
28509,45,1
28509,25,1
28510,24,1
28510,23,1
28511,24,1
28511,22,1
28511,25,2
28512,24,1
28512,22,2
28513,23,1
28513,24,1
28513,25,1
28513,22,1
28514,23,2
28515,25,1
28515,22,2
28516,24,1
28516,23,1
28516,22,1
28516,25,2
28517,22,1
28517,25,1
28517,24,2
28518,23,1
28518,25,1
28519,23,1
28519,24,1
28519,22,1
28519,25,1
28520,22,1
28520,24,1
28521,25,1
28521,24,3
28522,25,2
28522,24,2
28523,11,2
28523,24,1
28524,25,1
28524,4,1
28524,24,1
28525,24,1
28525,1,1
28525,23,1
28525,25,1
28526,6,3
28526,56,1
28526,24,1
28527,23,1
28527,24,1
28528,24,2
28529,23,1
28529,25,1
28529,22,1
28530,5,1
28530,23,1
28530,25,1
28531,23,1
28531,22,1
28532,22,1
28532,23,1
28532,24,1
28533,7,2
28533,23,1
28533,22,1
28534,21,1
28534,25,1
28534,40,1
28535,25,1
28535,37,1
28535,41,1
28535,22,1
28536,24,1
28536,22,1
28537,33,1
28537,25,1
28538,24,1
28538,22,1
28538,58,1
28538,25,2
28539,27,1
28539,23,2
28540,31,1
28540,23,2
28540,24,1
28541,25,1
28541,24,1
28541,17,1
28542,38,1
28542,25,1
28542,23,2
28542,22,1
28543,23,1
28544,25,1
28544,23,1
28544,22,1
28544,24,3
28545,2,1
28545,24,1
28546,25,1
28546,46,3
28547,25,1
28547,24,1
28548,24,1
28549,25,1
28550,25,1
28551,23,1
28551,22,1
28552,25,1
28552,24,1
28552,22,2
28553,22,1
28553,25,1
28553,24,3
28554,37,1
28554,24,1
28554,26,1
28554,55,1
28555,23,1
28555,24,1
28555,30,1
28556,19,1
28556,22,1
28557,24,1
28557,23,1
28557,22,3
28557,51,1
28558,41,1
28558,24,2
28558,23,1
28558,22,1
28559,22,1
28559,23,1
28560,24,1
28560,23,2
28561,5,1
28561,1,2
28561,7,1
28562,55,1
28562,8,1
28562,1,1
28562,3,1
28563,16,1
28563,6,1
28564,8,3
28564,6,1
28565,3,1
28565,57,1
28565,9,1
28566,8,1
28566,5,1
28566,6,1
28567,6,1
28567,1,2
28568,5,1
28568,9,2
28568,7,1
28569,5,1
28569,28,1
28570,1,1
28570,5,1
28570,18,1
28570,7,1
28571,1,1
28571,3,1
28572,7,1
28572,2,1
28572,1,1
28573,8,1
28573,15,1
28573,4,1
28574,9,1
28574,60,1
28574,5,2
28574,8,2
28575,8,2
28575,7,1
28575,1,1
28575,37,2
28576,5,1
28576,1,2
28577,3,1
28577,36,1
28578,6,2
28579,3,1
28579,2,1
28579,1,1
28580,1,1
28580,7,2
28580,3,1
28581,4,1
28581,9,2
28582,7,1
28582,4,1
28583,2,1
28583,5,1
28583,9,1
28584,9,1
28584,3,1
28584,7,1
28585,39,1
28585,60,3
28586,2,1
28586,8,1
28586,4,1
28587,6,1
28587,4,1
28587,3,1
28588,1,3
28588,3,1
28588,9,1
28589,4,1
28589,23,1
28589,9,2
28590,4,3
28590,37,1
28590,18,3
28591,4,1
28591,9,1
28591,1,2
28592,7,1
28592,6,1
28593,1,1
28593,2,1
28594,2,1
28594,5,1
28594,9,1
28595,4,1
28595,7,1
28595,5,1
28596,3,1
28596,43,1
28596,2,1
28597,7,1
28597,2,1
28597,3,1
28598,7,2
28598,6,1
28598,8,2
28599,5,1
28599,2,1
28600,5,1
28600,7,1
28600,16,1
28601,1,1
28601,9,1
28601,4,1
28602,5,2
28602,37,1
28603,3,1
28603,4,1
28603,8,1
28604,7,1
28604,9,1
28605,7,1
28605,5,1
28606,31,1
28606,57,2
28607,7,1
28607,5,1
28608,1,2
28608,11,1
28608,36,1
28609,9,1
28609,4,1
28610,30,1
28610,9,1
28611,2,1
28611,4,1
28612,1,1
28612,6,1
28612,4,1
28613,32,1
28613,1,1
28613,19,2
28614,8,1
28614,30,1
28615,6,1
28615,3,1
28616,54,1
28616,3,1
28617,8,1
28618,28,1
28618,2,3
28619,8,2
28619,1,1
28619,3,1
28620,3,1
28621,16,2
28622,10,1
28622,15,1
28623,39,1
28623,10,2
28623,14,1
28623,11,1
28624,2,1
28624,16,3
28625,14,1
28626,14,1
28626,11,1
28626,57,1
28627,10,1
28627,12,1
28627,15,1
28628,5,1
28628,52,1
28628,51,1
28629,14,1
28630,15,1
28630,12,1
28631,15,1
28631,35,1
28631,16,1
28631,42,2
28632,14,2
28632,15,1
28633,16,1
28633,14,1
28633,10,1
28634,15,2
28634,12,1
28634,14,1
28634,13,1
28635,17,2
28635,15,1
28636,16,1
28636,10,1
28637,12,2
28637,16,1
28638,13,1
28638,14,1
28638,22,1
28638,10,1
28639,12,1
28639,31,1
28640,16,1
28640,39,1
28641,11,1
28642,10,1
28642,15,1
28642,16,1
28643,10,1
28643,11,1
28643,12,1
28644,10,1
28644,31,1
28644,11,1
28644,14,1
28645,10,1
28645,14,1
28646,10,1
28646,39,1
28646,14,1
28647,37,1
28647,4,1
28647,18,1
28647,57,2
28648,24,1
28648,10,1
28648,15,3
28648,16,1
28649,14,1
28649,13,2
28649,27,1
28650,11,3
28651,15,1
28651,12,1
28652,10,1
28652,11,1
28652,15,1
28653,13,1
28653,40,1
28653,10,1
28654,10,1
28654,54,1
28654,12,1
28655,11,2
28655,15,2
28656,27,1
28656,11,1
28657,14,1
28657,11,1
28658,13,2
28658,12,1
28658,15,1
28659,11,1
28659,29,2
28659,12,1
28659,57,1
28660,58,1
28660,13,1
28660,43,1
28660,12,2
28661,15,1
28661,12,1
28661,10,1
28662,10,2
28662,12,1
28662,11,1
28663,40,1
28663,14,1
28663,51,1
28664,32,1
28664,15,1
28664,26,1
28664,42,1
28665,13,1
28665,22,1
28666,13,1
28666,12,1
28667,39,1
28667,11,1
28667,10,1
28668,12,1
28668,15,1
28669,12,1
28670,13,1
28670,16,1
28671,14,1
28671,10,1
28671,42,1
28672,15,2
28672,14,1
28672,16,1
28673,13,1
28673,10,1
28674,15,1
28674,12,1
28675,12,1
28675,11,1
28676,11,2
28676,15,1
28676,16,1
28676,10,2
28677,40,1
28677,12,1
28677,14,1
28678,10,1
28678,11,1
28679,10,1
28679,14,1
28680,14,1
28680,11,1
28681,23,1
28681,25,1
28682,25,2
28682,22,2
28682,24,3
28682,23,1
28683,24,1
28684,24,1
28684,22,1
28684,13,1
28684,38,1
28685,25,1
28685,22,1
28685,23,1
28686,25,1
28687,25,1
28688,22,2
28688,25,1
28689,42,1
28689,25,1
28690,24,1
28690,32,1
28691,24,1
28691,23,1
28692,24,3
28692,58,2
28693,9,2
28693,22,1
28694,23,3
28694,8,1
28694,25,1
28695,23,1
28695,24,1
28696,24,1
28696,22,1
28696,25,1
28697,24,1
28697,22,1
28697,11,2
28698,25,1
28699,22,3
28699,24,2
28699,23,1
28699,25,1
28700,16,1
28700,25,1
28700,23,3
28701,43,1
28701,23,2
28701,25,1
28701,22,1
28702,25,1
28702,23,1
28703,23,1
28704,22,1
28704,25,2
28705,22,1
28705,25,1
28706,23,1
28706,24,1
28706,25,1
28706,22,1
28707,22,1
28707,23,1
28708,25,1
28708,23,1
28708,20,1
28709,24,1
28709,23,1
28710,22,1
28710,58,1
28710,27,1
28711,22,2
28711,25,2
28712,23,2
28712,25,1
28712,46,1
28713,22,1
28713,24,2
28713,25,1
28714,23,1
28714,22,1
28715,23,3
28715,22,1
28716,25,1
28716,23,1
28717,22,1
28717,24,1
28718,25,1
28718,22,1
28718,23,1
28719,60,2
28719,54,1
28719,22,1
28720,25,1
28721,24,1
28721,22,1
28722,32,1
28722,24,1
28723,23,1
28723,25,1
28723,24,1
28724,24,1
28724,23,1
28724,25,1
28725,25,1
28725,24,3
28725,23,2
28726,25,1
28726,12,1
28727,22,1
28727,20,1
28727,24,2
28728,23,1
28728,32,1
28729,55,1
28729,25,1
28730,57,1
28730,25,1
28731,23,1
28731,59,1
28732,22,1
28732,25,1
28732,23,1
28733,25,1
28733,23,1
28733,8,1
28734,24,1
28734,22,1
28734,25,1
28735,22,2
28735,23,1
28735,25,1
28735,24,1
28736,25,1
28736,18,1
28736,24,1
28736,4,2
28737,24,1
28737,25,2
28738,46,3
28739,24,1
28739,23,2
28739,22,1
28740,22,1
28740,24,1
28740,23,3
28741,4,1
28741,5,1
28742,2,1
28743,8,3
28743,9,1
28743,43,2
28744,9,1
28744,6,2
28744,2,1
28745,35,1
28745,1,1
28745,13,1
28746,35,2
28746,9,1
28747,3,1
28747,1,1
28748,14,1
28748,8,1
28749,7,1
28749,5,2
28749,9,1
28750,1,1
28750,9,3
28750,50,1
28751,3,1
28751,8,3
28751,43,1
28751,6,2
28752,3,1
28752,4,1
28753,1,1
28753,3,2
28753,8,2
28754,5,1
28754,6,1
28754,1,1
28755,16,1
28755,4,2
28756,34,2
28756,7,1
28756,2,1
28756,6,1
28757,5,1
28757,4,1
28758,5,2
28758,1,1
28759,7,3
28759,8,1
28759,6,1
28760,8,1
28760,58,1
28760,3,1
28760,36,1
28761,9,2
28761,7,1
28761,1,1
28762,8,2
28762,4,1
28762,2,1
28763,5,1
28763,50,1
28763,2,1
28764,2,1
28764,1,1
28765,20,2
28765,4,1
28766,3,1
28766,8,1
28766,1,1
28767,3,1
28767,4,1
28768,8,1
28768,18,1
28769,24,1
28769,4,1
28770,7,1
28770,5,1
28770,4,3
28771,1,1
28771,36,1
28772,2,1
28772,4,2
28773,9,1
28773,3,1
28773,27,1
28773,1,1
28774,8,1
28774,4,1
28775,7,1
28775,2,1
28776,6,1
28776,34,1
28776,27,1
28777,4,1
28777,26,2
28778,9,1
28778,8,1
28778,5,1
28779,5,2
28780,3,2
28780,8,2
28781,6,1
28781,53,1
28781,32,1
28781,7,1
28782,6,1
28782,7,2
28783,50,2
28783,3,2
28784,8,1
28784,19,1
28785,6,1
28785,2,1
28786,2,2
28786,6,1
28786,5,2
28786,52,1
28786,30,1
28787,1,1
28787,4,1
28788,4,1
28788,6,1
28788,3,1
28789,5,2
28789,8,1
28790,1,1
28790,3,1
28790,5,2
28791,2,1
28791,45,1
28791,9,2
28792,7,1
28792,38,1
28792,9,1
28793,3,1
28793,52,1
28793,1,1
28794,11,1
28794,32,1
28795,15,1
28795,8,1
28795,6,1
28795,5,1
28795,4,1
28796,5,1
28796,6,1
28796,4,1
28797,2,1
28797,3,1
28798,6,3
28798,21,1
28799,8,1
28799,2,1
28800,26,2
28800,3,1
28800,34,1
28801,13,1
28801,12,1
28801,38,1
28801,14,1
28802,13,1
28802,19,2
28803,15,1
28803,10,1
28804,16,1
28804,60,1
28805,15,2
28805,16,1
28806,10,1
28806,13,1
28807,12,2
28808,32,1
28808,13,1
28808,16,2
28809,10,3
28810,11,1
28810,10,1
28810,12,1
28811,13,1
28811,16,1
28812,10,1
28812,11,1
28813,49,1
28813,14,1
28814,13,1
28814,14,1
28814,12,1
28815,47,1
28815,15,1
28815,60,1
28816,13,1
28816,15,2
28817,15,2
28817,13,3
28817,12,1
28818,12,1
28818,57,1
28818,15,1
28819,13,1
28819,15,1
28819,16,1
28820,11,2
28820,27,1
28821,16,1
28821,14,1
28821,10,3
28821,12,1
28821,40,1
28822,12,1
28822,15,1
28822,11,1
28822,10,1
28823,60,2
28823,11,3
28824,15,1
28824,10,1
28824,14,2
28825,41,1
28825,12,1
28825,16,2
28826,15,1
28826,16,1
28826,11,1
28827,12,1
28827,13,2
28827,11,1
28828,11,1
28828,16,1
28828,14,1
28829,15,2
28829,12,1
28829,44,2
28830,18,1
28830,13,1
28830,10,1
28831,16,1
28831,11,1
28831,12,1
28832,36,1
28833,12,1
28833,10,2
28833,25,1
28834,30,1
28834,13,1
28834,12,2
28834,15,1
28835,25,1
28835,14,2
28835,15,1
28836,15,2
28836,28,1
28836,22,1
28837,12,1
28837,16,1
28837,39,1
28838,10,1
28838,14,2
28838,13,2
28838,48,1
28838,11,1
28839,14,1
28839,10,1
28839,44,1
28840,60,1
28840,50,1
28841,14,1
28841,12,3
28841,44,1
28842,20,1
28842,55,1
28843,13,2
28843,16,2
28843,14,1
28843,11,1
28844,13,1
28844,15,1
28844,47,2
28844,48,1
28845,13,1
28845,10,1
28845,12,1
28846,12,1
28846,10,1
28847,14,1
28847,40,2
28847,11,1
28847,16,1
28848,14,1
28848,16,1
28848,40,2
28848,11,1
28849,10,1
28849,15,1
28850,10,1
28851,10,1
28851,18,1
28852,11,1
28852,15,1
28852,37,2
28852,21,2
28853,11,1
28853,13,1
28854,12,1
28854,52,1
28855,10,1
28855,16,1
28855,20,1
28856,15,1
28856,16,1
28856,11,1
28857,13,1
28857,15,3
28857,11,1
28858,57,1
28858,10,1
28858,14,1
28858,15,1
28859,14,1
28859,15,1
28859,11,1
28860,26,2
28860,11,1
28861,75,1
28861,54,2
28862,43,1
28862,20,1
28862,21,1
28863,23,2
28863,74,1
28863,24,1
28864,27,1
28864,21,1
28865,20,1
28865,36,1
28865,75,1
28866,24,2
28866,36,1
28866,58,1
28867,74,1
28867,25,1
28867,20,1
28867,75,1
28868,74,1
28868,75,2
28868,23,1
28868,21,1
28869,25,1
28869,23,1
28869,21,2
28869,40,1
28870,23,1
28870,25,1
28870,22,1
28871,21,1
28871,75,1
28871,48,1
28872,75,1
28872,22,1
28872,23,2
28873,27,1
28873,22,1
28873,75,1
28873,21,1
28874,40,2
28874,25,1
28874,5,1
28875,20,1
28875,24,1
28876,75,1
28876,21,1
28876,29,3
28877,23,1
28877,25,2
28877,22,3
28878,24,2
28878,51,1
28879,24,3
28879,21,2
28880,20,1
28881,25,1
28881,22,1
28881,50,1
28881,10,1
28882,22,1
28882,75,1
28882,23,1
28883,24,1
28883,25,1
28884,20,1
28884,75,1
28885,11,2
28885,22,2
28886,17,1
28886,75,1
28886,74,1
28886,22,3
28887,75,1
28887,22,1
28888,24,2
28888,59,1
28889,25,1
28889,23,1
28890,23,1
28891,20,1
28891,21,1
28891,75,1
28892,4,3
28892,23,1
28892,20,2
28893,22,2
28893,21,1
28894,74,1
28894,22,1
28895,20,1
28895,25,1
28895,74,1
28895,21,1
28896,33,1
28896,37,1
28897,24,2
28897,21,2
28897,75,1
28898,21,1
28898,22,1
28899,41,1
28899,47,1
28899,74,2
28899,24,1
28900,45,1
28900,74,1
28900,20,1
28900,25,1
28900,75,2
28901,74,1
28901,75,1
28901,5,2
28902,21,3
28902,20,1
28902,74,1
28903,24,1
28903,74,1
28904,75,1
28904,20,1
28905,4,1
28905,22,1
28905,23,1
28905,21,1
28906,74,1
28906,55,1
28906,59,1
28907,25,1
28907,53,1
28907,6,1
28908,45,1
28908,21,1
28908,75,1
28909,24,1
28909,7,1
28909,22,1
28910,75,1
28910,20,1
28910,43,2
28911,24,2
28911,21,3
28911,22,1
28912,74,1
28912,50,1
28912,24,1
28912,20,1
28913,23,1
28914,20,2
28914,75,1
28914,21,1
28914,74,1
28915,23,2
28915,21,1
28915,24,1
28916,25,1
28916,75,3
28916,23,1
28917,74,1
28917,10,1
28917,75,1
28918,23,1
28918,52,1
28918,74,2
28919,23,1
28919,43,1
28919,74,2
28920,15,1
28920,23,1
28921,35,1
28921,16,1
28922,11,2
28922,69,1
28922,68,1
28923,70,2
28923,68,2
28924,18,1
28924,16,1
28925,56,1
28925,67,1
28926,70,1
28926,35,1
28926,29,1
28927,35,1
28927,36,1
28927,67,1
28927,29,1
28928,70,1
28928,36,1
28929,67,2
28929,19,1
28929,70,2
28930,68,2
28930,36,1
28930,69,1
28931,67,1
28931,68,2
28931,70,1
28931,69,3
28932,70,1
28932,35,1
28933,35,1
28934,10,3
28934,67,1
28934,36,2
28935,8,1
28935,69,1
28935,68,1
28936,36,2
28936,2,1
28937,3,1
28937,67,2
28937,68,1
28938,67,1
28938,68,1
28939,35,1
28939,36,1
28940,58,1
28940,45,2
28940,35,2
28941,35,1
28941,36,1
28942,67,1
28942,68,2
28942,69,1
28942,3,2
28943,68,1
28943,45,1
28944,70,1
28944,69,2
28945,35,2
28945,70,1
28946,11,1
28946,36,2
28947,67,3
28947,36,1
28948,68,1
28949,69,1
28949,32,2
28949,67,1
28950,9,1
28951,36,1
28951,69,1
28952,69,3
28952,35,1
28952,46,1
28953,70,1
28953,68,1
28953,46,2
28954,70,1
28954,69,1
28955,32,3
28955,6,1
28955,68,1
28956,36,1
28956,35,1
28956,67,1
28957,68,1
28957,41,2
28958,39,1
28958,36,1
28959,36,1
28959,70,1
28959,26,1
28960,35,1
28960,14,1
28960,70,1
28961,35,1
28961,69,1
28961,1,2
28962,69,2
28962,60,1
28963,70,1
28963,67,1
28963,68,1
28963,35,1
28964,36,3
28964,47,1
28965,67,1
28965,70,1
28966,35,1
28966,36,1
28967,35,1
28967,36,1
28968,67,2
28968,69,1
28968,36,3
28968,68,1
28969,67,1
28969,36,1
28969,42,1
28969,68,1
28970,70,3
28970,36,1
28971,67,1
28971,69,1
28971,18,1
28972,35,1
28973,69,2
28973,68,2
28974,68,2
28974,67,2
28974,36,1
28974,56,1
28974,70,1
28975,68,1
28975,41,2
28976,68,1
28976,36,1
28977,8,1
28977,70,1
28978,35,1
28978,67,1
28978,36,1
28979,70,2
28979,67,2
28980,67,1
28980,68,1
28981,25,1
28981,23,1
28981,54,1
28981,24,3
28982,22,1
28982,25,1
28982,24,1
28982,23,2
28983,22,1
28983,52,1
28984,23,1
28985,25,1
28985,22,1
28986,22,1
28986,23,1
28986,25,1
28987,23,1
28987,25,1
28988,25,1
28988,32,1
28988,22,1
28989,22,1
28989,2,1
28990,24,3
28990,23,2
28991,23,1
28991,7,2
28992,25,3
28992,24,1
28993,24,1
28993,30,1
28993,22,1
28993,54,2
28994,23,2
28994,16,3
28994,25,1
28995,25,1
28995,24,1
28995,23,1
28996,24,1
28996,23,3
28996,4,1
28997,22,1
28997,24,2
28998,49,1
28998,24,2
28998,22,3
28999,23,1
28999,25,1
28999,22,1
29000,24,1
29000,22,1
29000,23,2
29001,22,1
29001,23,1
29002,23,2
29002,51,2
29003,22,1
29003,25,1
29004,23,2
29004,25,1
29005,25,1
29005,23,1
29006,36,1
29006,22,3
29006,24,3
29007,25,1
29007,24,1
29008,25,1
29008,22,2
29008,24,1
29009,24,1
29009,23,1
29010,58,1
29010,22,1
29011,22,1
29011,25,1
29011,37,1
29012,24,3
29012,22,1
29012,25,2
29013,25,1
29013,9,2
29013,22,1
29014,22,1
29014,51,1
29014,20,1
29015,12,1
29016,22,1
29016,23,1
29016,24,1
29017,23,1
29017,22,2
29018,22,1
29018,3,1
29019,24,3
29019,23,1
29020,31,1
29020,24,1
29021,22,1
29022,23,2
29022,25,1
29022,24,1
29023,22,1
29023,10,2
29023,23,1
29023,24,1
29024,25,1
29024,23,1
29025,24,1
29025,22,1
29026,25,2
29026,23,1
29026,24,1
29026,22,2
29027,25,1
29027,23,1
29028,24,1
29028,30,1
29028,23,1
29029,25,1
29029,23,1
29030,23,1
29030,22,1
29031,22,1
29031,24,1
29031,13,1
29032,23,1
29032,25,1
29032,22,1
29033,42,2
29033,22,1
29033,23,1
29034,25,1
29034,59,1
29034,22,1
29035,25,2
29035,24,1
29035,23,1
29036,24,3
29036,25,1
29036,22,1
29036,4,1
29037,12,1
29037,25,2
29038,23,2
29038,22,1
29039,23,3
29039,25,1
29039,22,1
29039,24,1
29040,25,1
29040,24,1
29040,23,1
29041,11,1
29041,16,1
29041,13,2
29042,13,2
29042,11,1
29042,5,1
29042,14,1
29043,10,2
29043,12,1
29044,15,2
29044,58,1
29044,16,1
29045,15,2
29045,13,1
29045,39,3
29046,11,1
29046,12,1
29046,15,1
29047,45,1
29047,11,1
29048,29,2
29048,11,2
29048,10,1
29049,15,1
29049,16,1
29049,12,3
29050,10,1
29050,39,1
29050,15,1
29050,12,1
29051,13,1
29051,16,2
29052,35,1
29052,10,1
29053,16,1
29054,11,2
29054,13,1
29055,20,2
29055,12,1
29055,13,1
29056,15,1
29056,12,1
29056,13,3
29057,16,1
29058,15,1
29058,11,2
29058,10,1
29058,13,1
29059,16,1
29060,11,1
29060,13,3
29060,14,1
29060,16,1
29061,11,2
29061,10,1
29061,15,1
29061,22,2
29062,16,1
29062,15,1
29063,13,1
29063,16,1
29064,55,1
29064,14,1
29064,29,1
29065,13,1
29065,12,3
29066,52,1
29066,12,2
29067,10,1
29067,8,2
29068,13,2
29068,12,1
29069,12,1
29069,11,1
29069,10,1
29070,31,1
29070,15,1
29071,11,1
29071,17,1
29072,11,1
29072,2,1
29072,14,1
29072,10,3
29073,15,1
29073,45,1
29073,11,2
29073,14,1
29073,13,1
29074,12,1
29074,10,3
29074,13,1
29074,15,1
29075,32,2
29075,2,1
29075,13,1
29075,15,3
29075,17,1
29076,11,1
29076,14,1
29076,13,2
29077,15,3
29077,11,1
29078,57,1
29078,24,3
29078,14,2
29079,11,1
29079,12,1
29080,15,1
29080,13,2
29080,12,2
29080,16,1
29081,10,1
29081,15,1
29081,13,1
29082,13,1
29082,12,2
29083,16,2
29083,15,1
29083,13,1
29084,14,1
29084,15,1
29084,33,1
29084,40,1
29084,12,1
29085,16,1
29085,10,1
29085,12,1
29086,15,1
29086,16,1
29086,13,1
29087,6,1
29088,16,1
29088,11,1
29088,47,1
29089,52,1
29089,13,1
29090,16,1
29090,13,1
29090,12,3
29091,16,1
29091,15,2
29091,14,1
29091,53,2
29092,11,1
29092,13,2
29093,11,1
29093,12,3
29093,10,1
29093,13,1
29094,44,1
29094,15,2
29094,13,1
29095,26,1
29095,15,1
29095,11,2
29096,14,1
29096,16,2
29097,15,1
29097,16,1
29097,11,2
29098,16,1
29098,11,1
29098,10,1
29098,14,3
29099,6,1
29099,16,1
29100,15,1
29100,12,1
29100,35,1
29100,14,1
29101,30,1
29102,31,1
29102,29,1
29102,10,1
29103,52,1
29103,32,1
29104,31,1
29104,29,1
29105,29,1
29105,16,1
29105,33,1
29106,31,1
29106,33,1
29106,28,1
29106,32,1
29107,29,1
29107,32,3
29107,28,3
29108,31,1
29108,32,1
29108,30,2
29109,32,2
29109,28,1
29109,31,2
29109,22,1
29110,29,1
29111,30,1
29111,29,1
29111,28,2
29111,31,1
29112,32,1
29112,30,1
29113,31,1
29113,28,1
29114,33,1
29114,28,1
29115,31,1
29115,32,1
29115,42,1
29115,20,1
29116,7,1
29117,31,2
29117,39,1
29117,57,1
29118,33,3
29118,31,2
29118,28,1
29118,32,2
29119,31,1
29119,32,1
29119,29,1
29119,28,2
29120,29,1
29120,32,1
29120,28,3
29120,59,1
29120,3,1
29121,11,1
29121,32,1
29121,28,1
29122,30,2
29122,33,1
29122,55,2
29122,32,1
29122,28,1
29123,33,1
29123,32,1
29123,55,1
29124,32,1
29124,29,1
29125,33,1
29125,32,1
29125,31,1
29125,28,2
29126,30,1
29126,32,1
29126,28,1
29127,32,1
29127,30,1
29127,37,1
29128,33,1
29128,28,1
29129,30,1
29129,33,2
29130,29,1
29130,20,2
29131,33,1
29131,30,2
29131,46,1
29131,28,1
29132,28,1
29132,32,1
29133,28,1
29133,33,1
29133,31,1
29134,30,1
29134,33,1
29135,29,1
29135,32,2
29135,30,1
29136,31,1
29136,32,3
29137,33,1
29137,30,1
29137,29,1
29137,28,1
29137,31,1
29138,60,1
29138,31,1
29138,32,1
29139,40,1
29139,30,1
29140,28,1
29140,33,1
29140,31,1
29140,32,1
29141,28,1
29141,29,1
29142,33,1
29142,31,1
29142,29,1
29143,29,1
29143,35,1
29143,30,1
29143,28,1
29143,31,1
29144,13,1
29144,33,2
29145,33,1
29145,31,1
29145,36,1
29145,32,1
29145,30,1
29146,32,1
29146,33,1
29147,33,1
29147,29,1
29148,22,1
29148,44,2
29149,33,1
29149,30,1
29149,28,1
29149,54,1
29150,9,1
29150,32,1
29151,32,2
29151,28,1
29151,33,1
29152,30,1
29152,28,1
29152,14,1
29153,28,1
29153,21,2
29154,29,1
29154,30,1
29154,33,1
29154,59,1
29155,28,1
29155,30,1
29155,19,1
29156,33,2
29156,28,1
29156,9,1
29157,32,3
29157,29,2
29158,9,1
29158,32,1
29159,29,1
29160,33,1
29160,32,1
29161,24,1
29161,33,1
29162,54,2
29162,24,1
29162,25,1
29162,22,1
29163,22,1
29163,24,1
29164,23,1
29165,24,3
29165,23,1
29165,25,1
29165,27,1
29165,22,1
29166,25,1
29166,24,1
29167,22,1
29167,25,1
29168,23,1
29168,22,1
29168,24,3
29169,22,2
29169,23,1
29169,24,2
29169,25,1
29169,4,2
29170,23,1
29170,52,1
29170,22,1
29171,10,1
29171,23,1
29171,5,1
29171,26,1
29172,22,1
29172,25,1
29173,13,1
29173,24,1
29174,23,1
29174,24,3
29175,23,1
29175,25,1
29175,22,3
29175,24,1
29176,25,1
29176,8,1
29176,24,1
29177,4,1
29178,22,1
29178,24,1
29179,22,1
29179,23,1
29179,24,1
29180,22,1
29180,24,1
29180,23,1
29181,22,1
29182,24,1
29182,35,1
29182,58,1
29183,32,1
29183,24,1
29183,22,1
29184,29,1
29184,24,2
29184,25,2
29185,22,2
29185,35,1
29185,24,1
29185,16,1
29186,22,1
29187,52,2
29187,25,1
29187,22,1
29188,25,1
29188,18,1
29188,23,2
29189,23,2
29189,24,1
29189,22,1
29190,25,1
29190,23,1
29191,22,1
29191,23,2
29192,22,2
29192,24,1
29193,23,1
29193,19,2
29194,60,1
29194,25,1
29194,5,1
29195,51,1
29195,24,1
29196,22,1
29196,23,1
29196,24,1
29197,25,2
29197,59,1
29197,24,1
29198,22,2
29198,23,1
29198,25,1
29199,22,1
29199,25,2
29199,24,1
29199,23,1
29200,19,1
29200,24,1
29201,22,1
29201,6,1
29201,23,1
29201,46,1
29202,24,1
29203,23,1
29203,58,1
29204,22,1
29204,24,1
29204,25,1
29205,24,1
29205,11,1
29206,23,2
29206,24,2
29207,25,1
29207,22,1
29207,23,1
29208,25,1
29208,22,1
29209,24,1
29210,12,1
29210,23,1
29211,25,1
29211,22,1
29211,24,1
29212,23,1
29213,25,2
29213,53,1
29214,22,1
29214,42,1
29214,23,1
29214,24,1
29215,24,1
29215,25,1
29215,22,2
29216,23,3
29216,25,1
29217,25,1
29217,35,2
29218,22,1
29218,25,2
29219,23,2
29219,22,1
29220,23,1
29221,27,3
29222,9,1
29222,3,1
29222,56,2
29223,7,2
29223,4,1
29223,8,3
29224,4,3
29224,8,1
29224,2,1
29225,1,1
29226,7,2
29226,5,1
29227,8,2
29227,2,1
29227,1,1
29227,4,1
29227,60,1
29228,1,1
29228,5,2
29228,6,1
29228,42,1
29229,7,1
29229,4,2
29230,2,3
29230,6,2
29230,15,1
29230,5,1
29231,28,1
29231,22,1
29232,7,1
29232,6,2
29232,3,1
29233,7,1
29233,46,1
29234,41,2
29234,21,1
29234,19,1
29235,7,2
29235,5,3
29235,1,1
29236,4,1
29237,13,1
29237,2,1
29237,3,1
29238,52,2
29238,3,1
29239,4,1
29239,9,1
29239,7,2
29239,2,1
29240,4,1
29240,5,2
29240,6,1
29241,1,1
29241,7,2
29242,1,1
29242,7,1
29243,6,1
29243,5,2
29243,4,1
29244,2,2
29244,8,1
29244,6,1
29245,55,1
29245,43,1
29245,2,1
29246,5,1
29246,18,1
29246,15,1
29246,1,1
29247,8,1
29247,5,1
29248,1,1
29248,2,1
29248,4,1
29248,47,2
29249,5,1
29249,50,1
29250,7,1
29250,4,1
29251,8,1
29251,7,1
29251,2,1
29251,6,1
29252,3,1
29252,8,1
29253,34,1
29253,3,1
29253,9,1
29254,6,1
29254,5,1
29254,4,1
29255,3,1
29255,17,1
29256,8,1
29256,7,2
29257,21,1
29257,38,1
29257,6,1
29258,47,1
29258,1,1
29258,5,1
29258,2,1
29259,4,1
29260,2,1
29260,20,1
29260,8,1
29261,4,3
29261,3,1
29261,25,1
29262,6,1
29262,9,2
29262,3,2
29262,8,1
29263,5,1
29263,7,1
29264,37,1
29264,54,1
29264,9,1
29265,2,2
29266,47,1
29266,2,2
29266,1,2
29266,3,1
29267,7,2
29268,3,1
29268,7,2
29268,34,1
29268,9,1
29269,14,1
29269,54,1
29269,9,1
29270,3,1
29270,2,1
29270,9,1
29271,6,1
29272,8,2
29272,5,1
29273,6,1
29273,3,1
29274,4,1
29274,2,1
29274,6,1
29275,7,2
29275,8,1
29275,18,1
29276,37,1
29276,3,1
29276,5,1
29277,8,1
29277,6,1
29277,11,1
29278,1,2
29278,3,1
29279,5,1
29279,4,1
29279,24,1
29280,24,1
29280,1,1
29281,16,1
29281,11,1
29282,12,1
29282,15,1
29283,15,1
29283,58,1
29284,12,1
29285,15,1
29285,8,1
29285,13,3
29285,16,1
29286,12,2
29286,11,1
29287,16,1
29287,12,1
29287,39,1
29287,13,1
29287,14,1
29288,11,1
29288,31,1
29288,16,2
29289,15,1
29289,10,1
29289,16,1
29289,14,1
29290,15,1
29290,10,2
29291,12,1
29291,10,1
29292,32,1
29292,11,1
29293,16,1
29293,15,1
29293,14,1
29294,15,1
29294,50,1
29294,12,1
29295,15,2
29295,40,1
29295,11,1
29296,13,1
29297,15,1
29297,10,1
29297,53,1
29298,16,1
29298,15,1
29298,2,1
29299,15,3
29299,16,1
29300,16,1
29300,36,1
29300,15,2
29300,10,1
29301,10,2
29301,15,1
29301,12,1
29302,12,1
29302,10,2
29303,16,1
29303,10,2
29304,16,1
29304,14,1
29304,12,1
29305,10,1
29305,14,1
29305,13,1
29306,10,1
29306,32,1
29306,14,1
29306,15,2
29307,16,1
29307,15,1
29307,11,1
29308,14,1
29308,36,1
29309,16,1
29309,6,1
29309,11,2
29310,13,1
29310,11,3
29311,13,1
29311,12,1
29312,11,2
29312,50,1
29313,27,1
29313,16,1
29313,10,1
29314,11,1
29314,10,1
29314,15,1
29315,10,1
29315,7,1
29315,15,1
29315,12,2
29316,16,1
29316,11,2
29317,10,1
29317,12,1
29317,15,2
29318,12,1
29318,13,1
29319,2,1
29319,13,1
29320,11,1
29320,16,2
29321,12,1
29321,11,1
29321,15,1
29322,14,1
29322,12,1
29322,46,1
29323,12,1
29323,30,1
29323,14,1
29324,15,1
29324,11,1
29325,11,2
29325,14,1
29326,12,1
29326,10,1
29327,12,1
29327,15,1
29327,14,3
29328,12,1
29328,21,1
29329,11,1
29330,12,1
29330,14,1
29330,13,1
29330,10,1
29331,15,1
29331,51,1
29331,23,1
29332,52,1
29332,44,1
29332,17,2
29333,16,1
29333,15,1
29333,14,1
29334,14,2
29334,16,1
29335,15,1
29335,14,2
29336,31,1
29336,13,1
29336,11,2
29337,14,1
29337,12,1
29337,16,1
29338,12,2
29338,15,1
29339,20,1
29339,16,1
29340,10,1
29340,12,1
29341,30,1
29341,31,3
29341,55,2
29342,28,1
29342,33,1
29342,32,2
29342,31,1
29343,29,2
29343,28,1
29344,29,1
29344,30,2
29344,31,1
29345,28,1
29345,33,1
29345,59,1
29346,29,1
29346,31,2
29347,29,1
29347,33,1
29347,40,1
29348,30,1
29348,31,1
29349,29,2
29349,7,1
29350,28,1
29350,1,1
29350,32,1
29351,33,1
29351,30,1
29351,7,3
29352,16,3
29352,29,1
29352,30,1
29352,32,1
29353,32,1
29353,31,3
29353,28,1
29354,30,1
29354,29,1
29354,35,1
29354,31,1
29355,45,1
29355,29,2
29356,31,3
29356,5,1
29356,29,1
29357,29,1
29357,32,2
29357,33,1
29358,30,3
29358,29,1
29359,31,1
29359,28,1
29360,31,1
29360,28,1
29361,15,1
29362,29,1
29362,31,1
29363,31,1
29363,29,1
29363,30,1
29364,28,1
29364,31,1
29365,29,1
29365,31,3
29365,8,1
29366,29,1
29366,33,1
29366,32,1
29367,7,2
29367,33,1
29367,30,1
29367,50,1
29368,32,1
29368,31,1
29368,25,3
29368,33,1
29369,30,2
29369,32,3
29369,37,1
29370,30,2
29370,55,1
29371,28,1
29371,32,1
29371,30,1
29371,27,2
29372,30,1
29372,33,2
29372,31,1
29373,31,2
29373,52,1
29373,28,1
29374,25,1
29374,29,1
29374,30,1
29374,28,1
29375,32,1
29375,44,1
29376,28,1
29376,45,1
29376,31,3
29377,28,2
29377,31,1
29378,28,1
29378,33,1
29378,32,2
29379,33,1
29379,32,1
29379,30,1
29379,26,1
29380,30,1
29380,31,1
29380,33,1
29381,59,1
29381,31,1
29381,33,1
29381,29,1
29382,29,1
29382,28,1
29383,33,1
29383,31,1
29384,30,1
29384,33,3
29384,28,1
29385,31,1
29385,59,1
29385,33,1
29385,29,2
29386,32,1
29386,29,2
29386,28,1
29387,28,1
29387,31,1
29387,33,1
29388,28,1
29388,31,3
29389,32,2
29389,29,1
29389,28,1
29390,29,1
29390,28,1
29390,32,2
29390,31,2
29391,35,1
29391,33,1
29392,31,2
29392,32,1
29392,29,1
29392,33,1
29392,12,3
29393,32,1
29393,29,1
29393,30,1
29394,30,1
29394,31,1
29394,32,1
29395,49,1
29395,30,2
29396,59,2
29396,32,1
29396,45,1
29396,50,1
29397,31,1
29397,28,1
29397,33,2
29397,29,1
29398,31,1
29398,29,1
29398,28,1
29398,32,2
29399,31,2
29399,30,1
29399,33,1
29400,33,1
29400,25,1
29400,31,1
29401,65,1
29401,7,1
29402,55,1
29402,63,1
29403,70,1
29403,67,2
29403,68,1
29404,56,1
29404,53,1
29404,33,1
29405,63,1
29405,59,2
29405,68,2
29406,48,1
29406,68,1
29406,55,1
29406,57,1
29407,53,1
29407,57,1
29407,62,1
29407,64,1
29408,70,2
29408,26,1
29409,59,1
29409,55,1
29410,70,1
29410,63,1
29410,67,2
29410,2,1
29411,52,1
29411,51,1
29411,62,1
29412,68,1
29412,69,1
29412,58,3
29413,3,1
29413,70,1
29413,58,1
29414,53,1
29414,60,1
29414,69,3
29415,52,1
29415,54,1
29415,60,1
29416,65,2
29416,55,1
29417,38,1
29417,59,1
29418,55,1
29418,61,1
29419,63,1
29419,58,1
29420,63,1
29420,69,1
29421,65,1
29421,52,3
29421,58,2
29421,60,2
29422,20,2
29422,65,1
29422,54,1
29423,52,1
29423,35,1
29423,39,1
29424,64,1
29424,62,3
29424,59,1
29425,56,1
29425,52,1
29425,67,1
29425,53,1
29426,65,3
29427,67,1
29427,38,2
29427,61,1
29428,67,1
29429,61,1
29430,54,1
29430,43,1
29430,69,1
29431,55,1
29431,63,1
29431,52,3
29432,69,1
29432,53,1
29433,62,1
29433,69,1
29434,60,1
29434,64,1
29435,66,3
29435,32,2
29435,60,1
29436,20,1
29436,55,1
29437,70,2
29437,58,1
29438,24,2
29438,58,1
29439,66,1
29439,40,1
29439,60,1
29440,47,1
29440,51,2
29440,63,1
29441,55,1
29441,52,1
29441,6,1
29442,70,2
29442,55,1
29442,23,1
29443,67,1
29443,56,1
29443,55,1
29444,66,1
29444,1,1
29445,69,2
29445,68,1
29446,63,1
29446,51,1
29446,55,2
29446,64,1
29447,51,1
29447,63,1
29447,68,1
29447,48,1
29448,61,1
29448,70,1
29448,55,1
29449,54,1
29449,64,1
29450,14,1
29450,18,1
29450,64,1
29451,55,2
29451,69,1
29451,66,1
29452,31,2
29452,63,1
29452,60,1
29452,54,1
29452,57,1
29453,62,2
29454,64,1
29454,58,1
29455,61,1
29455,58,1
29455,57,1
29455,53,1
29456,57,2
29456,51,1
29456,54,2
29457,67,1
29457,48,2
29457,60,1
29458,67,1
29459,52,1
29459,53,1
29459,54,1
29459,61,1
29460,62,2
29461,29,2
29461,33,1
29462,17,2
29462,31,1
29462,6,1
29462,7,1
29463,32,1
29463,53,2
29463,46,2
29464,43,1
29464,31,1
29464,30,2
29465,30,1
29465,56,1
29465,28,3
29466,58,1
29466,39,1
29466,30,1
29467,31,1
29467,28,1
29467,32,1
29468,39,2
29468,30,1
29469,32,2
29469,28,1
29469,29,2
29470,32,1
29470,29,1
29470,28,1
29470,5,1
29471,29,1
29471,31,1
29472,28,1
29472,31,3
29473,32,1
29473,28,1
29474,30,1
29474,33,1
29474,28,1
29474,16,3
29475,31,1
29475,30,1
29476,29,1
29476,28,1
29477,38,1
29477,28,3
29477,32,3
29478,32,1
29478,25,1
29478,30,1
29479,30,1
29480,28,1
29480,32,1
29480,29,1
29480,30,1
29481,31,1
29481,30,1
29481,29,1
29481,8,1
29482,30,1
29482,33,1
29482,32,1
29483,32,3
29483,30,1
29483,28,1
29484,2,1
29484,30,1
29484,29,1
29485,26,1
29485,28,1
29486,28,1
29486,15,1
29487,31,1
29487,32,2
29487,33,1
29487,19,1
29488,25,1
29488,23,3
29489,15,1
29489,28,1
29490,30,1
29490,32,2
29490,33,1
29491,31,1
29491,30,1
29491,29,1
29491,32,1
29492,44,1
29492,30,1
29493,31,1
29493,33,1
29493,28,2
29493,32,1
29494,33,1
29494,28,1
29495,30,1
29495,31,1
29495,29,2
29495,6,2
29495,33,1
29496,30,1
29496,28,3
29497,28,1
29497,32,2
29497,23,1
29498,29,1
29498,54,1
29498,51,2
29498,28,1
29498,2,2
29499,53,1
29499,29,1
29499,28,1
29500,50,1
29500,29,2
29501,29,3
29501,33,1
29501,48,1
29501,31,3
29502,28,1
29502,35,1
29502,31,1
29503,8,1
29503,30,2
29503,33,1
29504,30,1
29504,29,2
29504,31,1
29504,28,1
29505,58,1
29505,30,3
29505,28,3
29505,32,1
29506,30,2
29506,32,1
29506,28,1
29506,55,1
29507,32,1
29507,31,1
29507,29,2
29508,30,2
29508,29,1
29509,30,3
29509,29,1
29510,29,1
29510,33,1
29510,31,1
29510,10,2
29511,29,1
29511,33,2
29511,23,2
29511,31,1
29512,30,2
29512,31,1
29512,50,1
29513,42,1
29513,31,1
29513,32,1
29513,44,2
29514,31,1
29514,29,1
29514,33,1
29515,32,2
29515,28,2
29515,30,1
29515,46,1
29516,32,1
29516,33,1
29516,45,2
29517,33,1
29517,32,1
29517,29,1
29517,28,1
29517,59,3
29518,28,1
29518,33,1
29518,32,2
29518,29,1
29518,30,1
29519,31,1
29519,22,1
29520,29,1
29520,28,1
29520,30,2
29521,31,1
29521,8,1
29521,15,2
29522,30,1
29522,29,1
29522,32,2
29522,11,1
29523,33,1
29523,32,1
29523,25,1
29523,30,1
29524,28,1
29524,29,3
29524,30,2
29525,33,1
29525,29,1
29525,30,1
29525,32,1
29526,30,1
29527,6,1
29527,31,1
29527,33,1
29528,32,1
29528,29,1
29528,33,1
29529,29,1
29529,31,1
29529,28,1
29530,29,1
29530,54,2
29531,31,1
29531,33,2
29531,30,1
29531,28,2
29532,10,3
29532,32,1
29532,24,1
29533,29,1
29533,30,1
29534,33,1
29534,28,1
29535,32,1
29535,47,1
29535,50,1
29535,22,1
29536,10,1
29536,31,1
29536,30,1
29537,30,1
29537,31,1
29537,33,1
29538,29,3
29538,32,1
29538,30,1
29539,28,1
29539,29,1
29540,12,1
29540,33,2
29541,30,1
29541,31,1
29542,31,2
29542,30,1
29542,32,1
29543,13,1
29543,33,3
29543,32,1
29543,29,1
29544,28,1
29544,33,1
29544,58,2
29544,40,1
29545,31,1
29545,30,1
29545,51,3
29545,33,1
29546,28,1
29546,59,1
29546,29,1
29547,29,1
29547,28,1
29547,31,1
29548,5,1
29549,1,1
29549,30,1
29549,57,1
29550,33,1
29550,29,3
29551,33,2
29551,19,1
29552,29,2
29552,33,1
29553,32,1
29553,7,1
29554,33,1
29554,29,1
29555,33,1
29555,29,1
29555,32,1
29555,28,1
29556,31,1
29556,38,1
29556,30,1
29557,51,1
29557,28,3
29557,30,1
29557,13,1
29558,29,1
29558,4,1
29559,29,2
29559,42,1
29559,33,1
29559,28,1
29560,31,1
29560,25,1
29561,58,2
29561,33,1
29562,29,2
29562,33,1
29563,32,1
29563,28,1
29564,33,2
29564,30,1
29565,51,1
29565,32,1
29565,18,1
29566,28,1
29566,32,1
29566,30,1
29566,33,2
29567,30,1
29567,32,1
29567,11,1
29567,29,1
29567,28,1
29568,17,1
29568,28,1
29569,51,2
29569,31,1
29570,32,1
29570,34,1
29571,29,1
29571,31,3
29572,33,1
29572,31,1
29572,58,1
29572,29,1
29573,32,1
29573,33,1
29573,31,1
29574,33,1
29574,30,1
29575,30,1
29575,32,1
29575,33,1
29575,31,1
29576,21,1
29576,28,1
29576,31,1
29577,31,2
29577,30,1
29578,33,2
29578,31,1
29578,17,1
29579,29,1
29580,49,1
29580,32,3
29581,32,2
29581,28,1
29581,31,1
29581,39,1
29582,31,1
29582,33,2
29582,28,2
29582,30,3
29583,32,1
29583,29,1
29583,30,1
29584,30,1
29584,28,1
29584,22,3
29585,33,1
29585,31,2
29586,32,1
29586,29,1
29587,29,1
29587,10,2
29587,33,1
29588,53,2
29588,28,1
29588,33,3
29589,30,1
29590,32,1
29590,4,1
29590,33,1
29590,29,1
29591,28,1
29591,32,1
29591,41,1
29591,30,1
29592,33,2
29592,30,1
29592,32,1
29593,54,1
29593,31,1
29593,28,3
29593,4,2
29593,29,1
29594,29,1
29594,28,2
29595,15,1
29595,28,1
29596,32,1
29596,7,1
29596,33,1
29596,31,1
29597,31,1
29597,30,1
29598,29,1
29598,25,1
29599,32,1
29599,28,3
29600,29,1
29600,31,1
29600,30,1
29600,32,1
29601,55,2
29601,29,2
29601,52,2
29601,60,1
29602,28,1
29602,33,2
29602,29,1
29603,32,1
29603,29,2
29603,28,1
29604,31,1
29604,33,1
29604,30,1
29604,29,1
29605,33,1
29605,30,1
29605,28,1
29605,31,2
29606,31,3
29606,47,1
29606,30,1
29607,30,1
29608,33,1
29608,32,1
29609,34,1
29609,33,1
29609,31,1
29610,32,2
29610,29,1
29610,30,1
29611,28,1
29611,58,1
29611,30,1
29611,42,1
29612,45,1
29612,52,1
29612,28,1
29613,9,1
29613,45,2
29613,25,2
29613,30,1
29614,29,1
29614,30,1
29614,60,2
29614,31,1
29615,33,1
29615,30,1
29615,31,1
29616,32,2
29616,28,3
29617,28,3
29617,32,1
29617,31,1
29618,30,1
29618,29,2
29619,29,1
29619,56,1
29619,12,2
29619,47,3
29620,29,2
29620,30,1
29621,37,3
29621,28,2
29622,18,1
29622,28,1
29622,33,1
29622,31,1
29623,29,1
29623,20,1
29624,33,1
29624,32,2
29624,28,1
29625,32,1
29625,33,1
29626,30,1
29626,32,2
29626,24,1
29626,25,1
29627,32,1
29627,34,1
29627,28,3
29628,29,1
29628,6,1
29629,28,2
29629,29,1
29630,29,1
29630,28,1
29630,42,1
29630,30,1
29631,32,2
29631,24,2
29631,33,1
29632,30,2
29632,33,2
29633,33,1
29633,32,1
29633,29,1
29634,38,1
29634,29,2
29634,28,1
29635,28,1
29635,32,1
29635,33,2
29636,33,1
29636,28,1
29636,29,1
29637,16,2
29637,30,1
29637,32,1
29638,28,1
29638,32,1
29638,33,1
29638,23,1
29639,28,2
29639,29,1
29639,33,2
29640,30,2
29640,29,1
29640,33,1
29641,14,1
29641,34,1
29642,44,1
29642,34,1
29642,29,1
29642,19,2
29643,14,1
29643,34,1
29644,29,1
29644,39,2
29644,53,1
29644,6,1
29645,29,1
29645,19,1
29645,53,1
29646,34,1
29646,19,1
29646,29,1
29647,18,1
29647,19,1
29648,19,1
29648,16,1
29649,29,2
29649,18,1
29650,18,1
29650,29,1
29651,34,1
29651,19,1
29651,29,1
29652,19,1
29652,29,1
29653,34,1
29653,29,1
29654,34,1
29654,29,1
29654,23,1
29655,18,1
29655,51,1
29656,19,1
29656,59,1
29656,34,1
29657,18,2
29657,42,1
29657,29,1
29658,29,2
29658,36,1
29659,29,1
29660,29,2
29660,18,2
29660,19,1
29661,34,1
29661,19,1
29661,11,1
29661,18,1
29662,34,1
29662,29,1
29662,18,1
29663,18,1
29663,38,1
29663,34,1
29664,35,2
29664,18,1
29665,48,2
29665,35,1
29665,29,1
29665,34,1
29666,34,1
29666,18,2
29666,45,1
29667,29,1
29667,18,1
29667,34,2
29667,19,1
29668,34,1
29668,21,1
29669,19,1
29669,7,1
29669,46,1
29669,34,1
29669,27,2
29670,29,1
29670,37,1
29671,34,1
29671,19,1
29671,41,1
29672,29,2
29672,34,1
29673,18,1
29673,7,1
29673,34,3
29673,29,3
29674,19,1
29674,18,1
29675,19,2
29675,50,1
29675,18,3
29676,19,2
29676,29,1
29676,34,2
29677,18,1
29677,29,1
29677,53,1
29678,34,1
29678,29,2
29678,18,1
29678,59,1
29678,19,1
29679,7,1
29679,19,2
29680,7,1
29680,19,1
29680,34,1
29681,18,1
29681,8,1
29682,18,1
29683,41,1
29683,19,1
29683,31,1
29683,34,1
29684,19,1
29684,18,1
29684,29,1
29685,19,1
29685,34,3
29685,18,1
29685,29,2
29685,12,1
29686,54,1
29686,34,1
29687,19,3
29687,29,1
29688,18,1
29688,2,1
29688,34,1
29689,19,1
29689,18,1
29690,19,1
29690,29,1
29691,60,3
29691,18,1
29691,19,2
29691,42,1
29691,34,1
29692,29,1
29692,24,2
29692,18,1
29693,3,1
29693,34,1
29693,18,1
29694,34,2
29694,29,2
29694,19,1
29695,19,1
29695,18,1
29696,18,1
29696,34,1
29697,18,1
29697,29,1
29698,19,2
29698,17,1
29698,34,1
29699,19,3
29699,29,1
29699,56,3
29700,29,3
29700,18,1
29700,19,1
29701,35,1
29701,3,2
29701,5,1
29702,47,1
29702,6,1
29703,4,1
29704,3,2
29704,7,1
29704,6,1
29705,3,2
29705,6,1
29706,1,1
29706,9,1
29706,4,2
29707,24,1
29707,1,1
29708,9,2
29708,20,2
29709,3,1
29709,8,1
29709,6,1
29710,7,1
29710,5,1
29710,8,1
29710,6,1
29711,6,2
29711,27,1
29712,7,1
29712,1,2
29713,6,1
29713,9,1
29713,7,1
29713,3,1
29714,2,1
29714,8,1
29714,9,1
29715,5,1
29715,2,1
29716,7,1
29716,4,1
29717,7,1
29717,8,1
29718,8,1
29718,3,3
29718,6,1
29719,2,3
29719,9,1
29719,4,3
29720,9,2
29720,8,1
29721,8,1
29721,2,3
29722,19,1
29723,3,1
29723,6,1
29724,2,1
29724,9,1
29724,25,1
29724,7,1
29725,7,2
29725,36,1
29726,5,1
29727,7,3
29727,4,1
29728,6,2
29728,60,1
29728,3,2
29729,3,2
29729,7,2
29729,46,1
29729,6,2
29730,9,1
29730,4,1
29730,51,1
29731,8,1
29731,1,1
29732,9,2
29732,6,1
29733,5,2
29733,1,1
29733,8,2
29734,4,2
29734,9,1
29735,3,1
29735,2,3
29736,1,2
29736,2,1
29736,5,1
29736,14,1
29737,8,1
29737,34,3
29738,7,1
29738,1,1
29738,5,2
29739,1,1
29739,8,2
29740,8,1
29740,1,1
29741,9,3
29741,6,1
29741,56,1
29742,2,3
29742,6,1
29742,7,1
29743,7,1
29743,31,1
29744,7,1
29744,6,1
29744,8,2
29745,2,1
29745,3,1
29746,60,1
29746,5,2
29746,57,1
29746,3,1
29747,52,1
29747,58,1
29747,1,1
29747,8,1
29748,2,1
29748,5,1
29748,4,1
29748,43,1
29748,6,1
29749,3,1
29749,9,1
29750,5,1
29750,3,1
29750,11,1
29751,4,1
29751,7,1
29752,5,1
29752,9,1
29752,1,1
29753,2,3
29753,6,1
29754,9,1
29754,27,1
29754,7,1
29754,4,1
29755,9,1
29755,6,1
29756,1,2
29756,4,1
29756,33,1
29757,1,1
29757,9,1
29758,3,1
29759,3,3
29759,60,1
29760,15,2
29760,12,1
29761,22,2
29761,24,3
29762,23,1
29762,22,1
29762,25,1
29763,22,2
29763,25,1
29764,31,1
29764,22,1
29764,23,2
29765,22,2
29765,25,1
29765,24,2
29766,22,1
29766,27,1
29766,25,1
29766,23,1
29767,22,1
29767,24,1
29768,23,1
29768,12,1
29768,51,1
29769,45,1
29770,24,1
29770,23,1
29771,28,1
29771,31,1
29772,24,1
29772,23,1
29772,42,1
29773,59,1
29773,25,3
29773,24,1
29773,6,1
29774,22,1
29774,24,1
29775,7,1
29775,23,1
29775,22,1
29776,25,1
29776,22,1
29776,32,1
29777,24,2
29778,38,2
29778,25,1
29779,22,1
29779,23,1
29780,24,1
29780,31,1
29780,22,1
29780,25,1
29781,25,1
29781,23,1
29782,57,2
29782,22,1
29782,25,2
29783,24,1
29783,22,2
29784,23,1
29784,25,1
29784,24,1
29785,23,1
29785,22,1
29785,13,1
29786,24,1
29786,23,2
29787,23,3
29787,22,1
29788,25,1
29788,31,1
29788,22,1
29788,24,1
29789,23,1
29789,14,1
29790,7,1
29790,5,1
29791,25,1
29792,24,1
29792,25,1
29793,22,1
29794,25,1
29794,22,1
29795,23,1
29795,36,1
29796,22,1
29796,25,1
29796,24,1
29797,50,1
29797,23,1
29797,22,1
29797,55,1
29798,23,1
29798,25,1
29799,24,1
29799,25,2
29800,23,1
29800,24,1
29800,25,1
29801,24,1
29802,22,1
29802,24,1
29802,16,1
29803,50,1
29803,19,2
29804,24,1
29804,22,1
29805,25,2
29805,34,1
29805,23,1
29806,24,1
29806,25,1
29806,23,1
29807,25,1
29807,24,3
29807,22,1
29808,22,1
29808,23,1
29808,24,1
29809,22,1
29810,22,1
29811,58,1
29811,25,2
29812,23,1
29813,10,3
29813,23,1
29814,25,1
29814,22,2
29814,21,1
29815,23,2
29816,23,1
29816,24,1
29817,41,1
29817,22,1
29817,16,1
29818,25,1
29818,23,1
29818,5,1
29819,23,2
29819,13,1
29819,24,1
29819,22,1
29820,24,1
29820,25,2
29820,48,1
29821,29,2
29821,32,1
29821,31,1
29822,30,1
29822,32,1
29822,16,1
29823,29,1
29823,32,1
29823,31,1
29823,33,2
29824,28,1
29824,38,1
29824,31,1
29825,33,2
29825,29,1
29825,30,1
29826,30,2
29827,31,1
29827,33,2
29827,2,1
29827,30,1
29828,29,1
29828,31,1
29828,32,1
29828,30,1
29829,29,1
29829,56,1
29829,32,1
29829,16,1
29830,11,1
29830,28,1
29831,31,1
29831,32,1
29831,29,1
29832,10,1
29832,28,1
29832,29,1
29833,30,2
29833,28,1
29833,32,1
29834,31,1
29834,30,1
29834,28,1
29835,22,1
29835,30,1
29836,31,1
29836,30,3
29836,34,1
29837,30,1
29837,33,1
29837,32,1
29838,29,1
29838,28,1
29839,29,1
29839,33,1
29840,33,1
29840,32,1
29841,32,1
29841,26,2
29842,28,1
29842,55,1
29842,30,1
29842,32,1
29843,31,1
29843,18,1
29844,31,1
29844,28,1
29844,56,1
29845,29,1
29845,28,1
29846,29,1
29846,36,1
29847,30,1
29847,33,1
29847,32,1
29847,31,1
29848,27,1
29848,32,1
29848,30,1
29849,30,1
29849,33,1
29850,28,1
29850,32,1
29850,30,3
29850,1,1
29851,29,1
29851,33,1
29851,32,1
29851,30,2
29852,31,1
29852,30,2
29852,32,1
29852,33,1
29852,49,3
29853,30,1
29853,25,1
29853,29,1
29853,31,1
29854,31,2
29854,33,2
29854,28,1
29854,30,1
29855,30,1
29855,28,3
29855,31,1
29855,32,1
29856,28,2
29856,31,1
29856,30,1
29856,29,3
29857,51,1
29857,31,3
29857,32,1
29857,3,1
29857,33,1
29858,33,1
29858,31,1
29859,33,2
29859,32,3
29859,42,1
29860,32,3
29860,33,3
29861,34,1
29861,29,1
29861,36,1
29861,19,1
29861,28,1
29862,32,1
29862,28,1
29863,29,1
29863,33,1
29863,31,1
29864,30,2
29864,32,1
29865,29,1
29865,31,2
29865,30,1
29866,30,2
29866,29,2
29867,33,1
29867,32,1
29868,33,2
29868,28,1
29868,29,1
29869,28,2
29869,30,1
29870,28,1
29870,31,1
29870,30,1
29870,56,1
29871,6,1
29871,23,1
29871,28,1
29872,31,1
29872,33,2
29873,29,3
29873,44,1
29874,35,1
29874,32,1
29874,29,1
29875,31,1
29875,30,1
29875,56,1
29876,31,2
29876,30,1
29877,28,2
29877,29,1
29878,32,2
29878,30,1
29878,59,2
29878,29,1
29879,30,1
29879,6,1
29879,32,1
29880,33,1
29880,32,1
29880,47,1
29880,29,1
29881,32,1
29881,30,1
29882,15,2
29882,28,1
29882,32,1
29883,29,1
29884,29,3
29885,16,1
29885,33,1
29885,12,2
29886,28,2
29886,30,1
29886,32,2
29886,7,1
29887,32,1
29887,12,1
29887,33,1
29888,33,1
29888,43,1
29888,29,1
29889,31,1
29889,32,1
29889,29,1
29889,15,1
29889,49,1
29890,32,1
29890,33,1
29890,28,1
29891,28,1
29891,33,1
29891,60,1
29891,29,1
29892,31,1
29892,28,1
29893,29,3
29893,39,1
29893,28,1
29894,28,2
29894,29,1
29895,7,1
29895,28,2
29896,33,1
29896,29,1
29896,32,1
29897,28,1
29897,2,1
29898,32,1
29898,31,1
29898,30,1
29898,33,1
29899,33,1
29899,31,1
29900,29,3
29900,33,1
29901,30,1
29901,29,1
29902,28,1
29902,57,2
29903,29,1
29903,31,1
29903,44,1
29904,31,2
29904,29,1
29905,33,2
29905,8,1
29906,32,1
29906,29,1
29907,32,1
29907,28,1
29908,28,1
29908,31,1
29908,2,1
29908,30,1
29909,32,1
29909,31,1
29909,29,1
29909,33,1
29910,29,3
29910,33,3
29911,29,1
29911,9,1
29911,33,1
29912,29,1
29912,32,1
29912,30,1
29913,33,1
29913,20,2
29914,31,2
29914,33,1
29914,23,1
29915,31,1
29915,1,1
29915,33,2
29916,31,2
29916,32,1
29917,31,1
29917,32,2
29917,28,1
29918,33,1
29918,28,1
29918,32,1
29919,32,1
29919,29,1
29920,17,2
29920,1,1
29921,31,1
29921,25,1
29921,30,1
29921,28,1
29921,44,1
29922,33,1
29922,31,2
29923,28,1
29923,9,1
29923,30,1
29924,28,1
29924,30,1
29924,32,1
29925,13,1
29925,33,1
29925,30,1
29926,32,2
29926,31,1
29926,27,1
29926,13,2
29927,30,1
29927,43,1
29928,28,1
29928,33,1
29928,40,1
29929,13,1
29929,41,1
29930,30,1
29930,31,1
29930,12,1
29931,30,1
29932,32,1
29932,31,1
29932,33,1
29933,4,1
29933,30,2
29934,56,3
29934,33,1
29935,38,1
29935,31,1
29936,28,1
29936,33,3
29936,32,1
29936,29,1
29937,33,1
29937,31,1
29937,30,1
29938,33,1
29938,57,1
29938,29,1
29939,30,1
29939,33,1
29939,31,1
29939,28,1
29940,30,1
29940,20,2
29940,33,2
29941,51,1
29941,32,2
29942,11,1
29942,29,1
29943,24,1
29943,11,1
29943,14,2
29944,12,1
29944,13,1
29945,50,1
29945,12,1
29946,11,1
29946,14,1
29946,16,1
29946,12,3
29947,16,1
29947,12,1
29948,14,1
29948,10,1
29948,38,2
29949,13,3
29949,12,1
29950,12,2
29950,11,1
29951,15,3
29951,10,1
29952,11,1
29952,15,1
29953,12,1
29954,12,1
29954,16,2
29954,10,1
29955,45,1
29955,42,1
29956,14,1
29956,13,1
29956,11,1
29957,12,1
29957,15,3
29957,10,1
29957,43,1
29958,16,1
29959,15,1
29959,16,1
29960,15,1
29960,12,1
29960,10,1
29961,14,1
29962,11,1
29962,4,1
29963,38,1
29963,14,1
29964,13,1
29964,14,3
29964,11,3
29965,46,1
29965,13,2
29965,55,1
29966,10,1
29966,15,1
29967,47,2
29967,10,1
29967,29,1
29967,16,3
29968,16,2
29969,13,1
29969,10,1
29970,16,3
29970,14,1
29970,10,2
29971,12,1
29972,12,1
29972,11,2
29973,12,1
29973,16,1
29973,11,1
29974,53,1
29974,14,1
29974,1,2
29975,13,2
29975,11,1
29975,15,1
29976,12,2
29976,15,1
29977,41,1
29977,12,1
29977,10,1
29978,16,1
29978,8,1
29979,10,1
29979,29,1
29980,21,1
29981,10,3
29981,16,1
29982,12,1
29982,46,1
29982,53,1
29983,38,2
29983,16,1
29983,24,1
29984,18,1
29984,11,1
29985,15,1
29985,16,1
29985,13,1
29985,14,1
29986,15,1
29986,12,1
29986,16,2
29987,11,1
29988,12,3
29988,14,1
29989,12,1
29989,14,1
29990,10,1
29990,13,3
29990,30,1
29990,15,1
29991,30,2
29991,11,1
29992,10,1
29992,11,1
29992,15,1
29992,14,1
29993,11,1
29993,7,1
29993,10,1
29994,27,1
29994,14,1
29994,16,1
29995,16,1
29995,2,1
29995,13,1
29996,15,1
29996,10,1
29997,13,1
29997,53,1
29998,10,1
29998,16,1
29999,13,1
29999,24,1
29999,14,1
30000,15,1
30000,13,1
30000,12,1
