clientId,dishId,interaction
1,15,5
1,39,14
1,49,18
1,53,1
1,54,11
1,38,11
1,4,10
1,62,1
1,61,1
2,15,8
2,39,11
2,49,13
2,63,1
2,54,16
2,4,17
2,38,13
2,11,1
2,41,1
2,53,1
3,70,12
3,68,15
3,71,11
3,72,11
3,67,11
3,77,1
3,18,1
3,13,1
3,74,1
3,69,7
3,63,1
4,79,18
4,78,12
4,80,18
4,77,11
4,2,3
4,4,2
4,41,1
4,5,1
4,27,1
4,16,1
4,53,3
5,76,3
5,73,10
5,80,15
5,74,13
5,55,12
5,56,5
5,75,13
5,33,1
5,78,1
5,20,2
6,38,10
6,54,23
6,4,14
6,39,14
6,15,13
6,49,7
6,44,1
6,80,1
7,39,12
7,49,14
7,38,12
7,32,1
7,15,10
7,54,14
7,41,1
7,4,10
7,23,1
8,54,10
8,4,16
8,39,9
8,14,2
8,15,14
8,26,1
8,38,12
8,49,10
8,45,1
8,61,1
8,66,1
9,43,3
9,63,14
9,64,25
9,77,2
9,66,17
9,44,1
9,19,1
9,65,13
9,21,2
9,41,1
9,3,2
9,37,1
9,68,1
9,13,1
9,7,3
9,27,1
9,79,1
10,18,7
10,9,4
10,10,5
10,1,10
10,8,4
10,5,7
10,12,6
10,2,6
10,13,3
10,11,5
10,16,4
10,19,2
10,14,5
10,6,2
10,64,1
10,17,1
10,3,2
10,53,1
10,7,2
10,49,1
10,57,1
11,68,20
11,69,11
11,72,11
11,70,13
11,71,16
11,67,10
11,75,1
11,48,1
11,77,2
11,79,1
12,3,5
12,64,1
12,5,4
12,7,4
12,19,3
12,2,5
12,10,10
12,1,5
12,16,4
12,14,6
12,12,3
12,9,4
12,8,2
12,17,4
12,31,1
12,18,5
12,6,3
12,59,1
12,37,1
12,13,1
13,73,7
13,74,4
13,70,4
13,72,7
13,79,3
13,67,6
13,69,8
13,65,3
13,66,5
13,68,2
13,71,3
13,64,3
13,75,3
13,76,4
13,63,1
13,21,1
14,5,7
14,3,5
14,2,5
14,8,2
14,9,6
14,21,1
14,6,4
14,10,4
14,11,6
14,7,9
14,17,6
14,1,2
14,19,5
14,73,1
14,18,1
14,60,1
14,14,3
14,16,2
14,13,5
14,12,3
14,58,1
15,41,17
15,45,7
15,42,10
15,78,10
15,44,7
15,40,5
15,43,8
15,77,4
15,29,1
15,75,1
15,11,2
16,75,8
16,73,8
16,74,13
16,80,5
16,56,14
16,76,15
16,55,9
16,43,1
16,41,1
16,62,1
17,44,11
17,40,9
17,78,11
17,77,14
17,43,10
17,45,9
17,4,1
17,41,3
17,42,5
17,57,1
17,52,1
17,35,1
17,21,1
17,25,1
17,67,1
17,68,1
17,47,1
17,51,1
18,80,20
18,77,16
18,78,20
18,79,16
18,16,1
18,31,1
18,70,1
18,9,2
19,48,8
19,49,14
19,53,10
19,50,9
19,52,13
19,51,13
19,39,1
20,54,12
20,4,11
20,49,11
20,38,14
20,39,8
20,17,1
20,53,2
20,15,14
20,68,2
20,66,1
20,22,1
20,13,1
21,71,11
21,68,9
21,70,9
21,67,13
21,72,8
21,69,18
21,77,2
21,5,1
21,59,1
21,78,3
21,6,3
22,10,1
22,59,19
22,62,13
22,58,11
22,61,9
22,60,10
22,8,1
22,57,8
22,65,1
22,75,1
22,33,1
23,44,12
23,43,14
23,45,19
23,50,1
23,51,4
23,42,17
23,54,1
23,1,1
23,65,1
23,17,1
23,49,2
24,65,14
24,64,15
24,66,19
24,63,22
24,79,1
24,34,1
24,4,3
24,20,1
24,32,1
25,78,12
25,80,15
25,79,20
25,77,26
25,58,1
25,28,2
25,19,1
25,29,1
25,46,1
25,27,1
26,31,11
26,30,4
26,32,5
26,34,6
26,36,2
26,29,5
26,33,4
26,24,6
26,21,1
26,27,4
26,23,8
26,25,5
26,35,3
26,22,6
26,20,2
26,44,1
26,26,1
26,63,1
27,78,13
27,41,16
27,77,7
27,44,9
27,51,1
27,40,6
27,45,6
27,42,2
27,43,9
27,68,2
27,5,1
27,66,1
28,23,4
28,29,3
28,35,9
28,28,9
28,21,3
28,73,1
28,30,9
28,24,2
28,26,8
28,36,3
28,64,2
28,34,3
28,58,1
28,32,6
28,22,6
28,67,2
28,27,4
28,31,2
28,74,1
28,20,1
28,54,1
28,33,2
28,77,1
28,25,1
28,57,1
28,49,3
29,1,2
29,9,5
29,3,6
29,8,4
29,59,3
29,2,9
29,17,3
29,18,2
29,10,4
29,7,8
29,12,2
29,11,4
29,19,4
29,13,2
29,6,5
29,16,3
29,5,1
29,64,2
29,14,1
30,77,8
30,78,14
30,42,10
30,40,12
30,43,10
30,44,5
30,41,9
30,80,1
30,37,1
30,70,2
30,45,2
30,36,1
30,5,1
31,79,19
31,78,16
31,80,17
31,77,20
31,71,1
31,29,1
31,1,2
31,32,2
31,15,1
31,66,1
31,70,1
31,48,1
32,41,9
32,78,9
32,14,1
32,77,14
32,45,11
32,42,10
32,43,9
32,40,10
32,44,12
32,19,1
32,18,1
32,1,1
32,32,3
33,43,18
33,42,15
33,45,18
33,44,16
33,77,2
33,51,1
33,56,2
33,47,3
34,44,7
34,3,2
34,41,4
34,78,10
34,43,11
34,40,6
34,45,10
34,77,8
34,66,1
34,19,1
34,56,1
34,23,2
34,42,5
34,53,1
34,24,1
35,6,9
35,2,3
35,74,1
35,16,3
35,65,1
35,51,1
35,9,9
35,11,5
35,13,6
35,10,2
35,5,3
35,37,2
35,8,2
35,18,5
35,54,1
35,3,3
35,67,1
35,1,3
35,14,1
35,19,3
35,17,2
35,59,1
36,49,19
36,51,12
36,52,13
36,50,7
36,48,10
36,53,10
36,3,1
36,17,1
36,55,1
36,30,1
36,73,1
37,45,12
37,44,19
37,42,16
37,43,18
37,74,1
37,36,1
37,59,1
37,51,2
37,24,1
37,61,2
37,2,1
37,31,1
37,22,1
38,68,4
38,67,13
38,71,6
38,63,5
38,65,5
38,72,5
38,64,5
38,74,12
38,75,12
38,66,2
38,40,1
38,69,2
38,76,5
38,70,5
38,78,1
38,73,3
38,33,1
38,26,3
38,9,1
38,22,1
38,28,1
39,78,13
39,45,5
39,44,7
39,51,2
39,77,6
39,40,7
39,43,8
39,42,7
39,41,4
39,33,2
39,71,1
40,44,11
40,77,6
40,45,13
40,78,10
40,43,10
40,40,11
40,70,1
40,41,12
40,42,11
40,18,1
40,57,1
41,63,16
41,64,21
41,66,11
41,65,13
41,3,1
41,68,1
42,50,17
42,52,11
42,48,9
42,16,1
42,53,14
42,49,10
42,51,7
42,79,2
42,6,1
42,7,2
43,18,3
43,10,9
43,8,3
43,17,4
43,19,8
43,13,3
43,3,6
43,7,4
43,6,6
43,2,5
43,9,2
43,11,3
43,54,1
43,14,3
43,12,7
43,5,5
43,1,6
43,63,1
43,45,1
44,27,8
44,26,5
44,22,4
44,23,2
44,21,4
44,29,2
44,32,5
44,24,11
44,30,4
44,33,2
44,31,6
44,64,1
44,25,3
44,35,2
44,28,2
44,54,1
44,36,3
44,71,1
44,34,1
45,15,18
45,4,14
45,39,11
45,54,11
45,31,1
45,49,10
45,38,9
45,14,1
45,12,1
46,42,19
46,43,17
46,44,13
46,45,21
46,51,1
46,37,1
46,31,1
46,33,1
46,35,1
46,61,1
46,63,1
47,10,7
47,7,3
47,9,3
47,11,3
47,14,1
47,18,8
47,5,7
47,3,8
47,2,6
47,17,5
47,16,4
47,19,7
47,6,3
47,57,2
47,8,2
47,31,1
47,1,1
47,12,2
47,65,2
47,13,4
47,53,1
48,63,2
48,20,6
48,25,4
48,23,3
48,1,1
48,31,3
48,29,1
48,22,9
48,34,8
48,28,1
48,27,4
48,32,2
48,21,5
48,36,5
48,30,4
48,33,6
48,64,2
48,24,2
48,35,2
48,26,2
49,67,16
49,69,9
49,9,1
49,71,15
49,70,16
49,72,13
49,68,15
49,25,1
49,77,1
49,38,1
50,36,7
50,31,6
50,32,2
50,28,6
50,21,6
50,24,2
50,23,4
50,30,6
50,33,9
50,34,5
50,53,1
50,5,2
50,26,4
50,25,5
50,20,1
50,29,2
50,35,1
50,64,2
50,73,1
50,27,1
51,36,6
51,26,5
51,35,9
51,32,6
51,25,5
51,62,1
51,24,4
51,27,4
51,34,2
51,29,5
51,30,3
51,74,1
51,33,5
51,20,2
51,54,1
51,21,4
51,31,3
51,28,4
51,73,1
51,23,2
52,1,7
52,7,5
52,19,2
52,16,4
52,3,3
52,5,2
52,13,10
52,10,5
52,18,2
52,2,8
52,9,3
52,14,5
52,11,2
52,23,2
52,8,1
52,59,1
52,12,1
52,17,2
52,6,1
53,42,14
53,45,17
53,43,20
53,44,20
53,70,1
53,51,1
53,15,1
53,38,1
53,54,1
54,71,15
54,68,13
54,77,1
54,67,15
54,70,9
54,72,10
54,69,9
54,78,2
54,18,1
54,4,1
55,42,16
55,43,19
55,45,13
55,44,21
55,50,1
55,58,1
55,51,2
55,47,1
56,73,17
56,55,10
56,75,13
56,80,9
56,74,6
56,56,9
56,76,15
56,59,1
56,6,1
56,42,2
56,53,2
56,51,1
57,40,4
57,17,4
57,13,3
57,72,1
57,5,4
57,2,4
57,6,5
57,7,3
57,14,9
57,59,1
57,1,3
57,18,2
57,11,4
57,10,2
57,9,3
57,30,1
57,12,2
57,3,2
57,8,3
57,16,6
57,54,1
57,19,1
57,57,1
58,68,13
58,70,7
58,72,17
58,69,12
58,67,8
58,71,12
58,77,1
58,30,1
58,7,1
58,64,1
59,74,15
59,75,6
59,17,1
59,73,8
59,40,1
59,76,7
59,56,8
59,80,10
59,55,14
59,49,2
59,23,2
59,12,1
60,19,6
60,9,3
60,54,1
60,5,3
60,3,3
60,2,5
60,10,10
60,14,4
60,6,7
60,17,5
60,59,2
60,31,1
60,12,7
60,1,2
60,51,1
60,7,4
60,16,1
60,23,1
60,13,1
60,37,1
60,18,1
60,11,5
60,8,3
61,3,7
61,64,1
61,12,6
61,16,3
61,57,1
61,1,11
61,13,3
61,9,13
61,2,1
61,17,1
61,18,8
61,6,7
61,8,4
61,19,4
61,11,2
61,7,3
61,5,2
61,59,1
61,54,1
61,14,1
62,13,1
62,9,2
62,40,2
62,12,5
62,5,4
62,32,1
62,18,3
62,16,5
62,3,4
62,6,5
62,14,4
62,19,2
62,64,3
62,8,6
62,2,5
62,10,1
62,11,2
62,7,3
62,42,1
62,59,2
62,57,1
62,1,1
62,17,3
63,66,17
63,65,15
63,63,17
63,64,23
63,69,1
63,48,1
63,72,1
63,41,1
63,56,1
64,67,1
64,76,15
64,80,10
64,73,10
64,56,12
64,75,11
64,55,6
64,74,9
64,31,1
64,12,2
65,49,11
65,52,16
65,51,19
65,50,13
65,48,5
65,53,6
65,69,1
65,74,2
66,73,9
66,80,7
66,76,8
66,74,9
66,78,2
66,56,10
66,27,1
66,75,9
66,55,6
66,4,1
66,48,1
66,41,2
66,51,1
66,5,1
67,56,12
67,73,11
67,80,8
67,74,14
67,76,10
67,55,5
67,75,8
67,79,1
67,71,1
67,50,1
68,29,5
68,21,8
68,36,2
68,28,4
68,23,8
68,33,6
68,26,5
68,31,6
68,25,8
68,20,4
68,22,2
68,30,2
68,35,3
68,34,3
68,27,1
68,32,2
68,24,5
68,53,1
69,54,11
69,39,11
69,38,15
69,49,14
69,4,11
69,15,13
69,63,1
69,78,1
69,42,2
69,53,2
70,17,5
70,18,8
70,10,7
70,19,5
70,7,5
70,14,7
70,5,5
70,16,3
70,11,8
70,9,4
70,76,1
70,8,3
70,13,4
70,2,3
70,6,3
70,1,1
70,12,3
70,59,1
70,3,1
71,45,9
71,77,10
71,78,10
71,40,11
71,41,12
71,44,8
71,42,7
71,43,9
71,54,2
71,27,1
71,51,1
72,77,16
72,78,16
72,80,21
72,79,16
72,28,1
72,32,3
73,71,13
73,68,8
73,69,10
73,67,14
73,70,9
73,9,1
73,72,5
73,35,2
73,78,2
73,16,1
73,76,2
73,28,2
73,22,1
73,51,1
74,75,14
74,56,14
74,23,1
74,74,10
74,55,9
74,73,10
74,80,14
74,78,1
74,76,10
74,50,1
75,49,9
75,39,11
75,15,14
75,38,13
75,68,1
75,4,8
75,54,9
75,28,1
75,73,1
76,3,8
76,18,7
76,10,4
76,14,9
76,13,12
76,2,3
76,51,1
76,16,5
76,6,3
76,17,2
76,7,2
76,64,1
76,9,6
76,55,1
76,1,9
76,11,2
76,8,3
76,5,6
76,19,2
77,49,12
77,39,13
77,38,15
77,4,12
77,15,12
77,54,14
77,55,1
77,66,2
77,46,1
77,3,1
77,23,1
78,64,17
78,65,19
78,66,16
78,50,1
78,63,21
78,79,2
78,35,1
78,62,1
78,69,3
78,61,1
79,22,9
79,30,3
79,26,5
79,32,2
79,27,7
79,36,7
79,20,8
79,28,3
79,33,6
79,21,5
79,31,5
79,29,4
79,74,1
79,64,1
79,34,4
79,25,2
79,24,1
79,23,2
79,63,1
80,49,10
80,48,11
80,53,6
80,51,11
80,50,15
80,52,12
80,72,1
80,3,2
80,59,1
80,66,2
80,46,1
81,51,16
81,53,15
81,52,13
81,48,9
81,49,10
81,50,14
81,71,1
81,64,2
81,78,2
82,55,11
82,51,1
82,80,7
82,76,8
82,73,11
82,56,11
82,75,15
82,78,1
82,40,1
82,20,1
82,74,5
82,14,1
82,38,1
82,49,1
83,15,8
83,39,11
83,38,12
83,54,8
83,49,13
83,4,11
83,62,2
83,66,2
83,78,1
83,55,1
84,35,3
84,22,8
84,36,3
84,29,5
84,26,8
84,25,1
84,31,4
84,28,3
84,21,4
84,33,2
84,32,5
84,30,5
84,67,1
84,27,4
84,20,2
84,62,1
84,34,5
84,23,7
84,24,1
84,63,1
84,64,1
85,53,12
85,49,14
85,48,12
85,2,1
85,51,10
85,52,9
85,5,1
85,50,12
85,43,1
86,13,8
86,9,8
86,12,2
86,19,5
86,1,8
86,8,3
86,14,4
86,10,5
86,7,9
86,17,3
86,3,6
86,18,6
86,6,2
86,54,1
86,5,2
86,46,2
86,66,1
86,11,2
86,2,1
86,80,1
86,76,2
86,16,2
86,57,1
86,64,1
87,50,15
87,48,9
87,53,10
87,52,12
87,49,10
87,51,12
87,59,1
87,45,1
87,27,1
88,5,4
88,18,4
88,1,11
88,3,3
88,11,6
88,13,5
88,19,6
88,16,1
88,17,5
88,7,4
88,33,1
88,10,2
88,14,3
88,8,8
88,9,1
88,12,1
88,64,1
88,2,2
89,58,11
89,60,11
89,59,16
89,61,13
89,57,14
89,62,4
89,73,1
89,80,1
89,43,1
89,66,3
90,26,5
90,28,6
90,33,5
90,31,7
90,18,1
90,32,5
90,20,5
90,29,4
90,34,6
90,27,4
90,36,3
90,47,2
90,64,1
90,24,4
90,23,2
90,21,5
90,22,2
90,25,4
90,48,1
90,9,1
90,35,4
90,67,1
91,80,20
91,79,14
91,78,18
91,77,16
91,13,1
91,23,3
91,42,1
91,26,1
91,16,1
92,49,12
92,48,16
92,51,12
92,53,9
92,52,15
92,50,16
92,72,1
93,17,5
93,14,11
93,8,1
93,12,4
93,19,5
93,64,1
93,10,8
93,6,3
93,5,1
93,56,1
93,13,3
93,2,5
93,9,5
93,1,5
93,3,2
93,11,6
93,18,3
93,53,1
93,7,1
93,58,1
93,16,1
93,54,1
94,1,6
94,10,5
94,16,4
94,18,11
94,19,2
94,2,7
94,5,4
94,6,4
94,17,6
94,14,6
94,8,4
94,7,6
94,3,2
94,12,5
94,9,6
94,13,2
94,11,2
94,42,1
94,70,1
94,67,1
95,33,5
95,26,4
95,20,4
95,25,9
95,22,8
95,29,1
95,34,5
95,36,5
95,27,2
95,31,3
95,24,7
95,23,6
95,7,1
95,30,2
95,54,1
95,32,4
95,13,1
95,21,2
95,35,1
96,32,4
96,21,6
96,24,6
96,35,3
96,31,2
96,63,1
96,20,3
96,54,1
96,29,3
96,22,5
96,26,2
96,23,6
96,33,2
96,30,4
96,36,5
96,34,6
96,28,5
96,25,3
96,27,1
96,53,1
96,73,1
96,67,1
96,4,1
97,78,6
97,40,11
97,11,3
97,43,10
97,44,7
97,45,13
97,42,5
97,14,1
97,41,6
97,77,8
97,51,1
97,1,2
97,23,1
97,18,1
98,27,1
98,11,5
98,12,10
98,9,9
98,16,7
98,68,1
98,54,2
98,10,2
98,8,3
98,1,2
98,5,9
98,13,3
98,6,6
98,17,6
98,19,4
98,2,3
98,18,3
98,29,1
98,34,1
98,7,3
98,14,2
99,4,1
99,73,13
99,76,11
99,75,14
99,74,16
99,25,1
99,55,9
99,56,9
99,54,1
99,80,9
99,61,1
99,32,1
99,45,1
99,2,2
100,52,8
100,53,17
100,48,13
100,51,13
100,19,1
100,49,11
100,50,5
100,41,2
100,32,1
101,55,13
101,80,6
101,73,12
101,74,9
101,76,7
101,75,9
101,36,1
101,16,2
101,56,7
101,40,1
102,73,5
102,75,5
102,69,5
102,66,5
102,67,5
102,76,4
102,74,6
102,72,4
102,65,5
102,64,7
102,63,4
102,79,2
102,70,2
102,29,1
102,20,1
102,71,5
102,68,2
102,77,1
103,69,8
103,72,11
103,67,11
103,68,14
103,74,1
103,70,5
103,78,1
103,18,3
103,71,12
103,77,1
103,76,1
103,14,1
103,49,2
104,20,5
104,34,5
104,35,4
104,26,8
104,21,1
104,25,3
104,31,3
104,22,2
104,28,2
104,36,4
104,30,4
104,23,3
104,33,5
104,24,6
104,32,3
104,64,2
104,27,5
104,29,2
104,74,1
105,71,14
105,69,13
105,68,11
105,72,14
105,70,16
105,67,11
105,78,2
105,77,1
105,64,1
106,39,7
106,15,15
106,4,12
106,54,11
106,49,12
106,38,13
106,25,1
106,3,1
106,53,1
106,41,3
106,66,1
107,4,11
107,15,19
107,39,10
107,49,15
107,54,12
107,38,9
107,47,1
107,76,1
108,71,8
108,68,12
108,69,14
108,67,15
108,70,10
108,72,12
108,77,1
108,51,1
108,15,1
108,73,1
108,79,2
108,59,1
108,41,1
108,78,1
109,79,14
109,77,17
109,80,15
109,74,2
109,78,20
109,37,1
109,32,2
109,72,2
109,19,2
109,15,2
109,42,1
109,14,2
110,80,22
110,78,16
110,77,15
110,79,16
110,25,1
110,69,1
110,34,1
110,33,1
110,56,1
110,47,1
111,65,16
111,63,22
111,66,17
111,64,19
111,18,1
111,75,1
111,11,1
111,52,1
111,1,2
111,55,1
111,57,1
112,42,10
112,43,9
112,77,11
112,45,9
112,78,7
112,40,7
112,44,9
112,41,7
112,51,2
112,59,1
113,73,10
113,66,5
113,72,3
113,74,1
113,68,8
113,63,4
113,67,5
113,75,4
113,80,1
113,69,8
113,71,9
113,70,3
113,65,4
113,77,1
113,79,3
113,76,3
113,44,1
114,10,4
114,9,7
114,5,3
114,12,3
114,17,5
114,6,3
114,1,5
114,11,2
114,59,2
114,2,4
114,13,6
114,7,2
114,16,4
114,57,2
114,19,3
114,18,6
114,8,4
114,3,5
114,14,4
114,74,1
115,69,2
115,59,1
115,66,7
115,68,8
115,65,6
115,76,9
115,74,12
115,72,3
115,63,4
115,70,5
115,79,1
115,67,8
115,73,3
115,75,2
115,78,1
115,64,5
115,80,1
115,71,2
115,77,1
115,61,1
116,73,8
116,76,13
116,74,11
116,75,16
116,80,9
116,55,9
116,56,7
116,78,1
116,41,1
116,28,1
116,24,1
116,53,1
117,71,4
117,68,4
117,75,6
117,74,7
117,64,4
117,70,4
117,63,5
117,66,3
117,72,5
117,65,6
117,76,4
117,69,5
117,73,4
117,67,4
117,10,1
117,13,1
118,24,7
118,33,12
118,30,3
118,21,2
118,29,5
118,28,2
118,26,7
118,20,2
118,27,8
118,54,1
118,35,4
118,31,6
118,23,2
118,34,2
118,22,2
118,25,5
118,64,1
118,16,2
118,36,2
118,32,2
119,12,7
119,18,7
119,17,6
119,13,5
119,57,1
119,5,4
119,7,5
119,3,6
119,16,1
119,8,3
119,19,2
119,1,4
119,9,3
119,10,5
119,59,2
119,14,7
119,2,4
119,31,3
119,44,1
119,11,1
119,66,1
120,12,2
120,5,1
120,18,7
120,8,6
120,40,2
120,1,7
120,10,4
120,14,6
120,59,1
120,13,4
120,9,5
120,6,2
120,3,5
120,7,6
120,11,3
120,17,2
120,54,2
120,16,5
120,53,2
120,19,3
120,2,3
121,80,18
121,78,11
121,79,14
121,77,16
121,41,1
121,23,1
121,67,2
121,75,3
121,19,2
121,59,2
122,79,20
122,80,19
122,78,17
122,77,11
122,41,1
122,14,2
122,42,3
122,58,1
122,3,2
122,49,1
122,18,1
122,63,1
122,72,1
122,57,1
123,5,2
123,7,3
123,1,10
123,2,5
123,18,5
123,19,3
123,6,4
123,14,3
123,3,4
123,16,2
123,10,2
123,12,5
123,74,1
123,80,1
123,17,1
123,8,4
123,9,6
123,59,1
123,13,4
123,57,1
123,11,2
124,70,9
124,67,15
124,71,10
124,69,9
124,68,10
124,29,1
124,72,10
124,80,1
124,78,1
124,37,1
124,65,1
124,5,2
124,77,1
124,6,1
125,49,17
125,54,9
125,38,22
125,15,17
125,4,11
125,39,9
125,25,4
125,63,1
125,8,1
125,73,1
125,30,1
125,31,2
125,40,1
125,53,1
126,11,4
126,1,7
126,59,1
126,13,5
126,18,5
126,3,2
126,16,1
126,19,5
126,17,3
126,2,5
126,12,5
126,14,5
126,7,5
126,6,5
126,10,2
126,8,2
126,57,1
126,9,1
126,20,1
126,5,1
127,14,7
127,1,7
127,6,5
127,3,3
127,2,6
127,5,3
127,13,3
127,18,11
127,59,1
127,17,2
127,7,4
127,9,4
127,4,1
127,19,4
127,11,2
127,8,3
127,10,5
127,16,7
128,69,15
128,72,13
128,67,13
128,71,7
128,68,13
128,62,1
128,70,7
128,73,1
128,48,1
128,33,1
128,23,2
129,49,13
129,48,20
129,52,10
129,10,1
129,50,12
129,69,1
129,51,8
129,53,6
129,14,1
129,63,1
129,25,1
130,15,12
130,49,9
130,54,11
130,38,8
130,39,12
130,4,14
130,58,1
130,57,1
130,5,1
130,16,1
130,31,1
131,71,8
131,70,12
131,67,15
131,72,14
131,68,4
131,69,6
131,78,2
131,51,1
131,64,1
131,32,1
131,56,1
132,10,6
132,46,1
132,16,5
132,17,3
132,6,6
132,57,1
132,5,4
132,12,4
132,8,2
132,7,6
132,14,3
132,1,2
132,2,4
132,9,6
132,18,4
132,3,1
132,11,4
132,53,1
132,19,1
132,65,1
132,64,1
132,13,1
133,4,19
133,54,11
133,55,3
133,38,3
133,39,5
133,15,9
133,49,11
133,53,1
133,69,2
133,65,1
133,26,1
133,17,1
133,11,1
134,4,15
134,39,11
134,38,14
134,49,15
134,54,10
134,15,8
134,63,1
134,53,1
135,55,9
135,75,11
135,80,8
135,74,13
135,56,8
135,73,7
135,30,1
135,76,8
135,13,1
135,79,1
135,49,1
136,80,11
136,56,12
136,75,14
136,55,8
136,73,6
136,5,1
136,59,1
136,74,18
136,76,7
137,61,15
137,62,10
137,59,9
137,60,14
137,58,11
137,17,1
137,57,8
138,72,12
138,67,14
138,70,12
138,68,7
138,71,10
138,69,17
138,35,1
138,42,1
138,32,1
139,7,6
139,13,11
139,14,5
139,3,2
139,8,9
139,1,6
139,19,3
139,17,6
139,2,4
139,5,2
139,12,4
139,9,2
139,11,4
139,16,9
139,6,3
139,10,2
139,61,1
139,18,4
140,49,10
140,39,11
140,4,15
140,15,17
140,38,13
140,54,11
140,71,2
140,42,1
140,66,1
140,48,1
140,34,1
141,26,7
141,25,3
141,30,3
141,22,7
141,27,4
141,24,6
141,29,5
141,31,3
141,23,7
141,64,2
141,34,3
141,67,3
141,36,4
141,16,1
141,35,4
141,74,1
141,28,1
141,20,1
141,53,1
141,32,2
141,33,2
142,55,8
142,73,5
142,75,8
142,80,12
142,56,7
142,1,2
142,74,15
142,76,6
142,60,1
142,17,1
142,54,1
142,79,1
142,67,1
142,39,1
143,66,21
143,64,18
143,7,1
143,63,15
143,65,22
143,62,2
143,79,2
143,10,1
143,46,2
144,72,5
144,67,11
144,73,4
144,69,5
144,75,7
144,64,6
144,74,8
144,76,2
144,65,9
144,63,5
144,37,1
144,68,4
144,46,2
144,66,3
144,71,1
144,77,1
144,79,1
144,70,3
145,64,11
145,74,3
145,71,8
145,69,4
145,70,5
145,63,5
145,72,8
145,73,6
145,66,3
145,65,3
145,76,3
145,67,3
145,68,3
145,75,3
145,60,1
145,43,1
146,5,6
146,17,7
146,12,6
146,1,8
146,11,5
146,14,3
146,8,8
146,2,5
146,6,6
146,9,2
146,3,1
146,19,3
146,13,1
146,10,3
146,7,2
146,18,1
147,72,5
147,71,7
147,75,5
147,67,9
147,74,3
147,65,5
147,52,1
147,13,1
147,63,6
147,73,8
147,76,5
147,66,7
147,69,5
147,70,4
147,68,5
147,78,1
147,64,3
147,77,1
148,66,19
148,74,1
148,63,13
148,65,16
148,17,1
148,64,12
148,20,1
148,51,1
148,80,1
148,9,1
149,61,12
149,57,15
149,59,16
149,62,13
149,60,13
149,58,12
149,23,1
149,73,2
149,30,2
150,27,8
150,34,2
150,22,6
150,32,6
150,24,4
150,21,3
150,33,10
150,36,5
150,25,2
150,29,3
150,35,2
150,62,1
150,31,6
150,23,2
150,16,1
150,26,2
150,20,2
150,28,1
151,41,9
151,40,7
151,44,6
151,77,13
151,42,3
151,45,7
151,43,13
151,78,5
151,51,4
151,10,2
151,54,1
151,29,2
151,79,1
152,75,5
152,73,10
152,55,11
152,80,8
152,76,12
152,74,12
152,79,3
152,78,1
152,20,1
152,29,1
152,56,4
152,67,1
153,21,1
153,43,9
153,42,10
153,78,11
153,77,16
153,41,6
153,44,12
153,40,12
153,45,10
153,75,1
153,37,1
154,41,13
154,40,8
154,43,8
154,20,1
154,54,1
154,42,6
154,45,6
154,65,1
154,78,5
154,77,6
154,26,1
154,44,5
154,51,2
154,9,1
155,23,5
155,31,1
155,24,3
155,27,3
155,26,3
155,32,3
155,28,4
155,36,6
155,35,6
155,21,3
155,30,3
155,34,4
155,72,1
155,33,5
155,25,11
155,29,1
155,22,3
155,20,2
155,61,1
155,53,1
156,4,12
156,15,11
156,49,11
156,54,11
156,39,9
156,38,15
156,53,2
156,66,1
156,3,1
156,63,1
156,45,1
156,68,1
157,18,9
157,16,2
157,1,5
157,10,7
157,2,5
157,14,7
157,5,8
157,3,6
157,7,2
157,8,9
157,12,1
157,6,4
157,9,7
157,13,2
157,64,1
157,17,2
157,11,1
157,73,1
158,65,19
158,63,18
158,10,1
158,66,14
158,64,17
158,60,2
158,74,1
158,16,1
158,25,1
158,27,1
158,45,1
159,18,4
159,1,5
159,14,1
159,19,4
159,6,6
159,3,8
159,17,4
159,74,1
159,10,2
159,7,7
159,16,2
159,5,2
159,59,2
159,8,5
159,2,4
159,9,1
159,13,5
159,11,5
159,12,2
159,57,1
159,40,1
160,44,11
160,40,15
160,45,10
160,42,5
160,78,4
160,77,8
160,51,3
160,43,9
160,41,7
160,80,2
160,18,1
160,53,1
160,7,3
161,42,18
161,45,15
161,43,12
161,44,18
161,51,3
161,71,1
161,14,2
162,73,13
162,76,7
162,55,11
162,74,11
162,56,8
162,75,6
162,78,2
162,80,14
162,71,2
162,49,1
162,32,1
163,41,10
163,44,5
163,16,1
163,25,3
163,77,13
163,45,9
163,43,13
163,42,11
163,1,1
163,40,8
163,78,6
163,50,1
164,78,9
164,8,1
164,43,9
164,41,12
164,44,5
164,45,8
164,42,10
164,5,1
164,77,4
164,35,1
164,40,9
164,51,2
164,80,1
165,2,13
165,6,4
165,17,4
165,3,4
165,14,3
165,1,4
165,10,4
165,12,2
165,5,4
165,16,4
165,8,4
165,11,6
165,13,5
165,19,1
165,9,8
165,18,1
166,22,5
166,29,4
166,24,4
166,36,5
166,28,4
166,27,5
166,59,2
166,25,2
166,23,7
166,26,5
166,35,2
166,20,1
166,64,1
166,32,5
166,33,7
166,21,2
166,31,6
166,34,1
166,40,1
167,49,10
167,15,13
167,54,10
167,39,11
167,38,15
167,5,1
167,75,1
167,4,11
167,63,1
167,50,1
167,53,1
167,76,1
168,78,9
168,40,13
168,77,13
168,44,9
168,45,5
168,41,12
168,43,10
168,42,10
168,52,1
168,55,1
169,65,18
169,63,18
169,64,17
169,66,18
169,79,2
169,48,1
169,4,1
169,20,1
169,2,2
169,35,2
169,12,1
170,74,11
170,64,4
170,73,7
170,69,3
170,77,1
170,72,6
170,66,6
170,71,3
170,68,7
170,80,1
170,75,7
170,53,1
170,63,6
170,58,1
170,67,3
170,70,5
170,65,2
170,79,2
170,76,1
171,31,3
171,73,2
171,24,6
171,21,7
171,20,4
171,28,7
171,22,3
171,23,3
171,36,4
171,64,1
171,30,4
171,29,7
171,26,7
171,25,2
171,67,1
171,32,4
171,34,3
171,33,2
171,58,1
171,35,2
172,45,13
172,78,6
172,77,12
172,44,11
172,42,10
172,41,8
172,40,4
172,25,1
172,79,1
172,71,1
172,51,1
172,35,1
172,43,9
173,56,13
173,73,10
173,55,20
173,74,7
173,36,1
173,80,8
173,76,11
173,21,1
173,75,9
173,78,1
173,5,1
173,8,3
174,68,13
174,71,8
174,72,12
174,69,10
174,14,1
174,67,17
174,79,1
174,78,1
174,70,7
175,27,2
175,32,5
175,33,9
175,23,5
175,34,4
175,22,6
175,31,5
175,24,6
175,20,7
175,36,2
175,29,5
175,42,2
175,25,6
175,35,6
175,26,5
175,73,1
175,30,6
175,21,4
175,40,1
175,28,3
175,4,1
175,67,2
175,64,1
176,65,13
176,64,16
176,66,16
176,79,1
176,63,24
176,21,2
176,58,2
176,61,1
176,60,1
176,52,1
176,35,2
176,23,1
176,53,1
176,75,1
177,6,9
177,19,5
177,13,7
177,16,3
177,12,9
177,14,2
177,9,5
177,1,6
177,11,1
177,18,2
177,17,7
177,8,1
177,10,4
177,5,3
177,7,2
177,3,7
177,59,2
178,9,3
178,16,7
178,17,6
178,19,7
178,6,6
178,5,2
178,11,4
178,18,3
178,13,3
178,8,7
178,12,6
178,7,8
178,3,6
178,2,7
178,1,4
178,14,2
178,10,4
178,59,2
179,15,13
179,54,15
179,39,12
179,49,11
179,4,11
179,38,11
179,20,1
179,53,2
180,39,10
180,15,9
180,49,12
180,38,12
180,31,1
180,54,14
180,4,11
180,30,1
180,75,1
180,8,1
180,40,1
181,48,10
181,51,13
181,53,14
181,52,15
181,49,11
181,50,8
181,76,1
181,38,1
182,2,3
182,12,9
182,5,4
182,7,5
182,40,1
182,6,4
182,1,4
182,8,8
182,18,3
182,17,6
182,34,1
182,9,5
182,16,5
182,11,2
182,13,6
182,14,7
182,10,7
182,73,1
182,3,3
182,60,1
182,19,2
183,10,7
183,18,6
183,17,5
183,42,1
183,9,4
183,16,3
183,8,3
183,14,1
183,5,4
183,7,7
183,3,1
183,19,5
183,11,6
183,12,10
183,13,2
183,6,4
183,57,1
183,1,3
183,40,1
183,2,2
183,67,1
183,32,1
184,79,15
184,77,19
184,78,13
184,23,1
184,80,13
184,24,1
184,44,2
184,74,1
184,19,2
185,15,10
185,54,16
185,4,10
185,38,10
185,49,6
185,39,13
185,21,1
185,66,1
185,1,1
185,67,3
185,63,2
186,42,22
186,45,15
186,44,15
186,43,17
186,41,2
186,51,5
186,37,1
186,73,2
186,65,1
187,49,13
187,4,10
187,15,14
187,54,8
187,24,1
187,62,1
187,39,6
187,38,10
187,5,2
187,59,1
187,78,1
187,48,1
187,53,1
188,2,2
188,14,6
188,3,1
188,13,3
188,1,5
188,12,6
188,11,3
188,8,5
188,59,1
188,10,3
188,5,3
188,6,4
188,17,6
188,18,3
188,19,5
188,16,3
188,9,3
188,32,2
188,65,1
188,77,1
188,7,1
189,2,7
189,14,3
189,19,6
189,7,5
189,13,3
189,12,5
189,64,1
189,5,8
189,6,5
189,11,3
189,3,4
189,10,10
189,8,6
189,1,4
189,17,1
189,18,2
189,73,1
189,59,1
189,16,3
189,35,1
189,9,1
189,39,1
190,38,13
190,4,7
190,54,9
190,39,15
190,15,19
190,63,1
190,45,3
190,49,3
190,53,1
190,36,1
191,77,10
191,42,11
191,40,13
191,43,9
191,66,1
191,44,11
191,41,2
191,64,1
191,45,6
191,78,5
191,73,1
191,76,1
191,58,3
191,67,1
192,51,15
192,49,16
192,48,10
192,50,13
192,58,1
192,52,16
192,53,13
192,16,1
192,79,1
193,56,10
193,73,10
193,55,7
193,74,5
193,80,13
193,76,12
193,28,1
193,75,8
193,39,1
193,10,1
194,44,18
194,42,17
194,43,19
194,45,20
194,47,1
194,51,1
194,73,1
195,67,16
195,72,8
195,70,8
195,68,16
195,71,11
195,69,16
195,77,1
195,79,1
196,72,13
196,71,15
196,67,14
196,70,15
196,68,15
196,69,8
196,65,2
196,23,3
196,77,2
197,8,4
197,7,8
197,14,4
197,10,5
197,6,2
197,18,2
197,16,7
197,13,6
197,9,3
197,5,4
197,17,3
197,12,3
197,63,1
197,64,1
197,1,4
197,3,3
197,2,6
197,70,1
197,59,1
197,19,2
197,11,1
198,45,16
198,51,2
198,42,15
198,43,20
198,27,1
198,44,17
198,18,1
198,6,1
198,58,1
198,3,1
199,17,7
199,12,4
199,19,8
199,7,2
199,64,1
199,11,4
199,10,6
199,59,1
199,3,5
199,1,9
199,8,3
199,5,1
199,13,6
199,30,1
199,14,5
199,6,6
199,16,4
199,18,4
199,2,2
199,77,1
199,9,3
199,31,2
200,5,6
200,16,2
200,14,5
200,10,10
200,7,4
200,11,2
200,1,3
200,12,3
200,18,2
200,13,5
200,19,5
200,2,6
200,8,3
200,80,1
200,48,1
200,3,4
200,17,3
200,59,1
200,6,3
200,9,1
200,46,1
200,22,1
201,55,11
201,76,15
201,74,10
201,80,9
201,73,11
201,56,18
201,75,11
201,36,1
201,11,1
202,79,15
202,78,23
202,80,13
202,23,1
202,77,19
202,39,1
202,21,1
202,11,1
202,66,1
202,7,3
202,43,1
202,67,2
203,6,9
203,57,1
203,3,7
203,5,6
203,12,7
203,14,5
203,11,4
203,8,6
203,18,5
203,1,6
203,13,5
203,7,8
203,9,2
203,17,4
203,10,3
203,19,4
203,2,3
203,41,1
203,16,2
203,53,1
203,48,1
204,4,15
204,39,11
204,49,10
204,15,9
204,54,11
204,38,11
204,66,1
204,19,1
204,71,1
205,13,6
205,14,7
205,17,8
205,6,4
205,70,1
205,9,3
205,5,5
205,75,1
205,8,7
205,12,7
205,3,4
205,1,5
205,10,4
205,64,1
205,7,7
205,2,1
205,18,1
205,16,1
205,11,2
205,19,1
206,41,4
206,45,8
206,51,2
206,42,11
206,78,10
206,75,1
206,77,12
206,40,9
206,43,10
206,7,1
206,58,2
206,80,1
206,44,3
206,79,1
207,59,18
207,57,11
207,60,10
207,62,15
207,61,12
207,58,6
207,56,1
207,38,1
208,70,7
208,78,2
208,69,10
208,71,10
208,67,11
208,68,8
208,77,2
208,55,1
208,72,14
208,20,1
209,10,10
209,17,6
209,2,9
209,16,2
209,19,4
209,1,3
209,6,6
209,13,3
209,9,3
209,57,1
209,3,7
209,18,2
209,5,5
209,11,4
209,14,6
209,8,4
209,7,3
210,39,12
210,38,15
210,63,2
210,4,13
210,15,12
210,49,11
210,54,10
210,66,1
210,53,1
211,29,6
211,26,6
211,28,4
211,32,5
211,5,1
211,35,2
211,23,5
211,17,1
211,34,3
211,33,4
211,21,5
211,31,1
211,25,3
211,36,1
211,64,1
211,24,3
211,73,1
211,20,2
211,22,1
211,30,4
211,45,1
211,27,1
211,41,1
212,51,10
212,49,14
212,50,14
212,53,19
212,52,17
212,48,15
212,43,1
212,76,1
212,39,1
213,72,6
213,67,5
213,66,3
213,76,5
213,70,3
213,63,13
213,64,3
213,71,8
213,74,3
213,69,9
213,73,1
213,54,1
213,68,9
213,65,1
213,46,2
213,78,1
213,75,3
214,77,20
214,79,12
214,78,15
214,80,22
214,47,1
214,36,2
214,73,2
214,22,1
214,55,3
214,26,3
214,37,1
215,33,6
215,22,3
215,27,6
215,29,4
215,26,9
215,20,7
215,28,9
215,23,8
215,25,7
215,21,4
215,36,2
215,31,11
215,35,3
215,32,4
215,34,5
215,30,2
215,49,1
215,24,1
215,2,1
216,3,4
216,14,2
216,2,6
216,18,5
216,53,1
216,19,5
216,11,7
216,12,3
216,9,8
216,8,4
216,16,4
216,17,6
216,13,2
216,7,10
216,57,1
216,64,2
216,10,2
216,6,1
216,1,1
216,62,1
216,5,2
216,29,1
216,67,1
217,31,6
217,58,1
217,21,6
217,25,3
217,34,8
217,35,6
217,30,3
217,67,2
217,33,5
217,27,3
217,26,6
217,23,4
217,22,6
217,29,2
217,32,4
217,36,1
217,24,2
217,51,1
217,20,4
217,28,2
218,70,12
218,69,16
218,68,13
218,77,1
218,72,12
218,67,7
218,23,1
218,61,1
218,58,1
218,71,8
218,78,1
219,30,6
219,20,6
219,34,8
219,22,7
219,24,4
219,32,5
219,26,2
219,33,3
219,21,5
219,29,6
219,31,2
219,27,2
219,25,3
219,36,6
219,48,1
219,49,1
219,28,2
219,73,2
219,35,2
219,23,2
219,67,1
219,52,1
219,8,2
220,19,6
220,17,5
220,11,12
220,7,6
220,41,1
220,14,4
220,8,3
220,9,5
220,12,3
220,1,6
220,2,2
220,16,5
220,3,3
220,10,6
220,6,5
220,5,2
220,18,5
220,13,3
220,54,1
221,16,10
221,3,5
221,17,8
221,9,1
221,10,7
221,5,6
221,14,8
221,1,5
221,8,2
221,19,4
221,18,3
221,80,1
221,68,1
221,56,1
221,2,3
221,59,1
221,7,4
221,11,2
221,63,1
221,57,1
222,44,14
222,43,19
222,45,14
222,42,20
222,51,1
222,20,2
222,58,1
222,22,1
222,63,1
222,76,1
223,8,5
223,13,9
223,17,3
223,5,7
223,67,1
223,16,4
223,3,5
223,1,3
223,12,8
223,18,10
223,6,3
223,74,1
223,14,3
223,11,3
223,10,2
223,9,2
223,24,1
223,19,4
223,27,1
223,2,1
224,20,5
224,35,7
224,22,5
224,70,3
224,34,3
224,36,5
224,25,5
224,29,5
224,33,2
224,54,1
224,73,3
224,28,4
224,26,7
224,32,6
224,24,3
224,31,4
224,23,2
224,27,3
224,21,5
224,30,1
225,50,9
225,52,15
225,51,10
225,49,12
225,53,9
225,48,14
226,44,15
226,43,19
226,45,19
226,42,15
226,51,3
226,7,1
226,69,1
227,68,8
227,69,10
227,71,10
227,78,1
227,72,8
227,70,15
227,67,11
227,47,2
227,54,1
227,77,1
227,9,1
227,12,1
227,61,1
227,16,1
228,48,11
228,51,18
228,49,16
228,52,14
228,60,1
228,53,11
228,50,13
228,2,2
228,8,1
228,71,2
228,65,1
228,74,1
229,77,12
229,41,7
229,40,8
229,45,11
229,44,10
229,78,12
229,43,11
229,51,1
229,42,2
229,27,1
229,33,2
230,48,15
230,53,11
230,51,13
230,18,2
230,50,10
230,49,8
230,52,8
230,31,3
230,11,1
230,23,1
230,44,1
231,79,18
231,78,21
231,77,19
231,80,17
231,1,1
231,76,1
231,51,2
232,38,15
232,15,9
232,54,11
232,39,10
232,49,11
232,4,9
232,21,1
232,42,1
232,51,1
232,61,1
233,3,3
233,5,5
233,8,6
233,7,5
233,1,9
233,11,5
233,16,9
233,10,3
233,17,7
233,58,1
233,13,4
233,6,2
233,18,2
233,57,2
233,12,4
233,2,1
233,14,1
233,19,6
234,43,22
234,44,14
234,42,14
234,45,20
234,47,1
234,51,2
234,69,3
234,32,2
234,39,1
234,22,2
234,35,1
235,63,18
235,66,18
235,65,13
235,64,13
235,5,1
235,12,1
235,79,1
235,19,2
235,77,3
235,39,2
235,38,2
235,20,1
236,52,10
236,51,13
236,50,15
236,49,13
236,48,7
236,53,12
236,1,1
236,24,1
236,35,1
236,5,1
237,73,9
237,76,15
237,80,8
237,75,12
237,74,11
237,25,2
237,55,10
237,56,11
237,3,1
237,11,1
237,20,1
237,39,1
237,47,1
238,45,10
238,40,9
238,78,8
238,77,7
238,79,1
238,41,6
238,11,1
238,44,10
238,42,9
238,43,6
238,48,1
238,24,1
238,51,1
238,46,3
239,63,1
239,71,7
239,64,12
239,75,6
239,76,8
239,2,1
239,69,7
239,68,2
239,67,5
239,74,5
239,65,3
239,70,2
239,73,2
239,78,1
239,49,1
239,72,1
239,9,1
239,41,1
239,79,1
239,66,4
240,12,8
240,10,3
240,5,7
240,7,10
240,6,3
240,16,3
240,17,5
240,19,3
240,13,8
240,9,3
240,14,7
240,18,4
240,21,1
240,2,4
240,3,1
240,8,2
240,24,1
241,24,4
241,53,1
241,29,6
241,33,4
241,25,5
241,22,3
241,41,1
241,21,5
241,73,1
241,23,4
241,26,6
241,30,2
241,35,3
241,34,3
241,27,6
241,20,5
241,31,1
241,32,4
241,36,1
241,74,1
241,64,1
242,53,12
242,49,11
242,50,15
242,48,11
242,51,22
242,12,1
242,64,1
242,52,13
242,40,1
242,43,1
242,38,1
242,58,1
243,64,14
243,65,22
243,63,19
243,66,15
243,20,1
243,76,1
243,13,1
243,60,1
243,21,1
244,78,17
244,79,18
244,80,17
244,77,19
244,2,1
244,57,1
244,74,1
244,15,1
244,6,1
244,14,1
244,68,1
244,3,1
244,44,1
245,74,11
245,75,9
245,56,10
245,76,11
245,80,10
245,73,10
245,55,12
245,65,1
245,39,1
245,53,1
245,54,1
245,36,1
246,70,15
246,67,8
246,69,9
246,68,11
246,77,1
246,72,13
246,11,1
246,79,1
246,71,8
246,29,1
246,34,1
246,48,1
246,12,1
246,32,1
246,64,1
247,38,10
247,54,12
247,15,11
247,49,17
247,39,13
247,4,9
247,52,1
247,17,1
247,44,1
247,58,1
247,79,1
248,7,7
248,8,3
248,2,7
248,1,6
248,13,7
248,6,3
248,19,5
248,12,6
248,64,1
248,9,8
248,14,4
248,5,5
248,3,4
248,11,3
248,16,3
248,17,4
248,51,1
248,18,6
248,54,1
249,1,4
249,7,7
249,5,2
249,28,1
249,8,5
249,11,5
249,59,2
249,13,3
249,18,3
249,3,1
249,6,5
249,53,1
249,16,3
249,17,4
249,14,4
249,2,2
249,54,2
249,9,4
249,10,3
249,12,2
249,57,2
250,25,5
250,21,4
250,26,4
250,28,11
250,23,5
250,36,8
250,35,4
250,31,5
250,29,6
250,9,1
250,64,1
250,20,1
250,56,2
250,22,2
250,30,2
250,33,2
250,24,1
250,34,1
250,67,1
251,12,4
251,18,8
251,51,1
251,1,5
251,6,7
251,11,7
251,14,5
251,10,2
251,13,2
251,7,4
251,2,2
251,16,7
251,9,4
251,54,1
251,53,2
251,5,7
251,75,1
251,8,1
251,19,4
251,17,3
252,48,12
252,49,11
252,52,7
252,50,19
252,8,1
252,51,11
252,53,11
252,38,1
252,57,1
253,20,7
253,34,3
253,28,4
253,27,5
253,22,10
253,21,7
253,33,6
253,30,6
253,32,2
253,29,4
253,35,3
253,68,1
253,24,2
253,23,6
253,31,6
253,26,2
253,36,2
253,25,4
254,44,14
254,45,20
254,43,16
254,42,15
254,14,1
254,68,1
254,32,1
254,25,1
254,39,1
254,53,1
255,17,9
255,59,1
255,8,4
255,7,8
255,1,10
255,6,4
255,11,6
255,18,3
255,3,4
255,5,8
255,14,3
255,34,1
255,78,1
255,2,2
255,9,1
255,10,5
255,12,1
255,16,3
255,13,2
255,73,1
256,76,6
256,56,11
256,73,16
256,80,15
256,32,1
256,55,10
256,75,10
256,8,1
256,74,11
256,67,3
256,79,1
256,54,2
256,66,1
257,1,5
257,13,4
257,9,2
257,12,5
257,2,6
257,7,12
257,10,5
257,19,7
257,17,1
257,68,2
257,6,6
257,16,2
257,18,3
257,8,4
257,57,2
257,14,3
257,5,4
257,26,1
257,59,1
258,63,7
258,72,3
258,13,1
258,76,4
258,73,2
258,74,6
258,68,7
258,75,6
258,69,3
258,71,8
258,67,4
258,64,2
258,38,1
258,66,6
258,77,1
258,65,3
258,79,2
258,70,1
258,78,2
259,38,6
259,49,14
259,15,14
259,39,14
259,54,15
259,3,1
259,63,1
259,1,2
259,53,2
259,18,1
259,4,7
259,79,1
259,36,1
260,47,2
260,49,12
260,4,15
260,15,9
260,54,11
260,39,11
260,38,11
260,62,1
260,66,1
260,63,1
260,45,1
261,52,10
261,53,11
261,49,19
261,50,12
261,70,1
261,51,13
261,24,1
261,2,1
261,48,8
261,65,1
261,34,1
261,30,1
262,73,18
262,76,8
262,80,9
262,75,9
262,74,11
262,55,6
262,56,5
262,2,1
262,19,1
262,79,1
263,54,9
263,49,11
263,4,9
263,39,20
263,15,17
263,38,7
263,40,3
263,23,2
264,75,7
264,55,8
264,74,10
264,56,9
264,76,8
264,73,13
264,32,1
264,80,6
265,5,10
265,1,6
265,19,6
265,12,7
265,6,2
265,18,5
265,13,3
265,11,4
265,16,4
265,3,2
265,7,3
265,17,3
265,2,2
265,57,1
265,10,2
265,14,1
265,9,2
265,8,2
266,52,1
266,75,12
266,80,13
266,55,15
266,76,8
266,74,14
266,56,8
266,73,9
266,58,1
266,1,1
266,8,1
267,75,6
267,63,6
267,74,9
267,65,6
267,68,8
267,66,7
267,67,5
267,72,5
267,73,4
267,70,3
267,71,5
267,57,1
267,61,1
267,69,5
267,64,2
267,76,3
267,79,1
267,46,1
267,31,1
268,17,5
268,13,8
268,11,2
268,8,3
268,9,4
268,12,3
268,7,1
268,51,1
268,2,3
268,10,3
268,14,1
268,18,2
268,3,5
268,6,2
268,57,1
268,16,4
268,1,5
268,5,3
268,59,1
268,19,3
268,64,2
268,55,1
269,41,11
269,42,5
269,43,7
269,44,11
269,77,9
269,40,9
269,45,14
269,78,6
269,51,1
269,75,3
270,64,17
270,65,15
270,66,20
270,63,20
270,77,3
270,79,1
271,76,6
271,59,1
271,75,16
271,74,11
271,55,11
271,2,1
271,80,4
271,73,8
271,56,11
271,39,2
272,42,19
272,43,22
272,44,14
272,45,13
272,77,1
272,38,1
272,39,1
272,64,1
272,34,1
272,51,1
273,63,18
273,64,18
273,66,16
273,65,13
273,3,1
273,70,1
273,79,2
273,74,1
273,40,2
273,16,1
273,29,1
273,12,2
274,8,7
274,25,1
274,9,3
274,12,6
274,18,7
274,14,7
274,3,6
274,10,4
274,13,8
274,6,2
274,19,2
274,57,1
274,64,1
274,16,4
274,7,3
274,17,2
274,44,1
274,2,3
274,11,2
274,1,1
274,5,1
275,50,16
275,49,10
275,48,11
275,52,8
275,53,11
275,51,5
275,11,1
276,72,12
276,70,16
276,69,11
276,71,7
276,67,13
276,68,11
276,60,1
276,77,1
276,78,1
277,73,12
277,80,11
277,55,13
277,75,12
277,76,14
277,74,7
277,56,6
277,10,1
277,37,1
278,77,21
278,80,20
278,79,15
278,78,16
278,16,1
278,43,1
278,67,2
279,41,11
279,42,8
279,40,10
279,78,12
279,77,7
279,75,1
279,45,6
279,44,12
279,43,5
279,57,2
279,51,1
280,31,3
280,27,7
280,26,5
280,36,7
280,23,3
280,34,2
280,28,2
280,30,3
280,21,3
280,25,2
280,35,7
280,32,5
280,33,3
280,29,3
280,22,4
280,20,2
280,63,1
280,24,1
281,6,6
281,57,2
281,1,5
281,3,6
281,2,5
281,17,7
281,13,7
281,16,6
281,5,2
281,9,5
281,18,5
281,7,4
281,73,1
281,19,4
281,11,1
281,14,2
281,10,1
281,70,1
282,6,3
282,3,2
282,9,4
282,8,6
282,11,1
282,54,3
282,18,3
282,5,4
282,7,5
282,78,1
282,13,4
282,17,10
282,76,2
282,2,5
282,10,3
282,12,1
282,1,4
282,16,1
282,14,3
282,46,2
282,27,1
282,19,2
283,71,14
283,69,16
283,70,12
283,72,10
283,68,10
283,67,13
283,33,1
283,78,1
283,28,1
283,4,1
283,80,2
284,34,3
284,33,5
284,20,2
284,23,4
284,29,4
284,27,5
284,36,6
284,35,3
284,25,5
284,32,8
284,64,5
284,24,3
284,22,4
284,26,4
284,21,3
284,30,4
284,28,7
285,55,13
285,74,9
285,56,13
285,78,2
285,8,2
285,79,1
285,76,11
285,80,9
285,73,7
285,49,1
285,75,7
285,7,2
285,6,1
285,47,1
286,80,12
286,79,18
286,78,15
286,77,16
286,72,1
286,55,1
286,32,1
286,52,1
286,71,1
286,17,1
287,48,11
287,50,14
287,51,10
287,53,12
287,52,11
287,49,7
287,78,1
287,13,2
288,43,23
288,45,16
288,44,17
288,79,1
288,42,16
288,51,3
288,11,1
288,54,1
289,66,5
289,67,5
289,64,9
289,68,7
289,69,4
289,65,7
289,73,8
289,74,5
289,75,4
289,76,3
289,70,2
289,72,5
289,63,7
289,71,4
289,56,1
290,33,1
290,53,1
290,71,19
290,68,8
290,69,14
290,70,11
290,67,10
290,59,1
290,72,10
290,13,1
290,47,2
290,52,1
290,78,1
291,54,17
291,49,20
291,39,12
291,79,2
291,15,9
291,53,1
291,38,9
291,4,8
291,63,1
291,66,1
292,4,15
292,54,9
292,57,1
292,15,15
292,49,14
292,38,9
292,39,5
292,53,1
292,29,1
292,45,2
293,68,4
293,64,9
293,66,6
293,74,6
293,72,4
293,73,6
293,70,5
293,75,8
293,69,7
293,78,1
293,76,5
293,71,1
293,63,6
293,34,1
293,65,3
293,67,2
294,78,20
294,79,16
294,80,12
294,77,21
294,23,1
294,9,2
294,34,1
295,8,3
295,9,5
295,17,3
295,10,1
295,12,7
295,11,8
295,13,3
295,2,7
295,5,7
295,15,2
295,7,1
295,1,3
295,59,2
295,14,8
295,18,5
295,6,5
295,16,1
295,34,1
295,19,1
295,57,1
295,23,1
296,54,13
296,49,17
296,38,10
296,15,14
296,39,7
296,4,8
296,63,1
296,1,1
296,50,2
296,55,1
296,46,1
296,20,1
296,66,2
296,53,2
297,9,1
297,45,7
297,78,11
297,41,11
297,42,12
297,77,12
297,43,3
297,40,8
297,44,13
298,73,5
298,70,8
298,64,7
298,74,13
298,49,3
298,66,9
298,69,6
298,78,1
298,65,3
298,72,7
298,68,4
298,63,3
298,75,3
298,12,1
298,67,4
298,33,1
298,80,1
298,71,2
298,76,2
299,66,18
299,64,17
299,63,17
299,65,16
299,77,1
299,11,1
299,5,4
299,7,2
299,79,1
299,25,1
300,78,7
300,44,8
300,40,8
300,42,15
300,41,8
300,43,6
300,77,9
300,70,3
300,61,1
300,45,4
300,46,2
301,11,7
301,9,2
301,18,8
301,17,3
301,14,2
301,8,5
301,10,4
301,3,6
301,19,6
301,16,5
301,12,3
301,1,2
301,2,8
301,6,4
301,64,1
301,7,4
301,5,1
301,13,5
301,53,1
302,21,5
302,29,3
302,67,1
302,32,6
302,20,6
302,35,1
302,34,4
302,22,4
302,26,10
302,27,9
302,64,2
302,28,8
302,25,2
302,31,2
302,36,3
302,46,1
302,23,3
302,41,1
302,24,1
302,30,1
303,33,8
303,22,5
303,34,3
303,20,5
303,35,7
303,32,5
303,24,7
303,26,3
303,28,6
303,30,3
303,29,9
303,36,5
303,23,7
303,27,3
303,53,2
303,25,3
303,21,3
303,31,6
303,67,1
304,55,10
304,80,10
304,73,14
304,75,14
304,54,1
304,76,8
304,56,9
304,74,7
304,35,1
304,11,1
304,72,1
304,18,1
304,65,1
305,49,14
305,51,14
305,44,1
305,53,15
305,59,1
305,52,10
305,50,11
305,48,7
305,16,1
306,5,8
306,10,5
306,11,3
306,3,4
306,58,2
306,19,5
306,18,3
306,14,6
306,6,4
306,9,4
306,12,5
306,16,5
306,13,6
306,1,4
306,2,2
306,8,3
306,62,1
306,17,1
306,57,1
306,7,2
306,61,1
306,52,1
306,69,1
307,71,14
307,69,10
307,67,8
307,46,1
307,70,19
307,72,11
307,68,10
307,79,1
307,78,1
307,28,1
307,52,1
307,11,2
308,51,8
308,50,14
308,52,16
308,53,15
308,48,14
308,49,12
308,46,1
308,66,1
308,4,2
308,60,1
308,11,2
308,44,2
309,68,9
309,67,14
309,71,17
309,70,8
309,69,11
309,72,8
309,11,1
309,28,1
309,2,1
309,57,1
309,27,1
309,51,1
309,42,1
310,32,6
310,31,4
310,28,3
310,29,5
310,36,4
310,20,5
310,33,6
310,24,2
310,35,4
310,67,1
310,5,1
310,21,2
310,30,2
310,22,1
310,34,8
310,27,6
310,25,2
310,69,1
310,2,1
310,23,1
310,62,1
311,69,4
311,64,3
311,73,5
311,68,16
311,55,1
311,66,6
311,74,7
311,76,7
311,65,6
311,37,1
311,72,3
311,67,5
311,77,2
311,71,2
311,75,3
311,18,1
311,70,8
311,50,1
311,33,1
311,52,1
311,63,1
311,31,2
311,17,1
311,36,1
311,78,1
312,77,25
312,78,18
312,80,20
312,79,18
312,71,1
312,49,2
313,29,10
313,27,2
313,31,2
313,36,6
313,20,3
313,21,7
313,28,2
313,67,1
313,35,8
313,22,6
313,66,1
313,79,1
313,33,2
313,25,7
313,24,3
313,32,2
313,34,1
313,30,2
313,15,1
313,23,2
313,26,5
313,55,1
314,33,9
314,25,4
314,20,3
314,23,7
314,57,1
314,26,10
314,29,3
314,22,7
314,27,5
314,36,3
314,34,2
314,31,6
314,21,3
314,32,2
314,28,2
314,35,4
314,24,1
314,54,1
315,27,10
315,36,7
315,28,9
315,24,5
315,32,5
315,22,8
315,16,1
315,31,5
315,25,5
315,29,5
315,26,7
315,30,2
315,21,2
315,23,4
315,20,6
315,33,2
315,64,2
315,35,3
315,50,1
315,34,1
315,73,1
316,23,2
316,31,5
316,22,3
316,27,3
316,24,7
316,20,4
316,54,1
316,28,6
316,33,1
316,36,3
316,29,6
316,35,3
316,32,6
316,21,5
316,25,3
316,77,3
316,30,2
316,70,1
316,53,1
316,26,2
316,46,1
316,73,1
317,42,8
317,43,9
317,45,8
317,44,13
317,40,10
317,68,2
317,41,9
317,77,7
317,39,1
317,7,1
317,51,3
317,56,1
317,19,1
317,23,1
317,3,1
317,78,3
317,59,3
318,59,1
318,71,10
318,67,11
318,70,9
318,68,16
318,69,8
318,72,12
318,78,1
318,2,1
318,27,1
318,77,1
318,60,1
318,34,1
318,5,1
318,61,1
319,70,12
319,68,13
319,77,1
319,69,6
319,72,11
319,71,11
319,67,14
319,49,1
319,23,1
319,44,1
320,42,19
320,43,18
320,44,10
320,45,19
320,52,2
320,58,1
320,49,1
320,41,1
320,51,1
321,70,13
321,72,8
321,67,17
321,71,6
321,64,2
321,69,7
321,8,1
321,78,1
321,77,1
321,68,8
321,37,1
321,43,1
321,18,1
322,63,18
322,66,10
322,64,17
322,65,20
322,17,1
322,30,1
322,78,1
322,37,1
323,14,6
323,18,9
323,16,5
323,6,4
323,9,8
323,3,4
323,58,1
323,1,3
323,19,3
323,2,5
323,12,4
323,11,2
323,50,1
323,5,4
323,17,2
323,10,3
323,54,2
323,8,3
323,34,1
323,13,1
323,57,1
324,64,21
324,69,1
324,63,14
324,66,19
324,65,16
324,37,1
324,2,1
324,42,1
324,27,1
325,48,9
325,50,13
325,52,14
325,53,13
325,49,13
325,51,12
325,41,1
325,25,1
326,53,12
326,50,17
326,51,13
326,48,13
326,49,11
326,52,10
326,29,1
327,65,18
327,64,16
327,63,20
327,66,20
327,52,2
327,45,1
328,51,16
328,50,14
328,32,3
328,53,8
328,48,13
328,49,6
328,52,14
329,2,4
329,6,6
329,17,6
329,16,3
329,18,3
329,1,5
329,10,2
329,7,4
329,11,3
329,9,5
329,13,1
329,12,4
329,8,4
329,14,4
329,3,5
329,19,3
329,5,1
330,74,15
330,76,8
330,56,12
330,73,9
330,80,10
330,75,10
330,79,2
330,55,10
330,34,1
330,78,1
331,72,1
331,74,10
331,73,7
331,51,3
331,55,9
331,56,11
331,76,11
331,80,10
331,31,1
331,75,7
331,32,1
331,46,2
331,39,1
332,30,9
332,28,2
332,26,8
332,27,12
332,36,2
332,75,1
332,24,10
332,34,7
332,54,1
332,22,2
332,35,7
332,18,1
332,32,1
332,25,3
332,20,2
332,23,3
332,33,3
332,21,1
332,67,1
333,42,20
333,44,12
333,43,16
333,58,2
333,66,1
333,45,18
333,51,1
333,17,1
333,63,1
333,1,1
334,17,6
334,18,3
334,3,2
334,1,3
334,19,2
334,6,4
334,14,5
334,8,2
334,10,16
334,13,7
334,12,5
334,11,3
334,9,3
334,2,3
334,16,1
334,7,4
334,5,2
334,56,1
334,53,1
335,32,5
335,64,1
335,33,5
335,22,5
335,35,1
335,23,5
335,28,5
335,26,5
335,30,5
335,27,4
335,36,5
335,25,1
335,29,2
335,21,3
335,34,3
335,24,5
335,53,2
335,31,1
335,20,2
335,56,1
336,73,13
336,76,9
336,55,13
336,56,12
336,74,15
336,75,7
336,80,4
336,35,1
337,77,17
337,80,16
337,78,15
337,63,1
337,79,16
337,11,1
337,46,1
338,43,17
338,44,12
338,45,19
338,42,18
338,51,4
338,31,1
338,57,1
338,18,1
338,11,2
339,70,9
339,71,8
339,67,12
339,77,2
339,69,10
339,68,10
339,72,18
339,45,1
339,6,1
339,78,1
339,52,1
339,39,1
339,50,2
340,23,2
340,25,7
340,29,1
340,22,3
340,21,5
340,31,5
340,33,5
340,35,4
340,77,1
340,34,6
340,32,4
340,36,6
340,72,1
340,30,5
340,28,6
340,24,5
340,73,1
340,39,3
340,26,4
340,80,1
340,67,1
340,74,1
341,6,12
341,10,4
341,3,9
341,14,6
341,45,3
341,8,4
341,19,7
341,18,4
341,5,5
341,7,2
341,11,10
341,12,5
341,16,3
341,9,5
341,2,3
341,59,1
341,13,2
341,61,2
341,79,1
341,17,1
341,64,1
341,1,2
342,10,4
342,1,9
342,11,6
342,50,1
342,19,7
342,9,8
342,18,7
342,14,4
342,16,4
342,5,1
342,3,2
342,17,4
342,12,6
342,2,5
342,7,2
342,13,4
342,8,1
342,6,1
342,54,1
343,71,12
343,72,12
343,70,7
343,68,15
343,67,12
343,69,12
343,30,1
343,23,2
343,77,1
343,31,1
343,8,1
344,74,5
344,75,5
344,55,12
344,73,17
344,31,1
344,22,1
344,56,9
344,80,16
344,76,6
344,11,1
344,24,1
344,30,3
345,80,14
345,78,16
345,77,20
345,79,16
345,58,1
345,36,1
345,47,1
345,3,1
345,31,1
345,73,1
345,55,1
346,19,1
346,64,1
346,8,2
346,7,2
346,1,6
346,3,3
346,10,9
346,16,3
346,18,1
346,13,4
346,11,8
346,12,6
346,30,1
346,14,3
346,6,5
346,75,1
346,2,1
346,20,1
346,17,1
346,48,2
346,5,5
346,51,1
347,72,10
347,70,16
347,71,11
347,69,12
347,68,11
347,67,19
347,79,1
347,47,1
347,50,1
348,71,12
348,68,3
348,69,7
348,67,3
348,2,1
348,66,4
348,78,2
348,75,7
348,73,3
348,76,3
348,64,4
348,25,3
348,65,6
348,70,3
348,74,5
348,62,1
348,63,2
348,35,1
348,77,1
348,72,2
349,43,22
349,45,22
349,44,21
349,42,18
349,9,1
349,20,1
349,51,1
349,3,2
349,68,1
349,8,1
349,41,1
349,79,1
349,49,1
350,31,3
350,28,2
350,29,5
350,21,7
350,26,4
350,30,7
350,35,5
350,36,7
350,32,5
350,34,8
350,23,3
350,25,5
350,22,1
350,20,3
350,3,1
350,65,1
350,33,1
350,74,1
350,67,2
350,24,1
351,42,14
351,43,15
351,44,10
351,45,14
351,20,1
351,67,1
351,2,1
351,58,1
351,51,3
351,9,2
351,70,1
351,38,2
351,3,1
351,64,1
351,53,1
351,63,1
351,31,1
352,14,4
352,17,2
352,10,9
352,12,8
352,64,3
352,11,4
352,2,6
352,74,1
352,13,4
352,3,5
352,16,3
352,9,2
352,18,3
352,19,4
352,6,5
352,57,1
352,8,3
352,7,6
352,5,4
352,1,1
353,68,18
353,69,14
353,72,12
353,70,9
353,21,1
353,71,11
353,24,1
353,67,4
353,47,1
353,77,1
354,80,20
354,77,25
354,79,17
354,78,16
354,70,1
354,14,1
354,28,1
354,19,1
354,61,1
354,32,1
354,6,1
355,48,16
355,49,11
355,50,13
355,52,9
355,51,6
355,53,6
355,7,1
355,19,1
356,76,6
356,75,11
356,55,9
356,73,11
356,80,9
356,6,2
356,56,13
356,74,9
357,38,16
357,49,11
357,68,1
357,54,14
357,4,5
357,15,14
357,39,8
357,27,3
357,66,1
357,53,2
358,31,7
358,22,5
358,63,1
358,36,4
358,23,7
358,26,5
358,35,8
358,21,2
358,25,5
358,29,3
358,70,1
358,27,4
358,67,1
358,33,11
358,28,4
358,32,1
358,30,1
358,45,3
358,24,2
358,20,1
359,18,2
359,11,6
359,5,2
359,7,5
359,23,1
359,19,8
359,14,2
359,3,7
359,1,4
359,6,3
359,2,5
359,57,3
359,16,7
359,12,5
359,10,1
359,59,1
359,64,2
359,8,2
359,9,3
360,53,13
360,52,11
360,48,11
360,51,16
360,49,16
360,50,8
360,75,1
360,12,3
361,28,5
361,73,1
361,27,3
361,24,5
361,26,1
361,21,4
361,32,9
361,35,5
361,23,2
361,40,1
361,36,5
361,30,5
361,33,3
361,19,1
361,64,1
361,31,2
361,25,4
361,58,1
361,74,1
361,20,2
361,22,3
361,34,2
361,29,1
362,43,9
362,42,10
362,44,13
362,41,8
362,40,8
362,77,10
362,45,9
362,78,6
362,52,1
362,31,1
362,51,1
362,6,2
363,38,9
363,49,10
363,4,9
363,54,12
363,39,14
363,15,8
363,80,2
363,53,1
363,69,3
363,76,1
363,13,1
363,75,1
364,65,15
364,64,20
364,66,21
364,63,17
364,61,1
364,5,1
364,78,1
364,50,1
364,6,1
364,62,1
364,70,1
365,80,10
365,76,11
365,74,10
365,55,8
365,56,16
365,75,9
365,73,15
365,53,1
365,1,1
365,8,1
365,33,3
366,64,13
366,63,22
366,66,17
366,65,13
366,72,1
366,59,3
367,76,14
367,75,12
367,78,1
367,74,12
367,80,9
367,55,6
367,56,15
367,69,1
367,73,8
367,63,1
367,12,1
367,7,1
368,65,14
368,66,18
368,63,15
368,64,17
368,79,1
368,16,1
369,63,17
369,66,17
369,35,1
369,64,16
369,65,14
369,19,1
369,26,1
369,62,1
369,48,1
369,57,1
369,18,1
369,28,1
370,34,4
370,29,7
370,67,2
370,26,3
370,4,1
370,28,4
370,21,5
370,35,7
370,25,8
370,22,3
370,63,1
370,20,3
370,27,2
370,32,6
370,73,1
370,23,6
370,30,4
370,36,8
370,24,1
370,31,1
371,72,14
371,69,7
371,67,16
371,70,10
371,68,13
371,71,8
371,78,2
371,1,1
371,12,1
371,79,1
371,15,2
372,63,20
372,65,17
372,66,18
372,64,15
372,41,2
372,78,1
372,67,1
372,3,1
372,61,1
373,48,1
373,44,15
373,43,19
373,42,19
373,45,15
373,52,1
373,8,1
373,38,1
373,51,2
374,19,9
374,2,1
374,12,7
374,14,5
374,17,10
374,3,4
374,6,3
374,5,2
374,7,5
374,9,2
374,13,6
374,18,2
374,16,3
374,57,1
374,11,6
374,54,1
374,10,3
374,53,1
374,1,2
374,4,1
375,41,8
375,40,9
375,43,12
375,44,11
375,45,8
375,42,8
375,78,5
375,77,5
375,28,2
375,26,1
376,52,13
376,49,11
376,53,13
376,51,10
376,6,1
376,48,14
376,22,1
376,50,8
376,79,1
376,39,1
377,70,6
377,69,5
377,74,5
377,76,7
377,63,6
377,73,6
377,67,8
377,65,5
377,64,5
377,29,1
377,78,2
377,66,3
377,68,3
377,72,2
377,75,2
377,71,2
378,72,11
378,70,12
378,69,11
378,68,20
378,67,9
378,71,10
378,45,2
378,20,1
378,79,1
378,30,2
378,40,3
379,3,10
379,18,3
379,16,3
379,11,8
379,19,4
379,13,4
379,1,5
379,28,1
379,8,1
379,17,4
379,7,4
379,10,3
379,14,5
379,5,8
379,64,2
379,6,1
379,12,3
379,9,4
379,2,2
380,51,12
380,52,21
380,49,9
380,53,8
380,50,15
380,48,4
380,67,1
380,9,1
380,47,2
380,44,2
380,1,1
381,49,8
381,51,10
381,52,12
381,48,11
381,50,18
381,53,9
381,57,2
381,76,1
381,22,1
382,42,4
382,51,1
382,44,11
382,78,6
382,77,10
382,45,7
382,40,8
382,43,7
382,47,1
382,41,11
382,38,1
382,30,1
382,26,1
382,24,1
382,56,1
383,26,5
383,25,4
383,32,6
383,24,5
383,33,4
383,23,2
383,36,10
383,20,2
383,35,6
383,31,3
383,34,5
383,21,2
383,64,1
383,22,2
383,50,2
383,28,4
383,30,1
383,42,1
383,68,1
383,29,2
383,16,1
383,66,1
384,9,3
384,17,8
384,1,3
384,59,1
384,13,3
384,6,5
384,16,3
384,19,6
384,2,6
384,5,2
384,3,4
384,8,6
384,11,5
384,18,4
384,10,5
384,54,2
384,12,3
384,14,3
384,38,2
384,7,1
385,22,6
385,23,6
385,26,6
385,36,9
385,34,2
385,31,5
385,28,3
385,30,6
385,25,5
385,33,1
385,32,1
385,29,5
385,27,4
385,54,1
385,24,3
385,42,1
385,35,1
385,21,2
385,66,1
386,28,4
386,22,5
386,21,5
386,35,8
386,25,3
386,33,2
386,72,1
386,68,1
386,24,2
386,34,5
386,27,2
386,36,9
386,30,4
386,20,1
386,23,3
386,29,3
386,31,1
386,32,2
386,26,3
386,58,1
387,80,13
387,78,17
387,72,1
387,79,19
387,77,11
387,62,2
387,53,1
387,29,2
387,61,1
387,5,3
387,11,2
388,68,11
388,67,13
388,70,15
388,71,14
388,72,10
388,69,7
388,79,1
388,3,1
388,5,1
389,71,14
389,68,13
389,26,1
389,69,18
389,67,16
389,72,9
389,70,12
389,1,3
389,9,1
389,74,2
389,57,1
389,27,2
390,77,15
390,79,24
390,78,18
390,80,17
390,64,1
390,33,1
391,13,4
391,17,5
391,12,4
391,2,3
391,66,1
391,5,10
391,6,4
391,18,2
391,7,3
391,1,8
391,14,1
391,11,3
391,16,2
391,9,3
391,8,5
391,19,2
391,3,1
391,10,7
391,59,1
391,31,1
392,79,18
392,77,15
392,78,15
392,5,1
392,29,1
392,80,13
392,16,2
392,30,1
392,74,1
392,51,1
392,31,1
392,36,2
392,49,1
393,78,13
393,77,7
393,43,9
393,42,6
393,44,6
393,45,9
393,17,1
393,41,11
393,50,1
393,54,1
393,40,8
393,3,1
393,64,1
393,21,1
393,47,2
393,52,1
394,43,18
394,42,11
394,45,20
394,17,1
394,44,15
394,1,1
394,67,2
395,28,6
395,21,5
395,25,5
395,36,6
395,27,3
395,20,3
395,32,7
395,34,5
395,23,7
395,22,4
395,30,4
395,24,5
395,29,2
395,35,1
395,73,1
395,31,2
395,72,1
395,26,4
395,33,1
396,43,11
396,42,11
396,78,13
396,41,11
396,40,11
396,45,3
396,44,8
396,51,1
396,52,1
396,7,1
396,77,6
396,3,2
396,4,1
397,67,7
397,68,10
397,77,2
397,69,12
397,71,15
397,72,17
397,70,5
397,18,1
397,53,1
397,80,1
398,54,18
398,39,11
398,49,12
398,15,13
398,53,3
398,4,18
398,9,1
398,38,12
398,63,1
398,66,3
399,18,2
399,13,5
399,77,1
399,14,4
399,11,5
399,17,7
399,45,1
399,12,11
399,6,1
399,19,2
399,64,3
399,5,7
399,16,3
399,9,4
399,3,5
399,8,3
399,46,1
399,1,4
399,59,1
399,2,3
399,27,1
399,62,1
399,4,1
399,7,5
399,52,1
399,10,1
400,25,3
400,21,5
400,33,3
400,35,5
400,36,4
400,34,10
400,27,5
400,23,6
400,31,2
400,28,6
400,16,1
400,20,5
400,64,1
400,32,9
400,26,4
400,22,6
400,30,2
400,24,1
400,63,1
400,29,1
401,32,5
401,24,11
401,35,5
401,27,6
401,31,4
401,50,2
401,34,4
401,33,3
401,28,5
401,36,1
401,26,3
401,39,1
401,22,3
401,29,4
401,58,1
401,25,5
401,20,2
401,30,3
401,21,3
401,53,1
401,23,3
401,15,1
401,73,1
402,62,12
402,59,9
402,60,9
402,61,10
402,57,9
402,58,12
402,54,1
402,17,1
402,64,2
402,52,1
403,41,6
403,44,9
403,42,6
403,29,2
403,40,17
403,77,8
403,45,7
403,43,12
403,78,6
403,72,1
403,61,1
404,39,13
404,38,16
404,15,17
404,49,10
404,53,1
404,4,8
404,61,1
404,54,5
404,79,1
405,55,11
405,76,7
405,75,8
405,56,10
405,74,10
405,73,16
405,80,8
405,51,1
405,46,2
405,63,1
405,7,1
406,12,6
406,2,7
406,55,2
406,7,4
406,1,4
406,3,1
406,18,7
406,53,1
406,9,5
406,19,3
406,29,1
406,5,4
406,16,3
406,11,5
406,17,7
406,6,3
406,8,3
406,14,1
406,13,4
406,10,2
406,54,1
407,15,14
407,54,14
407,4,10
407,66,1
407,49,8
407,21,1
407,76,2
407,39,6
407,38,14
407,13,1
408,45,17
408,51,2
408,44,24
408,74,1
408,42,16
408,43,11
408,77,1
408,62,1
408,29,1
408,79,1
408,71,2
409,8,5
409,11,9
409,5,3
409,19,6
409,9,4
409,7,2
409,64,2
409,17,5
409,2,4
409,12,3
409,10,1
409,3,5
409,1,3
409,18,1
409,14,4
409,60,1
409,6,2
409,16,8
409,13,3
409,66,1
409,54,1
409,59,1
410,31,9
410,29,1
410,24,8
410,32,5
410,21,6
410,34,1
410,14,1
410,25,3
410,35,1
410,28,8
410,23,2
410,22,4
410,15,1
410,26,6
410,20,5
410,33,2
410,51,2
410,73,2
410,27,4
410,30,2
410,36,2
410,54,1
411,19,5
411,11,8
411,18,6
411,17,6
411,6,5
411,10,5
411,9,3
411,1,2
411,4,1
411,39,2
411,16,4
411,7,4
411,3,6
411,14,6
411,67,1
411,2,2
411,12,2
411,13,5
411,55,1
411,59,1
411,50,1
411,5,1
412,6,1
412,63,17
412,65,17
412,66,15
412,79,2
412,64,13
412,3,1
412,69,1
412,47,1
412,51,4
412,23,1
413,13,10
413,9,2
413,16,7
413,1,5
413,59,3
413,5,8
413,12,6
413,18,6
413,53,1
413,10,1
413,17,8
413,14,2
413,2,3
413,57,1
413,11,2
413,3,7
413,6,2
413,39,1
413,19,2
413,8,1
413,7,1
414,66,16
414,64,18
414,63,21
414,48,2
414,65,19
414,39,2
414,5,1
414,50,3
414,79,1
414,31,1
414,21,2
414,52,1
415,67,18
415,68,9
415,77,1
415,72,15
415,69,15
415,70,14
415,71,10
415,49,1
415,73,1
415,78,1
415,41,1
415,80,1
416,23,3
416,25,5
416,29,8
416,36,4
416,32,2
416,28,4
416,33,2
416,27,5
416,54,2
416,21,2
416,30,6
416,72,1
416,51,1
416,34,4
416,26,1
416,31,9
416,24,5
416,35,3
416,73,1
416,20,4
416,67,1
416,41,2
416,62,1
416,44,1
417,71,8
417,69,15
417,67,14
417,68,11
417,70,9
417,45,1
417,28,1
417,72,7
417,78,1
417,79,1
417,77,1
418,60,15
418,61,16
418,58,14
418,33,2
418,57,7
418,50,2
418,59,14
418,62,9
418,4,1
418,54,1
419,27,6
419,25,1
419,35,2
419,23,3
419,34,6
419,28,6
419,22,5
419,29,3
419,24,5
419,31,5
419,33,7
419,36,5
419,20,1
419,54,1
419,21,4
419,67,2
419,44,1
419,5,1
419,32,1
419,26,3
419,30,1
419,74,1
420,80,14
420,79,21
420,78,16
420,77,15
420,41,1
420,64,1
420,47,1
420,39,1
420,59,2
420,72,1
420,67,1
420,5,3
421,59,1
421,27,7
421,25,9
421,22,8
421,36,3
421,32,3
421,23,6
421,24,2
421,78,3
421,20,3
421,26,4
421,33,3
421,29,4
421,31,3
421,28,5
421,35,4
421,2,1
421,80,1
421,21,3
421,30,1
422,18,6
422,10,9
422,12,2
422,9,7
422,16,5
422,11,4
422,13,6
422,8,4
422,14,8
422,2,4
422,19,3
422,6,2
422,7,3
422,17,5
422,5,3
422,59,1
422,23,1
422,1,2
422,3,1
423,67,9
423,71,10
423,70,16
423,68,14
423,72,9
423,69,8
423,1,1
423,77,3
423,26,1
423,80,1
423,28,3
423,76,1
423,64,1
424,69,7
424,67,12
424,71,11
424,72,11
424,68,22
424,70,10
424,23,3
424,77,2
424,65,1
424,79,1
424,75,1
424,78,1
425,34,8
425,23,7
425,20,4
425,28,3
425,33,3
425,32,10
425,36,5
425,22,3
425,35,5
425,26,5
425,25,4
425,24,3
425,27,5
425,54,1
425,21,3
425,30,2
425,29,2
425,64,1
425,8,1
425,7,1
426,5,4
426,12,7
426,64,1
426,10,4
426,7,5
426,19,5
426,2,7
426,13,7
426,16,2
426,6,8
426,11,3
426,14,5
426,59,1
426,69,1
426,9,2
426,1,5
426,57,1
426,8,4
426,17,4
426,18,3
426,76,1
426,3,2
427,2,3
427,57,1
427,10,3
427,18,1
427,19,1
427,3,8
427,1,3
427,6,4
427,5,5
427,7,5
427,16,6
427,17,5
427,12,2
427,9,3
427,8,5
427,11,3
427,13,4
427,14,6
427,75,1
427,34,1
427,59,3
428,43,16
428,45,14
428,44,16
428,51,3
428,42,19
428,31,1
428,37,1
428,56,1
428,12,1
428,64,1
429,41,7
429,44,8
429,43,11
429,6,2
429,40,9
429,42,5
429,78,9
429,45,8
429,77,8
429,8,3
429,51,1
429,34,1
430,27,7
430,23,4
430,25,3
430,22,5
430,24,4
430,31,5
430,20,4
430,28,2
430,36,8
430,21,3
430,33,4
430,57,1
430,34,2
430,30,2
430,35,4
430,32,5
430,71,2
430,29,1
431,21,2
431,34,6
431,20,8
431,22,6
431,33,11
431,23,4
431,36,4
431,30,4
431,31,5
431,32,4
431,35,8
431,26,1
431,29,7
431,24,3
431,27,2
431,60,1
431,45,1
431,25,1
432,65,17
432,64,18
432,23,1
432,63,14
432,66,18
432,79,3
432,4,2
432,32,1
432,21,1
433,19,5
433,7,2
433,14,5
433,6,6
433,11,3
433,16,2
433,8,8
433,9,5
433,1,8
433,50,1
433,13,4
433,3,10
433,18,3
433,2,6
433,12,1
433,10,1
433,5,2
433,65,1
433,17,1
434,69,12
434,72,12
434,67,14
434,70,12
434,68,13
434,58,1
434,79,1
434,77,2
434,71,6
434,55,2
434,38,1
434,43,1
434,54,2
434,56,1
434,37,2
434,31,2
434,73,1
435,58,16
435,59,12
435,57,7
435,62,12
435,60,13
435,61,6
435,75,1
435,51,1
435,55,1
435,66,1
436,73,15
436,75,11
436,76,12
436,80,13
436,55,10
436,74,7
436,56,5
436,7,1
436,3,1
436,51,3
437,77,12
437,78,15
437,41,11
437,40,13
437,44,10
437,43,8
437,45,5
437,42,14
437,48,2
437,23,1
437,7,2
437,37,1
437,62,1
437,21,1
438,67,7
438,68,4
438,71,8
438,69,3
438,75,4
438,65,4
438,76,5
438,64,7
438,73,2
438,74,7
438,66,4
438,70,2
438,55,1
438,72,4
438,44,1
438,42,1
438,79,2
439,43,13
439,42,15
439,44,14
439,45,13
439,51,4
439,55,2
439,80,2
439,68,1
439,62,1
439,74,1
439,38,1
439,2,1
439,69,1
439,58,1
440,67,7
440,69,8
440,70,8
440,48,1
440,68,8
440,46,1
440,71,12
440,72,6
440,79,2
440,78,1
441,69,15
441,68,8
441,71,13
441,67,11
441,78,1
441,70,7
441,72,12
441,77,3
441,48,3
441,35,1
441,50,1
441,44,1
441,59,1
442,72,10
442,68,10
442,77,1
442,67,9
442,71,8
442,69,15
442,70,9
442,16,1
442,7,1
442,51,1
442,61,1
442,59,1
443,78,17
443,80,22
443,77,19
443,79,15
443,18,1
443,29,1
443,59,2
443,24,1
443,28,1
443,31,1
443,19,1
443,54,1
444,72,13
444,67,11
444,70,12
444,69,11
444,68,10
444,71,6
444,77,3
444,21,1
444,78,1
444,54,2
445,1,3
445,66,1
445,9,8
445,3,3
445,77,1
445,17,3
445,7,2
445,16,4
445,19,6
445,10,5
445,2,3
445,13,6
445,6,6
445,27,1
445,18,2
445,5,7
445,37,1
445,8,3
445,73,1
445,14,5
445,12,2
445,65,1
445,59,2
445,54,1
446,78,18
446,80,15
446,79,17
446,77,16
446,8,1
446,27,1
446,73,1
446,45,1
446,6,1
446,9,3
447,13,6
447,14,7
447,6,4
447,5,7
447,12,7
447,3,3
447,9,9
447,1,7
447,2,4
447,57,1
447,7,4
447,10,4
447,59,2
447,8,3
447,18,2
447,17,8
447,30,1
447,19,5
447,11,2
447,16,2
448,45,8
448,78,7
448,41,16
448,42,9
448,40,9
448,43,9
448,44,12
448,31,1
448,77,14
448,51,2
448,3,2
448,49,1
449,65,16
449,66,14
449,64,20
449,63,15
449,44,1
449,33,2
449,62,2
449,52,1
450,17,5
450,5,8
450,19,7
450,9,7
450,14,9
450,66,1
450,3,4
450,10,2
450,8,4
450,12,5
450,18,2
450,13,1
450,2,5
450,11,2
450,7,6
450,1,2
450,32,2
450,6,5
450,59,1
451,10,8
451,1,4
451,8,6
451,18,3
451,3,7
451,14,5
451,9,5
451,13,4
451,17,6
451,5,6
451,16,2
451,12,4
451,49,2
451,11,7
451,6,1
451,19,4
451,7,3
451,64,2
451,2,3
451,45,1
451,59,1
452,18,4
452,8,7
452,16,3
452,11,4
452,3,10
452,13,3
452,12,3
452,6,6
452,1,5
452,17,5
452,41,1
452,14,5
452,54,3
452,19,4
452,5,4
452,59,3
452,2,4
452,7,3
452,9,1
452,57,1
453,26,3
453,21,4
453,34,3
453,24,4
453,29,10
453,28,7
453,31,4
453,33,3
453,36,2
453,15,1
453,35,5
453,23,2
453,25,2
453,20,3
453,53,1
453,6,1
453,22,2
453,32,3
453,27,1
453,30,3
453,73,1
454,77,11
454,44,9
454,69,1
454,41,9
454,43,5
454,42,5
454,78,12
454,47,1
454,40,10
454,45,7
454,64,1
454,28,1
455,70,10
455,71,10
455,72,8
455,36,1
455,69,14
455,68,18
455,67,11
455,65,1
455,16,1
455,9,2
455,79,1
456,23,8
456,32,8
456,34,4
456,35,4
456,67,1
456,21,3
456,25,7
456,28,4
456,33,7
456,31,3
456,64,1
456,26,6
456,24,6
456,20,7
456,22,4
456,47,1
456,30,3
456,50,1
456,36,2
456,52,1
456,29,2
457,69,20
457,72,8
457,67,14
457,56,1
457,68,15
457,71,12
457,70,12
457,14,1
457,20,1
458,52,10
458,50,13
458,49,9
458,48,17
458,53,10
458,46,2
458,27,3
458,76,1
458,61,1
458,51,8
458,10,2
458,35,1
458,69,1
459,2,6
459,14,9
459,68,1
459,19,6
459,11,3
459,7,4
459,9,6
459,6,3
459,17,3
459,16,5
459,13,1
459,1,2
459,59,3
459,3,3
459,36,1
459,4,1
459,12,2
459,10,4
459,18,4
459,8,3
459,5,1
459,40,2
460,66,12
460,5,1
460,65,18
460,64,14
460,63,16
460,24,2
460,67,2
460,79,1
461,39,14
461,54,14
461,49,17
461,15,12
461,53,1
461,19,1
461,4,12
461,38,13
461,22,1
461,45,1
461,11,1
461,37,1
462,11,3
462,16,4
462,14,3
462,18,6
462,7,5
462,10,3
462,68,1
462,8,5
462,12,6
462,9,6
462,19,10
462,13,5
462,6,6
462,2,4
462,17,5
462,1,4
462,5,3
462,3,1
462,64,1
462,57,1
462,52,1
463,13,3
463,10,11
463,59,1
463,2,3
463,1,6
463,74,1
463,14,6
463,6,7
463,8,1
463,3,4
463,5,3
463,17,4
463,57,1
463,11,5
463,7,3
463,19,3
463,18,5
463,16,1
463,12,1
463,20,1
463,53,1
463,9,1
463,77,1
463,15,2
464,26,2
464,32,5
464,30,6
464,33,7
464,53,3
464,22,5
464,20,3
464,21,4
464,6,3
464,27,3
464,34,6
464,23,5
464,31,4
464,36,5
464,28,4
464,46,1
464,68,1
464,77,1
464,29,2
464,35,1
464,24,1
464,64,1
465,4,10
465,39,8
465,15,15
465,54,13
465,38,11
465,49,7
465,6,2
465,55,1
465,73,1
465,53,1
466,5,5
466,3,2
466,14,5
466,1,4
466,16,2
466,7,3
466,13,4
466,19,1
466,9,6
466,54,1
466,11,3
466,6,4
466,17,7
466,10,4
466,8,10
466,18,3
466,25,2
466,2,3
466,12,4
466,53,1
466,23,1
467,24,3
467,28,3
467,29,6
467,3,1
467,25,4
467,74,1
467,32,4
467,31,6
467,35,9
467,36,10
467,30,4
467,23,3
467,27,5
467,20,3
467,34,4
467,79,1
467,73,1
467,22,2
467,63,1
467,26,2
467,33,1
467,21,3
468,70,8
468,67,6
468,68,15
468,2,1
468,69,9
468,72,8
468,71,7
468,78,1
468,5,3
468,6,1
468,8,1
469,28,6
469,30,7
469,36,5
469,31,5
469,27,5
469,29,4
469,33,3
469,25,3
469,35,8
469,4,1
469,34,4
469,22,7
469,20,4
469,53,1
469,63,2
469,23,2
469,32,3
469,26,1
469,21,1
470,80,21
470,78,18
470,79,18
470,77,17
470,41,2
470,60,2
470,23,1
470,74,2
471,65,21
471,66,22
471,64,18
471,63,17
471,48,1
471,30,2
471,19,2
471,60,3
471,2,2
471,10,1
471,79,2
472,42,20
472,44,22
472,15,1
472,43,15
472,73,2
472,45,19
472,47,1
472,63,2
472,31,1
473,64,18
473,66,13
473,63,15
473,65,14
473,79,2
473,43,1
473,8,1
473,18,1
473,68,1
473,69,1
474,3,8
474,5,4
474,10,3
474,14,6
474,6,4
474,19,5
474,7,10
474,18,5
474,2,7
474,13,1
474,9,3
474,8,7
474,12,3
474,16,4
474,57,1
474,11,3
474,17,1
474,75,1
474,1,1
474,78,1
475,27,5
475,36,6
475,33,5
475,34,6
475,26,4
475,25,6
475,29,1
475,67,1
475,20,2
475,32,5
475,30,1
475,31,4
475,35,7
475,22,3
475,28,3
475,21,3
475,64,1
475,24,2
475,23,3
476,64,16
476,65,19
476,66,16
476,63,16
476,79,2
476,60,1
476,37,1
476,55,1
476,34,1
476,18,1
476,45,3
477,77,10
477,45,17
477,41,4
477,2,1
477,44,6
477,78,10
477,43,8
477,40,5
477,51,2
477,23,1
477,42,3
477,16,1
478,35,6
478,26,4
478,34,7
478,29,1
478,24,6
478,30,5
478,25,4
478,33,5
478,20,8
478,54,2
478,31,2
478,28,7
478,21,3
478,36,2
478,27,6
478,23,4
478,64,1
478,22,5
478,73,1
478,39,1
478,32,3
478,53,1
479,17,9
479,19,3
479,16,9
479,3,2
479,7,2
479,5,3
479,8,3
479,10,8
479,14,5
479,15,1
479,18,2
479,6,3
479,2,4
479,12,8
479,9,10
479,13,3
479,11,1
479,76,1
479,71,1
479,1,2
480,18,5
480,11,9
480,19,3
480,9,4
480,7,3
480,5,2
480,59,1
480,6,3
480,17,1
480,10,3
480,3,5
480,14,3
480,2,3
480,8,7
480,13,6
480,16,4
480,60,1
480,44,1
480,1,2
480,12,2
480,40,1
480,74,1
480,80,1
480,21,1
481,76,9
481,74,10
481,56,8
481,73,8
481,80,12
481,75,14
481,55,9
481,78,2
481,70,1
481,35,2
482,32,7
482,27,2
482,36,4
482,33,4
482,28,6
482,31,3
482,24,4
482,20,3
482,35,4
482,29,3
482,21,2
482,22,2
482,26,3
482,34,6
482,64,3
482,23,1
482,30,1
483,75,11
483,56,6
483,10,1
483,76,10
483,80,13
483,74,9
483,73,10
483,26,1
483,55,16
483,20,1
483,4,1
483,60,3
483,59,3
484,22,7
484,28,6
484,23,5
484,25,7
484,27,5
484,36,5
484,35,2
484,21,9
484,20,4
484,24,3
484,31,4
484,33,4
484,34,4
484,29,4
484,30,4
484,32,2
485,42,18
485,45,14
485,43,24
485,44,14
485,11,1
486,43,11
486,41,7
486,77,12
486,78,11
486,44,4
486,45,10
486,40,6
486,42,8
486,29,1
486,59,1
486,34,1
487,45,20
487,44,10
487,42,18
487,43,15
487,51,3
487,28,2
487,23,1
488,76,8
488,14,1
488,56,12
488,74,5
488,73,12
488,80,6
488,55,15
488,75,8
488,59,2
488,70,3
488,18,1
488,21,1
489,20,7
489,33,4
489,35,5
489,24,2
489,31,3
489,23,6
489,34,5
489,30,3
489,28,9
489,32,4
489,67,1
489,26,4
489,36,3
489,22,4
489,29,3
489,21,1
489,64,1
489,63,1
489,37,1
489,27,1
490,42,14
490,43,16
490,45,11
490,44,17
490,61,1
490,51,2
490,7,1
490,33,1
491,25,4
491,32,6
491,23,6
491,27,5
491,21,5
491,35,6
491,26,5
491,20,3
491,34,4
491,36,2
491,31,3
491,22,6
491,30,5
491,28,2
491,29,2
491,33,3
491,53,1
491,24,3
492,19,4
492,17,5
492,9,3
492,13,7
492,14,2
492,8,2
492,5,3
492,12,2
492,10,3
492,18,4
492,16,4
492,3,4
492,2,4
492,11,2
492,64,1
492,53,1
492,20,1
492,52,1
492,7,3
492,79,1
492,43,1
492,6,4
492,57,1
492,39,2
493,54,20
493,15,10
493,49,10
493,53,1
493,4,11
493,39,15
493,63,1
493,38,12
493,66,1
493,16,1
493,36,1
494,12,6
494,6,4
494,17,10
494,73,2
494,53,1
494,2,6
494,13,4
494,11,4
494,16,3
494,19,7
494,3,5
494,9,3
494,14,3
494,10,3
494,1,2
494,23,1
494,8,2
494,51,2
494,5,2
494,41,2
494,7,2
494,29,1
495,59,21
495,61,12
495,62,15
495,57,7
495,60,14
495,58,12
495,25,1
495,15,1
495,23,1
495,12,1
495,34,2
495,72,1
496,5,8
496,17,2
496,1,5
496,16,4
496,14,2
496,10,4
496,65,1
496,8,4
496,2,4
496,18,5
496,19,3
496,13,3
496,3,2
496,11,6
496,12,3
496,9,5
496,64,1
496,59,1
496,4,1
496,7,4
496,27,1
496,54,1
497,71,12
497,67,11
497,70,17
497,9,1
497,72,11
497,34,2
497,69,11
497,68,11
497,53,1
497,77,2
497,17,1
498,64,6
498,72,6
498,73,7
498,80,2
498,70,9
498,63,5
498,47,1
498,71,3
498,68,7
498,74,5
498,69,3
498,76,3
498,75,5
498,65,3
498,66,2
498,21,1
498,67,3
498,78,1
498,11,1
498,79,2
499,65,1
499,8,4
499,17,2
499,59,1
499,16,4
499,18,9
499,6,3
499,5,4
499,9,5
499,13,6
499,10,4
499,12,1
499,64,2
499,11,2
499,3,4
499,2,7
499,1,2
499,19,3
499,4,1
499,57,1
499,7,1
499,14,1
499,25,1
500,77,21
500,80,14
500,78,15
500,79,18
500,70,2
500,57,1
500,30,2
500,29,1
500,44,1
500,46,1
500,76,2
500,56,1
501,45,17
501,42,21
501,44,13
501,43,14
501,52,2
501,51,1
501,76,1
501,5,1
502,10,5
502,17,9
502,16,2
502,14,7
502,19,4
502,35,2
502,63,1
502,3,5
502,5,3
502,8,2
502,1,5
502,13,8
502,2,5
502,11,5
502,59,2
502,18,6
502,53,2
502,44,1
502,9,6
502,69,1
502,7,1
502,12,2
503,30,3
503,31,3
503,20,5
503,25,5
503,26,6
503,23,5
503,22,1
503,32,4
503,21,4
503,27,3
503,34,2
503,35,3
503,24,7
503,33,4
503,29,5
503,36,2
503,28,2
504,3,2
504,7,4
504,19,4
504,8,12
504,16,3
504,10,5
504,6,3
504,11,6
504,1,4
504,5,6
504,14,7
504,9,2
504,2,5
504,12,9
504,13,4
504,57,2
504,18,2
504,72,3
504,64,2
505,32,1
505,31,5
505,36,2
505,22,3
505,33,2
505,25,2
505,34,4
505,27,4
505,28,4
505,21,4
505,35,7
505,20,6
505,24,4
505,30,7
505,23,3
505,29,5
505,73,1
505,60,1
505,26,1
506,28,7
506,32,5
506,27,3
506,20,5
506,29,4
506,26,4
506,64,1
506,33,4
506,36,4
506,5,1
506,21,8
506,31,6
506,24,4
506,44,1
506,34,3
506,23,10
506,76,1
506,35,1
506,22,3
506,75,1
506,73,1
506,25,1
507,70,14
507,67,11
507,72,17
507,71,10
507,68,11
507,69,10
507,25,1
507,79,1
508,10,4
508,9,5
508,13,6
508,5,7
508,19,4
508,54,3
508,11,6
508,3,7
508,2,6
508,14,3
508,1,3
508,6,6
508,8,4
508,7,2
508,12,3
508,17,2
508,71,1
508,16,1
508,57,1
508,18,1
509,80,12
509,55,13
509,56,16
509,73,9
509,74,9
509,76,10
509,75,9
509,17,1
509,27,1
509,79,1
510,38,10
510,49,9
510,15,13
510,39,5
510,4,18
510,54,12
510,64,1
510,52,1
510,50,1
510,53,1
511,34,6
511,27,4
511,25,4
511,29,5
511,20,1
511,23,9
511,36,7
511,35,9
511,67,1
511,28,3
511,24,6
511,31,2
511,26,1
511,64,1
511,13,1
511,21,2
511,30,7
511,22,2
511,32,1
511,33,2
511,69,2
512,6,7
512,11,4
512,2,4
512,60,1
512,13,4
512,74,1
512,1,8
512,7,3
512,19,5
512,14,3
512,3,2
512,64,1
512,5,6
512,10,2
512,17,3
512,8,4
512,9,7
512,18,8
512,12,1
512,54,1
512,16,1
513,9,5
513,18,8
513,5,6
513,16,4
513,7,4
513,6,1
513,8,5
513,2,5
513,14,6
513,17,3
513,1,4
513,13,3
513,10,1
513,19,5
513,3,1
513,12,4
513,59,2
513,34,1
513,53,1
513,64,1
514,14,3
514,9,6
514,19,4
514,10,5
514,6,2
514,3,6
514,7,3
514,13,4
514,16,3
514,18,4
514,17,5
514,12,2
514,11,4
514,64,1
514,1,1
514,56,3
514,75,1
514,2,3
514,59,1
514,5,1
514,54,1
515,49,11
515,51,11
515,48,11
515,50,19
515,53,12
515,52,10
515,27,1
515,17,1
515,14,1
516,75,7
516,74,15
516,55,10
516,80,9
516,76,11
516,56,7
516,73,8
516,61,1
516,49,2
516,5,1
516,12,1
517,32,6
517,34,6
517,36,4
517,26,7
517,64,4
517,35,3
517,41,1
517,27,7
517,28,5
517,33,4
517,31,4
517,73,2
517,30,2
517,21,3
517,29,7
517,22,3
517,24,1
517,20,2
517,54,1
517,14,1
517,23,1
517,25,2
517,19,3
518,17,4
518,2,10
518,6,3
518,16,3
518,5,7
518,13,5
518,10,1
518,9,2
518,12,6
518,19,9
518,18,8
518,14,6
518,49,1
518,11,4
518,3,3
518,7,2
518,54,1
518,34,1
518,8,1
518,1,1
518,48,1
519,70,11
519,72,12
519,67,8
519,68,8
519,69,14
519,77,2
519,71,12
519,78,2
519,3,1
520,69,15
520,72,12
520,68,13
520,70,11
520,26,1
520,71,8
520,67,10
520,78,1
520,80,1
520,77,1
520,75,1
521,69,12
521,71,9
521,72,20
521,67,9
521,68,9
521,70,19
521,13,2
521,79,1
521,24,1
521,78,2
521,58,1
521,3,1
521,12,1
521,62,1
522,13,1
522,5,6
522,16,7
522,2,13
522,19,3
522,3,9
522,17,5
522,59,2
522,18,3
522,1,4
522,12,7
522,6,2
522,9,2
522,10,3
522,7,7
522,8,5
522,11,3
522,14,2
522,57,1
522,35,1
522,66,2
523,42,19
523,43,19
523,45,22
523,44,17
523,15,1
523,29,1
523,7,2
523,6,1
523,3,1
524,13,3
524,8,5
524,12,5
524,7,6
524,2,6
524,11,7
524,19,2
524,34,1
524,5,10
524,1,2
524,9,2
524,16,3
524,10,2
524,59,2
524,3,3
524,64,1
524,6,4
524,18,3
524,32,1
524,14,2
525,20,1
525,29,5
525,30,4
525,22,4
525,26,5
525,24,8
525,35,5
525,31,3
525,28,2
525,21,4
525,33,8
525,36,3
525,64,2
525,34,4
525,32,2
525,27,6
525,54,1
525,17,1
525,3,3
525,23,1
525,25,2
525,69,1
526,6,2
526,14,4
526,7,5
526,8,6
526,12,3
526,10,5
526,5,5
526,2,4
526,13,4
526,1,3
526,56,1
526,9,6
526,16,2
526,11,6
526,3,7
526,19,2
526,18,2
526,54,2
526,57,1
526,17,2
527,66,13
527,64,12
527,63,19
527,57,1
527,65,23
527,79,1
527,77,1
527,58,1
527,54,1
527,5,1
528,78,7
528,42,5
528,43,13
528,40,10
528,41,13
528,77,6
528,45,11
528,44,6
528,51,2
528,38,4
528,28,1
529,55,15
529,75,11
529,56,12
529,9,1
529,74,6
529,80,11
529,76,7
529,30,2
529,42,1
529,73,9
529,53,1
530,65,20
530,63,18
530,6,1
530,64,15
530,66,22
530,79,2
530,78,2
531,23,3
531,20,1
531,35,8
531,21,5
531,28,4
531,25,3
531,31,5
531,30,4
531,33,7
531,27,5
531,36,5
531,29,6
531,32,4
531,64,1
531,24,4
531,22,6
531,34,3
531,26,3
531,67,2
531,54,1
532,51,15
532,48,9
532,53,13
532,49,5
532,52,14
532,50,10
532,78,1
532,32,1
533,34,3
533,30,4
533,28,5
533,22,7
533,38,1
533,66,1
533,20,5
533,24,5
533,31,5
533,26,5
533,32,8
533,23,4
533,29,3
533,21,1
533,25,4
533,67,1
533,36,4
533,33,1
533,27,2
533,35,1
533,48,1
534,52,9
534,50,13
534,48,14
534,51,16
534,53,10
534,49,9
534,64,3
534,1,1
534,27,1
534,69,1
534,77,1
535,34,3
535,27,2
535,24,3
535,36,5
535,21,5
535,26,3
535,20,3
535,33,1
535,23,5
535,32,7
535,22,6
535,30,9
535,80,1
535,76,1
535,35,1
535,31,4
535,29,8
535,25,3
535,28,1
535,73,1
536,9,3
536,12,5
536,5,3
536,18,4
536,8,5
536,19,4
536,3,4
536,7,4
536,16,2
536,2,5
536,14,7
536,10,2
536,11,8
536,6,4
536,69,3
536,13,6
536,57,1
536,17,3
536,65,1
536,53,1
536,64,1
536,1,3
537,75,15
537,55,16
537,56,11
537,74,9
537,73,10
537,80,6
537,46,1
537,76,6
537,15,1
537,70,1
537,66,1
537,78,1
537,79,1
538,14,6
538,19,4
538,6,8
538,11,6
538,5,8
538,18,5
538,10,3
538,12,4
538,17,3
538,8,6
538,2,6
538,13,3
538,16,2
538,7,6
538,1,2
538,3,2
538,47,1
538,9,2
539,71,17
539,69,19
539,72,11
539,68,8
539,67,10
539,70,14
539,7,1
540,80,11
540,56,9
540,55,9
540,74,11
540,76,7
540,73,8
540,41,1
540,75,7
540,15,1
540,31,2
541,52,11
541,51,9
541,50,16
541,48,10
541,49,13
541,53,6
541,6,1
541,57,1
541,42,2
541,40,2
541,1,1
541,27,1
542,72,4
542,61,1
542,69,6
542,67,8
542,73,9
542,80,1
542,66,6
542,51,2
542,64,8
542,70,5
542,68,3
542,65,4
542,74,2
542,77,1
542,2,1
542,57,1
542,79,1
542,63,2
542,76,2
542,75,1
542,71,1
543,44,13
543,39,1
543,45,18
543,43,11
543,42,15
543,51,4
543,71,1
543,28,1
543,5,1
544,50,8
544,49,21
544,39,1
544,53,13
544,51,7
544,52,10
544,48,11
544,4,3
545,31,6
545,29,5
545,35,6
545,22,8
545,30,8
545,23,2
545,36,5
545,27,3
545,20,3
545,33,3
545,18,1
545,32,2
545,24,4
545,53,1
545,21,1
545,28,4
545,34,3
545,72,1
545,63,1
545,26,3
545,25,1
546,73,10
546,76,10
546,55,11
546,80,10
546,74,5
546,75,5
546,56,14
546,79,1
546,68,1
546,72,1
547,49,14
547,52,15
547,48,13
547,69,1
547,53,13
547,51,10
547,50,9
547,18,1
547,74,1
547,80,1
547,1,1
547,33,1
547,22,1
548,69,10
548,72,13
548,71,14
548,67,18
548,68,6
548,70,4
548,77,1
548,9,1
548,5,2
548,24,1
548,79,1
548,40,1
548,38,2
548,20,1
548,22,1
549,51,17
549,52,8
549,53,12
549,49,10
549,48,12
549,8,1
549,50,11
549,12,1
549,64,1
549,39,1
549,72,1
549,45,1
550,45,17
550,42,15
550,43,16
550,44,20
550,51,3
550,21,1
550,74,2
550,8,1
551,50,11
551,52,10
551,51,14
551,49,19
551,53,9
551,48,8
551,47,1
551,16,1
551,79,1
552,52,13
552,53,14
552,51,13
552,48,12
552,31,1
552,50,13
552,49,15
552,3,1
553,2,3
553,8,7
553,9,4
553,5,8
553,3,8
553,17,7
553,14,3
553,13,2
553,16,1
553,19,6
553,7,5
553,64,2
553,54,1
553,12,1
553,1,2
553,10,2
553,59,1
553,18,3
553,11,4
553,37,1
554,1,5
554,12,5
554,8,4
554,7,3
554,64,1
554,73,1
554,80,1
554,2,4
554,10,12
554,14,8
554,59,3
554,3,5
554,5,4
554,18,1
554,9,3
554,19,1
554,6,4
554,11,4
554,16,1
554,17,1
555,20,4
555,29,4
555,33,4
555,35,7
555,34,9
555,23,3
555,36,5
555,21,6
555,5,3
555,22,4
555,48,1
555,51,1
555,27,2
555,24,9
555,58,1
555,31,2
555,30,4
555,25,5
555,32,3
555,28,1
555,26,1
556,49,14
556,19,1
556,15,13
556,39,11
556,38,10
556,4,14
556,54,12
556,63,1
556,79,1
556,53,2
556,66,1
557,23,8
557,22,5
557,32,4
557,33,11
557,20,4
557,27,6
557,35,5
557,29,5
557,36,6
557,17,1
557,64,1
557,21,1
557,73,1
557,24,5
557,26,4
557,31,2
557,30,1
557,34,2
557,25,3
557,77,1
557,16,2
557,4,1
557,75,1
557,28,1
558,48,15
558,50,13
558,52,10
558,51,17
558,49,9
558,12,1
558,80,1
558,53,11
558,6,1
558,42,1
558,19,3
559,66,21
559,69,1
559,55,1
559,64,18
559,63,17
559,65,19
559,21,1
559,62,1
559,38,1
559,22,1
560,31,1
560,23,5
560,29,3
560,36,6
560,28,6
560,32,2
560,35,2
560,24,3
560,30,3
560,74,3
560,27,3
560,22,4
560,63,1
560,25,7
560,33,2
560,20,2
560,26,2
560,34,2
560,67,1
560,21,2
560,80,1
561,77,11
561,78,6
561,42,9
561,40,12
561,45,6
561,41,8
561,43,10
561,33,1
561,44,11
561,76,1
561,47,1
562,18,2
562,12,5
562,2,4
562,17,3
562,10,6
562,19,4
562,11,8
562,3,4
562,9,6
562,1,6
562,6,5
562,5,2
562,7,9
562,16,1
562,13,7
562,8,1
562,68,2
562,59,1
562,44,1
562,14,2
562,64,1
563,34,3
563,28,7
563,24,6
563,29,4
563,23,7
563,64,4
563,20,4
563,21,1
563,30,7
563,74,1
563,36,3
563,32,3
563,27,3
563,33,4
563,54,1
563,26,7
563,22,5
563,31,5
563,35,2
563,11,1
563,25,1
564,69,14
564,67,14
564,68,16
564,71,10
564,70,12
564,72,10
564,13,1
564,1,1
564,77,1
564,50,1
565,64,16
565,63,19
565,66,18
565,65,14
565,62,2
565,37,1
565,59,1
565,41,1
565,24,1
565,53,1
565,36,2
565,72,3
565,46,1
566,26,5
566,23,7
566,21,4
566,24,4
566,29,4
566,20,5
566,22,4
566,36,4
566,35,3
566,34,1
566,28,7
566,25,6
566,4,1
566,33,5
566,53,1
566,30,3
566,27,7
566,31,2
566,32,4
566,56,1
566,74,1
567,67,13
567,77,4
567,70,13
567,72,7
567,68,12
567,69,10
567,71,11
567,78,1
567,60,3
567,66,1
568,76,11
568,56,11
568,55,9
568,73,12
568,74,10
568,75,12
568,80,4
568,39,1
568,28,1
569,69,12
569,67,13
569,68,8
569,70,12
569,72,13
569,29,1
569,77,1
569,71,10
569,79,1
569,4,3
569,5,1
570,31,8
570,34,5
570,22,5
570,32,5
570,33,4
570,35,2
570,14,1
570,16,1
570,23,6
570,36,2
570,30,5
570,21,2
570,24,5
570,26,5
570,55,1
570,20,6
570,25,2
570,28,5
570,29,3
570,27,3
570,74,1
570,73,1
571,35,4
571,23,7
571,22,9
571,20,4
571,27,5
571,31,3
571,29,5
571,21,4
571,25,4
571,32,3
571,30,7
571,36,5
571,28,2
571,33,4
571,24,4
571,26,5
571,18,1
571,52,1
572,45,22
572,42,21
572,43,21
572,44,16
572,51,2
572,48,1
572,79,1
572,70,1
572,3,2
573,17,4
573,13,4
573,9,3
573,1,3
573,2,9
573,16,7
573,14,6
573,12,3
573,8,3
573,11,5
573,3,4
573,18,6
573,5,4
573,6,3
573,79,1
573,10,1
573,19,4
573,64,1
573,46,1
574,18,5
574,13,6
574,10,5
574,16,4
574,12,1
574,3,8
574,14,3
574,7,4
574,1,3
574,8,4
574,19,3
574,72,1
574,50,2
574,60,1
574,11,2
574,9,5
574,17,3
574,47,1
574,5,5
574,6,2
574,57,1
575,49,11
575,53,12
575,51,12
575,50,12
575,48,13
575,23,1
575,52,10
575,26,1
576,31,3
576,25,6
576,35,6
576,36,5
576,21,6
576,28,3
576,23,9
576,32,3
576,24,5
576,20,1
576,29,6
576,27,4
576,30,3
576,34,1
576,67,1
576,63,1
576,26,3
576,33,1
576,22,3
577,80,9
577,75,9
577,74,8
577,55,12
577,73,11
577,62,1
577,56,16
577,76,5
577,27,1
578,44,11
578,41,17
578,78,9
578,42,10
578,45,8
578,40,8
578,43,9
578,77,9
578,56,1
578,6,1
579,45,14
579,43,14
579,42,20
579,44,16
579,52,1
579,24,1
579,66,1
579,48,1
580,70,15
580,67,12
580,71,15
580,69,11
580,72,14
580,68,9
580,77,3
580,50,1
581,44,15
581,45,20
581,42,18
581,43,20
581,26,1
581,17,1
581,58,2
581,10,2
581,61,1
581,51,3
582,62,18
582,58,10
582,59,7
582,61,15
582,57,14
582,45,1
582,60,8
582,79,2
582,48,3
582,66,2
582,80,1
583,2,4
583,11,6
583,64,1
583,1,8
583,13,4
583,3,7
583,18,3
583,10,4
583,12,1
583,5,6
583,16,6
583,9,7
583,17,4
583,7,2
583,14,2
583,8,2
583,74,2
583,77,1
583,59,2
583,19,1
583,42,3
583,6,2
584,73,12
584,75,7
584,55,12
584,76,16
584,79,1
584,56,11
584,80,13
584,74,12
584,35,1
584,68,1
585,34,3
585,29,3
585,26,8
585,23,7
585,51,1
585,30,9
585,33,3
585,25,2
585,22,5
585,27,7
585,35,4
585,5,2
585,21,5
585,24,4
585,36,3
585,20,3
585,74,1
585,67,1
585,18,2
585,64,1
585,32,1
585,31,3
585,56,3
585,28,1
585,59,1
586,39,10
586,4,9
586,38,8
586,49,15
586,54,6
586,15,11
586,23,1
586,53,1
586,65,1
586,30,1
586,74,1
586,63,1
587,39,15
587,15,11
587,49,14
587,53,1
587,54,14
587,4,8
587,38,12
587,75,1
587,40,1
587,61,1
587,41,1
587,19,1
588,15,14
588,39,9
588,49,9
588,54,9
588,38,18
588,4,7
588,53,1
588,51,1
588,29,1
588,3,1
588,28,1
588,37,1
589,52,19
589,51,9
589,50,13
589,49,7
589,53,12
589,48,11
589,14,1
589,13,1
590,5,3
590,18,8
590,16,4
590,17,8
590,7,4
590,3,7
590,1,6
590,11,3
590,10,3
590,4,1
590,6,3
590,9,4
590,20,1
590,2,1
590,55,1
590,12,4
590,13,1
590,62,2
590,80,2
590,53,3
590,8,3
590,14,3
591,11,4
591,12,8
591,7,5
591,17,4
591,2,3
591,70,1
591,3,5
591,27,3
591,13,2
591,64,2
591,16,8
591,18,4
591,14,2
591,6,1
591,57,1
591,9,5
591,19,5
591,10,4
591,59,2
591,5,3
591,8,2
591,54,1
591,1,3
592,42,5
592,77,8
592,41,7
592,78,9
592,44,8
592,40,12
592,43,10
592,46,1
592,45,4
592,26,1
592,38,1
592,66,1
592,17,1
593,15,10
593,4,14
593,54,7
593,38,14
593,18,1
593,39,14
593,32,2
593,49,12
593,7,1
593,53,1
593,26,1
593,66,1
593,58,1
594,64,20
594,65,17
594,63,19
594,66,19
594,33,2
594,60,1
594,45,1
594,43,1
594,22,1
594,8,1
594,47,1
594,72,1
594,79,1
595,70,8
595,72,12
595,79,1
595,68,9
595,69,8
595,38,1
595,67,12
595,71,13
595,78,2
595,22,1
595,3,1
595,77,1
595,27,2
595,74,1
596,35,8
596,30,8
596,33,5
596,36,4
596,28,5
596,25,4
596,29,3
596,22,6
596,44,2
596,20,3
596,26,9
596,46,1
596,21,3
596,34,5
596,31,2
596,24,3
596,53,1
596,67,3
596,23,2
596,27,1
597,16,4
597,11,5
597,12,3
597,13,3
597,2,3
597,3,2
597,8,3
597,54,1
597,7,10
597,1,5
597,59,1
597,5,2
597,6,4
597,19,6
597,14,8
597,18,5
597,9,2
597,57,1
597,17,1
597,10,2
597,70,2
598,68,12
598,72,4
598,70,11
598,71,13
598,67,17
598,69,7
598,4,2
598,11,1
598,45,3
598,50,1
598,51,2
598,14,1
598,78,1
599,6,5
599,7,8
599,11,7
599,12,3
599,5,4
599,8,2
599,2,3
599,13,3
599,14,9
599,3,4
599,10,4
599,74,2
599,57,2
599,9,3
599,18,5
599,16,3
599,19,3
599,1,1
599,17,3
599,51,1
599,68,1
600,76,11
600,75,9
600,55,9
600,73,15
600,80,6
600,74,14
600,49,1
600,32,2
600,36,2
600,24,1
600,56,8
600,78,1
600,51,1
601,63,33
601,31,3
601,66,36
601,54,1
601,64,28
601,65,39
601,17,2
601,79,2
601,62,1
601,12,1
601,42,1
601,8,2
601,4,1
601,16,1
601,75,1
601,28,1
601,14,1
602,68,25
602,72,27
602,71,27
602,69,23
602,70,24
602,34,1
602,67,28
602,57,1
602,30,1
602,79,1
602,29,2
602,23,1
602,13,2
602,78,1
602,11,1
602,77,1
603,1,7
603,3,9
603,16,8
603,2,10
603,7,10
603,18,9
603,6,11
603,11,6
603,27,2
603,13,3
603,8,9
603,14,8
603,12,11
603,19,7
603,64,1
603,26,3
603,5,14
603,69,1
603,17,12
603,9,6
603,59,2
603,10,1
603,23,1
603,51,2
604,11,13
604,3,6
604,9,5
604,20,1
604,13,9
604,12,12
604,16,5
604,8,14
604,5,11
604,1,10
604,57,3
604,19,10
604,17,10
604,14,9
604,7,2
604,18,2
604,6,12
604,63,2
604,32,3
604,2,6
604,59,4
604,15,1
604,10,2
605,7,8
605,19,18
605,1,8
605,18,10
605,12,7
605,11,11
605,2,10
605,57,1
605,72,1
605,16,5
605,3,8
605,8,13
605,13,9
605,6,10
605,10,8
605,14,10
605,5,8
605,17,5
605,9,6
605,59,1
605,64,1
606,14,5
606,11,10
606,7,8
606,2,8
606,9,10
606,13,11
606,3,8
606,8,10
606,75,1
606,18,7
606,35,1
606,10,17
606,58,1
606,1,3
606,42,1
606,17,9
606,12,7
606,19,11
606,64,3
606,5,4
606,54,1
606,29,1
606,16,5
606,6,5
606,53,1
606,57,2
607,42,36
607,43,37
607,45,28
607,32,1
607,44,28
607,51,7
607,21,1
607,59,1
607,35,1
607,72,1
607,61,1
607,15,2
607,53,1
608,43,13
608,45,19
608,59,2
608,78,18
608,57,1
608,44,14
608,41,19
608,77,12
608,42,22
608,40,18
608,68,1
608,50,1
608,66,2
608,32,1
608,76,1
608,51,2
608,7,1
608,70,1
608,24,1
608,13,1
609,70,15
609,64,15
609,72,14
609,25,1
609,69,9
609,74,15
609,73,19
609,16,2
609,68,10
609,71,11
609,58,1
609,67,8
609,65,7
609,75,11
609,66,9
609,63,9
609,79,2
609,80,1
609,76,7
609,62,1
609,61,3
609,56,1
609,78,3
610,16,9
610,17,8
610,12,3
610,7,11
610,6,10
610,8,11
610,19,10
610,14,7
610,11,9
610,5,5
610,13,10
610,18,6
610,3,8
610,79,1
610,2,8
610,27,1
610,9,9
610,57,5
610,10,7
610,1,8
610,59,3
610,64,3
610,22,1
611,22,4
611,33,9
611,15,1
611,21,11
611,20,14
611,36,4
611,28,15
611,29,16
611,26,7
611,35,6
611,67,1
611,34,8
611,31,7
611,30,6
611,32,6
611,27,11
611,25,6
611,58,1
611,24,8
611,73,1
611,23,8
611,64,1
612,10,14
612,8,8
612,19,8
612,25,2
612,16,5
612,3,6
612,13,17
612,6,7
612,5,11
612,2,10
612,14,8
612,58,1
612,12,9
612,17,7
612,1,10
612,57,2
612,9,7
612,7,7
612,39,1
612,18,2
612,45,1
612,11,5
612,64,1
612,59,3
613,50,29
613,51,19
613,48,21
613,49,22
613,52,28
613,53,31
613,12,1
613,16,1
613,1,1
613,21,2
613,73,1
613,64,1
613,32,1
613,24,1
614,58,21
614,62,24
614,59,29
614,60,23
614,61,21
614,57,27
614,51,1
614,10,1
614,47,1
614,43,1
614,36,1
614,14,1
614,34,1
614,33,1
614,4,1
615,44,27
615,42,16
615,41,10
615,45,27
615,71,1
615,43,19
615,77,18
615,78,18
615,40,19
615,69,1
615,35,2
615,4,2
615,1,1
615,33,2
615,73,1
616,1,11
616,13,9
616,19,8
616,64,3
616,6,14
616,17,7
616,10,6
616,18,5
616,16,12
616,3,7
616,8,9
616,53,2
616,11,8
616,9,8
616,14,8
616,59,2
616,12,9
616,7,7
616,5,16
616,46,1
616,2,5
616,69,1
616,68,1
617,21,4
617,32,10
617,24,6
617,34,12
617,35,9
617,51,2
617,22,6
617,31,8
617,23,13
617,30,12
617,36,7
617,33,3
617,20,8
617,25,10
617,29,11
617,26,6
617,67,3
617,27,10
617,28,6
617,50,2
617,16,1
617,64,1
617,4,1
617,5,1
618,26,8
618,64,2
618,34,4
618,32,11
618,28,9
618,33,15
618,20,10
618,29,9
618,22,5
618,24,4
618,23,15
618,27,2
618,31,5
618,40,2
618,35,6
618,21,7
618,30,9
618,25,6
618,36,6
618,65,1
618,67,1
618,68,1
618,75,2
619,42,17
619,45,22
619,43,20
619,44,18
619,78,19
619,77,14
619,41,28
619,40,12
619,63,1
619,17,2
619,51,1
619,47,1
619,71,1
619,66,1
619,31,2
620,3,11
620,12,11
620,1,12
620,11,10
620,14,9
620,18,10
620,2,8
620,8,7
620,5,13
620,17,9
620,10,4
620,7,7
620,19,8
620,13,8
620,9,6
620,16,8
620,6,8
620,67,1
620,59,1
620,53,1
620,78,2
620,61,3
620,64,1
621,79,27
621,80,39
621,77,32
621,1,1
621,78,33
621,6,2
621,39,1
621,16,1
621,44,2
621,30,1
621,47,1
621,13,1
621,68,1
621,33,2
621,34,2
621,27,2
622,36,14
622,27,11
622,35,12
622,25,14
622,34,11
622,20,11
622,22,9
622,50,1
622,24,4
622,29,4
622,30,9
622,26,7
622,31,7
622,51,1
622,54,1
622,23,4
622,21,9
622,32,3
622,33,3
622,28,3
622,46,2
622,41,1
622,13,1
622,52,1
622,15,1
622,6,1
622,19,1
622,8,1
623,58,25
623,59,26
623,62,29
623,60,17
623,57,22
623,25,1
623,16,1
623,61,30
623,23,1
623,5,1
623,42,1
623,54,1
623,71,1
624,14,12
624,60,1
624,6,8
624,11,8
624,18,12
624,16,5
624,8,11
624,1,9
624,10,6
624,19,12
624,64,2
624,9,8
624,3,13
624,5,3
624,17,5
624,2,10
624,12,5
624,43,1
624,13,7
624,7,7
624,59,2
624,54,1
624,72,1
624,79,1
625,80,20
625,56,26
625,74,27
625,55,33
625,76,18
625,23,3
625,75,18
625,73,13
625,17,2
625,20,1
625,12,2
626,1,9
626,3,6
626,64,1
626,6,15
626,11,5
626,18,11
626,5,14
626,19,8
626,13,5
626,10,7
626,48,1
626,12,8
626,9,9
626,16,10
626,17,6
626,7,13
626,14,6
626,8,5
626,42,1
626,2,10
626,57,1
626,58,1
626,53,1
627,73,18
627,3,1
627,75,22
627,80,31
627,55,14
627,76,21
627,74,23
627,79,1
627,50,1
627,1,1
627,59,1
627,56,23
627,42,1
627,6,1
627,78,1
627,32,1
627,23,3
628,13,14
628,10,12
628,5,7
628,80,1
628,6,6
628,8,8
628,19,11
628,17,10
628,3,14
628,11,8
628,1,12
628,12,9
628,2,7
628,64,1
628,9,4
628,14,7
628,7,8
628,16,11
628,18,3
628,57,1
628,59,1
628,24,1
629,52,23
629,49,34
629,51,23
629,53,23
629,50,24
629,48,22
629,58,1
629,21,3
629,71,1
629,73,1
629,55,1
629,11,1
629,38,3
630,38,17
630,46,1
630,51,1
630,39,21
630,4,33
630,63,2
630,15,20
630,49,22
630,45,1
630,54,20
630,62,2
630,50,1
630,53,2
630,12,1
631,45,27
631,42,35
631,43,29
631,44,38
631,51,3
631,68,2
631,14,1
631,35,1
631,77,1
631,61,2
631,18,1
631,40,1
631,17,2
631,59,1
631,58,2
631,41,2
631,80,3
631,76,1
632,18,7
632,10,10
632,59,2
632,13,11
632,6,11
632,7,16
632,63,1
632,1,13
632,17,11
632,9,7
632,3,8
632,11,5
632,5,7
632,8,11
632,57,1
632,16,9
632,2,4
632,12,8
632,14,12
632,19,7
632,70,1
632,50,3
632,36,1
632,23,1
632,56,2
633,64,32
633,79,5
633,63,36
633,65,34
633,66,35
633,41,1
633,76,1
633,53,3
633,72,1
633,23,1
633,54,2
633,71,1
633,38,1
633,14,1
634,61,25
634,60,24
634,59,27
634,57,23
634,62,28
634,58,23
634,40,3
634,10,1
634,64,1
634,55,1
634,12,1
634,39,2
634,26,1
634,77,1
635,53,25
635,48,36
635,51,29
635,52,24
635,49,26
635,50,10
635,1,1
635,14,1
635,34,1
636,52,33
636,53,26
636,49,28
636,51,22
636,48,22
636,34,1
636,50,22
636,74,1
636,68,1
637,4,19
637,38,25
637,49,35
637,39,23
637,54,20
637,70,1
637,15,18
637,27,1
637,53,3
637,63,1
637,74,2
637,66,1
637,45,1
637,79,2
637,40,1
637,34,1
638,52,32
638,50,22
638,51,34
638,49,25
638,53,20
638,48,17
638,77,1
638,32,1
638,63,2
638,12,1
638,19,1
638,73,2
638,58,1
638,76,1
638,24,1
638,37,1
639,73,6
639,76,10
639,67,16
639,65,9
639,71,17
639,75,14
639,68,10
639,69,11
639,63,7
639,74,13
639,37,3
639,50,2
639,77,4
639,70,6
639,78,1
639,64,6
639,66,7
639,26,1
639,72,5
639,18,1
639,4,1
639,80,2
639,5,1
639,45,2
640,71,18
640,68,18
640,67,16
640,69,20
640,72,21
640,70,23
640,77,1
640,11,1
640,36,1
640,26,1
640,27,2
640,7,1
640,64,1
640,59,1
640,32,1
640,66,3
641,49,32
641,53,26
641,48,19
641,51,23
641,52,27
641,50,29
641,37,1
641,58,1
641,20,1
641,13,1
641,64,1
641,25,3
641,36,1
642,9,7
642,1,6
642,2,9
642,13,9
642,12,9
642,3,6
642,8,8
642,11,5
642,14,14
642,68,1
642,5,12
642,7,9
642,6,6
642,18,13
642,26,1
642,17,5
642,10,6
642,16,10
642,19,7
642,29,1
642,54,1
642,58,1
643,75,24
643,55,31
643,80,20
643,76,30
643,74,30
643,73,18
643,42,1
643,51,1
643,79,1
643,56,17
643,64,1
643,41,1
643,40,1
643,35,1
643,61,1
644,18,9
644,19,13
644,1,7
644,9,7
644,3,11
644,2,8
644,10,8
644,6,14
644,13,11
644,17,12
644,16,9
644,55,1
644,73,2
644,12,5
644,14,11
644,5,7
644,59,4
644,11,1
644,79,1
644,8,8
644,74,1
644,7,4
644,53,1
644,57,1
644,64,1
644,54,1
645,30,9
645,26,8
645,23,8
645,36,6
645,22,11
645,24,12
645,28,5
645,25,10
645,21,5
645,33,8
645,29,8
645,73,1
645,59,2
645,17,1
645,32,7
645,20,10
645,49,1
645,34,13
645,35,1
645,10,1
645,27,7
645,54,6
645,31,7
645,67,2
646,3,7
646,14,15
646,7,14
646,10,6
646,8,6
646,13,13
646,12,8
646,61,2
646,26,2
646,2,10
646,9,16
646,17,5
646,5,7
646,18,12
646,59,1
646,64,1
646,11,8
646,19,12
646,74,1
646,55,1
646,1,6
646,16,6
646,6,7
646,77,3
646,57,2
647,24,8
647,28,10
647,26,9
647,30,14
647,23,3
647,31,9
647,22,14
647,32,12
647,21,9
647,25,5
647,34,17
647,29,10
647,20,9
647,27,11
647,33,9
647,65,1
647,36,7
647,35,8
647,64,1
647,67,1
648,51,30
648,48,40
648,67,2
648,77,1
648,52,24
648,50,33
648,53,17
648,49,17
648,20,2
648,25,1
648,9,1
648,45,1
648,10,1
648,37,2
648,54,2
648,56,1
649,49,22
649,15,19
649,35,1
649,38,33
649,54,17
649,34,1
649,4,26
649,39,19
649,6,2
649,53,2
649,50,1
649,23,1
649,66,1
649,43,1
649,79,2
649,42,3
649,5,1
649,63,1
650,51,18
650,52,28
650,50,26
650,48,28
650,49,27
650,53,27
650,55,1
650,46,1
650,22,1
650,7,1
650,63,1
651,69,23
651,63,1
651,67,29
651,70,25
651,77,2
651,68,30
651,71,19
651,72,20
651,78,3
651,57,1
651,39,2
651,24,1
651,44,1
651,65,1
651,74,1
651,80,1
652,43,28
652,45,35
652,42,44
652,44,40
652,27,1
652,46,1
652,39,2
652,23,1
652,16,1
652,50,2
652,4,1
652,51,2
652,6,1
652,15,1
652,57,1
653,23,6
653,29,15
653,31,13
653,21,4
653,22,13
653,14,1
653,32,14
653,28,7
653,25,10
653,24,9
653,73,1
653,33,9
653,34,11
653,36,10
653,27,5
653,30,9
653,26,8
653,57,1
653,64,1
653,62,1
653,35,6
653,72,1
653,49,1
654,32,12
654,27,7
654,28,5
654,30,6
654,25,16
654,34,7
654,20,9
654,23,13
654,21,15
654,35,6
654,62,1
654,31,11
654,24,7
654,33,6
654,22,10
654,36,7
654,29,9
654,64,5
654,26,13
655,61,28
655,60,22
655,57,21
655,62,27
655,59,23
655,58,22
655,11,1
655,76,1
655,2,2
655,49,2
655,79,1
655,41,1
656,43,39
656,44,39
656,16,1
656,45,31
656,42,35
656,34,4
656,64,1
656,18,2
656,19,1
656,51,2
656,61,1
656,11,1
656,77,1
656,66,1
656,56,1
656,17,1
656,2,1
656,49,1
657,66,8
657,74,13
657,70,9
657,72,8
657,68,14
657,69,9
657,67,10
657,76,13
657,75,15
657,64,17
657,63,19
657,54,2
657,18,1
657,23,1
657,65,9
657,71,5
657,80,2
657,73,2
657,78,1
657,47,1
657,77,2
657,20,3
657,24,1
657,49,1
657,8,1
658,22,8
658,35,6
658,27,9
658,33,7
658,23,13
658,21,5
658,30,12
658,71,1
658,34,13
658,36,7
658,29,13
658,25,21
658,31,7
658,61,1
658,32,5
658,28,8
658,24,5
658,20,12
658,54,1
658,13,3
658,26,5
658,9,1
658,73,1
659,16,6
659,12,12
659,17,12
659,6,12
659,19,15
659,18,16
659,9,13
659,11,7
659,7,4
659,5,6
659,8,4
659,3,9
659,26,1
659,1,9
659,14,4
659,64,2
659,22,1
659,2,15
659,13,7
659,57,2
659,46,1
659,51,1
659,77,1
659,58,2
659,10,1
659,53,1
660,33,6
660,31,13
660,28,6
660,35,12
660,26,14
660,21,11
660,32,8
660,30,12
660,29,7
660,67,2
660,34,10
660,20,9
660,23,9
660,25,8
660,73,1
660,22,6
660,27,11
660,36,7
660,54,1
660,24,4
660,62,1
660,77,2
660,6,1
661,13,9
661,8,14
661,59,2
661,5,12
661,14,16
661,17,12
661,19,6
661,11,6
661,3,13
661,18,7
661,20,1
661,1,5
661,2,8
661,12,8
661,10,7
661,9,4
661,6,7
661,16,9
661,64,1
661,37,1
661,48,1
661,57,1
661,7,5
661,45,1
662,49,28
662,38,21
662,4,32
662,54,20
662,39,19
662,15,25
662,66,2
662,47,2
662,46,1
662,57,1
662,59,1
662,30,1
662,53,3
662,50,1
662,63,1
663,79,40
663,80,36
663,78,29
663,77,31
663,31,1
663,23,1
663,8,1
663,35,1
663,6,3
663,19,1
663,17,3
663,43,2
663,75,2
663,73,3
663,14,1
664,77,45
664,80,31
664,78,27
664,79,36
664,36,2
664,45,1
664,35,5
664,52,4
664,19,1
664,29,2
664,39,1
664,18,1
664,73,1
664,62,1
664,6,2
664,49,1
665,24,5
665,30,13
665,32,7
665,23,10
665,35,6
665,34,12
665,29,9
665,20,7
665,22,10
665,26,8
665,21,7
665,33,3
665,36,7
665,27,13
665,31,12
665,59,1
665,54,1
665,25,9
665,28,5
665,64,1
665,74,1
665,38,1
666,72,24
666,67,30
666,70,22
666,69,22
666,68,18
666,71,21
666,78,2
666,4,1
666,46,1
666,59,1
666,18,2
666,47,2
666,20,1
666,77,1
666,49,3
666,50,1
666,51,1
667,38,22
667,49,14
667,15,22
667,39,37
667,47,1
667,54,19
667,4,23
667,53,3
667,45,2
667,57,1
667,59,2
667,41,1
667,63,1
668,13,9
668,19,10
668,2,11
668,5,8
668,12,6
668,17,6
668,3,4
668,10,12
668,1,9
668,8,19
668,78,1
668,16,5
668,7,3
668,14,6
668,9,9
668,18,1
668,11,10
668,75,2
668,42,2
668,6,7
668,51,1
668,59,1
669,55,27
669,74,16
669,56,20
669,73,27
669,76,21
669,80,23
669,75,16
669,53,1
669,15,2
670,64,37
670,65,35
670,63,36
670,66,33
670,34,1
670,42,1
670,59,1
670,6,1
670,12,2
670,38,1
670,58,1
670,45,1
671,55,18
671,74,23
671,56,20
671,80,18
671,76,16
671,30,1
671,73,18
671,75,20
671,65,1
671,79,1
671,43,1
671,47,2
671,57,1
671,36,1
671,40,1
672,63,37
672,65,40
672,66,31
672,64,36
672,3,1
672,77,2
672,60,2
672,22,2
672,76,1
672,34,1
672,57,1
672,79,3
672,12,2
672,11,1
672,54,1
672,41,1
673,45,12
673,40,20
673,42,23
673,80,1
673,78,17
673,44,25
673,43,23
673,41,9
673,25,1
673,51,2
673,77,7
673,63,1
673,74,1
673,9,2
673,79,3
673,64,1
673,76,2
673,55,1
674,20,12
674,31,10
674,23,16
674,30,11
674,24,8
674,21,10
674,25,10
674,34,11
674,27,12
674,26,7
674,29,4
674,36,5
674,28,12
674,32,7
674,22,7
674,68,2
674,37,3
674,33,8
674,46,2
674,35,8
674,60,1
675,6,7
675,9,14
675,3,19
675,67,2
675,8,9
675,66,2
675,1,7
675,77,1
675,13,13
675,14,11
675,10,11
675,18,12
675,2,5
675,12,8
675,11,9
675,17,11
675,5,2
675,19,9
675,7,5
675,54,1
675,16,7
675,59,1
675,20,1
675,56,1
676,76,19
676,55,29
676,73,28
676,56,19
676,75,16
676,74,14
676,80,17
676,50,1
676,44,1
676,65,1
676,64,2
676,26,2
676,37,1
676,29,2
676,18,1
676,70,1
676,28,2
677,7,8
677,11,6
677,8,7
677,13,11
677,17,10
677,3,12
677,9,10
677,2,10
677,10,12
677,1,10
677,19,13
677,18,9
677,14,6
677,5,5
677,78,1
677,16,12
677,12,6
677,6,6
677,42,1
677,53,2
677,57,1
677,54,1
677,41,1
677,51,1
677,59,2
678,61,23
678,59,27
678,60,21
678,62,26
678,58,35
678,57,22
678,41,2
678,33,1
678,21,1
678,38,2
678,78,1
678,66,1
678,54,1
678,11,1
679,50,20
679,52,26
679,49,33
679,48,25
679,53,27
679,32,1
679,51,20
679,73,2
679,25,1
679,61,1
679,76,1
679,60,1
679,47,1
679,56,1
679,43,1
679,19,1
680,72,25
680,71,24
680,70,25
680,67,24
680,6,1
680,79,2
680,68,20
680,69,14
680,78,4
680,42,1
680,77,3
680,38,2
680,4,1
680,73,1
681,50,24
681,48,30
681,51,24
681,53,14
681,49,29
681,52,25
681,25,2
681,2,1
681,4,1
681,27,3
681,3,1
681,9,1
681,58,1
681,54,1
682,2,8
682,13,12
682,18,7
682,9,12
682,11,4
682,14,6
682,50,1
682,19,12
682,3,9
682,17,4
682,5,4
682,42,1
682,12,4
682,6,11
682,59,2
682,7,4
682,27,1
682,54,2
682,10,7
682,61,2
682,64,2
682,8,8
682,16,8
682,1,4
682,4,1
682,78,1
682,45,1
683,31,5
683,23,14
683,30,6
683,35,11
683,22,10
683,21,9
683,24,3
683,33,7
683,25,6
683,26,10
683,27,8
683,20,9
683,29,11
683,12,2
683,36,7
683,32,10
683,28,8
683,78,1
683,34,12
683,63,1
683,67,1
683,46,2
683,75,1
683,53,2
683,64,1
684,49,20
684,4,18
684,15,19
684,39,19
684,54,20
684,38,25
684,35,2
684,66,1
684,23,1
684,5,1
684,57,2
684,20,2
684,18,1
684,61,1
684,53,4
684,47,1
684,22,1
684,80,1
685,6,10
685,7,15
685,11,4
685,54,1
685,19,11
685,10,9
685,5,15
685,1,3
685,16,7
685,18,8
685,9,7
685,2,6
685,17,8
685,58,1
685,12,9
685,8,10
685,14,9
685,3,6
685,64,1
685,56,3
685,57,2
685,59,1
685,60,1
685,32,1
685,24,2
685,53,2
685,13,1
685,77,2
685,46,1
686,42,26
686,33,1
686,45,32
686,43,33
686,44,39
686,21,2
686,4,1
686,16,1
686,64,2
686,51,3
686,73,2
686,26,2
686,25,1
686,40,2
686,41,1
686,69,1
686,50,3
686,53,3
686,20,2
687,64,36
687,65,43
687,66,43
687,63,38
687,10,2
687,48,1
687,67,1
687,35,3
687,79,2
687,1,2
688,15,23
688,30,1
688,39,25
688,63,1
688,54,26
688,38,27
688,4,17
688,49,34
688,53,3
688,72,1
688,47,2
688,28,1
689,28,1
689,56,10
689,74,19
689,73,26
689,76,18
689,55,22
689,75,19
689,80,21
689,6,2
689,34,2
689,17,1
689,64,1
689,30,1
689,53,2
690,49,26
690,39,19
690,15,23
690,38,39
690,4,22
690,53,3
690,54,21
690,23,2
690,34,2
690,63,1
690,66,4
690,25,2
690,18,1
690,59,1
690,1,2
690,14,1
691,72,24
691,67,30
691,71,22
691,70,23
691,69,24
691,68,26
691,2,1
691,51,3
691,13,2
691,77,1
691,79,1
691,48,1
691,64,1
691,19,2
691,38,1
692,44,14
692,42,24
692,41,22
692,40,19
692,51,1
692,64,3
692,77,16
692,78,13
692,43,19
692,45,12
692,35,2
692,36,1
692,12,1
692,22,1
692,50,1
692,38,1
693,24,9
693,32,13
693,29,11
693,21,12
693,73,2
693,20,15
693,74,1
693,31,6
693,26,8
693,52,1
693,33,12
693,27,10
693,35,10
693,23,4
693,28,11
693,22,5
693,34,9
693,69,1
693,36,5
693,30,4
693,25,13
693,67,1
693,44,1
693,11,2
693,10,1
694,8,6
694,2,18
694,10,8
694,3,6
694,1,11
694,16,5
694,5,7
694,9,17
694,11,7
694,19,12
694,6,5
694,80,1
694,57,1
694,17,7
694,18,12
694,53,2
694,13,11
694,48,1
694,12,4
694,54,1
694,14,6
694,71,2
694,7,5
694,52,1
694,59,3
694,69,1
694,70,1
695,77,1
695,64,36
695,66,37
695,63,29
695,65,37
695,2,1
695,79,6
695,44,1
695,6,1
695,52,2
695,76,2
695,48,4
695,70,1
695,50,1
695,80,1
696,45,35
696,42,37
696,44,29
696,2,1
696,43,27
696,63,1
696,49,1
696,68,1
696,9,1
696,53,2
696,65,1
696,15,3
696,67,1
696,17,1
696,51,2
696,56,2
696,80,1
696,55,1
697,69,21
697,72,27
697,70,26
697,71,28
697,68,24
697,78,1
697,54,1
697,77,1
697,67,20
697,26,4
697,64,1
697,80,2
697,57,2
697,56,1
697,74,1
697,18,1
697,17,3
697,21,1
697,16,1
698,4,25
698,54,19
698,49,26
698,38,21
698,39,20
698,15,26
698,6,1
698,35,1
698,1,2
698,68,2
698,31,1
698,17,1
698,66,2
698,53,3
698,26,2
698,75,1
698,78,2
699,19,12
699,2,8
699,16,15
699,18,6
699,7,13
699,8,9
699,59,6
699,12,8
699,6,9
699,5,9
699,13,7
699,1,7
699,17,11
699,14,7
699,11,9
699,10,7
699,9,3
699,57,1
699,3,4
699,64,1
699,53,2
699,69,1
700,23,15
700,33,8
700,26,13
700,31,12
700,30,14
700,22,6
700,20,2
700,28,9
700,29,6
700,9,2
700,54,1
700,32,9
700,27,8
700,35,11
700,25,8
700,76,1
700,53,2
700,24,5
700,67,1
700,34,9
700,43,1
700,36,10
700,2,3
700,21,6
700,16,1
700,64,1
701,35,5
701,31,10
701,30,11
701,27,10
701,54,1
701,23,11
701,21,9
701,36,5
701,78,1
701,22,8
701,33,11
701,28,9
701,20,9
701,26,8
701,29,10
701,25,6
701,32,17
701,34,5
701,38,1
701,68,2
701,9,1
701,15,3
701,24,3
702,27,7
702,24,4
702,29,11
702,20,18
702,34,12
702,35,14
702,23,11
702,32,9
702,55,2
702,31,9
702,28,14
702,25,5
702,26,10
702,64,1
702,21,7
702,22,14
702,36,5
702,49,1
702,1,1
702,73,3
702,33,7
702,63,1
702,30,7
702,54,1
702,70,2
702,67,1
702,51,1
702,71,1
702,72,1
702,74,1
703,29,5
703,35,12
703,20,7
703,36,13
703,33,12
703,25,14
703,28,7
703,31,8
703,30,10
703,26,6
703,34,4
703,22,9
703,21,6
703,10,1
703,12,1
703,55,3
703,23,7
703,32,4
703,67,1
703,27,7
703,17,1
703,24,7
703,42,1
703,63,1
703,73,2
703,18,1
703,4,3
703,13,1
704,72,29
704,67,23
704,71,25
704,70,25
704,69,26
704,68,23
704,66,1
704,78,2
704,46,2
704,77,1
704,25,2
704,38,1
704,34,1
704,60,1
704,79,1
704,19,2
704,13,1
704,32,3
704,17,2
705,38,19
705,12,1
705,49,26
705,54,20
705,4,27
705,15,23
705,20,1
705,39,27
705,29,1
705,72,1
705,69,1
705,3,2
705,42,1
705,51,1
705,33,1
705,66,1
706,42,25
706,44,38
706,43,31
706,45,38
706,63,3
706,36,4
706,31,1
706,9,2
706,51,2
706,15,2
706,53,1
706,39,1
706,58,3
706,11,1
706,19,1
706,70,2
706,26,1
707,11,3
707,14,7
707,17,8
707,10,10
707,12,8
707,8,11
707,18,7
707,13,11
707,16,9
707,3,9
707,9,7
707,7,8
707,1,9
707,5,10
707,6,2
707,2,3
707,51,1
707,19,8
707,59,3
707,68,3
707,39,1
707,66,1
707,79,1
707,64,1
708,42,33
708,45,40
708,43,41
708,44,32
708,8,1
708,24,2
708,62,1
708,27,1
708,51,7
708,20,1
708,75,1
708,54,3
708,30,1
708,5,1
708,66,1
708,53,1
708,23,1
708,65,1
708,28,1
709,42,23
709,77,14
709,40,17
709,78,25
709,41,16
709,43,19
709,44,13
709,45,16
709,72,1
709,51,2
709,50,1
709,16,1
709,60,1
709,7,1
709,13,1
710,3,9
710,9,10
710,18,14
710,10,11
710,5,11
710,14,12
710,17,6
710,16,7
710,13,8
710,8,4
710,11,10
710,12,8
710,50,3
710,1,15
710,7,6
710,57,1
710,2,3
710,55,1
710,19,6
710,64,2
710,54,1
710,49,1
710,77,2
710,72,1
710,6,3
710,53,1
711,39,21
711,15,24
711,53,2
711,4,37
711,38,17
711,54,21
711,3,2
711,36,3
711,49,26
711,17,3
711,24,1
711,80,1
711,77,1
711,72,1
712,42,43
712,51,6
712,45,32
712,44,32
712,43,30
712,7,2
712,5,1
712,23,1
712,64,1
712,71,3
712,20,1
712,40,1
712,33,1
712,15,1
712,56,1
712,54,1
712,47,1
713,65,1
713,25,11
713,34,8
713,32,8
713,21,14
713,30,12
713,29,7
713,33,13
713,24,6
713,31,5
713,28,7
713,26,8
713,35,6
713,67,2
713,36,5
713,20,13
713,23,7
713,73,1
713,61,3
713,64,1
713,22,5
713,27,3
713,53,1
713,54,1
713,74,2
714,63,40
714,66,35
714,65,38
714,45,1
714,64,29
714,26,1
714,39,1
714,79,2
714,51,1
714,46,1
714,33,1
714,73,1
714,47,1
714,61,1
715,80,45
715,78,32
715,77,36
715,79,36
715,31,1
715,10,1
715,20,1
715,47,1
715,76,1
715,33,2
715,22,3
715,35,2
715,64,1
715,18,1
715,70,2
715,43,1
715,40,1
715,52,1
716,48,18
716,52,25
716,53,17
716,51,24
716,61,1
716,50,23
716,49,21
716,35,2
716,16,1
716,28,1
716,57,1
716,59,1
716,2,1
717,70,6
717,66,12
717,71,9
717,76,11
717,67,17
717,72,22
717,73,16
717,65,5
717,68,3
717,74,5
717,75,11
717,63,7
717,64,16
717,69,6
717,80,2
717,24,1
717,61,1
717,77,1
717,79,1
718,3,14
718,9,4
718,17,7
718,16,8
718,1,12
718,11,8
718,19,7
718,59,1
718,6,10
718,8,9
718,18,9
718,46,1
718,51,1
718,10,9
718,58,1
718,34,1
718,22,1
718,2,12
718,7,4
718,5,7
718,45,1
718,14,5
718,13,9
718,64,2
718,12,13
718,42,1
718,54,1
718,27,1
718,60,1
718,41,1
718,47,1
719,41,16
719,78,13
719,42,18
719,44,15
719,40,14
719,77,20
719,45,20
719,43,19
719,51,4
719,46,3
719,9,1
719,29,1
719,21,1
719,60,1
720,6,7
720,13,13
720,3,7
720,16,10
720,23,1
720,17,5
720,7,10
720,1,11
720,10,14
720,18,9
720,12,7
720,8,3
720,2,8
720,11,5
720,59,3
720,14,13
720,5,6
720,9,6
720,73,1
720,19,2
720,64,1
720,49,1
721,67,23
721,70,25
721,72,21
721,69,19
721,68,34
721,71,21
721,78,4
721,79,1
721,37,1
721,54,2
721,6,1
721,77,2
721,74,1
721,80,1
721,65,1
722,35,9
722,29,7
722,22,11
722,36,13
722,33,11
722,34,7
722,24,9
722,53,2
722,21,8
722,25,15
722,32,11
722,20,7
722,67,3
722,31,9
722,30,5
722,27,4
722,28,5
722,12,3
722,23,6
722,65,1
722,58,1
722,26,4
722,54,1
722,75,2
722,51,1
723,42,33
723,45,25
723,43,37
723,44,39
723,2,2
723,32,2
723,75,1
723,51,4
723,73,1
723,19,1
723,40,2
723,10,2
723,4,1
723,77,1
724,35,7
724,31,7
724,36,3
724,23,12
724,27,13
724,28,7
724,33,11
724,29,10
724,45,1
724,30,11
724,24,10
724,21,10
724,26,6
724,22,5
724,34,6
724,20,9
724,25,7
724,32,3
724,54,2
724,74,1
724,77,1
724,67,1
725,21,13
725,22,10
725,33,5
725,38,2
725,34,10
725,35,6
725,30,13
725,23,11
725,32,8
725,64,1
725,31,7
725,28,7
725,25,4
725,27,8
725,20,13
725,24,9
725,36,14
725,29,10
725,51,1
725,67,1
725,78,1
725,9,1
725,8,2
725,13,1
725,66,1
725,73,2
725,26,5
725,54,1
726,28,4
726,24,16
726,32,8
726,34,6
726,31,13
726,33,12
726,35,9
726,22,10
726,29,6
726,26,8
726,20,10
726,21,6
726,25,9
726,30,4
726,36,5
726,67,3
726,27,9
726,23,7
726,80,3
726,64,1
726,59,1
726,17,1
726,73,1
726,13,1
727,26,12
727,24,2
727,30,12
727,21,5
727,31,6
727,27,15
727,54,6
727,23,6
727,35,9
727,32,11
727,33,9
727,36,10
727,34,7
727,22,8
727,20,3
727,25,9
727,67,2
727,28,4
727,29,8
727,64,2
727,45,1
727,56,1
727,79,1
728,51,27
728,53,24
728,52,26
728,50,25
728,48,24
728,49,24
728,79,1
728,47,2
728,64,1
728,68,1
728,59,1
728,74,1
728,80,1
729,5,14
729,6,8
729,1,11
729,12,8
729,10,7
729,18,11
729,16,14
729,11,15
729,2,10
729,72,1
729,8,11
729,7,3
729,13,5
729,17,8
729,14,2
729,59,2
729,9,11
729,19,5
729,51,1
729,62,1
729,57,1
729,3,9
729,26,1
729,64,1
729,47,1
730,56,32
730,80,14
730,74,25
730,75,24
730,73,17
730,55,26
730,76,16
730,78,1
730,28,1
730,77,1
730,45,2
730,39,1
731,26,6
731,34,11
731,33,5
731,28,7
731,35,13
731,30,16
731,32,11
731,25,13
731,67,1
731,21,11
731,22,5
731,31,9
731,29,14
731,36,10
731,24,9
731,20,4
731,23,5
731,74,2
731,6,1
731,27,4
731,54,1
731,15,1
731,69,1
732,33,7
732,30,7
732,22,10
732,27,7
732,32,5
732,36,11
732,64,2
732,31,10
732,35,9
732,34,8
732,77,3
732,24,5
732,23,7
732,25,5
732,21,4
732,26,11
732,8,1
732,29,9
732,53,1
732,9,2
732,20,6
732,69,1
732,28,5
732,57,1
732,44,1
732,11,1
733,51,29
733,38,1
733,33,2
733,48,24
733,53,27
733,52,22
733,50,19
733,14,1
733,49,23
733,22,1
733,7,1
733,34,1
733,37,1
734,2,7
734,14,11
734,7,7
734,11,6
734,6,8
734,35,1
734,19,9
734,18,9
734,8,8
734,10,7
734,13,6
734,3,12
734,17,15
734,5,8
734,16,11
734,1,9
734,59,3
734,12,11
734,9,6
734,64,1
734,61,1
735,42,39
735,45,40
735,44,39
735,43,32
735,68,2
735,50,1
735,64,1
735,11,1
735,51,2
735,26,1
735,73,1
735,6,1
735,56,1
735,70,1
736,73,30
736,80,23
736,75,25
736,55,11
736,76,20
736,48,2
736,56,17
736,39,1
736,74,12
736,70,1
736,36,2
736,3,3
736,26,2
736,64,1
736,35,1
737,2,13
737,6,10
737,9,7
737,14,7
737,16,7
737,5,11
737,10,14
737,17,8
737,38,1
737,3,9
737,11,13
737,12,8
737,19,5
737,7,6
737,8,13
737,1,6
737,64,2
737,18,5
737,13,7
737,59,1
737,60,1
737,33,2
737,54,1
738,43,2
738,33,9
738,53,2
738,25,10
738,22,12
738,28,8
738,23,12
738,34,13
738,24,7
738,35,6
738,20,11
738,26,6
738,32,5
738,36,8
738,29,4
738,21,3
738,27,10
738,54,1
738,30,7
738,31,5
738,16,2
738,49,1
738,67,3
738,64,3
738,8,1
738,47,1
738,52,1
738,66,1
739,49,27
739,51,28
739,48,28
739,50,32
739,53,24
739,52,18
739,39,1
739,59,1
739,47,1
739,57,1
739,43,1
739,29,1
740,76,18
740,74,22
740,55,23
740,73,24
740,56,17
740,80,23
740,75,18
740,68,1
740,72,1
740,17,1
740,9,3
740,1,1
740,63,1
740,70,1
741,32,14
741,34,7
741,27,11
741,20,11
741,25,5
741,28,8
741,12,1
741,64,3
741,23,8
741,33,10
741,31,7
741,22,8
741,29,12
741,57,1
741,30,7
741,35,10
741,36,9
741,21,6
741,24,8
741,26,4
741,15,1
741,2,1
741,63,1
741,67,1
741,6,1
742,60,21
742,57,22
742,59,26
742,62,28
742,58,20
742,5,1
742,61,23
742,7,1
742,75,1
742,41,1
742,26,1
742,78,2
743,11,5
743,7,9
743,3,9
743,19,13
743,16,7
743,57,1
743,1,11
743,8,7
743,6,10
743,18,8
743,17,7
743,14,9
743,10,5
743,13,8
743,5,7
743,2,9
743,34,1
743,25,1
743,9,10
743,43,1
743,59,1
743,12,3
743,61,2
743,58,1
743,71,2
743,64,1
744,75,24
744,74,22
744,55,23
744,73,20
744,43,1
744,56,14
744,76,15
744,80,18
744,13,3
744,72,3
744,45,2
744,41,1
744,49,1
744,40,3
745,42,34
745,44,35
745,45,34
745,43,39
745,9,1
745,60,4
745,79,2
745,54,1
745,18,1
745,28,3
745,11,1
745,51,3
745,52,1
746,3,12
746,10,7
746,12,10
746,19,7
746,8,11
746,16,14
746,14,15
746,18,11
746,53,2
746,9,8
746,11,7
746,64,2
746,23,2
746,17,8
746,6,8
746,13,5
746,7,14
746,2,5
746,1,6
746,37,1
746,79,1
746,20,1
746,5,6
746,59,1
746,54,1
747,54,2
747,75,21
747,55,26
747,74,27
747,80,25
747,73,16
747,76,16
747,56,18
747,1,1
747,43,1
747,41,1
747,35,3
747,26,1
747,66,1
747,24,1
747,28,1
748,49,19
748,48,21
748,50,23
748,52,25
748,51,17
748,53,22
748,60,1
748,28,2
748,12,1
748,73,1
748,27,1
748,68,1
748,13,1
748,31,1
749,25,15
749,26,11
749,21,9
749,22,8
749,36,12
749,23,8
749,29,11
749,31,9
749,33,6
749,28,9
749,24,4
749,32,8
749,73,1
749,5,1
749,30,12
749,27,11
749,20,10
749,35,3
749,70,1
749,1,1
749,37,1
749,45,1
749,63,1
749,51,3
749,34,1
749,64,1
750,80,18
750,75,26
750,78,1
750,56,19
750,74,23
750,55,18
750,73,21
750,76,23
750,23,2
750,57,1
750,38,1
750,32,1
750,34,3
750,3,1
750,36,3
750,79,2
750,42,1
750,51,1
750,53,1
751,28,13
751,32,8
751,33,18
751,21,11
751,24,12
751,29,8
751,35,6
751,27,12
751,25,10
751,22,5
751,34,6
751,23,5
751,36,7
751,20,5
751,30,7
751,54,2
751,31,5
751,26,11
751,69,1
751,53,1
751,64,1
751,74,1
752,78,39
752,79,28
752,77,44
752,22,1
752,80,31
752,4,1
752,76,1
752,59,2
752,35,3
752,46,1
752,24,1
752,16,1
752,36,1
752,73,1
752,26,1
753,60,27
753,58,29
753,61,33
753,62,21
753,57,28
753,59,16
753,55,1
753,14,2
753,41,2
753,24,1
753,37,3
753,71,1
753,21,1
753,30,1
753,15,1
753,48,2
753,29,2
754,54,17
754,15,32
754,4,28
754,38,30
754,39,26
754,53,3
754,49,24
754,16,1
754,68,1
754,18,1
754,30,1
754,61,1
754,50,1
754,2,1
755,69,26
755,67,23
755,71,17
755,70,19
755,68,19
755,72,31
755,78,4
755,18,1
755,74,1
755,79,2
755,40,1
755,25,1
755,44,1
755,36,2
756,25,11
756,21,6
756,26,11
756,28,10
756,35,11
756,36,7
756,66,1
756,27,5
756,20,11
756,23,10
756,24,8
756,22,8
756,33,8
756,34,7
756,4,3
756,32,11
756,54,1
756,45,1
756,29,6
756,30,7
756,19,1
756,31,4
756,14,3
756,18,2
756,74,1
757,80,15
757,74,16
757,68,1
757,55,27
757,75,20
757,73,28
757,76,16
757,56,18
757,52,1
757,70,1
757,50,1
757,9,1
757,51,1
757,79,1
758,74,19
758,56,25
758,73,21
758,75,25
758,76,22
758,80,13
758,55,23
758,72,1
758,38,1
758,40,1
758,48,1
758,8,1
759,13,10
759,11,6
759,10,14
759,1,9
759,2,7
759,8,8
759,17,19
759,12,3
759,19,7
759,9,15
759,54,1
759,7,9
759,5,7
759,6,10
759,14,9
759,25,2
759,3,5
759,16,4
759,33,1
759,18,6
759,27,1
759,58,1
759,20,1
760,73,19
760,76,29
760,75,19
760,74,25
760,55,21
760,80,24
760,56,12
760,70,1
760,38,1
760,27,1
760,78,1
760,35,1
760,8,1
760,47,1
761,8,15
761,3,9
761,1,7
761,2,5
761,19,5
761,5,9
761,18,5
761,16,9
761,14,9
761,6,8
761,13,12
761,17,7
761,12,14
761,11,5
761,10,5
761,57,1
761,54,2
761,9,20
761,27,1
761,45,1
761,30,1
762,53,31
762,50,24
762,52,23
762,51,27
762,48,28
762,49,27
762,32,2
762,44,1
762,1,3
762,30,1
762,10,1
762,67,1
762,27,1
763,80,25
763,76,18
763,75,21
763,55,25
763,74,23
763,78,1
763,72,2
763,56,26
763,73,19
763,48,2
763,47,2
763,41,1
763,9,1
763,34,1
764,44,20
764,42,14
764,41,18
764,45,17
764,43,25
764,77,24
764,78,8
764,40,19
764,51,1
764,80,1
764,29,1
765,13,5
765,11,9
765,54,4
765,7,17
765,18,9
765,6,16
765,14,4
765,2,5
765,17,5
765,9,15
765,8,5
765,5,8
765,16,7
765,19,14
765,64,1
765,10,7
765,1,10
765,12,7
765,3,4
765,15,1
766,67,27
766,69,26
766,70,33
766,68,22
766,71,15
766,45,2
766,77,4
766,7,1
766,72,25
766,56,1
766,64,1
766,47,1
766,17,1
766,52,1
766,38,1
766,1,1
767,80,38
767,77,39
767,78,35
767,79,37
767,34,2
767,11,1
767,74,1
767,75,1
767,10,1
767,14,1
767,16,2
767,43,2
767,49,1
767,68,1
767,15,1
767,59,1
767,3,1
767,5,1
767,60,1
768,78,21
768,41,20
768,45,20
768,44,23
768,42,22
768,40,28
768,77,22
768,43,11
768,51,1
768,5,1
769,10,13
769,6,12
769,19,8
769,9,6
769,11,8
769,1,5
769,5,10
769,12,15
769,14,4
769,13,3
769,18,14
769,7,7
769,2,10
769,67,1
769,64,3
769,8,5
769,3,3
769,17,5
769,57,3
769,16,8
769,79,1
769,61,1
770,8,8
770,11,9
770,14,10
770,54,1
770,6,14
770,57,2
770,17,5
770,3,14
770,7,9
770,67,1
770,9,2
770,1,9
770,20,3
770,16,10
770,19,7
770,13,8
770,18,9
770,5,6
770,10,5
770,2,10
770,12,6
770,49,1
770,40,1
770,64,2
770,59,1
771,60,1
771,29,4
771,28,7
771,36,18
771,24,16
771,32,8
771,30,9
771,35,6
771,67,1
771,25,11
771,21,7
771,27,11
771,22,11
771,26,7
771,57,1
771,34,7
771,20,6
771,23,4
771,31,8
771,54,1
771,68,1
771,73,2
771,64,2
771,18,2
771,63,1
771,74,1
771,49,1
771,33,3
771,72,1
772,35,4
772,25,13
772,44,1
772,29,16
772,34,12
772,24,8
772,26,11
772,67,2
772,20,8
772,32,16
772,21,9
772,31,7
772,28,8
772,27,2
772,30,6
772,22,6
772,23,8
772,33,4
772,75,2
772,61,1
772,36,8
772,5,1
772,52,1
772,68,3
772,53,1
772,64,3
772,72,1
772,13,1
772,12,1
772,54,1
772,60,1
773,74,24
773,55,23
773,80,21
773,73,26
773,56,15
773,76,26
773,75,17
773,63,1
773,60,1
773,54,1
773,66,1
773,48,2
773,70,1
773,50,1
773,21,1
773,58,1
774,14,8
774,16,13
774,13,11
774,3,4
774,7,6
774,17,12
774,18,14
774,8,11
774,10,9
774,5,7
774,11,11
774,9,6
774,2,11
774,12,9
774,1,6
774,6,4
774,19,9
774,64,1
774,54,1
774,58,1
774,57,2
774,29,1
774,15,1
775,53,26
775,52,26
775,48,26
775,51,38
775,49,26
775,50,24
775,41,1
775,56,1
775,1,1
775,47,1
775,13,2
775,25,1
775,67,1
775,14,1
776,80,18
776,73,18
776,74,27
776,75,17
776,55,22
776,56,19
776,76,19
776,46,1
776,42,1
776,9,1
776,58,1
776,34,1
777,29,12
777,32,6
777,27,12
777,36,8
777,33,9
777,23,9
777,22,6
777,30,16
777,20,5
777,21,4
777,24,10
777,31,8
777,49,1
777,25,12
777,35,7
777,72,1
777,44,1
777,28,7
777,26,5
777,34,8
777,53,2
777,67,1
777,73,1
777,63,1
777,8,1
778,72,21
778,71,17
778,68,25
778,70,32
778,69,25
778,29,1
778,11,2
778,67,20
778,32,1
778,16,1
778,25,1
778,39,1
778,2,1
778,78,2
778,23,2
778,27,1
779,49,21
779,71,3
779,39,17
779,54,24
779,38,28
779,4,26
779,9,1
779,15,27
779,53,1
779,73,1
779,29,1
779,76,1
779,52,2
779,43,1
779,27,1
779,70,2
779,50,1
780,9,7
780,11,9
780,19,10
780,14,9
780,16,5
780,50,1
780,1,9
780,12,7
780,71,1
780,18,13
780,6,5
780,13,10
780,46,1
780,7,7
780,10,10
780,5,6
780,2,9
780,8,8
780,3,15
780,17,5
780,54,1
780,32,1
780,59,1
780,15,1
780,53,1
780,61,1
780,49,1
780,64,1
781,13,8
781,17,10
781,5,12
781,2,12
781,16,11
781,9,8
781,8,4
781,7,5
781,19,11
781,10,13
781,3,12
781,18,4
781,53,2
781,12,11
781,31,1
781,6,11
781,11,8
781,14,15
781,1,4
781,54,2
781,59,1
781,30,1
781,38,1
782,77,15
782,78,19
782,44,14
782,40,15
782,43,20
782,41,19
782,45,22
782,51,4
782,42,20
782,64,2
782,35,1
782,56,1
782,68,1
783,77,1
783,43,31
783,42,29
783,44,33
783,51,2
783,45,29
783,74,1
783,5,2
783,47,3
783,34,1
783,26,2
783,72,3
783,33,2
783,1,1
783,49,1
784,24,9
784,30,10
784,21,7
784,36,14
784,33,9
784,23,7
784,26,3
784,20,9
784,28,5
784,31,7
784,73,1
784,25,5
784,64,2
784,32,10
784,29,12
784,27,10
784,35,1
784,34,9
784,22,10
784,54,1
784,67,1
784,12,1
784,72,1
784,53,1
784,63,1
784,52,1
784,79,2
784,68,1
785,26,7
785,21,12
785,73,2
785,22,8
785,35,11
785,24,5
785,32,6
785,30,8
785,31,8
785,33,9
785,36,7
785,28,6
785,25,13
785,5,1
785,27,9
785,54,2
785,64,1
785,20,8
785,29,7
785,23,12
785,74,1
785,34,11
785,53,1
785,67,2
785,46,2
786,45,23
786,78,23
786,40,18
786,43,22
786,44,12
786,41,21
786,77,11
786,42,19
786,51,2
786,72,1
786,79,1
786,63,1
786,11,1
787,77,41
787,72,2
787,79,49
787,80,25
787,78,31
787,55,1
787,59,1
787,40,1
787,74,1
787,52,1
787,47,1
787,71,2
787,26,1
787,38,1
788,7,6
788,16,13
788,8,9
788,19,8
788,10,9
788,14,5
788,3,11
788,13,15
788,11,11
788,2,8
788,1,5
788,18,10
788,17,3
788,6,5
788,9,8
788,12,4
788,76,3
788,5,10
788,59,1
788,64,1
788,57,1
788,70,1
789,19,10
789,9,13
789,16,7
789,18,7
789,3,8
789,7,4
789,14,13
789,6,10
789,2,8
789,57,1
789,17,13
789,11,4
789,5,13
789,10,12
789,13,4
789,12,12
789,8,6
789,27,1
789,1,8
789,29,1
789,48,1
790,14,3
790,9,12
790,17,13
790,12,9
790,6,9
790,15,1
790,16,10
790,1,10
790,64,2
790,3,10
790,13,6
790,5,12
790,19,11
790,11,9
790,7,5
790,10,7
790,2,6
790,18,16
790,75,2
790,8,6
790,30,1
790,59,1
790,20,3
790,73,1
790,48,1
791,48,23
791,51,30
791,53,24
791,49,20
791,50,22
791,52,30
791,10,1
791,58,1
791,24,1
791,32,3
791,2,1
791,35,1
791,75,1
791,60,1
792,19,7
792,5,14
792,59,1
792,2,3
792,18,3
792,11,8
792,17,9
792,6,5
792,3,11
792,9,6
792,60,1
792,13,13
792,14,5
792,12,7
792,8,7
792,10,7
792,47,2
792,1,7
792,57,1
792,16,8
792,71,1
792,7,10
792,64,1
792,58,1
792,32,1
793,36,8
793,20,7
793,22,11
793,31,7
793,73,1
793,33,19
793,21,12
793,29,6
793,35,5
793,27,9
793,23,5
793,30,9
793,34,4
793,24,10
793,32,14
793,28,9
793,64,2
793,26,7
793,43,1
793,25,2
793,74,1
793,50,1
793,45,1
793,7,2
794,76,16
794,29,2
794,52,1
794,74,25
794,75,19
794,56,18
794,55,21
794,80,19
794,73,18
794,60,2
794,78,2
794,69,2
794,25,1
795,8,8
795,29,3
795,11,9
795,17,10
795,9,8
795,7,5
795,1,8
795,10,8
795,3,7
795,12,10
795,14,2
795,19,8
795,5,9
795,13,8
795,16,9
795,18,7
795,6,12
795,57,2
795,58,1
795,2,5
795,63,1
795,21,1
795,59,2
795,49,1
796,2,6
796,31,2
796,18,8
796,3,9
796,5,9
796,6,17
796,10,6
796,16,7
796,12,12
796,49,1
796,7,10
796,17,7
796,14,7
796,9,10
796,54,1
796,13,5
796,8,7
796,11,6
796,19,5
796,57,1
796,1,12
796,33,1
796,66,1
796,27,1
796,4,1
797,55,16
797,73,29
797,76,15
797,80,19
797,74,25
797,56,22
797,27,1
797,54,3
797,75,26
797,71,2
797,8,1
797,17,2
797,13,1
798,1,8
798,8,6
798,12,4
798,5,8
798,16,8
798,9,4
798,10,9
798,14,11
798,59,1
798,11,14
798,19,12
798,18,13
798,3,5
798,7,7
798,2,6
798,13,5
798,17,11
798,44,1
798,62,1
798,68,2
798,6,9
798,47,2
798,42,1
798,28,1
799,71,9
799,72,12
799,70,9
799,63,9
799,64,12
799,54,3
799,66,8
799,65,17
799,74,12
799,73,10
799,75,9
799,67,17
799,76,5
799,69,12
799,16,1
799,68,10
799,79,5
799,61,1
799,27,1
799,38,3
799,78,1
799,77,1
799,26,1
799,56,1
799,6,1
800,6,9
800,9,10
800,18,9
800,13,12
800,10,8
800,1,14
800,5,5
800,3,7
800,16,10
800,7,4
800,8,14
800,11,5
800,54,1
800,19,8
800,14,5
800,17,7
800,59,2
800,64,1
800,2,13
800,57,1
800,12,9
800,68,1
800,58,1
801,22,8
801,35,9
801,36,11
801,28,3
801,24,14
801,30,6
801,26,14
801,31,7
801,21,5
801,25,12
801,34,2
801,33,11
801,67,2
801,27,12
801,20,8
801,32,5
801,23,3
801,29,9
801,54,1
801,43,1
801,74,1
801,64,1
802,77,15
802,41,16
802,78,24
802,45,19
802,40,28
802,34,1
802,44,13
802,43,17
802,42,21
802,79,1
802,68,1
802,9,1
802,33,2
802,14,2
802,12,1
802,51,1
802,20,1
802,53,1
803,43,17
803,44,25
803,78,24
803,40,18
803,18,1
803,77,25
803,42,15
803,45,19
803,41,20
803,12,1
803,56,1
803,51,1
804,1,9
804,11,11
804,8,6
804,2,10
804,57,2
804,18,10
804,19,6
804,7,11
804,3,8
804,17,10
804,9,14
804,16,9
804,13,10
804,47,1
804,10,10
804,14,7
804,67,1
804,77,1
804,5,12
804,59,5
804,60,1
804,6,11
804,12,2
804,73,1
804,28,3
804,24,1
805,15,25
805,12,1
805,39,26
805,4,23
805,54,27
805,38,27
805,49,21
805,77,1
805,20,1
805,14,2
805,80,3
806,50,24
806,53,22
806,48,26
806,52,25
806,51,31
806,49,24
806,8,2
806,62,1
806,30,1
806,36,1
806,27,1
806,25,1
807,29,7
807,28,10
807,27,11
807,22,14
807,36,8
807,21,6
807,23,10
807,25,7
807,34,12
807,30,11
807,20,6
807,31,4
807,33,9
807,64,2
807,35,11
807,73,2
807,26,6
807,24,10
807,53,2
807,32,3
807,54,1
807,43,1
807,39,1
808,52,25
808,49,18
808,53,29
808,50,28
808,48,22
808,51,26
808,29,1
808,1,1
808,60,2
808,64,1
808,68,1
808,31,1
809,15,20
809,54,18
809,4,16
809,39,23
809,38,16
809,66,1
809,49,16
809,53,7
809,63,2
809,41,1
809,48,1
809,61,1
809,34,1
809,68,1
809,21,1
809,79,1
809,30,2
809,52,3
809,56,2
809,74,1
810,68,26
810,67,32
810,72,20
810,71,22
810,69,14
810,21,3
810,70,19
810,78,2
810,35,1
810,48,1
810,80,1
810,79,2
810,23,1
810,50,1
810,54,1
811,63,38
811,64,44
811,65,34
811,66,34
811,15,1
811,57,1
811,39,1
811,26,1
811,71,1
811,68,1
811,23,1
811,79,2
811,25,2
811,77,2
811,46,1
811,43,1
811,7,1
812,44,38
812,45,41
812,42,38
812,58,2
812,43,37
812,4,1
812,51,4
812,55,1
812,74,1
812,71,1
812,31,1
812,38,1
813,42,34
813,45,38
813,44,32
813,43,40
813,51,9
813,24,1
813,4,3
813,62,1
813,53,1
813,80,1
813,66,1
813,70,1
813,3,1
813,64,1
813,33,1
814,44,26
814,40,24
814,43,13
814,42,13
814,45,15
814,77,21
814,8,1
814,41,8
814,61,1
814,78,17
814,11,1
814,51,2
814,18,2
814,15,1
815,39,22
815,15,26
815,38,22
815,4,25
815,54,16
815,49,17
815,35,1
815,60,1
815,22,1
815,53,2
815,19,3
815,12,2
815,64,1
816,72,11
816,68,12
816,71,9
816,73,8
816,67,11
816,76,10
816,57,1
816,63,12
816,75,8
816,65,12
816,69,14
816,70,16
816,74,6
816,64,6
816,31,2
816,79,1
816,66,5
816,80,1
817,64,29
817,66,43
817,63,30
817,65,36
817,25,1
817,1,1
817,50,1
817,10,1
817,36,1
817,43,1
817,11,1
817,79,3
817,29,2
817,68,1
817,73,1
817,55,2
818,32,7
818,21,9
818,36,11
818,27,17
818,28,6
818,29,10
818,33,13
818,53,2
818,12,3
818,35,9
818,37,3
818,26,12
818,23,3
818,34,8
818,18,2
818,31,8
818,30,10
818,20,5
818,64,1
818,25,5
818,24,3
818,7,1
818,54,1
818,22,1
819,7,6
819,2,12
819,19,3
819,64,2
819,8,7
819,11,8
819,3,13
819,17,9
819,27,2
819,6,11
819,12,12
819,71,1
819,9,10
819,5,8
819,1,5
819,13,11
819,14,6
819,10,7
819,50,2
819,16,4
819,18,8
819,57,1
819,25,1
820,49,30
820,52,22
820,53,28
820,51,23
820,48,25
820,50,22
820,55,1
820,59,2
820,56,2
820,26,1
820,31,1
821,14,10
821,59,4
821,18,11
821,11,8
821,10,3
821,12,12
821,8,6
821,3,11
821,1,8
821,9,5
821,7,6
821,19,14
821,2,6
821,16,7
821,17,8
821,5,7
821,35,3
821,13,5
821,21,1
821,6,5
821,57,1
821,64,1
821,71,1
821,62,2
821,38,1
822,49,28
822,53,33
822,51,35
822,71,1
822,50,24
822,18,4
822,48,25
822,52,23
822,55,1
822,62,3
823,6,8
823,10,15
823,11,7
823,8,7
823,18,6
823,16,4
823,5,10
823,7,8
823,14,9
823,19,16
823,1,9
823,59,1
823,3,8
823,13,14
823,17,8
823,64,2
823,12,11
823,32,1
823,9,6
823,2,8
823,57,1
824,26,4
824,34,13
824,36,13
824,21,8
824,73,3
824,27,11
824,25,5
824,32,9
824,64,2
824,24,8
824,35,8
824,28,10
824,29,9
824,20,8
824,30,11
824,23,5
824,33,6
824,22,6
824,31,8
824,54,2
824,17,3
824,67,1
824,9,1
824,52,2
824,53,1
824,38,1
824,79,1
825,24,16
825,36,11
825,35,11
825,34,7
825,31,5
825,33,5
825,25,7
825,67,2
825,30,7
825,32,8
825,28,11
825,73,1
825,27,5
825,22,11
825,29,5
825,23,7
825,26,6
825,21,11
825,20,5
825,4,1
825,38,3
825,13,1
826,53,28
826,49,28
826,48,18
826,52,31
826,51,30
826,50,33
826,64,2
826,19,1
826,39,1
826,63,1
826,79,1
826,8,1
826,44,3
827,2,9
827,12,10
827,11,10
827,10,9
827,16,11
827,1,14
827,7,10
827,19,3
827,18,6
827,8,7
827,5,9
827,59,2
827,64,2
827,6,10
827,28,1
827,3,12
827,44,2
827,9,6
827,17,6
827,14,4
827,13,8
827,40,1
827,57,2
827,49,1
827,74,1
827,60,1
827,53,1
828,8,5
828,14,11
828,17,14
828,19,12
828,12,8
828,3,4
828,16,10
828,13,18
828,10,10
828,6,11
828,18,9
828,34,1
828,11,9
828,5,4
828,1,8
828,2,8
828,9,6
828,78,1
828,7,6
828,43,1
828,59,1
828,54,1
828,53,1
828,57,1
828,22,1
829,12,12
829,7,9
829,18,5
829,10,12
829,19,9
829,14,17
829,11,8
829,59,4
829,8,7
829,2,8
829,6,15
829,5,9
829,3,6
829,17,6
829,47,1
829,69,1
829,16,7
829,9,6
829,1,5
829,38,2
829,67,1
829,13,4
829,57,1
829,37,1
829,42,1
829,64,1
830,64,6
830,72,8
830,79,2
830,75,8
830,69,15
830,68,6
830,76,13
830,67,10
830,74,13
830,71,10
830,63,13
830,65,15
830,66,14
830,73,10
830,70,8
830,19,1
830,29,1
830,28,1
830,32,1
831,73,23
831,56,16
831,74,25
831,80,22
831,55,19
831,75,20
831,76,18
831,60,2
831,32,1
831,58,1
831,41,3
831,57,2
831,63,1
832,17,9
832,19,9
832,13,9
832,10,15
832,1,9
832,12,7
832,3,5
832,9,8
832,16,1
832,5,10
832,78,2
832,8,6
832,14,11
832,18,11
832,53,3
832,60,1
832,7,3
832,2,5
832,6,9
832,76,1
832,35,1
832,74,1
832,11,7
833,11,12
833,9,10
833,7,17
833,3,13
833,18,16
833,16,8
833,5,5
833,19,2
833,8,14
833,10,11
833,17,10
833,14,11
833,6,11
833,12,9
833,1,5
833,13,8
833,79,1
833,48,1
833,2,1
833,67,1
833,72,2
833,64,1
834,48,29
834,52,30
834,50,15
834,53,17
834,51,21
834,49,17
834,39,2
834,19,1
834,16,1
834,73,1
834,20,1
835,35,6
835,21,13
835,59,1
835,34,12
835,20,10
835,23,9
835,22,3
835,26,8
835,32,9
835,28,6
835,30,3
835,29,8
835,24,11
835,31,10
835,25,12
835,36,7
835,33,11
835,67,1
835,13,1
835,39,1
835,53,2
835,56,1
835,27,6
835,54,1
836,62,34
836,57,29
836,58,29
836,60,20
836,61,25
836,13,1
836,59,21
836,56,1
836,65,1
836,39,1
836,31,2
836,10,1
836,80,1
836,42,1
837,1,12
837,2,14
837,8,11
837,7,12
837,10,14
837,14,6
837,5,5
837,16,9
837,9,5
837,6,8
837,13,11
837,57,1
837,19,8
837,11,9
837,18,6
837,17,7
837,3,1
837,59,2
837,47,2
837,79,1
837,49,1
837,53,1
837,60,1
837,12,9
837,72,1
837,54,1
837,78,1
837,62,1
837,73,2
838,72,14
838,71,9
838,73,11
838,8,1
838,74,6
838,66,8
838,67,13
838,64,11
838,75,16
838,63,16
838,65,11
838,69,9
838,70,8
838,78,3
838,14,3
838,36,1
838,76,9
838,21,1
838,40,2
838,79,1
838,68,5
838,25,1
839,54,27
839,15,16
839,39,19
839,4,24
839,38,24
839,49,16
839,76,2
839,63,1
839,17,1
839,66,1
839,75,1
839,13,1
839,67,1
839,60,1
840,22,8
840,24,12
840,27,7
840,32,5
840,23,9
840,26,15
840,21,7
840,25,7
840,31,6
840,30,9
840,28,7
840,36,21
840,33,10
840,34,8
840,29,7
840,20,4
840,6,3
840,64,1
840,35,5
840,62,1
840,67,3
840,15,1
840,18,1
841,49,22
841,54,31
841,15,33
841,4,25
841,1,1
841,50,3
841,38,21
841,39,26
841,23,2
841,10,1
841,53,2
841,56,1
841,66,1
841,74,1
841,21,2
842,30,8
842,26,13
842,21,9
842,25,9
842,23,7
842,36,8
842,35,9
842,28,8
842,20,8
842,27,10
842,32,10
842,34,9
842,75,1
842,31,9
842,24,7
842,55,1
842,15,1
842,33,6
842,22,11
842,71,1
842,29,4
842,57,1
842,13,2
842,56,1
842,3,1
842,53,1
842,67,1
843,34,7
843,67,2
843,32,4
843,27,16
843,25,19
843,24,7
843,23,9
843,28,11
843,30,7
843,20,17
843,26,9
843,29,7
843,35,9
843,31,2
843,36,6
843,22,8
843,33,8
843,21,6
843,53,2
843,64,2
843,47,1
843,59,1
844,31,7
844,21,10
844,26,9
844,24,8
844,20,7
844,36,13
844,30,7
844,29,7
844,35,14
844,33,9
844,22,8
844,63,1
844,25,6
844,80,1
844,27,7
844,32,10
844,34,3
844,23,11
844,28,6
844,73,1
844,64,2
844,8,1
844,53,1
844,54,1
844,11,1
845,33,12
845,23,11
845,30,20
845,21,10
845,26,9
845,28,5
845,64,1
845,25,12
845,20,7
845,54,2
845,32,5
845,35,5
845,24,13
845,60,1
845,31,9
845,37,1
845,51,2
845,29,13
845,70,1
845,27,7
845,67,2
845,36,4
845,34,7
845,39,1
845,76,1
845,22,9
845,63,1
845,74,1
846,49,25
846,48,23
846,50,24
846,51,25
846,74,1
846,53,22
846,76,1
846,58,1
846,52,22
846,62,1
846,30,2
846,26,2
846,46,1
846,14,1
847,74,27
847,56,19
847,76,21
847,55,21
847,80,28
847,73,19
847,52,1
847,75,22
847,66,1
847,59,1
847,78,1
847,72,2
847,60,1
847,23,1
847,61,2
848,10,11
848,61,1
848,9,4
848,17,14
848,32,1
848,5,11
848,3,13
848,12,13
848,23,1
848,1,14
848,19,10
848,16,7
848,2,7
848,33,1
848,18,9
848,11,7
848,13,5
848,6,9
848,8,4
848,54,1
848,14,5
848,79,1
848,7,7
848,53,1
848,64,1
849,15,26
849,53,3
849,38,18
849,49,23
849,4,19
849,39,29
849,16,1
849,54,26
849,66,1
849,26,1
849,57,2
849,31,3
849,80,1
849,8,2
849,63,2
849,65,1
850,57,25
850,1,2
850,23,1
850,62,23
850,59,23
850,61,29
850,60,28
850,58,17
850,53,1
850,6,1
850,68,1
851,69,34
851,52,1
851,67,19
851,71,25
851,3,1
851,70,22
851,68,25
851,72,26
851,78,2
851,79,1
851,77,3
851,48,1
851,16,1
851,35,1
852,48,26
852,51,25
852,49,33
852,52,24
852,53,24
852,50,24
852,79,1
852,64,1
852,43,1
853,66,36
853,64,41
853,65,36
853,63,36
853,68,1
853,5,2
853,3,1
853,4,2
853,78,2
853,44,1
853,80,1
853,60,1
853,52,2
853,20,1
854,2,6
854,6,10
854,10,6
854,16,11
854,13,19
854,9,5
854,14,14
854,11,15
854,64,1
854,19,8
854,7,5
854,1,9
854,12,15
854,5,8
854,29,1
854,8,5
854,18,6
854,17,6
854,75,1
854,25,1
854,24,3
854,59,2
854,3,5
854,57,1
854,62,1
854,50,1
854,60,1
855,14,13
855,50,1
855,7,12
855,8,4
855,1,5
855,10,7
855,5,6
855,3,7
855,9,6
855,2,7
855,13,3
855,11,5
855,12,8
855,24,1
855,74,1
855,16,7
855,19,12
855,64,2
855,6,7
855,17,10
855,59,1
855,18,12
855,35,1
855,67,1
855,80,1
855,29,1
855,33,1
855,57,1
856,28,1
856,80,45
856,79,30
856,77,35
856,78,34
856,52,2
856,1,1
856,19,2
856,32,1
856,25,1
856,24,1
856,74,1
856,23,1
856,64,1
856,6,2
857,68,29
857,72,33
857,79,2
857,67,22
857,77,1
857,69,15
857,71,33
857,70,19
857,11,1
857,24,1
857,10,1
858,25,6
858,21,7
858,73,2
858,35,6
858,26,9
858,28,15
858,33,14
858,31,12
858,23,8
858,29,11
858,32,10
858,24,5
858,22,5
858,27,10
858,20,16
858,5,1
858,34,7
858,30,3
858,36,7
858,64,1
858,47,1
858,53,1
859,12,8
859,3,13
859,55,3
859,14,16
859,25,2
859,8,9
859,13,11
859,2,4
859,1,4
859,5,6
859,6,8
859,19,10
859,11,8
859,7,10
859,10,4
859,17,10
859,16,9
859,9,8
859,18,11
859,57,1
859,72,1
859,66,2
859,23,2
859,39,1
859,53,2
860,54,22
860,38,11
860,4,32
860,15,28
860,49,24
860,27,2
860,39,16
860,29,1
860,1,1
860,59,1
860,33,1
860,77,1
860,53,1
860,28,1
860,50,1
860,63,1
861,25,6
861,26,3
861,63,3
861,29,10
861,21,13
861,36,11
861,34,12
861,22,18
861,20,9
861,27,8
861,23,10
861,28,6
861,73,1
861,64,1
861,31,7
861,32,7
861,41,1
861,33,12
861,35,7
861,24,9
861,53,1
861,30,2
862,43,33
862,44,39
862,42,40
862,45,39
862,63,2
862,38,1
862,51,3
862,4,2
862,24,2
862,76,1
862,73,2
862,49,1
862,22,1
862,2,1
862,40,1
862,30,1
862,48,1
862,80,1
863,43,21
863,78,24
863,40,20
863,44,13
863,42,14
863,45,16
863,2,3
863,41,20
863,77,19
863,51,3
863,55,2
864,40,19
864,77,19
864,78,15
864,44,28
864,43,19
864,42,15
864,45,14
864,41,17
864,47,1
864,51,2
864,21,2
864,11,1
864,54,1
864,8,1
865,68,24
865,72,33
865,69,18
865,20,1
865,67,24
865,70,23
865,71,27
865,75,3
865,60,2
865,21,1
865,77,1
865,79,1
865,3,2
865,64,1
865,78,1
865,58,2
865,18,1
865,63,1
866,13,4
866,57,2
866,18,9
866,2,10
866,3,11
866,7,6
866,19,4
866,6,6
866,8,9
866,11,2
866,9,8
866,10,10
866,16,12
866,12,11
866,1,9
866,48,2
866,5,6
866,54,4
866,14,5
866,21,1
866,64,2
866,17,6
866,36,1
866,23,1
866,59,1
866,51,1
867,79,35
867,78,35
867,77,33
867,80,36
867,26,1
867,17,1
867,63,1
867,35,1
867,66,1
867,18,1
867,67,1
867,45,2
867,69,2
868,28,9
868,32,6
868,24,10
868,27,5
868,30,5
868,29,13
868,34,7
868,23,12
868,21,8
868,33,4
868,31,11
868,26,6
868,25,8
868,70,1
868,35,7
868,36,8
868,20,5
868,79,1
868,22,9
868,69,1
868,73,1
868,67,2
868,77,1
868,64,1
869,68,10
869,76,14
869,74,17
869,71,9
869,63,7
869,64,6
869,67,4
869,72,15
869,79,3
869,73,6
869,65,11
869,69,12
869,70,9
869,75,9
869,78,3
869,33,1
869,66,7
869,80,1
869,52,1
869,30,1
869,29,2
869,19,2
869,10,1
869,77,1
870,26,2
870,45,23
870,41,20
870,78,14
870,42,19
870,44,13
870,40,14
870,77,18
870,63,1
870,43,15
870,64,2
870,51,3
870,46,1
870,38,1
870,60,1
870,6,1
870,24,1
870,52,1
870,55,1
871,31,8
871,23,11
871,26,8
871,32,8
871,21,6
871,36,8
871,22,7
871,34,8
871,25,5
871,54,2
871,30,14
871,27,12
871,28,6
871,53,4
871,29,5
871,37,1
871,33,7
871,12,1
871,35,12
871,24,6
871,20,9
871,74,1
871,15,1
871,67,1
871,73,1
872,42,38
872,44,35
872,43,42
872,45,32
872,53,2
872,51,4
872,18,2
872,1,3
872,54,1
872,7,3
872,40,2
872,70,1
872,49,1
872,41,1
872,13,1
872,2,1
873,53,28
873,50,24
873,48,27
873,51,31
873,52,28
873,49,19
873,37,1
873,1,1
873,26,1
873,77,1
874,42,14
874,41,20
874,45,21
874,40,22
874,44,25
874,78,15
874,77,17
874,43,13
874,13,1
874,51,3
875,66,42
875,65,41
875,63,31
875,64,33
875,79,2
875,50,1
875,78,1
875,72,1
875,42,1
875,62,1
875,55,1
875,24,1
875,22,1
875,15,2
875,38,2
875,47,1
876,2,11
876,8,8
876,17,8
876,14,8
876,12,12
876,11,7
876,27,1
876,45,1
876,3,3
876,10,8
876,16,7
876,6,12
876,5,5
876,7,5
876,1,5
876,19,8
876,13,7
876,67,1
876,64,2
876,18,12
876,40,2
876,9,3
876,80,1
877,80,36
877,78,35
877,79,37
877,77,30
877,65,1
877,37,2
877,28,1
877,46,1
877,42,1
877,6,1
877,57,1
877,15,1
877,67,1
877,47,1
877,19,1
877,38,3
878,49,23
878,52,28
878,50,27
878,48,29
878,53,28
878,2,1
878,57,1
878,51,18
878,39,2
878,76,1
878,46,1
879,49,17
879,48,25
879,51,28
879,52,18
879,53,22
879,80,1
879,50,25
879,30,2
879,73,1
879,37,1
879,24,2
879,20,2
879,64,2
879,5,1
880,80,35
880,4,2
880,79,34
880,77,27
880,78,30
880,19,1
880,54,2
880,45,1
880,14,2
880,31,1
880,61,1
880,42,2
881,78,18
881,44,13
881,45,23
881,43,18
881,51,2
881,79,1
881,42,15
881,40,24
881,28,1
881,41,16
881,77,13
881,27,1
882,10,12
882,12,8
882,17,12
882,3,17
882,6,13
882,9,11
882,7,12
882,5,11
882,2,18
882,68,1
882,18,11
882,8,8
882,16,7
882,1,6
882,72,1
882,13,3
882,11,4
882,19,7
882,14,6
882,57,1
882,50,1
882,42,1
882,43,1
883,74,21
883,80,17
883,75,24
883,56,21
883,73,18
883,76,24
883,13,1
883,55,18
883,78,2
883,34,2
883,14,2
883,9,1
883,7,1
883,11,1
883,1,2
884,12,6
884,7,5
884,8,12
884,9,8
884,18,4
884,19,9
884,64,1
884,11,9
884,13,6
884,1,13
884,14,7
884,2,5
884,3,10
884,10,7
884,16,10
884,66,1
884,5,4
884,6,4
884,57,3
884,47,1
884,17,6
884,21,1
884,70,1
884,55,1
885,42,15
885,77,16
885,41,21
885,45,20
885,44,20
885,43,21
885,40,16
885,78,18
885,15,2
885,60,1
885,74,2
886,21,7
886,23,12
886,30,15
886,26,11
886,27,9
886,35,11
886,24,9
886,36,7
886,29,10
886,22,6
886,34,6
886,32,6
886,28,12
886,31,10
886,25,6
886,33,3
886,20,6
886,64,3
886,38,1
886,73,2
886,77,2
886,70,1
886,63,1
886,2,1
887,41,19
887,43,25
887,42,16
887,39,3
887,40,21
887,77,16
887,44,19
887,78,14
887,45,16
887,20,1
887,69,1
887,9,2
887,22,1
887,19,3
887,10,1
887,27,1
887,57,1
887,47,1
887,51,1
888,70,31
888,67,31
888,71,22
888,69,24
888,78,2
888,68,19
888,72,27
888,45,1
888,77,2
888,63,1
888,6,1
888,73,3
888,23,1
889,2,13
889,19,12
889,5,8
889,13,10
889,9,11
889,16,6
889,14,6
889,57,1
889,27,1
889,24,2
889,10,7
889,11,10
889,7,8
889,17,11
889,3,10
889,1,11
889,6,7
889,8,5
889,71,1
889,18,4
889,54,2
889,46,1
889,12,5
889,41,1
890,44,12
890,78,22
890,77,15
890,42,18
890,41,17
890,45,6
890,51,4
890,43,14
890,40,13
890,79,1
890,75,1
890,58,1
890,57,1
890,71,2
890,4,1
890,37,1
890,15,1
890,33,1
891,63,39
891,65,32
891,68,3
891,66,38
891,64,37
891,41,1
891,75,1
891,50,1
891,62,1
891,71,1
891,79,1
891,36,2
891,45,2
892,5,10
892,10,9
892,13,11
892,80,2
892,6,2
892,57,1
892,14,4
892,2,8
892,11,13
892,18,5
892,16,12
892,1,11
892,12,8
892,3,9
892,19,8
892,17,7
892,64,1
892,7,7
892,8,6
892,9,7
892,59,1
892,53,1
892,15,1
892,22,1
892,78,1
893,34,8
893,23,9
893,32,8
893,21,9
893,29,8
893,33,4
893,31,11
893,28,11
893,67,2
893,27,13
893,42,1
893,25,14
893,30,10
893,24,11
893,26,12
893,36,12
893,20,9
893,35,4
893,22,12
893,64,1
893,4,1
893,73,1
893,58,1
893,63,1
893,74,1
894,45,31
894,43,26
894,42,32
894,44,35
894,22,1
894,53,1
894,59,1
894,56,2
894,55,2
894,51,4
894,19,1
894,39,1
894,23,1
894,72,1
894,67,1
894,69,1
895,12,6
895,5,4
895,2,3
895,13,12
895,16,3
895,68,1
895,10,8
895,9,14
895,17,5
895,3,9
895,54,2
895,6,9
895,11,8
895,18,8
895,7,9
895,57,1
895,1,7
895,8,9
895,14,11
895,47,1
895,64,1
895,19,6
895,23,1
895,53,1
895,59,1
895,52,1
895,67,1
895,38,1
896,19,11
896,6,9
896,41,1
896,7,14
896,13,5
896,5,11
896,1,13
896,11,11
896,8,5
896,14,6
896,2,12
896,64,1
896,16,15
896,24,3
896,18,14
896,17,5
896,9,10
896,12,3
896,3,8
896,10,3
896,49,1
896,38,3
896,57,1
896,58,1
897,33,11
897,32,9
897,34,9
897,27,8
897,54,1
897,28,7
897,30,14
897,35,12
897,36,8
897,25,6
897,31,5
897,22,12
897,67,2
897,20,4
897,29,10
897,23,9
897,24,5
897,21,6
897,7,2
897,53,1
897,26,4
897,64,1
897,73,1
897,57,1
898,76,11
898,79,3
898,73,29
898,56,22
898,55,23
898,80,16
898,74,29
898,75,19
898,2,1
898,43,1
898,14,1
898,47,1
898,35,1
898,51,1
898,34,2
898,29,1
898,67,1
898,78,1
899,75,14
899,78,1
899,36,1
899,64,13
899,70,10
899,74,11
899,66,15
899,65,10
899,76,9
899,71,8
899,73,10
899,72,13
899,69,13
899,68,10
899,67,9
899,63,11
899,8,1
899,11,1
899,27,1
900,31,14
900,28,13
900,73,4
900,22,13
900,21,11
900,27,4
900,23,10
900,30,8
900,36,5
900,34,6
900,33,7
900,29,4
900,35,8
900,24,12
900,20,8
900,32,10
900,68,1
900,25,10
900,64,1
900,47,1
900,26,4
900,59,1
900,77,1
900,67,1
900,51,1
901,16,17
901,19,14
901,9,15
901,54,3
901,21,2
901,73,1
901,2,12
901,1,12
901,7,16
901,11,26
901,6,16
901,3,7
901,17,14
901,12,15
901,64,1
901,5,9
901,14,9
901,10,12
901,13,6
901,18,8
901,8,12
901,59,4
901,57,3
901,47,1
901,29,1
901,71,2
901,65,1
902,39,34
902,49,35
902,4,50
902,29,1
902,15,31
902,38,40
902,63,1
902,19,3
902,53,5
902,58,1
902,65,1
902,70,1
902,54,34
902,24,1
902,66,2
902,50,1
902,36,3
902,27,1
902,33,3
903,12,10
903,13,11
903,10,17
903,3,15
903,7,11
903,19,14
903,11,18
903,16,10
903,17,18
903,6,12
903,2,12
903,5,3
903,14,13
903,9,9
903,18,11
903,1,13
903,57,6
903,8,14
903,61,1
903,25,2
903,64,1
903,32,1
903,48,1
903,54,1
903,24,1
903,53,1
903,59,1
903,21,1
904,18,16
904,5,16
904,16,11
904,17,9
904,1,13
904,7,6
904,14,20
904,2,19
904,31,1
904,6,9
904,9,7
904,13,17
904,10,13
904,3,20
904,19,9
904,12,5
904,8,22
904,25,1
904,59,4
904,71,1
904,11,8
904,47,1
904,34,1
904,52,1
904,77,1
904,37,1
904,57,1
904,27,1
904,36,1
904,38,1
905,53,39
905,49,33
905,50,40
905,52,35
905,51,34
905,48,28
905,15,1
905,26,3
905,62,1
905,56,1
905,72,2
905,71,2
905,73,1
905,57,1
905,34,1
905,70,2
906,75,17
906,56,32
906,10,3
906,80,39
906,73,27
906,55,29
906,74,33
906,76,25
906,64,3
906,72,3
906,24,1
906,79,1
906,61,1
906,38,1
906,6,1
906,30,1
906,78,1
906,62,1
907,49,42
907,51,35
907,53,40
907,71,2
907,50,36
907,48,32
907,34,1
907,52,43
907,23,1
907,9,1
907,36,1
907,39,2
907,8,1
907,28,1
907,32,1
908,56,28
908,75,24
908,55,34
908,50,1
908,74,30
908,80,40
908,73,41
908,3,1
908,76,23
908,79,2
908,12,1
908,51,1
908,31,1
908,59,2
908,52,1
908,62,1
908,68,1
908,60,1
908,66,1
908,78,1
908,53,3
909,33,13
909,23,11
909,25,11
909,21,20
909,22,12
909,32,13
909,35,10
909,36,26
909,60,1
909,28,11
909,26,18
909,20,10
909,34,14
909,27,13
909,64,1
909,67,1
909,56,2
909,31,12
909,73,1
909,24,15
909,29,14
909,30,11
909,47,1
909,12,1
909,18,1
909,53,2
910,65,51
910,66,48
910,63,53
910,64,54
910,18,1
910,33,2
910,2,1
910,79,4
910,55,1
910,73,1
910,27,1
910,17,1
910,44,1
910,31,1
910,48,2
910,12,1
910,40,1
910,30,1
910,69,1
910,26,1
910,39,1
911,8,10
911,7,13
911,1,10
911,10,12
911,59,2
911,58,1
911,11,7
911,18,16
911,4,1
911,19,12
911,9,21
911,2,10
911,13,8
911,12,9
911,6,8
911,3,15
911,5,16
911,16,23
911,17,12
911,14,11
911,46,1
911,49,1
911,80,1
911,79,1
911,77,1
911,64,1
911,21,1
911,47,1
911,52,1
912,17,13
912,9,13
912,7,14
912,12,15
912,64,1
912,13,14
912,16,15
912,19,11
912,5,20
912,11,12
912,1,11
912,14,18
912,34,1
912,6,8
912,10,15
912,2,12
912,57,3
912,8,12
912,3,13
912,4,1
912,18,6
912,54,1
912,59,6
912,25,1
912,62,1
912,70,1
912,68,3
912,71,1
912,38,1
912,58,1
913,11,16
913,16,7
913,3,12
913,6,14
913,14,19
913,13,14
913,10,13
913,62,1
913,5,17
913,12,10
913,19,19
913,2,16
913,18,9
913,7,10
913,1,11
913,54,2
913,9,11
913,59,2
913,17,9
913,39,1
913,8,12
913,57,1
914,77,30
914,78,33
914,44,27
914,42,27
914,41,34
914,45,39
914,40,31
914,43,27
914,51,6
914,58,1
914,10,1
914,13,1
914,61,2
915,52,34
915,53,45
915,48,38
915,49,25
915,50,38
915,51,43
915,35,1
915,14,2
915,63,1
915,4,3
915,36,3
915,56,2
915,46,1
915,32,1
915,6,3
916,39,38
916,4,35
916,54,31
916,49,32
916,26,1
916,53,9
916,38,37
916,15,43
916,7,1
916,63,1
916,60,1
916,9,3
916,56,1
916,66,1
916,37,1
916,28,1
916,20,1
917,79,55
917,80,53
917,77,47
917,78,59
917,22,2
917,37,2
917,34,1
917,24,1
917,75,1
917,21,1
917,51,1
917,70,1
917,31,1
917,38,2
917,67,1
917,29,1
918,39,1
918,80,50
918,77,51
918,79,55
918,78,48
918,15,1
918,63,2
918,34,1
918,56,1
918,25,1
918,6,1
918,17,2
918,59,1
918,70,2
918,32,1
918,16,1
918,2,3
919,73,38
919,75,34
919,76,37
919,55,35
919,74,38
919,56,24
919,66,1
919,29,1
919,80,20
919,78,2
919,27,1
919,47,1
919,3,2
919,57,2
919,45,1
919,22,1
920,56,41
920,74,28
920,55,29
920,75,37
920,76,32
920,80,27
920,73,32
920,71,1
920,44,1
920,32,2
920,79,1
920,20,1
920,78,2
920,68,1
920,54,1
921,53,33
921,51,33
921,48,30
921,49,38
921,52,37
921,44,1
921,50,30
921,47,1
921,65,1
921,20,1
921,6,3
921,56,1
921,70,1
921,67,2
921,18,1
922,25,18
922,44,1
922,35,12
922,24,13
922,22,16
922,27,23
922,20,16
922,30,13
922,34,11
922,21,7
922,36,6
922,26,8
922,33,13
922,29,7
922,48,1
922,51,1
922,32,11
922,64,1
922,31,14
922,23,10
922,28,14
922,54,1
922,70,1
922,75,1
922,19,2
922,6,2
922,57,1
922,46,1
922,76,1
922,67,1
923,63,14
923,70,16
923,66,16
923,73,21
923,64,15
923,76,8
923,71,22
923,74,15
923,80,1
923,69,21
923,75,9
923,67,17
923,72,9
923,57,1
923,68,20
923,65,13
923,28,2
923,15,1
923,79,3
923,77,2
923,61,1
923,36,2
923,5,1
923,35,4
923,16,1
923,37,1
923,43,1
923,53,1
923,60,1
924,48,2
924,60,40
924,62,41
924,61,41
924,59,41
924,58,32
924,57,41
924,30,1
924,80,1
924,42,1
924,45,3
924,21,1
924,28,1
924,29,1
924,67,1
924,36,1
925,3,7
925,9,10
925,8,13
925,16,13
925,5,10
925,7,21
925,17,15
925,13,12
925,10,19
925,19,14
925,2,8
925,6,16
925,57,3
925,11,6
925,14,18
925,60,2
925,12,10
925,1,11
925,47,1
925,59,2
925,27,1
925,18,9
925,33,1
925,54,1
925,39,1
925,74,1
925,42,2
925,20,1
926,30,17
926,23,11
926,22,19
926,34,14
926,29,12
926,25,8
926,26,17
926,24,13
926,28,10
926,31,15
926,32,11
926,21,11
926,27,16
926,33,8
926,64,2
926,20,10
926,36,4
926,60,2
926,74,1
926,46,1
926,71,2
926,35,12
926,73,1
926,4,1
926,19,1
926,54,1
926,40,1
927,38,44
927,49,41
927,15,27
927,8,1
927,4,44
927,54,34
927,53,3
927,39,26
927,26,2
927,36,1
927,46,1
927,66,3
927,63,1
927,68,1
927,31,1
927,67,2
927,73,1
927,16,2
927,28,2
928,36,13
928,24,11
928,30,18
928,28,28
928,32,13
928,4,1
928,23,12
928,21,18
928,35,14
928,22,14
928,20,10
928,34,13
928,33,13
928,39,2
928,31,8
928,26,11
928,59,1
928,27,7
928,25,9
928,47,2
928,29,8
928,64,3
928,61,2
928,2,1
928,56,2
928,73,1
928,40,1
928,57,1
928,14,1
929,50,32
929,48,39
929,36,1
929,53,43
929,52,33
929,51,38
929,49,25
929,7,1
929,64,1
929,24,2
929,79,1
929,72,1
929,43,3
929,32,1
929,69,1
929,78,2
930,19,16
930,64,4
930,2,11
930,1,12
930,9,16
930,16,21
930,57,4
930,12,12
930,3,14
930,7,11
930,13,17
930,17,4
930,5,10
930,11,13
930,14,16
930,10,8
930,18,15
930,6,10
930,62,1
930,8,12
930,74,2
930,54,1
930,59,3
930,46,2
930,24,1
930,48,1
931,48,42
931,53,26
931,50,34
931,49,48
931,44,1
931,40,1
931,51,40
931,52,30
931,17,2
931,59,1
931,6,1
931,42,1
931,5,1
931,41,1
931,66,1
931,9,3
932,66,45
932,63,53
932,64,42
932,65,53
932,5,2
932,56,2
932,28,1
932,39,2
932,53,1
932,73,2
932,45,1
932,26,1
932,51,2
932,12,1
932,79,4
932,29,2
932,57,2
932,37,1
932,11,2
932,76,1
932,36,1
932,24,1
932,19,1
933,22,1
933,55,24
933,73,24
933,75,36
933,80,35
933,74,29
933,56,25
933,76,35
933,5,1
933,79,3
933,59,1
933,65,1
933,36,1
933,62,1
933,45,1
933,78,2
933,42,1
934,46,1
934,51,1
934,2,17
934,19,12
934,3,8
934,10,13
934,11,10
934,7,16
934,14,17
934,9,12
934,17,18
934,79,1
934,18,15
934,6,18
934,12,13
934,1,15
934,13,16
934,5,14
934,8,7
934,54,1
934,59,2
934,56,1
934,16,8
934,44,2
934,74,3
934,57,1
934,29,1
934,45,2
935,71,32
935,67,37
935,72,41
935,70,41
935,69,26
935,78,4
935,68,37
935,26,1
935,46,1
935,11,1
935,56,1
935,60,1
935,61,2
935,73,1
935,15,2
935,12,1
935,77,1
935,45,1
935,16,2
935,25,1
936,49,45
936,38,37
936,39,37
936,54,36
936,15,34
936,4,40
936,48,1
936,13,2
936,53,5
936,42,1
936,56,2
936,27,1
936,63,2
936,30,1
936,16,3
936,41,1
936,9,1
937,79,58
937,78,39
937,77,58
937,80,57
937,76,1
937,13,1
937,68,1
937,62,1
937,74,2
937,58,1
937,50,4
937,19,1
937,39,1
937,71,1
937,15,1
937,36,1
938,57,39
938,58,35
938,61,34
938,60,29
938,62,38
938,76,3
938,59,35
938,1,1
938,21,1
938,5,1
938,35,1
938,15,1
938,29,2
938,45,1
938,53,2
938,48,1
938,8,3
938,19,1
939,75,28
939,50,1
939,56,29
939,80,37
939,74,32
939,76,35
939,55,23
939,73,25
939,24,1
939,78,1
939,19,1
939,79,2
939,70,1
939,57,3
939,18,1
939,72,2
939,4,1
939,64,2
939,11,1
939,22,1
940,16,17
940,10,8
940,8,10
940,19,16
940,12,20
940,7,16
940,6,10
940,9,12
940,5,11
940,30,1
940,3,18
940,1,11
940,17,21
940,18,11
940,13,10
940,2,7
940,11,9
940,59,1
940,35,1
940,29,2
940,31,1
940,14,15
940,47,1
940,60,2
940,64,2
940,41,2
940,4,3
940,44,1
940,45,1
940,51,1
941,2,11
941,16,9
941,50,2
941,17,11
941,14,13
941,13,16
941,1,11
941,11,18
941,76,1
941,5,11
941,8,10
941,10,12
941,12,17
941,67,1
941,3,14
941,18,11
941,59,4
941,7,16
941,4,2
941,6,4
941,19,7
941,78,1
941,57,2
941,42,1
941,69,1
941,54,3
941,9,12
941,26,1
941,53,2
942,66,54
942,63,49
942,21,3
942,65,57
942,64,55
942,74,1
942,76,2
942,79,4
942,17,2
942,44,1
942,70,1
942,34,4
942,1,1
942,36,2
942,41,1
942,75,2
942,60,1
942,72,1
943,67,35
943,69,37
943,70,29
943,72,25
943,68,31
943,3,1
943,71,45
943,79,2
943,77,1
943,40,1
943,29,1
943,78,2
943,12,1
943,19,1
943,31,1
943,21,2
943,2,1
943,57,1
943,6,2
944,40,26
944,77,27
944,44,28
944,41,20
944,78,29
944,43,26
944,42,34
944,45,27
944,18,1
944,37,1
944,51,3
944,38,1
944,2,1
944,59,2
944,29,1
944,75,1
944,73,1
944,70,2
945,19,13
945,1,17
945,9,12
945,7,16
945,6,15
945,18,15
945,11,14
945,48,1
945,14,18
945,17,18
945,13,13
945,28,1
945,69,1
945,5,15
945,59,2
945,12,7
945,10,12
945,2,18
945,3,15
945,16,11
945,8,3
945,25,1
945,23,1
945,38,2
945,57,3
945,64,1
945,56,1
946,63,16
946,70,13
946,69,15
946,68,13
946,73,19
946,67,21
946,74,15
946,80,1
946,75,12
946,76,12
946,64,18
946,72,14
946,71,10
946,79,4
946,9,1
946,66,9
946,65,18
946,78,1
946,77,2
946,2,3
946,28,1
946,30,3
946,42,1
946,56,1
947,4,36
947,39,39
947,38,37
947,15,38
947,49,35
947,40,1
947,11,1
947,53,2
947,54,26
947,50,1
947,43,1
947,18,1
947,66,2
947,69,1
947,67,2
947,63,1
947,28,2
947,74,2
948,32,9
948,26,17
948,23,9
948,35,18
948,25,9
948,30,11
948,27,13
948,31,12
948,24,23
948,36,9
948,34,8
948,64,1
948,29,13
948,20,14
948,56,2
948,42,1
948,51,1
948,33,8
948,15,1
948,21,10
948,22,11
948,28,5
948,47,1
948,10,1
948,67,2
948,74,2
948,54,1
949,16,16
949,17,12
949,11,16
949,9,17
949,14,13
949,8,22
949,19,16
949,3,6
949,62,3
949,7,13
949,5,8
949,28,3
949,77,1
949,1,8
949,38,3
949,2,9
949,64,3
949,10,11
949,18,8
949,59,1
949,13,16
949,6,10
949,12,13
949,54,1
949,33,1
949,35,2
949,76,3
949,80,2
950,35,11
950,31,15
950,24,13
950,22,13
950,28,18
950,29,12
950,73,2
950,21,21
950,34,19
950,33,12
950,25,9
950,79,3
950,27,10
950,67,2
950,30,9
950,80,1
950,26,11
950,23,11
950,64,1
950,20,14
950,32,9
950,36,13
950,37,1
950,12,1
950,15,1
950,59,1
950,53,1
951,18,16
951,1,12
951,9,8
951,3,11
951,17,16
951,2,13
951,19,8
951,8,11
951,59,3
951,5,8
951,10,10
951,11,16
951,52,1
951,7,11
951,13,8
951,14,15
951,12,20
951,43,1
951,6,18
951,16,7
951,47,1
951,66,1
951,53,1
951,64,2
951,33,1
951,72,1
951,30,1
951,74,1
952,44,53
952,43,51
952,45,48
952,42,56
952,51,10
952,70,1
952,15,1
952,74,1
952,54,1
952,77,2
952,56,2
952,68,1
952,66,1
952,6,4
952,5,1
952,14,1
952,3,1
953,26,15
953,22,18
953,24,12
953,34,17
953,31,13
953,33,16
953,35,17
953,20,16
953,27,12
953,23,12
953,36,13
953,64,2
953,30,18
953,21,13
953,8,1
953,57,1
953,25,21
953,29,9
953,78,1
953,32,10
953,28,8
953,72,1
953,73,2
953,61,1
953,39,1
953,67,1
954,63,49
954,65,56
954,66,55
954,64,49
954,39,1
954,56,2
954,26,1
954,73,1
954,79,4
954,42,1
954,5,1
954,58,1
954,17,1
954,54,1
954,6,3
954,10,1
954,71,1
954,75,1
955,69,43
955,78,4
955,67,36
955,70,38
955,71,31
955,68,35
955,72,41
955,54,2
955,45,1
955,61,1
955,35,1
955,77,3
955,19,2
955,79,1
955,2,2
955,4,2
955,33,1
955,9,1
955,50,1
955,5,2
955,75,1
955,17,3
956,67,28
956,72,38
956,71,46
956,69,37
956,70,32
956,79,5
956,68,32
956,78,4
956,65,1
956,51,3
956,11,1
956,41,1
956,77,3
956,73,1
956,7,2
956,21,1
956,10,1
956,31,3
956,57,1
957,39,31
957,4,38
957,38,39
957,49,44
957,54,28
957,15,30
957,44,1
957,24,1
957,66,2
957,63,3
957,43,1
957,53,5
957,64,1
957,9,2
957,16,1
957,73,1
957,47,1
958,63,50
958,65,53
958,64,45
958,66,61
958,2,1
958,13,1
958,54,2
958,1,1
958,79,3
958,45,1
958,77,1
958,34,3
958,21,3
958,55,2
958,6,1
958,57,1
958,72,1
958,73,1
958,4,1
958,9,1
958,74,1
958,29,1
959,6,12
959,7,16
959,9,11
959,54,1
959,14,12
959,78,1
959,17,13
959,18,18
959,13,18
959,16,11
959,59,3
959,3,13
959,5,14
959,12,15
959,2,15
959,8,9
959,64,3
959,56,1
959,28,1
959,10,10
959,11,11
959,19,7
959,46,1
959,1,13
959,42,1
959,57,2
959,23,1
960,74,35
960,55,28
960,73,36
960,38,1
960,75,30
960,56,36
960,80,31
960,12,2
960,29,1
960,22,1
960,76,25
960,51,2
960,57,2
960,66,2
960,4,1
960,42,1
960,25,1
960,21,1
960,79,1
961,39,31
961,15,36
961,4,25
961,49,31
961,38,39
961,54,35
961,63,1
961,43,1
961,58,1
961,53,7
961,14,1
961,76,1
961,47,3
961,68,1
961,74,1
961,80,1
961,50,2
961,66,1
961,57,1
961,29,1
961,62,2
961,45,3
961,61,1
961,2,3
962,49,36
962,4,27
962,15,41
962,39,29
962,38,36
962,63,1
962,54,33
962,29,4
962,51,1
962,2,1
962,53,1
962,66,2
962,74,1
963,8,19
963,59,6
963,2,11
963,19,8
963,10,13
963,6,17
963,9,14
963,14,7
963,12,11
963,16,15
963,7,14
963,5,9
963,18,16
963,11,5
963,17,10
963,58,1
963,1,16
963,13,11
963,57,1
963,3,12
963,43,2
963,65,1
963,46,1
963,39,1
963,23,1
963,64,2
963,25,1
964,15,32
964,54,44
964,4,39
964,46,1
964,39,32
964,49,44
964,38,34
964,66,1
964,20,1
964,40,3
964,77,1
964,44,1
964,42,2
964,51,1
964,11,1
964,10,1
964,19,1
964,26,1
964,21,1
964,1,1
964,59,1
964,52,1
965,44,59
965,43,58
965,42,55
965,45,55
965,27,2
965,37,1
965,55,1
965,54,1
965,78,1
965,57,2
965,51,4
965,39,1
965,12,1
965,16,1
965,19,2
965,31,1
965,69,1
966,32,17
966,29,16
966,24,25
966,23,18
966,36,10
966,31,9
966,25,13
966,28,8
966,61,2
966,27,7
966,21,18
966,35,16
966,33,20
966,22,14
966,34,14
966,26,12
966,30,8
966,73,2
966,20,7
966,60,1
966,47,1
966,19,2
966,64,2
966,42,1
966,67,1
966,43,1
967,14,21
967,75,3
967,6,15
967,7,18
967,8,17
967,9,8
967,18,14
967,19,15
967,10,14
967,5,14
967,17,12
967,11,13
967,16,9
967,13,13
967,52,2
967,2,11
967,3,6
967,59,3
967,60,1
967,12,8
967,57,4
967,1,11
967,39,1
967,53,1
968,42,22
968,77,20
968,41,32
968,45,27
968,40,23
968,44,26
968,78,30
968,5,1
968,43,34
968,13,1
968,74,3
968,51,2
968,65,2
968,73,1
968,49,1
968,9,1
968,68,1
968,80,1
968,10,1
969,30,10
969,24,10
969,21,21
969,32,12
969,35,12
969,36,11
969,33,8
969,53,2
969,29,11
969,23,16
969,27,11
969,28,13
969,26,19
969,20,12
969,22,19
969,31,10
969,44,1
969,34,9
969,39,1
969,25,10
969,54,2
969,1,1
969,11,1
969,67,4
969,64,1
969,43,2
969,61,1
970,32,9
970,30,14
970,31,14
970,25,11
970,29,14
970,33,15
970,35,5
970,67,2
970,36,20
970,15,1
970,21,14
970,55,3
970,27,19
970,34,11
970,20,8
970,69,1
970,26,7
970,28,6
970,24,14
970,23,14
970,53,2
970,41,1
970,54,1
970,74,2
970,22,10
970,73,1
970,5,1
970,16,4
970,12,2
971,25,9
971,33,20
971,28,13
971,36,12
971,27,5
971,31,10
971,5,1
971,26,11
971,29,19
971,20,12
971,34,15
971,32,24
971,35,12
971,67,4
971,30,17
971,64,2
971,22,13
971,23,3
971,24,16
971,21,8
971,73,1
971,69,1
971,74,1
971,1,1
971,49,1
971,53,1
971,7,1
972,11,8
972,14,19
972,10,15
972,17,23
972,8,17
972,16,23
972,9,16
972,18,16
972,12,15
972,54,3
972,19,12
972,5,4
972,1,10
972,57,2
972,2,14
972,6,10
972,7,4
972,13,18
972,3,10
972,47,1
972,55,1
972,53,1
972,46,1
972,25,1
972,68,1
973,79,52
973,77,54
973,80,47
973,78,58
973,38,1
973,41,2
973,2,1
973,63,2
973,46,1
973,31,1
973,75,3
973,13,1
973,7,2
973,74,1
973,21,1
973,18,1
973,65,1
973,8,2
973,60,2
973,6,1
973,61,1
974,68,13
974,65,14
974,70,7
974,71,15
974,69,16
974,74,17
974,64,14
974,72,14
974,67,15
974,42,1
974,63,14
974,76,18
974,73,14
974,75,16
974,49,1
974,66,14
974,62,1
974,77,1
974,32,1
974,19,1
974,78,3
974,79,1
974,80,1
974,26,1
975,67,37
975,70,40
975,78,5
975,71,28
975,69,49
975,72,28
975,68,31
975,59,3
975,77,1
975,50,1
975,8,1
975,15,3
975,54,1
975,44,1
975,79,1
975,34,1
976,64,17
976,72,21
976,63,20
976,66,20
976,65,11
976,73,20
976,75,13
976,69,16
976,68,10
976,74,9
976,67,12
976,70,12
976,71,16
976,76,19
976,59,3
976,79,4
976,20,2
976,43,1
976,33,1
976,12,1
976,77,1
976,14,2
976,78,1
976,5,1
977,3,13
977,1,18
977,5,17
977,6,13
977,18,13
977,10,15
977,12,6
977,17,14
977,7,11
977,14,11
977,13,18
977,19,9
977,11,15
977,8,9
977,9,18
977,32,2
977,44,1
977,48,1
977,16,5
977,53,1
977,65,1
977,2,19
977,57,1
977,46,1
977,54,1
978,48,36
978,51,31
978,49,37
978,50,32
978,53,36
978,52,34
978,61,1
978,35,1
978,29,1
978,36,3
978,76,1
978,47,1
978,31,1
978,58,1
978,71,1
978,40,1
978,32,2
978,78,1
979,15,34
979,39,35
979,38,28
979,49,38
979,54,32
979,43,2
979,4,36
979,59,1
979,44,1
979,76,3
979,36,1
979,69,1
979,1,6
979,60,1
979,30,1
979,25,3
979,64,1
979,53,3
979,37,1
979,58,1
979,74,1
980,44,29
980,45,24
980,42,40
980,40,29
980,41,25
980,77,21
980,43,28
980,78,23
980,69,1
980,11,1
980,3,2
980,71,1
980,60,1
980,49,1
980,4,1
980,79,1
980,80,1
980,17,1
980,53,1
980,65,1
981,44,54
981,43,54
981,45,51
981,51,5
981,42,53
981,20,1
981,68,1
981,25,2
981,54,1
981,27,1
981,48,3
981,35,1
981,15,1
981,77,1
981,30,1
981,32,1
981,64,1
981,36,3
982,53,32
982,52,40
982,48,44
982,50,43
982,63,1
982,49,38
982,51,37
982,13,1
982,8,4
982,67,1
982,28,1
982,72,2
982,76,3
982,55,1
982,32,1
982,64,2
982,71,1
982,59,1
983,70,34
983,71,43
983,69,37
983,68,29
983,67,29
983,72,32
983,1,1
983,78,7
983,22,1
983,42,1
983,41,1
983,11,2
983,77,4
983,79,1
983,48,2
983,73,1
983,62,1
983,19,2
984,61,28
984,58,43
984,62,34
984,57,37
984,59,38
984,37,3
984,34,1
984,60,26
984,74,1
984,66,1
984,53,1
984,44,2
984,33,1
984,39,1
984,6,2
984,17,1
984,24,1
984,18,2
985,58,57
985,62,35
985,59,31
985,60,33
985,57,39
985,61,23
985,77,1
985,54,2
985,22,2
985,19,2
985,25,1
985,71,1
985,9,2
986,14,14
986,74,1
986,13,12
986,18,17
986,8,12
986,9,15
986,6,14
986,57,3
986,3,7
986,17,18
986,10,17
986,5,12
986,1,14
986,16,23
986,11,12
986,19,17
986,7,7
986,12,11
986,53,2
986,2,20
986,25,1
986,58,1
986,34,1
986,59,2
986,42,1
987,57,38
987,60,51
987,62,41
987,61,34
987,74,3
987,58,25
987,59,28
987,73,1
987,18,1
987,19,1
987,32,1
987,46,1
987,36,1
987,65,3
987,37,1
987,68,1
987,53,1
987,63,1
988,40,29
988,44,31
988,43,18
988,78,39
988,77,23
988,45,30
988,41,30
988,42,30
988,63,2
988,20,1
988,30,1
988,3,1
988,66,1
988,69,1
988,75,3
988,35,2
988,71,1
989,17,11
989,19,20
989,8,16
989,9,9
989,1,20
989,16,21
989,7,11
989,12,7
989,10,9
989,14,12
989,13,19
989,57,2
989,2,12
989,43,2
989,62,1
989,3,13
989,6,19
989,11,16
989,18,14
989,53,1
989,5,9
989,64,4
989,70,1
989,59,4
989,27,2
989,29,1
989,54,1
990,65,66
990,63,55
990,66,47
990,64,54
990,23,1
990,79,7
990,68,1
990,44,1
990,38,3
990,55,1
990,61,2
990,6,1
990,26,2
990,8,1
990,76,2
991,76,33
991,56,28
991,80,29
991,55,31
991,75,23
991,73,44
991,78,3
991,74,34
991,50,1
991,29,2
991,40,2
991,4,1
991,35,1
991,34,1
992,70,18
992,63,13
992,74,14
992,39,1
992,64,17
992,73,10
992,50,1
992,51,1
992,69,12
992,66,18
992,68,13
992,71,15
992,65,18
992,67,24
992,78,2
992,75,15
992,76,13
992,80,1
992,72,16
992,46,1
992,11,1
992,43,2
992,60,1
992,32,1
992,79,2
993,49,30
993,50,40
993,48,34
993,51,29
993,30,1
993,73,1
993,52,48
993,53,37
993,76,1
993,36,2
993,27,1
993,42,3
993,32,1
993,79,2
993,13,2
993,56,1
993,1,1
993,19,1
993,4,1
993,70,1
993,11,1
994,43,56
994,51,5
994,42,49
994,45,47
994,44,44
994,61,1
994,28,1
994,63,3
994,50,1
994,15,1
994,68,1
994,56,3
994,24,1
994,38,2
994,8,2
994,78,1
994,66,2
995,23,17
995,32,10
995,28,15
995,30,9
995,33,13
995,34,9
995,29,11
995,25,14
995,35,11
995,20,8
995,74,1
995,36,11
995,9,1
995,22,14
995,26,13
995,27,12
995,24,15
995,31,6
995,21,6
995,53,2
995,39,3
995,66,1
995,73,1
995,10,1
995,47,1
995,58,1
995,63,1
995,8,2
995,7,1
995,54,1
995,67,1
996,49,30
996,39,31
996,38,41
996,15,35
996,30,1
996,66,1
996,4,35
996,54,44
996,53,2
996,41,1
996,5,1
996,52,2
996,48,2
996,33,1
996,22,1
996,62,1
996,23,1
997,3,16
997,1,12
997,18,14
997,17,14
997,5,14
997,16,16
997,2,13
997,8,14
997,25,1
997,7,15
997,64,1
997,11,10
997,19,17
997,12,11
997,9,10
997,10,11
997,6,14
997,14,15
997,52,1
997,13,20
997,30,1
997,37,1
997,57,1
997,42,1
997,53,1
997,54,1
998,69,45
998,67,38
998,71,32
998,72,33
998,70,37
998,68,40
998,77,1
998,60,2
998,41,1
998,16,1
998,47,1
998,39,1
998,55,1
998,23,2
998,78,2
998,51,2
998,18,1
998,64,2
998,30,1
999,42,1
999,9,13
999,7,12
999,18,22
999,3,17
999,17,14
999,13,16
999,8,12
999,11,9
999,19,9
999,16,14
999,5,11
999,2,18
999,12,15
999,14,12
999,1,11
999,6,10
999,10,7
999,68,1
999,79,1
999,24,2
999,41,1
999,59,1
999,57,1
999,64,1
1000,18,10
1000,9,10
1000,19,10
1000,14,12
1000,5,14
1000,12,11
1000,16,12
1000,13,9
1000,11,16
1000,59,2
1000,3,14
1000,2,25
1000,10,22
1000,7,19
1000,33,1
1000,8,16
1000,6,15
1000,48,2
1000,40,1
1000,52,1
1000,1,14
1000,49,2
1000,64,2
1000,35,1
1000,17,11
1000,57,3
1000,54,1
1000,44,2
1000,79,1
1000,66,1
